video,frame,t,cat_x,cat_y,cat_x1,cat_y1,cat_x2,cat_y2,cat_conf,track_id,teaser_x,teaser_y
fiep.mp4,0,0.000,,,,,,,,,,
fiep.mp4,1,0.033,917.976,624.432,856.224,521.221,979.729,727.643,0.410,,,
fiep.mp4,2,0.067,,,,,,,,,,
fiep.mp4,3,0.100,917.233,624.946,855.774,522.402,978.692,727.490,0.415,,,
fiep.mp4,4,0.133,916.886,625.372,855.232,522.490,978.540,728.255,0.434,2.000,,
fiep.mp4,5,0.167,916.932,625.340,855.070,522.044,978.793,728.635,0.476,2.000,,
fiep.mp4,6,0.200,916.802,625.217,854.926,521.800,978.678,728.633,0.502,2.000,,
fiep.mp4,7,0.233,916.856,624.532,854.588,520.273,979.125,728.790,0.505,2.000,,
fiep.mp4,8,0.267,916.846,624.568,854.686,520.270,979.007,728.867,0.508,2.000,,
fiep.mp4,9,0.300,916.700,624.704,854.665,520.335,978.735,729.072,0.537,2.000,,
fiep.mp4,10,0.333,916.717,624.792,855.054,520.738,978.380,728.845,0.519,2.000,,
fiep.mp4,11,0.367,916.731,625.325,855.592,521.868,977.870,728.781,0.500,2.000,,
fiep.mp4,12,0.400,916.574,625.597,855.703,522.292,977.446,728.902,0.472,2.000,,
fiep.mp4,13,0.433,916.320,625.524,855.559,522.072,977.080,728.975,0.485,2.000,,
fiep.mp4,14,0.467,916.375,625.309,855.805,521.826,976.945,728.793,0.488,2.000,,
fiep.mp4,15,0.500,916.569,625.135,856.251,521.833,976.887,728.436,0.496,2.000,,
fiep.mp4,16,0.533,916.774,625.356,856.625,522.048,976.922,728.664,0.464,2.000,,
fiep.mp4,17,0.567,916.910,625.846,857.040,522.704,976.780,728.987,0.512,2.000,,
fiep.mp4,18,0.600,917.060,625.756,857.458,522.821,976.663,728.690,0.574,2.000,,
fiep.mp4,19,0.633,916.982,625.431,857.525,522.526,976.438,728.336,0.560,2.000,,
fiep.mp4,20,0.667,916.795,625.652,857.321,522.424,976.269,728.881,0.548,2.000,,
fiep.mp4,21,0.700,916.772,625.925,857.456,522.740,976.088,729.109,0.583,2.000,,
fiep.mp4,22,0.733,916.743,626.223,857.447,522.833,976.039,729.613,0.518,2.000,,
fiep.mp4,23,0.767,916.760,626.476,857.596,523.082,975.924,729.871,0.510,2.000,,
fiep.mp4,24,0.800,916.771,626.696,857.834,523.500,975.707,729.891,0.507,2.000,,
fiep.mp4,25,0.833,916.656,627.003,857.893,523.983,975.419,730.024,0.487,2.000,,
fiep.mp4,26,0.867,916.410,627.061,857.688,524.062,975.132,730.061,0.475,2.000,,
fiep.mp4,27,0.900,916.458,626.957,857.873,524.134,975.043,729.781,0.500,2.000,,
fiep.mp4,28,0.933,915.951,627.396,856.998,524.030,974.905,730.763,0.386,2.000,,
fiep.mp4,29,0.967,915.344,627.523,856.187,523.812,974.501,731.233,0.353,2.000,,
fiep.mp4,30,1.000,914.634,627.351,855.430,523.727,973.839,730.975,0.316,2.000,,
fiep.mp4,31,1.033,,,,,,,,,,
fiep.mp4,32,1.067,914.452,626.811,855.512,523.967,973.391,729.655,0.427,2.000,,
fiep.mp4,33,1.100,914.367,626.324,855.532,524.042,973.202,728.607,0.406,2.000,,
fiep.mp4,34,1.133,915.219,625.840,856.643,524.102,973.794,727.577,0.468,2.000,,
fiep.mp4,35,1.167,915.600,625.315,856.979,523.542,974.220,727.089,0.500,2.000,,
fiep.mp4,36,1.200,915.117,625.432,856.294,523.445,973.940,727.419,0.485,2.000,,
fiep.mp4,37,1.233,914.668,625.293,855.727,523.291,973.609,727.295,0.484,2.000,,
fiep.mp4,38,1.267,914.754,625.148,855.620,522.865,973.888,727.432,0.484,2.000,,
fiep.mp4,39,1.300,915.018,625.050,855.936,522.865,974.100,727.235,0.500,2.000,,
fiep.mp4,40,1.333,914.910,625.116,855.682,522.712,974.139,727.520,0.537,2.000,,
fiep.mp4,41,1.367,914.818,625.359,855.772,523.164,973.863,727.555,0.435,2.000,,
fiep.mp4,42,1.400,914.541,624.964,855.856,523.328,973.227,726.599,0.473,2.000,,
fiep.mp4,43,1.433,914.511,624.709,856.105,523.507,972.917,725.910,0.538,2.000,,
fiep.mp4,44,1.467,914.035,623.621,856.631,524.219,971.438,723.023,0.526,2.000,,
fiep.mp4,45,1.500,912.960,622.777,856.466,524.882,969.453,720.672,0.534,2.000,,
fiep.mp4,46,1.533,911.662,621.788,855.972,525.147,967.352,718.429,0.618,2.000,,
fiep.mp4,47,1.567,910.656,620.884,855.551,525.155,965.762,716.614,0.638,2.000,,
fiep.mp4,48,1.600,909.222,620.122,854.070,524.224,964.374,716.020,0.562,2.000,,
fiep.mp4,49,1.633,907.825,619.810,852.678,523.726,962.973,715.893,0.692,2.000,,
fiep.mp4,50,1.667,906.860,620.068,852.053,524.359,961.666,715.777,0.671,2.000,,
fiep.mp4,51,1.700,906.298,619.908,851.806,524.443,960.791,715.372,0.688,2.000,,
fiep.mp4,52,1.733,905.860,619.982,851.545,524.628,960.176,715.336,0.708,2.000,,
fiep.mp4,53,1.767,905.613,620.086,851.405,524.794,959.821,715.379,0.715,2.000,,
fiep.mp4,54,1.800,905.489,620.086,851.320,524.856,959.658,715.315,0.686,2.000,,
fiep.mp4,55,1.833,905.406,619.962,851.123,524.637,959.690,715.287,0.671,2.000,,
fiep.mp4,56,1.867,905.019,619.873,850.586,524.536,959.452,715.211,0.664,2.000,,
fiep.mp4,57,1.900,905.176,619.784,850.626,524.394,959.727,715.173,0.649,2.000,,
fiep.mp4,58,1.933,905.692,619.793,851.103,524.518,960.280,715.069,0.622,2.000,,
fiep.mp4,59,1.967,906.389,619.756,851.661,524.400,961.117,715.111,0.667,2.000,,
fiep.mp4,60,2.000,907.342,620.034,852.686,525.044,961.999,715.024,0.625,2.000,,
fiep.mp4,61,2.033,907.827,620.169,853.059,525.165,962.595,715.173,0.627,2.000,,
fiep.mp4,62,2.067,907.383,620.557,852.539,525.723,962.227,715.392,0.606,2.000,,
fiep.mp4,63,2.100,907.630,620.569,852.706,525.756,962.555,715.382,0.618,2.000,,
fiep.mp4,64,2.133,907.669,620.776,852.721,526.080,962.617,715.471,0.633,2.000,,
fiep.mp4,65,2.167,907.802,620.797,852.842,526.183,962.763,715.410,0.613,2.000,,
fiep.mp4,66,2.200,908.032,620.911,853.013,526.316,963.051,715.506,0.638,2.000,,
fiep.mp4,67,2.233,908.112,621.039,853.160,526.673,963.063,715.405,0.606,2.000,,
fiep.mp4,68,2.267,908.389,621.207,853.471,527.108,963.307,715.306,0.674,2.000,,
fiep.mp4,69,2.300,908.584,621.097,853.600,527.074,963.568,715.119,0.648,2.000,,
fiep.mp4,70,2.333,908.867,621.083,853.855,527.250,963.880,714.915,0.677,2.000,,
fiep.mp4,71,2.367,908.581,621.217,853.504,527.570,963.659,714.864,0.711,2.000,,
fiep.mp4,72,2.400,908.724,621.248,853.498,527.606,963.950,714.890,0.703,2.000,,
fiep.mp4,73,2.433,908.495,621.158,853.149,527.567,963.842,714.749,0.709,2.000,,
fiep.mp4,74,2.467,908.340,620.806,852.694,526.906,963.986,714.707,0.691,2.000,,
fiep.mp4,75,2.500,908.717,620.802,852.923,526.771,964.512,714.833,0.679,2.000,,
fiep.mp4,76,2.533,908.445,620.120,852.105,525.302,964.785,714.939,0.667,2.000,,
fiep.mp4,77,2.567,908.561,619.851,851.885,524.681,965.237,715.021,0.713,2.000,,
fiep.mp4,78,2.600,908.968,619.647,852.044,524.173,965.891,715.120,0.722,2.000,,
fiep.mp4,79,2.633,909.392,619.994,852.600,524.987,966.184,715.001,0.724,2.000,,
fiep.mp4,80,2.667,909.822,620.229,853.056,525.530,966.589,714.927,0.696,2.000,,
fiep.mp4,81,2.700,910.001,620.257,853.190,525.675,966.813,714.838,0.697,2.000,,
fiep.mp4,82,2.733,910.142,620.323,853.312,525.891,966.972,714.754,0.693,2.000,,
fiep.mp4,83,2.767,910.135,620.371,853.261,526.019,967.008,714.723,0.652,2.000,,
fiep.mp4,84,2.800,910.247,620.560,853.259,526.149,967.234,714.970,0.667,2.000,,
fiep.mp4,85,2.833,910.045,620.155,852.760,525.391,967.330,714.920,0.651,2.000,,
fiep.mp4,86,2.867,909.998,619.800,852.556,524.896,967.440,714.703,0.659,2.000,,
fiep.mp4,87,2.900,909.945,619.807,852.371,524.776,967.520,714.837,0.674,2.000,,
fiep.mp4,88,2.933,910.211,619.986,852.640,525.005,967.782,714.967,0.710,2.000,,
fiep.mp4,89,2.967,910.125,620.043,852.528,525.060,967.721,715.025,0.700,2.000,,
fiep.mp4,90,3.000,910.044,620.288,852.526,525.520,967.561,715.056,0.711,2.000,,
fiep.mp4,91,3.033,909.963,620.386,852.390,525.581,967.536,715.190,0.715,2.000,,
fiep.mp4,92,3.067,909.927,620.338,852.302,525.443,967.551,715.234,0.712,2.000,,
fiep.mp4,93,3.100,909.651,620.040,851.751,524.608,967.551,715.473,0.716,2.000,,
fiep.mp4,94,3.133,909.455,619.804,851.522,524.215,967.389,715.392,0.712,2.000,,
fiep.mp4,95,3.167,909.337,619.601,851.365,523.834,967.310,715.368,0.716,2.000,,
fiep.mp4,96,3.200,909.541,619.297,851.580,523.420,967.503,715.173,0.708,2.000,,
fiep.mp4,97,3.233,909.520,619.485,851.719,523.827,967.321,715.142,0.715,2.000,,
fiep.mp4,98,3.267,909.672,619.713,851.972,524.161,967.372,715.264,0.738,2.000,,
fiep.mp4,99,3.300,909.635,619.989,852.064,524.652,967.207,715.325,0.698,2.000,,
fiep.mp4,100,3.333,909.498,619.840,852.023,524.766,966.972,714.913,0.716,2.000,,
fiep.mp4,101,3.367,909.640,620.059,852.254,525.299,967.026,714.819,0.736,2.000,,
fiep.mp4,102,3.400,909.331,620.408,851.967,525.972,966.695,714.844,0.740,2.000,,
fiep.mp4,103,3.433,909.213,620.764,851.692,526.367,966.734,715.161,0.727,2.000,,
fiep.mp4,104,3.467,909.434,620.898,851.833,526.601,967.034,715.195,0.736,2.000,,
fiep.mp4,105,3.500,909.465,621.011,851.784,526.799,967.146,715.223,0.746,2.000,,
fiep.mp4,106,3.533,909.400,621.116,851.649,527.037,967.150,715.196,0.751,2.000,,
fiep.mp4,107,3.567,909.430,620.985,851.486,526.777,967.374,715.193,0.761,2.000,,
fiep.mp4,108,3.600,909.363,620.938,851.287,526.691,967.438,715.186,0.760,2.000,,
fiep.mp4,109,3.633,909.348,621.042,851.070,526.640,967.625,715.445,0.757,2.000,,
fiep.mp4,110,3.667,909.406,620.936,851.001,526.475,967.812,715.397,0.742,2.000,,
fiep.mp4,111,3.700,909.299,620.730,850.676,526.040,967.921,715.420,0.748,2.000,,
fiep.mp4,112,3.733,909.353,620.795,850.606,526.021,968.100,715.570,0.751,2.000,,
fiep.mp4,113,3.767,909.336,620.653,850.510,525.847,968.161,715.459,0.755,2.000,,
fiep.mp4,114,3.800,909.325,620.855,850.400,525.925,968.251,715.786,0.759,2.000,,
fiep.mp4,115,3.833,909.159,620.876,850.147,525.913,968.171,715.840,0.745,2.000,,
fiep.mp4,116,3.867,908.815,620.682,849.705,525.672,967.924,715.692,0.758,2.000,,
fiep.mp4,117,3.900,908.624,620.665,849.475,525.715,967.773,715.614,0.766,2.000,,
fiep.mp4,118,3.933,908.674,620.639,849.538,525.827,967.810,715.450,0.769,2.000,,
fiep.mp4,119,3.967,908.878,620.533,849.642,525.573,968.114,715.493,0.781,2.000,,
fiep.mp4,120,4.000,909.277,620.465,849.988,525.333,968.565,715.598,0.755,2.000,,
fiep.mp4,121,4.033,909.322,620.448,850.026,525.228,968.617,715.667,0.768,2.000,,
fiep.mp4,122,4.067,909.190,620.297,849.865,524.981,968.515,715.613,0.764,2.000,,
fiep.mp4,123,4.100,909.099,620.167,849.786,524.826,968.412,715.508,0.772,2.000,,
fiep.mp4,124,4.133,908.972,620.143,849.590,524.661,968.355,715.624,0.784,2.000,,
fiep.mp4,125,4.167,908.976,620.098,849.558,524.503,968.394,715.693,0.797,2.000,,
fiep.mp4,126,4.200,908.740,620.105,849.376,524.575,968.103,715.635,0.798,2.000,,
fiep.mp4,127,4.233,908.287,620.175,848.901,524.677,967.674,715.673,0.810,2.000,,
fiep.mp4,128,4.267,907.975,620.076,848.578,524.670,967.371,715.481,0.776,2.000,,
fiep.mp4,129,4.300,907.834,619.930,848.357,524.531,967.311,715.330,0.778,2.000,,
fiep.mp4,130,4.333,907.734,619.984,848.153,524.570,967.316,715.398,0.788,2.000,,
fiep.mp4,131,4.367,907.711,619.896,847.940,524.283,967.481,715.509,0.764,2.000,,
fiep.mp4,132,4.400,907.799,619.894,847.869,524.127,967.729,715.661,0.744,2.000,,
fiep.mp4,133,4.433,907.725,619.704,847.594,523.656,967.857,715.753,0.753,2.000,,
fiep.mp4,134,4.467,907.756,619.475,847.575,523.367,967.937,715.583,0.745,2.000,,
fiep.mp4,135,4.500,907.711,619.313,847.540,523.267,967.881,715.360,0.782,2.000,,
fiep.mp4,136,4.533,907.697,619.274,847.289,522.902,968.105,715.646,0.785,2.000,,
fiep.mp4,137,4.567,907.606,619.407,847.139,523.077,968.072,715.737,0.773,2.000,,
fiep.mp4,138,4.600,907.496,619.254,846.840,522.782,968.152,715.727,0.748,2.000,,
fiep.mp4,139,4.633,907.676,618.906,846.746,522.188,968.606,715.624,0.771,2.000,,
fiep.mp4,140,4.667,907.903,618.584,846.804,521.739,969.002,715.428,0.765,2.000,,
fiep.mp4,141,4.700,907.830,617.840,846.447,520.537,969.213,715.143,0.785,2.000,,
fiep.mp4,142,4.733,907.636,617.148,845.864,519.155,969.408,715.142,0.756,2.000,,
fiep.mp4,143,4.767,907.599,616.810,845.709,518.545,969.490,715.075,0.753,2.000,,
fiep.mp4,144,4.800,907.772,616.749,845.848,518.376,969.696,715.122,0.783,2.000,,
fiep.mp4,145,4.833,907.966,616.768,846.124,518.489,969.808,715.048,0.767,2.000,,
fiep.mp4,146,4.867,907.960,616.668,846.233,518.455,969.687,714.881,0.719,2.000,,
fiep.mp4,147,4.900,907.764,616.894,846.436,519.254,969.092,714.534,0.697,2.000,,
fiep.mp4,148,4.933,907.968,617.455,846.815,519.953,969.120,714.958,0.740,2.000,,
fiep.mp4,149,4.967,907.607,617.693,846.612,520.426,968.602,714.960,0.755,2.000,,
fiep.mp4,150,5.000,907.534,618.073,846.747,521.180,968.321,714.966,0.753,2.000,,
fiep.mp4,151,5.033,907.293,618.256,846.706,521.811,967.880,714.702,0.707,2.000,,
fiep.mp4,152,5.067,907.297,618.343,846.722,521.952,967.873,714.734,0.641,2.000,,
fiep.mp4,153,5.100,907.420,618.897,847.043,522.927,967.797,714.866,0.656,2.000,,
fiep.mp4,154,5.133,907.600,619.477,847.289,523.838,967.911,715.115,0.696,2.000,,
fiep.mp4,155,5.167,907.773,619.532,847.401,524.006,968.146,715.057,0.671,2.000,,
fiep.mp4,156,5.200,907.738,619.280,847.145,523.594,968.331,714.965,0.697,2.000,,
fiep.mp4,157,5.233,907.770,619.410,847.109,523.825,968.431,714.995,0.644,2.000,,
fiep.mp4,158,5.267,907.807,619.283,846.926,523.553,968.688,715.014,0.651,2.000,,
fiep.mp4,159,5.300,907.898,619.265,846.834,523.429,968.963,715.101,0.670,2.000,,
fiep.mp4,160,5.333,908.120,619.288,846.713,523.057,969.528,715.519,0.717,2.000,,
fiep.mp4,161,5.367,908.194,619.445,846.606,523.071,969.783,715.818,0.748,2.000,,
fiep.mp4,162,5.400,908.465,619.335,846.722,522.822,970.208,715.847,0.738,2.000,,
fiep.mp4,163,5.433,908.377,619.630,846.622,523.246,970.133,716.013,0.707,2.000,,
fiep.mp4,164,5.467,908.455,619.607,846.737,523.419,970.174,715.795,0.740,2.000,,
fiep.mp4,165,5.500,908.954,619.878,847.344,523.959,970.564,715.797,0.763,2.000,,
fiep.mp4,166,5.533,908.843,620.127,847.443,524.699,970.243,715.555,0.792,2.000,,
fiep.mp4,167,5.567,908.613,620.372,847.263,525.300,969.964,715.444,0.735,2.000,,
fiep.mp4,168,5.600,908.335,620.666,846.944,525.798,969.725,715.534,0.739,2.000,,
fiep.mp4,169,5.633,908.259,620.791,846.869,526.122,969.649,715.459,0.766,2.000,,
fiep.mp4,170,5.667,907.995,620.751,846.508,526.117,969.481,715.386,0.765,2.000,,
fiep.mp4,171,5.700,907.727,620.938,846.165,526.401,969.289,715.475,0.785,2.000,,
fiep.mp4,172,5.733,907.633,621.051,846.073,526.689,969.193,715.413,0.784,2.000,,
fiep.mp4,173,5.767,907.602,621.308,845.935,526.957,969.268,715.660,0.790,2.000,,
fiep.mp4,174,5.800,907.448,621.325,845.668,526.904,969.229,715.747,0.763,2.000,,
fiep.mp4,175,5.833,907.086,621.387,845.177,526.928,968.995,715.846,0.763,2.000,,
fiep.mp4,176,5.867,907.465,621.363,845.476,526.825,969.455,715.900,0.774,2.000,,
fiep.mp4,177,5.900,907.222,621.180,845.061,526.552,969.384,715.807,0.754,2.000,,
fiep.mp4,178,5.933,907.372,621.043,845.139,526.441,969.604,715.646,0.679,2.000,,
fiep.mp4,179,5.967,907.472,620.774,845.025,525.916,969.919,715.632,0.644,2.000,,
fiep.mp4,180,6.000,907.088,620.578,844.564,525.750,969.611,715.406,0.568,2.000,,
fiep.mp4,181,6.033,906.732,620.615,844.158,525.839,969.307,715.392,0.636,2.000,,
fiep.mp4,182,6.067,906.596,620.299,843.823,525.295,969.369,715.304,0.644,2.000,,
fiep.mp4,183,6.100,906.151,620.135,843.319,525.182,968.983,715.088,0.674,2.000,,
fiep.mp4,184,6.133,906.054,619.416,843.004,524.165,969.104,714.667,0.684,2.000,,
fiep.mp4,185,6.167,906.061,619.381,842.953,524.089,969.168,714.673,0.689,2.000,,
fiep.mp4,186,6.200,904.416,619.251,840.815,523.571,968.018,714.930,0.690,2.000,,
fiep.mp4,187,6.233,903.478,619.025,839.480,523.006,967.477,715.044,0.753,2.000,,
fiep.mp4,188,6.267,903.057,618.959,838.920,523.016,967.195,714.902,0.741,2.000,,
fiep.mp4,189,6.300,903.728,619.072,839.423,522.926,968.033,715.218,0.731,2.000,,
fiep.mp4,190,6.333,904.398,619.004,840.162,522.994,968.634,715.013,0.722,2.000,,
fiep.mp4,191,6.367,904.533,618.908,840.207,522.818,968.860,714.997,0.726,2.000,,
fiep.mp4,192,6.400,904.734,618.881,840.493,522.977,968.975,714.785,0.763,2.000,,
fiep.mp4,193,6.433,904.626,618.604,840.469,522.877,968.783,714.332,0.770,2.000,,
fiep.mp4,194,6.467,904.892,618.596,840.734,522.827,969.049,714.365,0.754,2.000,,
fiep.mp4,195,6.500,904.679,618.511,840.554,522.807,968.803,714.215,0.722,2.000,,
fiep.mp4,196,6.533,904.164,618.232,839.960,522.482,968.369,713.983,0.707,2.000,,
fiep.mp4,197,6.567,904.117,618.137,839.901,522.463,968.333,713.811,0.720,2.000,,
fiep.mp4,198,6.600,904.305,618.178,839.886,522.297,968.724,714.060,0.720,2.000,,
fiep.mp4,199,6.633,904.936,618.439,840.691,522.884,969.181,713.995,0.684,2.000,,
fiep.mp4,200,6.667,905.272,618.671,841.114,523.290,969.431,714.053,0.678,2.000,,
fiep.mp4,201,6.700,905.691,619.001,841.724,523.945,969.658,714.057,0.652,2.000,,
fiep.mp4,202,6.733,906.345,618.868,842.520,523.952,970.170,713.784,0.651,2.000,,
fiep.mp4,203,6.767,906.556,618.850,842.711,523.864,970.402,713.836,0.703,2.000,,
fiep.mp4,204,6.800,906.127,618.935,842.168,523.784,970.086,714.085,0.718,2.000,,
fiep.mp4,205,6.833,905.966,618.962,842.004,523.855,969.928,714.068,0.657,2.000,,
fiep.mp4,206,6.867,906.007,619.111,841.987,523.972,970.027,714.249,0.674,2.000,,
fiep.mp4,207,6.900,906.054,619.149,841.996,524.037,970.111,714.261,0.693,2.000,,
fiep.mp4,208,6.933,906.021,618.955,841.940,523.957,970.103,713.953,0.648,2.000,,
fiep.mp4,209,6.967,905.907,619.153,841.798,524.314,970.016,713.992,0.685,2.000,,
fiep.mp4,210,7.000,906.024,619.508,841.920,524.872,970.128,714.143,0.721,2.000,,
fiep.mp4,211,7.033,906.001,619.717,842.021,525.515,969.982,713.920,0.727,2.000,,
fiep.mp4,212,7.067,906.511,619.746,842.391,525.437,970.631,714.055,0.731,2.000,,
fiep.mp4,213,7.100,907.332,619.914,843.065,525.313,971.599,714.515,0.763,2.000,,
fiep.mp4,214,7.133,907.971,620.587,843.972,526.268,971.969,714.905,0.737,2.000,,
fiep.mp4,215,7.167,908.460,620.336,844.267,525.584,972.653,715.088,0.724,2.000,,
fiep.mp4,216,7.200,908.783,620.364,844.863,525.758,972.703,714.971,0.654,2.000,,
fiep.mp4,217,7.233,909.326,620.427,845.663,525.878,972.989,714.975,0.629,2.000,,
fiep.mp4,218,7.267,909.994,620.360,846.459,525.586,973.528,715.133,0.693,2.000,,
fiep.mp4,219,7.300,911.224,619.904,847.711,524.677,974.737,715.132,0.731,2.000,,
fiep.mp4,220,7.333,912.282,620.106,849.093,524.783,975.472,715.428,0.696,2.000,,
fiep.mp4,221,7.367,912.737,620.220,849.860,524.726,975.614,715.714,0.696,2.000,,
fiep.mp4,222,7.400,913.324,620.300,850.853,524.776,975.795,715.823,0.681,2.000,,
fiep.mp4,223,7.433,913.731,621.010,851.863,525.756,975.598,716.264,0.679,2.000,,
fiep.mp4,224,7.467,914.576,621.698,853.369,526.938,975.783,716.457,0.678,2.000,,
fiep.mp4,225,7.500,915.016,621.936,854.221,527.363,975.810,716.510,0.670,2.000,,
fiep.mp4,226,7.533,916.136,621.807,855.856,527.840,976.415,715.775,0.699,2.000,,
fiep.mp4,227,7.567,917.482,622.237,857.640,529.090,977.324,715.384,0.683,2.000,,
fiep.mp4,228,7.600,919.333,622.738,859.639,530.293,979.027,715.183,0.624,2.000,,
fiep.mp4,229,7.633,920.388,623.086,860.669,531.180,980.107,714.993,0.579,2.000,,
fiep.mp4,230,7.667,921.000,623.634,861.082,532.020,980.918,715.249,0.546,2.000,,
fiep.mp4,231,7.700,921.086,623.843,860.919,532.456,981.253,715.229,0.511,2.000,,
fiep.mp4,232,7.733,,,,,,,,,,
fiep.mp4,233,7.767,,,,,,,,,,
fiep.mp4,234,7.800,,,,,,,,,,
fiep.mp4,235,7.833,919.989,623.389,858.779,531.084,981.198,715.695,0.535,2.000,,
fiep.mp4,236,7.867,919.534,622.967,857.871,530.478,981.197,715.455,0.582,2.000,,
fiep.mp4,237,7.900,919.018,622.584,857.043,529.935,980.992,715.233,0.568,2.000,,
fiep.mp4,238,7.933,918.513,622.523,856.264,529.677,980.762,715.369,0.560,2.000,,
fiep.mp4,239,7.967,918.448,622.436,855.901,529.328,980.995,715.543,0.518,2.000,,
fiep.mp4,240,8.000,918.768,622.313,856.010,529.190,981.527,715.435,0.575,2.000,,
fiep.mp4,241,8.033,918.669,622.373,855.574,528.939,981.763,715.807,0.571,2.000,,
fiep.mp4,242,8.067,918.245,622.405,855.004,528.841,981.486,715.969,0.579,2.000,,
fiep.mp4,243,8.100,917.642,622.324,854.296,528.680,980.988,715.968,0.564,2.000,,
fiep.mp4,244,8.133,917.250,622.503,853.691,528.600,980.809,716.406,0.551,2.000,,
fiep.mp4,245,8.167,917.313,622.404,853.718,528.477,980.908,716.331,0.587,2.000,,
fiep.mp4,246,8.200,917.530,622.241,854.040,528.507,981.020,715.976,0.596,2.000,,
fiep.mp4,247,8.233,917.481,622.285,854.040,528.652,980.922,715.917,0.592,2.000,,
fiep.mp4,248,8.267,917.424,622.365,853.996,528.743,980.852,715.987,0.612,2.000,,
fiep.mp4,249,8.300,917.485,622.563,853.980,528.817,980.990,716.308,0.595,2.000,,
fiep.mp4,250,8.333,917.191,622.859,853.795,529.238,980.588,716.479,0.604,2.000,,
fiep.mp4,251,8.367,916.690,623.082,853.197,529.189,980.183,716.976,0.593,2.000,,
fiep.mp4,252,8.400,916.014,623.314,852.404,529.024,979.624,717.605,0.612,2.000,,
fiep.mp4,253,8.433,915.946,623.256,852.541,529.081,979.351,717.432,0.588,2.000,,
fiep.mp4,254,8.467,915.514,623.228,852.324,529.075,978.705,717.381,0.632,2.000,,
fiep.mp4,255,8.500,915.598,623.042,852.504,528.776,978.692,717.309,0.633,2.000,,
fiep.mp4,256,8.533,915.598,623.128,852.519,528.639,978.677,717.617,0.591,2.000,,
fiep.mp4,257,8.567,915.945,623.220,853.037,528.813,978.854,717.628,0.593,2.000,,
fiep.mp4,258,8.600,916.374,623.408,853.727,529.332,979.020,717.485,0.599,2.000,,
fiep.mp4,259,8.633,916.285,623.831,854.020,530.261,978.550,717.402,0.539,2.000,,
fiep.mp4,260,8.667,915.769,624.121,853.772,530.806,977.765,717.436,0.483,2.000,,
fiep.mp4,261,8.700,915.427,624.393,853.591,531.163,977.263,717.623,0.500,2.000,,
fiep.mp4,262,8.733,915.467,624.419,853.607,531.052,977.327,717.787,0.513,2.000,,
fiep.mp4,263,8.767,915.936,624.470,854.187,531.318,977.685,717.623,0.535,2.000,,
fiep.mp4,264,8.800,917.065,624.704,854.921,531.174,979.209,718.233,0.519,2.000,,
fiep.mp4,265,8.833,917.461,625.511,854.906,531.477,980.016,719.546,0.465,2.000,,
fiep.mp4,266,8.867,917.580,625.998,854.716,531.561,980.444,720.434,0.492,2.000,,
fiep.mp4,267,8.900,917.865,626.545,854.643,531.589,981.087,721.501,0.455,2.000,,
fiep.mp4,268,8.933,917.958,627.595,854.511,532.287,981.405,722.904,0.436,2.000,,
fiep.mp4,269,8.967,918.149,628.612,854.577,533.257,981.721,723.966,0.421,2.000,,
fiep.mp4,270,9.000,918.404,628.883,854.907,533.835,981.900,723.932,0.440,2.000,,
fiep.mp4,271,9.033,918.087,629.736,854.304,534.443,981.871,725.029,0.462,2.000,,
fiep.mp4,272,9.067,918.366,629.482,854.868,534.912,981.863,724.052,0.513,2.000,,
fiep.mp4,273,9.100,918.575,628.672,855.531,535.233,981.620,722.111,0.576,2.000,,
fiep.mp4,274,9.133,918.740,629.865,854.991,535.734,982.488,723.996,0.681,2.000,,
fiep.mp4,275,9.167,919.009,629.343,855.533,536.066,982.486,722.620,0.649,2.000,,
fiep.mp4,276,9.200,918.598,628.402,855.505,536.337,981.692,720.468,0.603,2.000,,
fiep.mp4,277,9.233,918.433,628.087,855.335,536.671,981.531,719.504,0.544,2.000,,
fiep.mp4,278,9.267,918.463,627.668,855.260,536.784,981.667,718.552,0.458,2.000,,
fiep.mp4,279,9.300,917.919,627.714,854.596,537.457,981.243,717.972,0.507,2.000,,
fiep.mp4,280,9.333,917.882,627.304,854.125,537.072,981.639,717.536,0.588,2.000,,
fiep.mp4,281,9.367,917.373,627.733,853.339,537.822,981.407,717.643,0.502,2.000,,
fiep.mp4,282,9.400,,,,,,,,,,
fiep.mp4,283,9.433,917.988,627.398,853.474,537.424,982.502,717.373,0.433,2.000,,
fiep.mp4,284,9.467,918.925,627.413,854.068,537.463,983.782,717.364,0.447,2.000,,
fiep.mp4,285,9.500,919.464,627.414,854.357,537.579,984.570,717.250,0.447,2.000,,
fiep.mp4,286,9.533,,,,,,,,,,
fiep.mp4,287,9.567,,,,,,,,,,
fiep.mp4,288,9.600,,,,,,,,,,
fiep.mp4,289,9.633,,,,,,,,,,
fiep.mp4,290,9.667,,,,,,,,,,
fiep.mp4,291,9.700,,,,,,,,,,
fiep.mp4,292,9.733,,,,,,,,,,
fiep.mp4,293,9.767,,,,,,,,,,
fiep.mp4,294,9.800,,,,,,,,,,
fiep.mp4,295,9.833,,,,,,,,,,
fiep.mp4,296,9.867,,,,,,,,,,
fiep.mp4,297,9.900,,,,,,,,,,
fiep.mp4,298,9.933,,,,,,,,,,
fiep.mp4,299,9.967,,,,,,,,,,
fiep.mp4,300,10.000,,,,,,,,,,
fiep.mp4,301,10.033,,,,,,,,,,
fiep.mp4,302,10.067,,,,,,,,,,
fiep.mp4,303,10.100,,,,,,,,,,
fiep.mp4,304,10.133,,,,,,,,,,
fiep.mp4,305,10.167,,,,,,,,,,
fiep.mp4,306,10.200,,,,,,,,,,
fiep.mp4,307,10.233,,,,,,,,,,
fiep.mp4,308,10.267,,,,,,,,,,
fiep.mp4,309,10.300,,,,,,,,,,
fiep.mp4,310,10.333,,,,,,,,,,
fiep.mp4,311,10.367,913.657,627.066,847.254,537.471,980.061,716.661,0.433,2.000,,
fiep.mp4,312,10.400,,,,,,,,,,
fiep.mp4,313,10.433,,,,,,,,,,
fiep.mp4,314,10.467,,,,,,,,,,
fiep.mp4,315,10.500,,,,,,,,,,
fiep.mp4,316,10.533,,,,,,,,,,
fiep.mp4,317,10.567,,,,,,,,,,
fiep.mp4,318,10.600,,,,,,,,,,
fiep.mp4,319,10.633,,,,,,,,,,
fiep.mp4,320,10.667,,,,,,,,,,
fiep.mp4,321,10.700,,,,,,,,,,
fiep.mp4,322,10.733,,,,,,,,,,
fiep.mp4,323,10.767,,,,,,,,,,
fiep.mp4,324,10.800,,,,,,,,,,
fiep.mp4,325,10.833,,,,,,,,,,
fiep.mp4,326,10.867,,,,,,,,,,
fiep.mp4,327,10.900,,,,,,,,,,
fiep.mp4,328,10.933,,,,,,,,,,
fiep.mp4,329,10.967,,,,,,,,,,
fiep.mp4,330,11.000,,,,,,,,,,
fiep.mp4,331,11.033,,,,,,,,,,
fiep.mp4,332,11.067,,,,,,,,,,
fiep.mp4,333,11.100,,,,,,,,,,
fiep.mp4,334,11.133,,,,,,,,,,
fiep.mp4,335,11.167,,,,,,,,,,
fiep.mp4,336,11.200,915.483,624.898,848.915,533.203,982.050,716.594,0.447,2.000,,
fiep.mp4,337,11.233,915.265,624.964,849.452,533.084,981.078,716.845,0.477,2.000,,
fiep.mp4,338,11.267,915.355,624.814,850.003,532.852,980.708,716.777,0.466,2.000,,
fiep.mp4,339,11.300,915.198,624.533,850.161,532.345,980.235,716.722,0.486,2.000,,
fiep.mp4,340,11.333,914.844,624.233,849.939,531.551,979.749,716.916,0.480,2.000,,
fiep.mp4,341,11.367,914.616,624.158,849.681,530.840,979.550,717.476,0.501,2.000,,
fiep.mp4,342,11.400,914.457,624.174,849.803,530.594,979.112,717.754,0.492,2.000,,
fiep.mp4,343,11.433,914.222,624.245,849.886,530.488,978.557,718.003,0.496,2.000,,
fiep.mp4,344,11.467,914.095,624.330,850.064,530.424,978.125,718.237,0.481,2.000,,
fiep.mp4,345,11.500,913.800,624.620,850.107,530.655,977.492,718.585,0.460,2.000,,
fiep.mp4,346,11.533,912.873,624.839,849.695,531.005,976.050,718.674,0.465,2.000,,
fiep.mp4,347,11.567,911.979,624.844,848.985,530.592,974.972,719.097,0.436,2.000,,
fiep.mp4,348,11.600,,,,,,,,,,
fiep.mp4,349,11.633,911.446,625.230,849.063,531.111,973.828,719.350,0.440,2.000,,
fiep.mp4,350,11.667,911.470,624.718,849.112,529.816,973.828,719.621,0.470,2.000,,
fiep.mp4,351,11.700,911.662,623.708,849.402,528.191,973.922,719.224,0.478,2.000,,
fiep.mp4,352,11.733,911.725,623.347,849.734,527.578,973.716,719.117,0.444,2.000,,
fiep.mp4,353,11.767,911.873,623.158,850.592,527.983,973.154,718.334,0.511,2.000,,
fiep.mp4,354,11.800,911.876,623.375,851.272,528.883,972.479,717.868,0.497,2.000,,
fiep.mp4,355,11.833,911.867,623.182,851.722,529.099,972.013,717.266,0.477,2.000,,
fiep.mp4,356,11.867,911.808,623.363,852.166,529.871,971.449,716.854,0.516,2.000,,
fiep.mp4,357,11.900,911.667,623.312,852.256,529.993,971.078,716.630,0.526,2.000,,
fiep.mp4,358,11.933,911.724,623.226,852.450,529.935,970.998,716.517,0.528,2.000,,
fiep.mp4,359,11.967,911.774,623.201,852.572,529.826,970.976,716.576,0.542,2.000,,
fiep.mp4,360,12.000,911.773,623.171,852.717,529.782,970.828,716.560,0.611,2.000,,
fiep.mp4,361,12.033,911.658,623.377,852.589,529.727,970.728,717.027,0.577,2.000,,
fiep.mp4,362,12.067,911.606,623.431,852.638,529.724,970.573,717.139,0.539,2.000,,
fiep.mp4,363,12.100,911.673,623.781,852.971,530.326,970.375,717.237,0.572,2.000,,
fiep.mp4,364,12.133,911.758,624.080,853.308,530.889,970.208,717.272,0.559,2.000,,
fiep.mp4,365,12.167,911.806,624.458,853.628,531.647,969.984,717.269,0.557,2.000,,
fiep.mp4,366,12.200,911.820,624.919,853.806,532.351,969.834,717.488,0.555,2.000,,
fiep.mp4,367,12.233,911.787,625.111,853.746,532.435,969.829,717.787,0.520,2.000,,
fiep.mp4,368,12.267,911.900,625.403,854.080,533.056,969.720,717.751,0.506,2.000,,
fiep.mp4,369,12.300,911.927,625.322,854.356,533.377,969.498,717.268,0.496,2.000,,
fiep.mp4,370,12.333,911.976,625.391,854.810,534.126,969.142,716.657,0.477,2.000,,
fiep.mp4,371,12.367,,,,,,,,,,
fiep.mp4,372,12.400,,,,,,,,,,
fiep.mp4,373,12.433,912.217,625.912,855.270,535.103,969.164,716.721,0.457,2.000,,
fiep.mp4,374,12.467,912.255,626.184,855.316,535.503,969.195,716.865,0.491,2.000,,
fiep.mp4,375,12.500,912.341,626.168,855.382,535.581,969.301,716.756,0.482,2.000,,
fiep.mp4,376,12.533,912.362,626.212,855.290,535.549,969.433,716.875,0.505,2.000,,
fiep.mp4,377,12.567,912.446,626.477,855.075,535.401,969.816,717.554,0.490,2.000,,
fiep.mp4,378,12.600,912.596,626.482,855.167,535.409,970.025,717.556,0.471,2.000,,
fiep.mp4,379,12.633,912.760,626.228,855.286,535.226,970.234,717.230,0.471,2.000,,
fiep.mp4,380,12.667,912.954,626.079,855.393,535.082,970.516,717.076,0.512,2.000,,
fiep.mp4,381,12.700,913.058,625.973,855.365,534.890,970.751,717.056,0.476,2.000,,
fiep.mp4,382,12.733,913.106,626.034,855.302,534.889,970.910,717.178,0.486,2.000,,
fiep.mp4,383,12.767,913.184,626.020,855.218,534.727,971.151,717.312,0.459,2.000,,
fiep.mp4,384,12.800,,,,,,,,,,
fiep.mp4,385,12.833,,,,,,,,,,
fiep.mp4,386,12.867,,,,,,,,,,
fiep.mp4,387,12.900,,,,,,,,,,
fiep.mp4,388,12.933,,,,,,,,,,
fiep.mp4,389,12.967,,,,,,,,,,
fiep.mp4,390,13.000,,,,,,,,,,
fiep.mp4,391,13.033,,,,,,,,,,
fiep.mp4,392,13.067,913.611,625.332,855.616,534.174,971.606,716.490,0.449,2.000,,
fiep.mp4,393,13.100,,,,,,,,,,
fiep.mp4,394,13.133,914.072,624.810,855.883,533.521,972.261,716.100,0.442,2.000,,
fiep.mp4,395,13.167,914.392,624.345,855.912,532.736,972.871,715.954,0.451,2.000,,
fiep.mp4,396,13.200,914.854,624.237,856.030,532.151,973.679,716.322,0.436,2.000,,
fiep.mp4,397,13.233,,,,,,,,,,
fiep.mp4,398,13.267,915.255,624.005,855.990,531.351,974.521,716.658,0.496,2.000,,
fiep.mp4,399,13.300,915.426,624.198,855.981,531.493,974.872,716.904,0.513,2.000,,
fiep.mp4,400,13.333,916.192,623.938,856.447,531.162,975.936,716.714,0.496,2.000,,
fiep.mp4,401,13.367,917.227,623.460,857.303,531.059,977.150,715.861,0.472,2.000,,
fiep.mp4,402,13.400,918.066,623.983,857.392,531.011,978.740,716.956,0.512,2.000,,
fiep.mp4,403,13.433,918.961,624.151,857.772,531.061,980.150,717.241,0.506,2.000,,
fiep.mp4,404,13.467,920.173,624.748,858.731,532.149,981.614,717.346,0.497,2.000,,
fiep.mp4,405,13.500,920.581,625.612,859.411,534.393,981.752,716.831,0.424,2.000,,
fiep.mp4,406,13.533,921.441,626.422,860.123,536.020,982.759,716.824,0.432,2.000,,
fiep.mp4,407,13.567,921.575,627.989,859.636,537.545,983.513,718.433,0.452,2.000,,
fiep.mp4,408,13.600,,,,,,,,,,
fiep.mp4,409,13.633,,,,,,,,,,
fiep.mp4,410,13.667,,,,,,,,,,
fiep.mp4,411,13.700,,,,,,,,,,
fiep.mp4,412,13.733,,,,,,,,,,
fiep.mp4,413,13.767,,,,,,,,,,
fiep.mp4,414,13.800,,,,,,,,,,
fiep.mp4,415,13.833,,,,,,,,,,
fiep.mp4,416,13.867,,,,,,,,,,
fiep.mp4,417,13.900,,,,,,,,,,
fiep.mp4,418,13.933,,,,,,,,,,
fiep.mp4,419,13.967,,,,,,,,,,
fiep.mp4,420,14.000,918.223,626.906,856.642,538.150,979.804,715.663,0.522,2.000,,
fiep.mp4,421,14.033,918.062,626.648,856.198,538.202,979.927,715.095,0.493,2.000,,
fiep.mp4,422,14.067,917.886,626.593,855.686,538.202,980.086,714.984,0.461,2.000,,
fiep.mp4,423,14.100,917.876,626.756,855.363,538.285,980.388,715.226,0.447,2.000,,
fiep.mp4,424,14.133,917.792,627.081,854.915,538.349,980.668,715.812,0.447,2.000,,
fiep.mp4,425,14.167,917.601,627.311,854.354,538.301,980.848,716.322,0.459,2.000,,
fiep.mp4,426,14.200,917.545,627.338,854.146,538.319,980.944,716.358,0.451,2.000,,
fiep.mp4,427,14.233,917.450,627.502,853.874,538.369,981.026,716.634,0.464,2.000,,
fiep.mp4,428,14.267,917.242,627.745,853.612,538.616,980.871,716.874,0.477,2.000,,
fiep.mp4,429,14.300,917.078,628.000,853.286,538.699,980.870,717.300,0.444,2.000,,
fiep.mp4,430,14.333,917.063,627.745,853.296,538.502,980.830,716.989,0.425,2.000,,
fiep.mp4,431,14.367,,,,,,,,,,
fiep.mp4,432,14.400,,,,,,,,,,
fiep.mp4,433,14.433,,,,,,,,,,
fiep.mp4,434,14.467,,,,,,,,,,
fiep.mp4,435,14.500,,,,,,,,,,
fiep.mp4,436,14.533,918.360,626.891,855.826,539.449,980.894,714.332,0.443,2.000,,
fiep.mp4,437,14.567,918.459,627.305,855.849,539.871,981.069,714.739,0.454,2.000,,
fiep.mp4,438,14.600,,,,,,,,,,
fiep.mp4,439,14.633,918.418,628.188,855.578,540.692,981.258,715.684,0.458,2.000,,
fiep.mp4,440,14.667,918.544,629.188,855.410,541.467,981.677,716.908,0.508,2.000,,
fiep.mp4,441,14.700,918.209,629.514,854.936,541.861,981.482,717.166,0.568,2.000,,
fiep.mp4,442,14.733,918.019,630.066,854.715,542.578,981.324,717.555,0.625,2.000,,
fiep.mp4,443,14.767,917.849,630.624,854.411,543.228,981.287,718.019,0.657,2.000,,
fiep.mp4,444,14.800,918.105,630.643,854.707,543.649,981.502,717.636,0.692,2.000,,
fiep.mp4,445,14.833,917.823,631.036,853.839,543.530,981.807,718.542,0.762,2.000,,
fiep.mp4,446,14.867,917.541,631.564,852.975,543.591,982.107,719.537,0.777,2.000,,
fiep.mp4,447,14.900,917.218,631.383,852.477,543.598,981.959,719.168,0.762,2.000,,
fiep.mp4,448,14.933,917.085,631.178,852.069,543.506,982.101,718.851,0.792,2.000,,
fiep.mp4,449,14.967,916.553,631.460,851.125,543.898,981.981,719.021,0.783,2.000,,
fiep.mp4,450,15.000,916.468,631.638,850.559,544.109,982.376,719.167,0.736,2.000,,
fiep.mp4,451,15.033,916.402,632.158,850.026,544.817,982.779,719.499,0.718,2.000,,
fiep.mp4,452,15.067,916.119,632.359,849.472,545.493,982.767,719.225,0.679,2.000,,
fiep.mp4,453,15.100,915.831,632.664,848.715,546.017,982.948,719.311,0.623,2.000,,
fiep.mp4,454,15.133,915.694,632.702,847.477,545.337,983.910,720.066,0.628,2.000,,
fiep.mp4,455,15.167,915.322,632.132,846.745,544.969,983.899,719.296,0.569,2.000,,
fiep.mp4,456,15.200,915.245,631.810,846.501,545.007,983.988,718.612,0.570,2.000,,
fiep.mp4,457,15.233,915.288,631.528,845.998,544.567,984.578,718.490,0.561,2.000,,
fiep.mp4,458,15.267,915.282,631.069,845.242,543.646,985.322,718.492,0.581,2.000,,
fiep.mp4,459,15.300,914.866,630.620,843.785,542.252,985.948,718.987,0.528,2.000,,
fiep.mp4,460,15.333,914.312,630.488,842.861,541.969,985.762,719.007,0.495,2.000,,
fiep.mp4,461,15.367,914.166,630.309,842.486,541.804,985.845,718.815,0.479,2.000,,
fiep.mp4,462,15.400,913.953,629.959,841.904,541.203,986.003,718.715,0.332,2.000,,
fiep.mp4,463,15.433,913.783,629.844,841.352,540.794,986.213,718.894,0.525,2.000,,
fiep.mp4,464,15.467,913.707,629.355,840.933,539.992,986.482,718.718,0.590,2.000,,
fiep.mp4,465,15.500,913.153,629.008,840.095,539.347,986.210,718.668,0.602,2.000,,
fiep.mp4,466,15.533,912.866,628.925,839.804,539.378,985.928,718.471,0.575,2.000,,
fiep.mp4,467,15.567,912.733,629.258,840.009,540.274,985.457,718.242,0.612,2.000,,
fiep.mp4,468,15.600,912.615,629.374,840.090,540.756,985.141,717.992,0.588,2.000,,
fiep.mp4,469,15.633,912.524,630.698,840.735,543.216,984.314,718.180,0.599,2.000,,
fiep.mp4,470,15.667,912.489,631.715,841.431,545.435,983.547,717.994,0.590,2.000,,
fiep.mp4,471,15.700,912.523,632.497,841.843,547.019,983.203,717.975,0.612,2.000,,
fiep.mp4,472,15.733,912.723,633.220,842.301,548.486,983.145,717.954,0.656,2.000,,
fiep.mp4,473,15.767,912.541,633.843,842.260,549.833,982.822,717.854,0.643,2.000,,
fiep.mp4,474,15.800,912.422,634.224,841.987,550.618,982.857,717.830,0.603,2.000,,
fiep.mp4,475,15.833,912.181,634.290,841.519,551.003,982.843,717.577,0.595,2.000,,
fiep.mp4,476,15.867,912.129,634.331,841.113,551.190,983.144,717.471,0.601,2.000,,
fiep.mp4,477,15.900,911.548,634.622,840.139,551.629,982.957,717.615,0.617,2.000,,
fiep.mp4,478,15.933,911.073,634.789,839.300,551.968,982.846,717.610,0.601,2.000,,
fiep.mp4,479,15.967,910.566,635.132,838.464,552.542,982.667,717.722,0.604,2.000,,
fiep.mp4,480,16.000,910.674,635.346,837.804,552.421,983.545,718.271,0.617,2.000,,
fiep.mp4,481,16.033,910.696,635.847,837.331,552.900,984.061,718.795,0.619,2.000,,
fiep.mp4,482,16.067,910.454,635.781,836.950,553.337,983.957,718.225,0.586,2.000,,
fiep.mp4,483,16.100,910.141,636.003,836.255,553.832,984.027,718.174,0.529,2.000,,
fiep.mp4,484,16.133,909.114,636.243,833.891,553.162,984.336,719.324,0.497,2.000,,
fiep.mp4,485,16.167,909.266,635.741,833.172,552.215,985.360,719.268,0.510,2.000,,
fiep.mp4,486,16.200,909.191,635.754,832.598,552.170,985.784,719.338,0.502,2.000,,
fiep.mp4,487,16.233,908.747,635.666,831.688,552.073,985.806,719.259,0.468,2.000,,
fiep.mp4,488,16.267,908.305,637.090,829.205,551.381,987.405,722.800,0.374,2.000,,
fiep.mp4,489,16.300,907.975,637.738,828.311,551.552,987.639,723.925,0.376,2.000,,
fiep.mp4,490,16.333,907.151,637.001,828.114,551.968,986.187,722.033,0.531,2.000,,
fiep.mp4,491,16.367,906.732,636.657,827.941,552.375,985.522,720.939,0.517,2.000,,
fiep.mp4,492,16.400,906.400,636.718,827.585,552.905,985.216,720.532,0.469,2.000,,
fiep.mp4,493,16.433,905.615,637.380,826.322,553.607,984.908,721.153,0.514,2.000,,
fiep.mp4,494,16.467,905.146,637.207,826.000,554.237,984.292,720.176,0.430,2.000,,
fiep.mp4,495,16.500,904.765,638.536,823.946,554.198,985.584,722.873,0.459,2.000,,
fiep.mp4,496,16.533,904.310,639.072,821.661,553.069,986.959,725.075,0.458,2.000,,
fiep.mp4,497,16.567,,,,,,,,,,
fiep.mp4,498,16.600,,,,,,,,,,
fiep.mp4,499,16.633,,,,,,,,,,
fiep.mp4,500,16.667,,,,,,,,,,
fiep.mp4,501,16.700,,,,,,,,,,
fiep.mp4,502,16.733,,,,,,,,,,
fiep.mp4,503,16.767,,,,,,,,,,
fiep.mp4,504,16.800,,,,,,,,,,
fiep.mp4,505,16.833,,,,,,,,,,
fiep.mp4,506,16.867,,,,,,,,,,
fiep.mp4,507,16.900,,,,,,,,,,
fiep.mp4,508,16.933,,,,,,,,,,
fiep.mp4,509,16.967,,,,,,,,,,
fiep.mp4,510,17.000,,,,,,,,,,
fiep.mp4,511,17.033,,,,,,,,,,
fiep.mp4,512,17.067,,,,,,,,,,
fiep.mp4,513,17.100,,,,,,,,,,
fiep.mp4,514,17.133,,,,,,,,,,
fiep.mp4,515,17.167,,,,,,,,,,
fiep.mp4,516,17.200,,,,,,,,,,
fiep.mp4,517,17.233,,,,,,,,,,
fiep.mp4,518,17.267,,,,,,,,,,
fiep.mp4,519,17.300,,,,,,,,,,
fiep.mp4,520,17.333,890.705,625.235,798.810,531.344,982.599,719.125,0.519,2.000,,
fiep.mp4,521,17.367,889.435,624.870,795.925,530.365,982.945,719.375,0.472,2.000,,
fiep.mp4,522,17.400,889.092,624.721,793.873,528.898,984.310,720.545,0.498,2.000,,
fiep.mp4,523,17.433,888.968,624.524,792.803,527.894,985.133,721.155,0.506,2.000,,
fiep.mp4,524,17.467,889.189,624.518,792.390,527.275,985.988,721.761,0.470,2.000,,
fiep.mp4,525,17.500,889.503,624.920,792.120,527.016,986.885,722.823,0.472,2.000,,
fiep.mp4,526,17.533,890.139,624.200,793.201,526.732,987.077,721.668,0.505,2.000,,
fiep.mp4,527,17.567,890.507,622.856,793.492,525.216,987.523,720.496,0.510,2.000,,
fiep.mp4,528,17.600,890.368,621.859,792.782,523.404,987.954,720.314,0.464,2.000,,
fiep.mp4,529,17.633,,,,,,,,,,
fiep.mp4,530,17.667,,,,,,,,,,
fiep.mp4,531,17.700,890.543,620.724,792.219,521.081,988.867,720.368,0.484,2.000,,
fiep.mp4,532,17.733,890.605,620.625,791.998,520.274,989.211,720.976,0.485,2.000,,
fiep.mp4,533,17.767,890.828,619.722,792.665,519.502,988.991,719.942,0.480,2.000,,
fiep.mp4,534,17.800,,,,,,,,,,
fiep.mp4,535,17.833,,,,,,,,,,
fiep.mp4,536,17.867,890.801,618.689,792.220,517.883,989.381,719.495,0.477,2.000,,
fiep.mp4,537,17.900,,,,,,,,,,
fiep.mp4,538,17.933,890.416,618.133,791.338,516.708,989.493,719.558,0.513,2.000,,
fiep.mp4,539,17.967,890.766,618.418,791.561,516.824,989.970,720.011,0.492,2.000,,
fiep.mp4,540,18.000,,,,,,,,,,
fiep.mp4,541,18.033,,,,,,,,,,
fiep.mp4,542,18.067,,,,,,,,,,
fiep.mp4,543,18.100,,,,,,,,,,
fiep.mp4,544,18.133,543.104,827.995,468.702,727.311,617.507,928.680,0.271,,,
fiep.mp4,545,18.167,,,,,,,,,,
fiep.mp4,546,18.200,,,,,,,,,,
fiep.mp4,547,18.233,600.087,817.984,524.735,715.787,675.438,920.181,0.261,,,
fiep.mp4,548,18.267,,,,,,,,,,
fiep.mp4,549,18.300,,,,,,,,,,
fiep.mp4,550,18.333,,,,,,,,,,
fiep.mp4,551,18.367,,,,,,,,,,
fiep.mp4,552,18.400,,,,,,,,,,
fiep.mp4,553,18.433,,,,,,,,,,
fiep.mp4,554,18.467,,,,,,,,,,
fiep.mp4,555,18.500,,,,,,,,,,
fiep.mp4,556,18.533,,,,,,,,,,
fiep.mp4,557,18.567,,,,,,,,,,
fiep.mp4,558,18.600,888.536,618.191,785.653,514.040,991.419,722.341,0.487,2.000,,
fiep.mp4,559,18.633,888.127,617.546,785.691,514.329,990.564,720.762,0.484,2.000,,
fiep.mp4,560,18.667,886.030,618.411,783.137,514.134,988.924,722.688,0.450,2.000,,
fiep.mp4,561,18.700,883.042,619.733,780.242,514.680,985.842,724.787,0.484,2.000,,
fiep.mp4,562,18.733,879.742,620.018,776.843,513.474,982.641,726.562,0.461,2.000,,
fiep.mp4,563,18.767,876.796,620.135,774.240,512.467,979.351,727.803,0.434,2.000,,
fiep.mp4,564,18.800,874.137,617.836,770.383,507.012,977.890,728.661,0.450,2.000,,
fiep.mp4,565,18.833,871.145,617.403,767.916,505.466,974.374,729.339,0.530,2.000,,
fiep.mp4,566,18.867,868.813,615.929,765.392,502.128,972.234,729.731,0.492,2.000,,
fiep.mp4,567,18.900,866.004,615.818,762.858,500.932,969.151,730.704,0.464,2.000,,
fiep.mp4,568,18.933,1220.589,683.572,1126.400,633.515,1314.777,733.628,0.474,9.000,,
fiep.mp4,569,18.967,862.094,615.026,760.514,499.772,963.673,730.279,0.491,2.000,,
fiep.mp4,570,19.000,860.062,614.298,759.430,499.236,960.693,729.359,0.530,2.000,,
fiep.mp4,571,19.033,,,,,,,,,,
fiep.mp4,572,19.067,855.791,619.578,751.247,498.568,960.336,740.588,0.461,2.000,,
fiep.mp4,573,19.100,853.954,625.002,746.020,498.191,961.888,751.814,0.551,2.000,,
fiep.mp4,574,19.133,,,,,,,,,,
fiep.mp4,575,19.167,849.355,632.596,738.664,499.683,960.045,765.509,0.545,2.000,,
fiep.mp4,576,19.200,846.973,633.969,738.125,500.626,955.821,767.313,0.572,2.000,,
fiep.mp4,577,19.233,1220.115,682.559,1127.078,632.824,1313.151,732.295,0.392,9.000,,
fiep.mp4,578,19.267,1220.425,682.641,1128.018,633.248,1312.832,732.034,0.371,9.000,,
fiep.mp4,579,19.300,842.648,638.799,737.990,508.203,947.306,769.396,0.433,2.000,,
fiep.mp4,580,19.333,840.671,640.078,738.669,510.831,942.674,769.325,0.444,2.000,,
fiep.mp4,581,19.367,,,,,,,,,,
fiep.mp4,582,19.400,1220.033,682.334,1127.528,632.822,1312.538,731.846,0.339,9.000,,
fiep.mp4,583,19.433,1220.121,682.226,1127.712,632.761,1312.530,731.691,0.357,9.000,,
fiep.mp4,584,19.467,831.863,642.788,733.264,515.729,930.461,769.846,0.403,2.000,,
fiep.mp4,585,19.500,1220.217,682.259,1127.751,632.745,1312.683,731.773,0.306,9.000,,
fiep.mp4,586,19.533,1220.142,682.376,1127.674,632.856,1312.609,731.896,0.254,9.000,,
fiep.mp4,587,19.567,1220.165,682.370,1127.646,632.822,1312.685,731.918,0.267,9.000,,
fiep.mp4,588,19.600,1220.274,682.370,1127.594,632.739,1312.955,732.001,0.350,9.000,,
fiep.mp4,589,19.633,1220.514,682.645,1127.689,632.919,1313.339,732.372,0.404,9.000,,
fiep.mp4,590,19.667,1220.690,682.810,1127.883,633.089,1313.498,732.532,0.501,9.000,,
fiep.mp4,591,19.700,1220.903,682.820,1128.266,633.223,1313.539,732.417,0.548,9.000,,
fiep.mp4,592,19.733,1221.165,682.752,1128.427,633.107,1313.903,732.397,0.496,9.000,,
fiep.mp4,593,19.767,1221.329,682.796,1128.463,633.091,1314.194,732.501,0.484,9.000,,
fiep.mp4,594,19.800,1221.373,682.856,1128.517,633.168,1314.228,732.543,0.514,9.000,,
fiep.mp4,595,19.833,1221.365,683.018,1128.606,633.400,1314.124,732.635,0.478,9.000,,
fiep.mp4,596,19.867,1221.454,682.986,1128.568,633.319,1314.340,732.653,0.420,9.000,,
fiep.mp4,597,19.900,,,,,,,,,,
fiep.mp4,598,19.933,,,,,,,,,,
fiep.mp4,599,19.967,,,,,,,,,,
fiep.mp4,600,20.000,,,,,,,,,,
fiep.mp4,601,20.033,,,,,,,,,,
fiep.mp4,602,20.067,,,,,,,,,,
fiep.mp4,603,20.100,,,,,,,,,,
fiep.mp4,604,20.133,,,,,,,,,,
fiep.mp4,605,20.167,,,,,,,,,,
fiep.mp4,606,20.200,,,,,,,,,,
fiep.mp4,607,20.233,,,,,,,,,,
fiep.mp4,608,20.267,,,,,,,,,,
fiep.mp4,609,20.300,,,,,,,,,,
fiep.mp4,610,20.333,,,,,,,,,,
fiep.mp4,611,20.367,,,,,,,,,,
fiep.mp4,612,20.400,,,,,,,,,,
fiep.mp4,613,20.433,,,,,,,,,,
fiep.mp4,614,20.467,,,,,,,,,,
fiep.mp4,615,20.500,,,,,,,,,,
fiep.mp4,616,20.533,,,,,,,,,,
fiep.mp4,617,20.567,,,,,,,,,,
fiep.mp4,618,20.600,,,,,,,,,,
fiep.mp4,619,20.633,,,,,,,,,,
fiep.mp4,620,20.667,1221.841,682.468,1128.587,632.711,1315.094,732.225,0.447,9.000,,
fiep.mp4,621,20.700,1221.970,682.379,1128.580,632.642,1315.359,732.116,0.464,9.000,,
fiep.mp4,622,20.733,1222.000,682.310,1128.412,632.527,1315.588,732.092,0.503,9.000,,
fiep.mp4,623,20.767,1221.951,682.328,1128.382,632.618,1315.521,732.039,0.494,9.000,,
fiep.mp4,624,20.800,1221.884,682.299,1128.405,632.701,1315.363,731.897,0.453,9.000,,
fiep.mp4,625,20.833,,,,,,,,,,
fiep.mp4,626,20.867,1221.790,682.066,1128.065,632.414,1315.516,731.717,0.404,9.000,,
fiep.mp4,627,20.900,,,,,,,,,,
fiep.mp4,628,20.933,,,,,,,,,,
fiep.mp4,629,20.967,,,,,,,,,,
fiep.mp4,630,21.000,,,,,,,,,,
fiep.mp4,631,21.033,,,,,,,,,,
fiep.mp4,632,21.067,,,,,,,,,,
fiep.mp4,633,21.100,,,,,,,,,,
fiep.mp4,634,21.133,,,,,,,,,,
fiep.mp4,635,21.167,,,,,,,,,,
fiep.mp4,636,21.200,1221.753,682.219,1128.040,632.574,1315.466,731.863,0.294,9.000,,
fiep.mp4,637,21.233,1221.778,682.252,1128.015,632.575,1315.541,731.929,0.351,9.000,,
fiep.mp4,638,21.267,1221.732,682.262,1128.050,632.633,1315.413,731.890,0.397,9.000,,
fiep.mp4,639,21.300,1221.768,682.349,1128.171,632.792,1315.365,731.907,0.320,9.000,,
fiep.mp4,640,21.333,1221.897,682.317,1128.321,632.816,1315.474,731.818,0.277,9.000,,
fiep.mp4,641,21.367,,,,,,,,,,
fiep.mp4,642,21.400,,,,,,,,,,
fiep.mp4,643,21.433,,,,,,,,,,
fiep.mp4,644,21.467,1221.619,682.339,1128.052,632.879,1315.186,731.798,0.299,9.000,,
fiep.mp4,645,21.500,,,,,,,,,,
fiep.mp4,646,21.533,1221.856,682.303,1128.267,632.896,1315.444,731.709,0.268,9.000,,
fiep.mp4,647,21.567,,,,,,,,,,
fiep.mp4,648,21.600,1221.937,682.245,1128.378,632.918,1315.497,731.573,0.254,9.000,,
fiep.mp4,649,21.633,1221.669,682.291,1127.892,632.849,1315.447,731.734,0.300,9.000,,
fiep.mp4,650,21.667,,,,,,,,,,
fiep.mp4,651,21.700,1221.536,682.229,1127.661,632.741,1315.411,731.717,0.346,9.000,,
fiep.mp4,652,21.733,1221.424,682.200,1127.377,632.624,1315.471,731.775,0.466,9.000,,
fiep.mp4,653,21.767,1221.451,682.239,1127.372,632.646,1315.530,731.832,0.418,9.000,,
fiep.mp4,654,21.800,1221.510,682.284,1127.432,632.681,1315.589,731.887,0.444,9.000,,
fiep.mp4,655,21.833,1221.528,682.332,1127.502,632.744,1315.554,731.920,0.449,9.000,,
fiep.mp4,656,21.867,1221.491,682.315,1127.498,632.728,1315.484,731.901,0.400,9.000,,
fiep.mp4,657,21.900,,,,,,,,,,
fiep.mp4,658,21.933,,,,,,,,,,
fiep.mp4,659,21.967,,,,,,,,,,
fiep.mp4,660,22.000,,,,,,,,,,
fiep.mp4,661,22.033,,,,,,,,,,
fiep.mp4,662,22.067,,,,,,,,,,
fiep.mp4,663,22.100,,,,,,,,,,
fiep.mp4,664,22.133,,,,,,,,,,
fiep.mp4,665,22.167,,,,,,,,,,
fiep.mp4,666,22.200,,,,,,,,,,
fiep.mp4,667,22.233,,,,,,,,,,
fiep.mp4,668,22.267,,,,,,,,,,
fiep.mp4,669,22.300,,,,,,,,,,
fiep.mp4,670,22.333,,,,,,,,,,
fiep.mp4,671,22.367,,,,,,,,,,
fiep.mp4,672,22.400,,,,,,,,,,
fiep.mp4,673,22.433,,,,,,,,,,
fiep.mp4,674,22.467,,,,,,,,,,
fiep.mp4,675,22.500,,,,,,,,,,
fiep.mp4,676,22.533,,,,,,,,,,
fiep.mp4,677,22.567,,,,,,,,,,
fiep.mp4,678,22.600,,,,,,,,,,
fiep.mp4,679,22.633,,,,,,,,,,
fiep.mp4,680,22.667,,,,,,,,,,
fiep.mp4,681,22.700,,,,,,,,,,
fiep.mp4,682,22.733,,,,,,,,,,
fiep.mp4,683,22.767,,,,,,,,,,
fiep.mp4,684,22.800,,,,,,,,,,
fiep.mp4,685,22.833,,,,,,,,,,
fiep.mp4,686,22.867,,,,,,,,,,
fiep.mp4,687,22.900,,,,,,,,,,
fiep.mp4,688,22.933,,,,,,,,,,
fiep.mp4,689,22.967,,,,,,,,,,
fiep.mp4,690,23.000,,,,,,,,,,
fiep.mp4,691,23.033,,,,,,,,,,
fiep.mp4,692,23.067,,,,,,,,,,
fiep.mp4,693,23.100,,,,,,,,,,
fiep.mp4,694,23.133,,,,,,,,,,
fiep.mp4,695,23.167,,,,,,,,,,
fiep.mp4,696,23.200,,,,,,,,,,
fiep.mp4,697,23.233,,,,,,,,,,
fiep.mp4,698,23.267,,,,,,,,,,
fiep.mp4,699,23.300,,,,,,,,,,
fiep.mp4,700,23.333,,,,,,,,,,
fiep.mp4,701,23.367,,,,,,,,,,
fiep.mp4,702,23.400,,,,,,,,,,
fiep.mp4,703,23.433,,,,,,,,,,
fiep.mp4,704,23.467,,,,,,,,,,
fiep.mp4,705,23.500,,,,,,,,,,
fiep.mp4,706,23.533,,,,,,,,,,
fiep.mp4,707,23.567,,,,,,,,,,
fiep.mp4,708,23.600,,,,,,,,,,
fiep.mp4,709,23.633,,,,,,,,,,
fiep.mp4,710,23.667,,,,,,,,,,
fiep.mp4,711,23.700,,,,,,,,,,
fiep.mp4,712,23.733,,,,,,,,,,
fiep.mp4,713,23.767,,,,,,,,,,
fiep.mp4,714,23.800,777.167,795.268,714.675,606.295,839.659,984.240,0.384,,,
fiep.mp4,715,23.833,777.260,795.703,714.610,606.263,839.909,985.143,0.406,13.000,,
fiep.mp4,716,23.867,777.985,796.039,715.077,605.852,840.892,986.226,0.437,13.000,,
fiep.mp4,717,23.900,778.239,796.414,714.982,605.154,841.496,987.674,0.412,13.000,,
fiep.mp4,718,23.933,777.905,797.399,714.548,605.795,841.261,989.002,0.443,13.000,,
fiep.mp4,719,23.967,777.663,797.862,714.366,606.411,840.961,989.313,0.387,13.000,,
fiep.mp4,720,24.000,777.721,797.944,714.039,605.347,841.403,990.540,0.452,13.000,,
fiep.mp4,721,24.033,777.618,799.537,713.664,606.002,841.573,993.073,0.323,13.000,,
fiep.mp4,722,24.067,777.983,800.992,713.787,606.697,842.179,995.286,0.417,13.000,,
fiep.mp4,723,24.100,778.055,802.238,713.638,607.326,842.472,997.150,0.476,13.000,,
fiep.mp4,724,24.133,778.714,802.531,714.386,608.073,843.042,996.989,0.632,13.000,,
fiep.mp4,725,24.167,779.231,802.642,715.062,609.194,843.401,996.091,0.647,13.000,,
fiep.mp4,726,24.200,779.593,803.417,715.229,610.088,843.956,996.745,0.605,13.000,,
fiep.mp4,727,24.233,779.742,803.824,715.272,610.980,844.212,996.667,0.644,13.000,,
fiep.mp4,728,24.267,780.893,804.767,716.313,613.000,845.474,996.533,0.665,13.000,,
fiep.mp4,729,24.300,782.524,804.910,717.663,614.105,847.385,995.716,0.595,13.000,,
fiep.mp4,730,24.333,783.880,804.932,718.566,614.727,849.194,995.137,0.432,13.000,,
fiep.mp4,731,24.367,784.489,804.619,718.820,615.455,850.159,993.783,0.503,13.000,,
fiep.mp4,732,24.400,785.607,804.766,719.361,616.101,851.852,993.432,0.507,13.000,,
fiep.mp4,733,24.433,786.736,804.793,719.814,616.312,853.657,993.275,0.501,13.000,,
fiep.mp4,734,24.467,787.209,804.965,719.708,616.598,854.710,993.332,0.540,13.000,,
fiep.mp4,735,24.500,787.558,805.124,719.484,616.728,855.631,993.521,0.491,13.000,,
fiep.mp4,736,24.533,787.911,805.106,719.392,616.741,856.430,993.471,0.509,13.000,,
fiep.mp4,737,24.567,788.520,806.076,719.367,616.861,857.673,995.291,0.253,13.000,,
fiep.mp4,738,24.600,,,,,,,,,,
fiep.mp4,739,24.633,,,,,,,,,,
fiep.mp4,740,24.667,,,,,,,,,,
fiep.mp4,741,24.700,786.940,804.899,716.869,613.162,857.011,996.637,0.361,13.000,,
fiep.mp4,742,24.733,786.536,804.618,716.483,612.638,856.589,996.598,0.427,13.000,,
fiep.mp4,743,24.767,786.710,804.760,716.875,613.063,856.544,996.456,0.545,13.000,,
fiep.mp4,744,24.800,786.950,805.349,717.380,614.072,856.521,996.625,0.480,13.000,,
fiep.mp4,745,24.833,,,,,,,,,,
fiep.mp4,746,24.867,787.876,805.678,718.619,614.921,857.133,996.435,0.486,13.000,,
fiep.mp4,747,24.900,788.746,806.212,719.803,616.269,857.689,996.154,0.435,13.000,,
fiep.mp4,748,24.933,789.897,807.242,721.094,617.890,858.700,996.594,0.398,13.000,,
fiep.mp4,749,24.967,790.926,807.684,722.145,618.716,859.707,996.652,0.374,13.000,,
fiep.mp4,750,25.000,791.485,808.126,722.760,619.806,860.211,996.446,0.520,13.000,,
fiep.mp4,751,25.033,791.727,808.518,722.904,620.403,860.551,996.632,0.451,13.000,,
fiep.mp4,752,25.067,792.009,808.425,723.037,620.263,860.982,996.587,0.480,13.000,,
fiep.mp4,753,25.100,792.191,807.890,722.961,619.283,861.421,996.497,0.463,13.000,,
fiep.mp4,754,25.133,792.421,806.862,722.924,617.550,861.917,996.173,0.501,13.000,,
fiep.mp4,755,25.167,792.709,806.238,723.019,616.457,862.399,996.019,0.386,13.000,,
fiep.mp4,756,25.200,792.869,805.319,723.005,615.064,862.733,995.574,0.320,13.000,,
fiep.mp4,757,25.233,,,,,,,,,,
fiep.mp4,758,25.267,,,,,,,,,,
fiep.mp4,759,25.300,,,,,,,,,,
fiep.mp4,760,25.333,,,,,,,,,,
fiep.mp4,761,25.367,793.522,795.908,727.180,617.422,859.864,974.394,0.324,13.000,,
fiep.mp4,762,25.400,793.494,793.876,727.387,618.176,859.602,969.576,0.359,13.000,,
fiep.mp4,763,25.433,793.317,792.153,726.992,617.846,859.641,966.460,0.375,13.000,,
fiep.mp4,764,25.467,793.849,791.068,727.192,617.845,860.506,964.292,0.519,13.000,,
fiep.mp4,765,25.500,794.158,789.441,727.198,617.437,861.118,961.445,0.496,13.000,,
fiep.mp4,766,25.533,795.422,788.390,727.704,616.365,863.140,960.415,0.461,13.000,,
fiep.mp4,767,25.567,796.357,787.994,727.850,615.850,864.864,960.138,0.471,13.000,,
fiep.mp4,768,25.600,797.363,788.132,728.048,615.939,866.678,960.326,0.376,13.000,,
fiep.mp4,769,25.633,,,,,,,,,,
fiep.mp4,770,25.667,,,,,,,,,,
fiep.mp4,771,25.700,,,,,,,,,,
fiep.mp4,772,25.733,,,,,,,,,,
fiep.mp4,773,25.767,,,,,,,,,,
fiep.mp4,774,25.800,,,,,,,,,,
fiep.mp4,775,25.833,,,,,,,,,,
fiep.mp4,776,25.867,805.781,789.327,733.751,616.762,877.810,961.892,0.348,13.000,,
fiep.mp4,777,25.900,806.799,789.804,732.634,617.245,880.964,962.364,0.357,13.000,,
fiep.mp4,778,25.933,808.130,789.854,731.923,617.414,884.337,962.295,0.500,13.000,,
fiep.mp4,779,25.967,809.001,790.297,731.228,618.479,886.774,962.115,0.509,13.000,,
fiep.mp4,780,26.000,809.377,790.308,729.936,618.208,888.818,962.408,0.614,13.000,,
fiep.mp4,781,26.033,809.888,790.543,728.960,618.111,890.815,962.974,0.570,13.000,,
fiep.mp4,782,26.067,810.183,790.886,727.982,618.198,892.385,963.573,0.606,13.000,,
fiep.mp4,783,26.100,810.951,791.425,727.127,617.455,894.774,965.395,0.611,13.000,,
fiep.mp4,784,26.133,812.370,791.639,727.116,616.850,897.625,966.428,0.596,13.000,,
fiep.mp4,785,26.167,813.204,792.776,726.597,617.285,899.812,968.266,0.505,13.000,,
fiep.mp4,786,26.200,1221.829,682.437,1128.017,632.710,1315.641,732.164,0.469,15.000,,
fiep.mp4,787,26.233,1221.607,682.553,1127.623,632.730,1315.591,732.376,0.524,15.000,,
fiep.mp4,788,26.267,1221.563,682.555,1127.514,632.692,1315.613,732.418,0.561,15.000,,
fiep.mp4,789,26.300,818.619,796.754,726.846,618.577,910.393,974.932,0.596,13.000,,
fiep.mp4,790,26.333,821.786,797.640,728.418,618.564,915.154,976.716,0.601,13.000,,
fiep.mp4,791,26.367,824.825,798.962,729.792,618.810,919.857,979.114,0.637,13.000,,
fiep.mp4,792,26.400,827.472,798.951,731.275,618.751,923.668,979.150,0.652,13.000,,
fiep.mp4,793,26.433,830.973,798.538,733.493,618.512,928.453,978.564,0.661,13.000,,
fiep.mp4,794,26.467,1221.498,682.455,1127.816,632.800,1315.179,732.110,0.522,15.000,,
fiep.mp4,795,26.500,1221.628,682.437,1127.996,632.820,1315.260,732.053,0.536,15.000,,
fiep.mp4,796,26.533,1221.691,682.423,1128.087,632.833,1315.295,732.014,0.501,15.000,,
fiep.mp4,797,26.567,1221.620,682.439,1127.945,632.819,1315.295,732.058,0.516,15.000,,
fiep.mp4,798,26.600,1221.691,682.405,1128.157,632.880,1315.226,731.929,0.527,15.000,,
fiep.mp4,799,26.633,1221.738,682.411,1128.241,632.923,1315.236,731.898,0.501,15.000,,
fiep.mp4,800,26.667,1221.758,682.359,1128.246,632.885,1315.271,731.834,0.519,15.000,,
fiep.mp4,801,26.700,1222.008,682.222,1128.597,632.842,1315.418,731.602,0.428,15.000,,
fiep.mp4,802,26.733,1221.954,682.313,1128.572,632.971,1315.337,731.656,0.439,15.000,,
fiep.mp4,803,26.767,,,,,,,,,,
fiep.mp4,804,26.800,883.833,797.589,771.409,616.012,996.257,979.167,0.490,13.000,,
fiep.mp4,805,26.833,,,,,,,,,,
fiep.mp4,806,26.867,,,,,,,,,,
fiep.mp4,807,26.900,,,,,,,,,,
fiep.mp4,808,26.933,,,,,,,,,,
fiep.mp4,809,26.967,,,,,,,,,,
fiep.mp4,810,27.000,,,,,,,,,,
fiep.mp4,811,27.033,,,,,,,,,,
fiep.mp4,812,27.067,,,,,,,,,,
fiep.mp4,813,27.100,,,,,,,,,,
fiep.mp4,814,27.133,,,,,,,,,,
fiep.mp4,815,27.167,1222.220,682.375,1128.695,633.022,1315.745,731.728,0.418,15.000,,
fiep.mp4,816,27.200,,,,,,,,,,
fiep.mp4,817,27.233,,,,,,,,,,
fiep.mp4,818,27.267,,,,,,,,,,
fiep.mp4,819,27.300,,,,,,,,,,
fiep.mp4,820,27.333,1222.208,682.362,1128.408,632.902,1316.008,731.821,0.419,15.000,,
fiep.mp4,821,27.367,1222.296,682.350,1128.514,632.924,1316.078,731.775,0.394,15.000,,
fiep.mp4,822,27.400,,,,,,,,,,
fiep.mp4,823,27.433,1222.345,682.341,1128.553,632.926,1316.137,731.755,0.409,15.000,,
fiep.mp4,824,27.467,,,,,,,,,,
fiep.mp4,825,27.500,,,,,,,,,,
fiep.mp4,826,27.533,,,,,,,,,,
fiep.mp4,827,27.567,,,,,,,,,,
fiep.mp4,828,27.600,,,,,,,,,,
fiep.mp4,829,27.633,,,,,,,,,,
fiep.mp4,830,27.667,,,,,,,,,,
fiep.mp4,831,27.700,,,,,,,,,,
fiep.mp4,832,27.733,,,,,,,,,,
fiep.mp4,833,27.767,,,,,,,,,,
fiep.mp4,834,27.800,,,,,,,,,,
fiep.mp4,835,27.833,,,,,,,,,,
fiep.mp4,836,27.867,,,,,,,,,,
fiep.mp4,837,27.900,,,,,,,,,,
fiep.mp4,838,27.933,,,,,,,,,,
fiep.mp4,839,27.967,,,,,,,,,,
fiep.mp4,840,28.000,,,,,,,,,,
fiep.mp4,841,28.033,,,,,,,,,,
fiep.mp4,842,28.067,,,,,,,,,,
fiep.mp4,843,28.100,1222.174,682.529,1128.200,633.002,1316.147,732.057,0.419,15.000,,
fiep.mp4,844,28.133,,,,,,,,,,
fiep.mp4,845,28.167,1222.287,682.581,1127.789,632.700,1316.785,732.462,0.378,15.000,,
fiep.mp4,846,28.200,,,,,,,,,,
fiep.mp4,847,28.233,,,,,,,,,,
fiep.mp4,848,28.267,,,,,,,,,,
fiep.mp4,849,28.300,1221.970,682.430,1127.551,632.519,1316.389,732.341,0.435,15.000,,
fiep.mp4,850,28.333,1221.895,682.410,1127.516,632.482,1316.275,732.338,0.400,15.000,,
fiep.mp4,851,28.367,1222.437,682.570,1127.767,632.403,1317.106,732.736,0.345,15.000,,
fiep.mp4,852,28.400,1222.688,682.754,1128.021,632.546,1317.356,732.961,0.340,15.000,,
fiep.mp4,853,28.433,1222.892,682.701,1128.307,632.521,1317.476,732.881,0.367,15.000,,
fiep.mp4,854,28.467,1222.832,682.808,1128.156,632.539,1317.509,733.077,0.386,15.000,,
fiep.mp4,855,28.500,1222.462,682.616,1128.182,632.567,1316.742,732.665,0.340,15.000,,
fiep.mp4,856,28.533,,,,,,,,,,
fiep.mp4,857,28.567,,,,,,,,,,
fiep.mp4,858,28.600,,,,,,,,,,
fiep.mp4,859,28.633,,,,,,,,,,
fiep.mp4,860,28.667,,,,,,,,,,
fiep.mp4,861,28.700,,,,,,,,,,
fiep.mp4,862,28.733,,,,,,,,,,
fiep.mp4,863,28.767,1222.640,682.614,1128.372,632.539,1316.908,732.688,0.378,15.000,,
fiep.mp4,864,28.800,1222.574,682.623,1128.646,632.735,1316.503,732.510,0.463,15.000,,
fiep.mp4,865,28.833,1222.603,682.704,1128.713,632.837,1316.492,732.572,0.489,15.000,,
fiep.mp4,866,28.867,1222.516,682.721,1128.556,632.828,1316.476,732.615,0.510,15.000,,
fiep.mp4,867,28.900,1222.556,682.744,1128.654,632.885,1316.458,732.604,0.496,15.000,,
fiep.mp4,868,28.933,1222.790,682.708,1129.084,632.967,1316.496,732.450,0.400,15.000,,
fiep.mp4,869,28.967,1222.835,682.800,1129.225,633.108,1316.444,732.493,0.434,15.000,,
fiep.mp4,870,29.000,1222.662,682.754,1129.165,633.127,1316.159,732.380,0.485,15.000,,
fiep.mp4,871,29.033,1222.660,682.797,1129.043,633.122,1316.277,732.472,0.439,15.000,,
fiep.mp4,872,29.067,1222.708,682.877,1129.040,633.184,1316.377,732.569,0.410,15.000,,
fiep.mp4,873,29.100,1222.655,682.699,1129.077,633.088,1316.234,732.310,0.357,15.000,,
fiep.mp4,874,29.133,1222.681,682.631,1129.135,633.064,1316.227,732.198,0.371,15.000,,
fiep.mp4,875,29.167,1222.644,682.638,1129.145,633.131,1316.142,732.144,0.456,15.000,,
fiep.mp4,876,29.200,1222.468,682.692,1128.884,633.169,1316.052,732.215,0.458,15.000,,
fiep.mp4,877,29.233,1222.307,682.720,1128.692,633.205,1315.922,732.235,0.461,15.000,,
fiep.mp4,878,29.267,1222.250,682.838,1128.187,633.072,1316.313,732.604,0.352,15.000,,
fiep.mp4,879,29.300,1222.132,682.977,1127.938,633.128,1316.326,732.826,0.318,15.000,,
fiep.mp4,880,29.333,1222.139,683.036,1128.273,633.393,1316.005,732.678,0.365,15.000,,
fiep.mp4,881,29.367,1222.137,683.074,1128.467,633.570,1315.806,732.577,0.373,15.000,,
fiep.mp4,882,29.400,1222.083,683.107,1128.361,633.603,1315.804,732.611,0.362,15.000,,
fiep.mp4,883,29.433,1221.616,683.054,1127.503,633.379,1315.729,732.730,0.382,15.000,,
fiep.mp4,884,29.467,1221.478,682.877,1127.629,633.404,1315.327,732.349,0.334,15.000,,
fiep.mp4,885,29.500,1221.291,682.708,1127.412,633.288,1315.169,732.128,0.326,15.000,,
fiep.mp4,886,29.533,1221.135,682.643,1126.916,633.086,1315.354,732.200,0.376,15.000,,
fiep.mp4,887,29.567,,,,,,,,,,
fiep.mp4,888,29.600,1221.556,683.089,1126.201,632.888,1316.911,733.289,0.344,15.000,,
fiep.mp4,889,29.633,1221.532,683.377,1125.714,632.876,1317.349,733.878,0.352,15.000,,
fiep.mp4,890,29.667,1221.972,683.437,1126.294,632.940,1317.651,733.934,0.444,15.000,,
fiep.mp4,891,29.700,1307.874,898.751,1106.828,720.832,1508.920,1076.670,0.424,17.000,,
fiep.mp4,892,29.733,1222.237,683.233,1127.409,633.150,1317.066,733.315,0.398,15.000,,
fiep.mp4,893,29.767,1222.020,683.364,1127.224,633.293,1316.817,733.435,0.415,15.000,,
fiep.mp4,894,29.800,1222.190,683.693,1126.859,633.274,1317.521,734.111,0.444,15.000,,
fiep.mp4,895,29.833,1221.706,683.736,1126.025,633.112,1317.387,734.360,0.416,15.000,,
fiep.mp4,896,29.867,1221.973,683.625,1126.387,633.018,1317.560,734.232,0.425,15.000,,
fiep.mp4,897,29.900,1222.003,683.690,1126.414,633.058,1317.593,734.322,0.393,15.000,,
fiep.mp4,898,29.933,1222.197,683.616,1126.868,633.104,1317.527,734.128,0.403,15.000,,
fiep.mp4,899,29.967,1222.343,683.689,1126.917,633.082,1317.769,734.296,0.380,15.000,,
fiep.mp4,900,30.000,1222.648,683.578,1127.453,633.043,1317.843,734.114,0.401,15.000,,
fiep.mp4,901,30.033,1222.837,683.764,1127.458,633.047,1318.215,734.481,0.356,15.000,,
fiep.mp4,902,30.067,1222.916,683.797,1127.525,632.991,1318.307,734.603,0.318,15.000,,
fiep.mp4,903,30.100,1222.850,683.752,1127.553,632.938,1318.147,734.566,0.282,15.000,,
fiep.mp4,904,30.133,,,,,,,,,,
fiep.mp4,905,30.167,1222.669,683.907,1126.875,632.698,1318.464,735.115,0.310,15.000,,
fiep.mp4,906,30.200,1222.457,684.776,1125.372,632.645,1319.542,736.908,0.256,15.000,,
fiep.mp4,907,30.233,1222.581,684.847,1125.932,632.800,1319.229,736.893,0.290,15.000,,
fiep.mp4,908,30.267,1222.411,685.246,1125.287,632.717,1319.536,737.774,0.272,15.000,,
fiep.mp4,909,30.300,,,,,,,,,,
fiep.mp4,910,30.333,1222.638,685.642,1125.226,632.743,1320.051,738.541,0.251,15.000,,
fiep.mp4,911,30.367,1222.550,685.554,1125.709,632.790,1319.390,738.319,0.290,15.000,,
fiep.mp4,912,30.400,1222.677,685.167,1126.999,632.949,1318.354,737.385,0.339,15.000,,
fiep.mp4,913,30.433,1222.685,684.300,1128.211,632.744,1317.159,735.857,0.324,15.000,,
fiep.mp4,914,30.467,1222.667,683.421,1129.874,632.894,1315.461,733.947,0.333,15.000,,
fiep.mp4,915,30.500,1222.711,683.135,1130.384,632.960,1315.039,733.310,0.335,15.000,,
fiep.mp4,916,30.533,1222.659,683.349,1129.515,632.754,1315.802,733.944,0.352,15.000,,
fiep.mp4,917,30.567,1222.803,683.446,1129.308,632.672,1316.298,734.219,0.341,15.000,,
fiep.mp4,918,30.600,1222.800,683.496,1129.125,632.640,1316.475,734.352,0.349,15.000,,
fiep.mp4,919,30.633,1222.741,683.633,1128.702,632.566,1316.780,734.700,0.350,15.000,,
fiep.mp4,920,30.667,1222.718,683.389,1129.543,632.863,1315.894,733.915,0.340,15.000,,
fiep.mp4,921,30.700,1222.639,683.548,1128.985,632.776,1316.294,734.320,0.321,15.000,,
fiep.mp4,922,30.733,1222.509,683.549,1128.787,632.772,1316.230,734.327,0.352,15.000,,
fiep.mp4,923,30.767,1222.550,683.461,1128.853,632.738,1316.247,734.184,0.357,15.000,,
fiep.mp4,924,30.800,1222.502,683.451,1128.734,632.725,1316.270,734.177,0.373,15.000,,
fiep.mp4,925,30.833,1222.553,683.567,1128.417,632.647,1316.689,734.487,0.376,15.000,,
fiep.mp4,926,30.867,1222.699,683.408,1129.119,632.853,1316.279,733.963,0.386,15.000,,
fiep.mp4,927,30.900,1222.647,683.738,1128.413,632.813,1316.881,734.663,0.368,15.000,,
fiep.mp4,928,30.933,1222.633,683.778,1128.337,632.815,1316.930,734.741,0.384,15.000,,
fiep.mp4,929,30.967,1222.770,683.989,1128.096,632.768,1317.444,735.211,0.326,15.000,,
fiep.mp4,930,31.000,1222.785,684.461,1127.304,632.696,1318.267,736.225,0.304,15.000,,
fiep.mp4,931,31.033,1222.834,684.652,1127.105,632.654,1318.563,736.650,0.317,15.000,,
fiep.mp4,932,31.067,1222.845,684.600,1127.307,632.634,1318.382,736.566,0.312,15.000,,
fiep.mp4,933,31.100,1222.904,684.376,1127.976,632.715,1317.832,736.038,0.317,15.000,,
fiep.mp4,934,31.133,1222.995,684.247,1128.112,632.562,1317.879,735.932,0.377,15.000,,
fiep.mp4,935,31.167,1222.897,684.657,1127.301,632.466,1318.493,736.848,0.389,15.000,,
fiep.mp4,936,31.200,1222.894,684.843,1127.197,632.499,1318.592,737.186,0.407,15.000,,
fiep.mp4,937,31.233,1222.640,684.913,1126.767,632.383,1318.512,737.443,0.454,15.000,,
fiep.mp4,938,31.267,1222.724,684.555,1127.820,632.566,1317.627,736.544,0.408,15.000,,
fiep.mp4,939,31.300,,,,,,,,,,
fiep.mp4,940,31.333,,,,,,,,,,
fiep.mp4,941,31.367,,,,,,,,,,
fiep.mp4,942,31.400,,,,,,,,,,
fiep.mp4,943,31.433,,,,,,,,,,
fiep.mp4,944,31.467,,,,,,,,,,
fiep.mp4,945,31.500,,,,,,,,,,
fiep.mp4,946,31.533,,,,,,,,,,
fiep.mp4,947,31.567,1298.382,902.516,1146.342,725.031,1450.422,1080.000,0.417,,,
fiep.mp4,948,31.600,,,,,,,,,,
fiep.mp4,949,31.633,1299.574,902.250,1148.101,725.651,1451.048,1078.849,0.584,,,
fiep.mp4,950,31.667,1300.467,901.950,1148.179,724.393,1452.755,1079.508,0.607,19.000,,
fiep.mp4,951,31.700,1302.124,900.539,1148.558,721.467,1455.690,1079.610,0.483,19.000,,
fiep.mp4,952,31.733,1304.630,898.900,1149.587,718.025,1459.673,1079.776,0.327,19.000,,
fiep.mp4,953,31.767,1307.140,898.896,1152.017,717.825,1462.263,1079.967,0.405,19.000,,
fiep.mp4,954,31.800,1307.981,896.866,1151.825,714.426,1464.137,1079.305,0.486,19.000,,
fiep.mp4,955,31.833,,,,,,,,,,
fiep.mp4,956,31.867,,,,,,,,,,
fiep.mp4,957,31.900,1319.379,890.469,1159.204,701.635,1479.555,1079.302,0.389,19.000,,
fiep.mp4,958,31.933,1323.463,882.941,1159.213,686.591,1487.713,1079.291,0.552,19.000,,
fiep.mp4,959,31.967,1323.533,870.349,1152.312,662.057,1494.754,1078.641,0.484,19.000,,
fiep.mp4,960,32.000,1326.254,884.076,1167.880,689.483,1484.627,1078.670,0.725,19.000,,
fiep.mp4,961,32.033,1327.550,892.461,1176.856,705.636,1478.245,1079.285,0.789,19.000,,
fiep.mp4,962,32.067,1327.909,898.754,1183.182,717.874,1472.636,1079.633,0.797,19.000,,
fiep.mp4,963,32.100,1328.085,902.679,1188.059,726.303,1468.111,1079.055,0.689,19.000,,
fiep.mp4,964,32.133,1327.662,905.274,1190.739,731.229,1464.584,1079.319,0.571,19.000,,
fiep.mp4,965,32.167,1326.241,905.336,1192.164,733.261,1460.319,1077.411,0.645,19.000,,
fiep.mp4,966,32.200,1325.221,904.832,1191.380,730.703,1459.062,1078.961,0.729,19.000,,
fiep.mp4,967,32.233,1324.136,902.830,1190.651,726.427,1457.622,1079.234,0.757,19.000,,
fiep.mp4,968,32.267,1322.427,900.538,1189.416,721.584,1455.438,1079.493,0.771,19.000,,
fiep.mp4,969,32.300,1321.220,897.627,1188.484,715.465,1453.956,1079.789,0.767,19.000,,
fiep.mp4,970,32.333,1320.346,894.599,1188.178,709.297,1452.513,1079.901,0.578,19.000,,
fiep.mp4,971,32.367,1319.361,893.323,1189.062,706.697,1449.661,1079.949,0.659,19.000,,
fiep.mp4,972,32.400,1317.486,892.559,1189.555,705.149,1445.416,1079.970,0.624,19.000,,
fiep.mp4,973,32.433,1315.366,891.193,1189.701,702.813,1441.032,1079.574,0.662,19.000,,
fiep.mp4,974,32.467,1313.402,889.396,1189.865,699.847,1436.940,1078.945,0.647,19.000,,
fiep.mp4,975,32.500,1311.518,889.230,1190.618,699.382,1432.418,1079.078,0.633,19.000,,
fiep.mp4,976,32.533,1309.927,888.711,1191.116,697.846,1428.739,1079.575,0.556,19.000,,
fiep.mp4,977,32.567,1308.598,887.971,1191.782,696.102,1425.414,1079.841,0.559,19.000,,
fiep.mp4,978,32.600,1307.640,887.532,1193.006,695.120,1422.274,1079.944,0.590,19.000,,
fiep.mp4,979,32.633,1306.492,887.733,1194.376,695.483,1418.608,1079.983,0.761,19.000,,
fiep.mp4,980,32.667,1305.581,887.688,1195.819,695.380,1415.343,1079.997,0.801,19.000,,
fiep.mp4,981,32.700,1303.560,887.506,1195.830,695.011,1411.290,1080.000,0.833,19.000,,
fiep.mp4,982,32.733,1299.745,887.309,1193.714,694.618,1405.775,1080.000,0.795,19.000,,
fiep.mp4,983,32.767,1294.704,887.999,1190.747,696.571,1398.661,1079.428,0.758,19.000,,
fiep.mp4,984,32.800,1288.221,888.570,1185.632,697.906,1390.810,1079.234,0.690,19.000,,
fiep.mp4,985,32.833,1282.245,889.497,1180.791,700.017,1383.698,1078.976,0.721,19.000,,
fiep.mp4,986,32.867,1277.317,890.316,1176.480,701.676,1378.154,1078.957,0.775,19.000,,
fiep.mp4,987,32.900,1273.263,891.754,1172.727,704.008,1373.799,1079.500,0.742,19.000,,
fiep.mp4,988,32.933,1269.954,893.155,1169.569,706.482,1370.340,1079.827,0.731,19.000,,
fiep.mp4,989,32.967,1266.848,894.103,1166.266,708.255,1367.430,1079.950,0.638,19.000,,
fiep.mp4,990,33.000,1264.062,894.469,1162.939,708.942,1365.185,1079.996,0.758,19.000,,
fiep.mp4,991,33.033,1260.017,893.367,1158.456,708.622,1361.578,1078.111,0.779,19.000,,
fiep.mp4,992,33.067,1256.109,892.708,1153.631,708.151,1358.586,1077.266,0.735,19.000,,
fiep.mp4,993,33.100,1253.284,894.031,1149.736,709.201,1356.832,1078.862,0.653,19.000,,
fiep.mp4,994,33.133,1223.238,683.971,1128.291,633.675,1318.185,734.268,0.457,15.000,,
fiep.mp4,995,33.167,1245.033,890.420,1138.425,704.050,1351.641,1076.791,0.671,19.000,,
fiep.mp4,996,33.200,1221.932,683.268,1128.518,633.801,1315.347,732.734,0.399,15.000,,
fiep.mp4,997,33.233,1221.972,683.047,1129.107,633.933,1314.838,732.161,0.371,15.000,,
fiep.mp4,998,33.267,1230.946,891.865,1121.215,706.894,1340.677,1076.835,0.416,19.000,,
fiep.mp4,999,33.300,1222.110,683.750,1127.704,633.747,1316.516,733.754,0.343,15.000,,
fiep.mp4,1000,33.333,1220.978,893.397,1109.205,710.110,1332.750,1076.684,0.320,19.000,,
fiep.mp4,1001,33.367,1217.489,894.858,1104.715,712.736,1330.263,1076.980,0.527,19.000,,
fiep.mp4,1002,33.400,1215.203,895.736,1100.737,714.126,1329.669,1077.346,0.585,19.000,,
fiep.mp4,1003,33.433,1213.031,896.716,1096.732,715.513,1329.329,1077.918,0.617,19.000,,
fiep.mp4,1004,33.467,1210.869,897.258,1093.043,717.084,1328.696,1077.431,0.467,19.000,,
fiep.mp4,1005,33.500,1208.892,899.745,1089.366,720.420,1328.418,1079.069,0.522,19.000,,
fiep.mp4,1006,33.533,,,,,,,,,,
fiep.mp4,1007,33.567,1206.071,899.528,1085.267,722.698,1326.874,1076.358,0.552,19.000,,
fiep.mp4,1008,33.600,1205.439,901.691,1082.078,725.309,1328.799,1078.073,0.613,19.000,,
fiep.mp4,1009,33.633,1205.436,903.073,1080.352,728.258,1330.520,1077.888,0.600,19.000,,
fiep.mp4,1010,33.667,1206.209,903.709,1078.689,729.282,1333.729,1078.136,0.552,19.000,,
fiep.mp4,1011,33.700,1205.894,904.449,1076.385,731.071,1335.402,1077.828,0.399,19.000,,
fiep.mp4,1012,33.733,1206.413,904.354,1074.696,731.760,1338.130,1076.948,0.695,19.000,,
fiep.mp4,1013,33.767,1206.657,905.146,1073.490,734.392,1339.825,1075.901,0.819,19.000,,
fiep.mp4,1014,33.800,1205.990,907.067,1071.269,738.020,1340.712,1076.115,0.802,19.000,,
fiep.mp4,1015,33.833,1205.127,908.051,1068.500,740.227,1341.754,1075.876,0.824,19.000,,
fiep.mp4,1016,33.867,1203.483,908.639,1064.079,740.858,1342.886,1076.420,0.756,19.000,,
fiep.mp4,1017,33.900,1202.434,908.288,1060.883,741.183,1343.984,1075.393,0.661,19.000,,
fiep.mp4,1018,33.933,1200.933,908.691,1057.424,742.442,1344.442,1074.940,0.542,19.000,,
fiep.mp4,1019,33.967,1198.113,909.834,1052.211,743.901,1344.015,1075.767,0.501,19.000,,
fiep.mp4,1020,34.000,1195.723,910.304,1047.378,744.423,1344.068,1076.186,0.536,19.000,,
fiep.mp4,1021,34.033,1192.070,910.035,1042.466,745.502,1341.674,1074.567,0.681,19.000,,
fiep.mp4,1022,34.067,1188.436,909.790,1037.764,746.770,1339.108,1072.810,0.763,19.000,,
fiep.mp4,1023,34.100,1185.273,909.878,1033.299,747.835,1337.248,1071.922,0.786,19.000,,
fiep.mp4,1024,34.133,1182.674,910.341,1029.282,748.883,1336.065,1071.800,0.694,19.000,,
fiep.mp4,1025,34.167,1180.449,909.511,1026.268,749.431,1334.629,1069.591,0.716,19.000,,
fiep.mp4,1026,34.200,1178.006,909.317,1022.375,749.807,1333.637,1068.827,0.772,19.000,,
fiep.mp4,1027,34.233,1174.764,909.216,1017.449,749.883,1332.079,1068.549,0.707,19.000,,
fiep.mp4,1028,34.267,1170.933,908.421,1011.996,749.194,1329.871,1067.648,0.782,19.000,,
fiep.mp4,1029,34.300,1167.716,907.738,1007.004,748.327,1328.427,1067.149,0.683,19.000,,
fiep.mp4,1030,34.333,1163.986,908.056,1001.881,748.843,1326.090,1067.268,0.811,19.000,,
fiep.mp4,1031,34.367,1161.373,906.258,996.338,745.257,1326.408,1067.259,0.610,19.000,,
fiep.mp4,1032,34.400,1157.806,904.724,991.169,743.279,1324.442,1066.168,0.525,19.000,,
fiep.mp4,1033,34.433,1153.690,905.377,985.790,743.716,1321.590,1067.038,0.713,19.000,,
fiep.mp4,1034,34.467,1150.658,904.878,980.808,742.063,1320.507,1067.694,0.711,19.000,,
fiep.mp4,1035,34.500,1147.376,904.886,976.118,741.513,1318.634,1068.258,0.746,19.000,,
fiep.mp4,1036,34.533,1144.330,903.403,971.262,738.952,1317.398,1067.853,0.713,19.000,,
fiep.mp4,1037,34.567,1142.087,900.420,965.877,733.180,1318.297,1067.659,0.553,19.000,,
fiep.mp4,1038,34.600,1137.738,896.632,959.377,726.979,1316.099,1066.284,0.664,19.000,,
fiep.mp4,1039,34.633,1133.906,885.247,946.098,704.929,1321.714,1065.564,0.649,19.000,,
fiep.mp4,1040,34.667,1129.096,877.161,936.079,689.895,1322.113,1064.428,0.701,19.000,,
fiep.mp4,1041,34.700,1125.391,876.857,936.518,692.374,1314.265,1061.341,0.607,19.000,,
fiep.mp4,1042,34.733,1118.467,884.058,941.789,711.690,1295.144,1056.426,0.538,19.000,,
fiep.mp4,1043,34.767,1115.289,879.909,939.572,708.195,1291.007,1051.623,0.500,19.000,,
fiep.mp4,1044,34.800,1110.296,880.492,941.523,715.943,1279.068,1045.041,0.436,19.000,,
fiep.mp4,1045,34.833,1106.055,881.303,942.539,723.025,1269.571,1039.580,0.516,19.000,,
fiep.mp4,1046,34.867,,,,,,,,,,
fiep.mp4,1047,34.900,1100.474,879.158,937.745,722.757,1263.204,1035.559,0.386,19.000,,
fiep.mp4,1048,34.933,,,,,,,,,,
fiep.mp4,1049,34.967,,,,,,,,,,
fiep.mp4,1050,35.000,1086.482,881.976,926.709,729.626,1246.255,1034.325,0.292,19.000,,
fiep.mp4,1051,35.033,,,,,,,,,,
fiep.mp4,1052,35.067,,,,,,,,,,
fiep.mp4,1053,35.100,,,,,,,,,,
fiep.mp4,1054,35.133,,,,,,,,,,
fiep.mp4,1055,35.167,,,,,,,,,,
fiep.mp4,1056,35.200,,,,,,,,,,
fiep.mp4,1057,35.233,,,,,,,,,,
fiep.mp4,1058,35.267,,,,,,,,,,
fiep.mp4,1059,35.300,,,,,,,,,,
fiep.mp4,1060,35.333,,,,,,,,,,
fiep.mp4,1061,35.367,,,,,,,,,,
fiep.mp4,1062,35.400,,,,,,,,,,
fiep.mp4,1063,35.433,,,,,,,,,,
fiep.mp4,1064,35.467,,,,,,,,,,
fiep.mp4,1065,35.500,,,,,,,,,,
fiep.mp4,1066,35.533,,,,,,,,,,
fiep.mp4,1067,35.567,,,,,,,,,,
fiep.mp4,1068,35.600,,,,,,,,,,
fiep.mp4,1069,35.633,,,,,,,,,,
fiep.mp4,1070,35.667,,,,,,,,,,
fiep.mp4,1071,35.700,,,,,,,,,,
fiep.mp4,1072,35.733,1007.104,864.985,832.357,693.766,1181.851,1036.204,0.253,19.000,,
fiep.mp4,1073,35.767,1003.024,864.085,829.471,690.318,1176.577,1037.852,0.406,19.000,,
fiep.mp4,1074,35.800,1220.411,683.131,1122.021,633.906,1318.801,732.356,0.318,21.000,,
fiep.mp4,1075,35.833,,,,,,,,,,
fiep.mp4,1076,35.867,,,,,,,,,,
fiep.mp4,1077,35.900,1222.193,683.115,1123.050,633.409,1321.336,732.821,0.352,21.000,,
fiep.mp4,1078,35.933,1222.478,683.014,1123.560,633.300,1321.397,732.729,0.423,21.000,,
fiep.mp4,1079,35.967,1222.658,683.005,1124.095,633.338,1321.221,732.671,0.395,21.000,,
fiep.mp4,1080,36.000,,,,,,,,,,
fiep.mp4,1081,36.033,,,,,,,,,,
fiep.mp4,1082,36.067,,,,,,,,,,
fiep.mp4,1083,36.100,,,,,,,,,,
fiep.mp4,1084,36.133,,,,,,,,,,
fiep.mp4,1085,36.167,,,,,,,,,,
fiep.mp4,1086,36.200,,,,,,,,,,
fiep.mp4,1087,36.233,,,,,,,,,,
fiep.mp4,1088,36.267,,,,,,,,,,
fiep.mp4,1089,36.300,1222.031,682.416,1124.106,632.819,1319.956,732.012,0.392,21.000,,
fiep.mp4,1090,36.333,1222.041,682.396,1124.558,632.810,1319.524,731.982,0.393,21.000,,
fiep.mp4,1091,36.367,1222.024,682.424,1124.720,632.735,1319.328,732.113,0.408,21.000,,
fiep.mp4,1092,36.400,1222.027,682.416,1124.938,632.670,1319.116,732.162,0.416,21.000,,
fiep.mp4,1093,36.433,1221.928,682.528,1125.085,632.749,1318.771,732.307,0.436,21.000,,
fiep.mp4,1094,36.467,1221.906,682.535,1125.356,632.781,1318.456,732.288,0.433,21.000,,
fiep.mp4,1095,36.500,1221.979,682.468,1125.506,632.658,1318.453,732.279,0.396,21.000,,
fiep.mp4,1096,36.533,,,,,,,,,,
fiep.mp4,1097,36.567,,,,,,,,,,
fiep.mp4,1098,36.600,,,,,,,,,,
fiep.mp4,1099,36.633,,,,,,,,,,
fiep.mp4,1100,36.667,,,,,,,,,,
fiep.mp4,1101,36.700,,,,,,,,,,
fiep.mp4,1102,36.733,,,,,,,,,,
fiep.mp4,1103,36.767,,,,,,,,,,
fiep.mp4,1104,36.800,,,,,,,,,,
fiep.mp4,1105,36.833,1222.088,682.259,1126.300,632.680,1317.877,731.838,0.411,21.000,,
fiep.mp4,1106,36.867,,,,,,,,,,
fiep.mp4,1107,36.900,,,,,,,,,,
fiep.mp4,1108,36.933,,,,,,,,,,
fiep.mp4,1109,36.967,,,,,,,,,,
fiep.mp4,1110,37.000,,,,,,,,,,
fiep.mp4,1111,37.033,,,,,,,,,,
fiep.mp4,1112,37.067,,,,,,,,,,
fiep.mp4,1113,37.100,,,,,,,,,,
fiep.mp4,1114,37.133,,,,,,,,,,
fiep.mp4,1115,37.167,,,,,,,,,,
fiep.mp4,1116,37.200,,,,,,,,,,
fiep.mp4,1117,37.233,,,,,,,,,,
fiep.mp4,1118,37.267,,,,,,,,,,
fiep.mp4,1119,37.300,,,,,,,,,,
fiep.mp4,1120,37.333,,,,,,,,,,
fiep.mp4,1121,37.367,,,,,,,,,,
fiep.mp4,1122,37.400,,,,,,,,,,
fiep.mp4,1123,37.433,,,,,,,,,,
fiep.mp4,1124,37.467,,,,,,,,,,
fiep.mp4,1125,37.500,,,,,,,,,,
fiep.mp4,1126,37.533,,,,,,,,,,
fiep.mp4,1127,37.567,,,,,,,,,,
fiep.mp4,1128,37.600,,,,,,,,,,
fiep.mp4,1129,37.633,,,,,,,,,,
fiep.mp4,1130,37.667,,,,,,,,,,
fiep.mp4,1131,37.700,,,,,,,,,,
fiep.mp4,1132,37.733,,,,,,,,,,
fiep.mp4,1133,37.767,,,,,,,,,,
fiep.mp4,1134,37.800,,,,,,,,,,
fiep.mp4,1135,37.833,,,,,,,,,,
fiep.mp4,1136,37.867,,,,,,,,,,
fiep.mp4,1137,37.900,,,,,,,,,,
fiep.mp4,1138,37.933,,,,,,,,,,
fiep.mp4,1139,37.967,,,,,,,,,,
fiep.mp4,1140,38.000,,,,,,,,,,
fiep.mp4,1141,38.033,,,,,,,,,,
fiep.mp4,1142,38.067,,,,,,,,,,
fiep.mp4,1143,38.100,,,,,,,,,,
fiep.mp4,1144,38.133,,,,,,,,,,
fiep.mp4,1145,38.167,,,,,,,,,,
fiep.mp4,1146,38.200,,,,,,,,,,
fiep.mp4,1147,38.233,,,,,,,,,,
fiep.mp4,1148,38.267,,,,,,,,,,
fiep.mp4,1149,38.300,,,,,,,,,,
fiep.mp4,1150,38.333,,,,,,,,,,
fiep.mp4,1151,38.367,,,,,,,,,,
fiep.mp4,1152,38.400,,,,,,,,,,
fiep.mp4,1153,38.433,,,,,,,,,,
fiep.mp4,1154,38.467,,,,,,,,,,
fiep.mp4,1155,38.500,,,,,,,,,,
fiep.mp4,1156,38.533,,,,,,,,,,
fiep.mp4,1157,38.567,,,,,,,,,,
fiep.mp4,1158,38.600,,,,,,,,,,
fiep.mp4,1159,38.633,,,,,,,,,,
fiep.mp4,1160,38.667,,,,,,,,,,
fiep.mp4,1161,38.700,,,,,,,,,,
fiep.mp4,1162,38.733,1221.731,682.110,1127.503,632.544,1315.960,731.675,0.425,,,
fiep.mp4,1163,38.767,1221.606,682.291,1127.313,632.689,1315.900,731.893,0.448,23.000,,
fiep.mp4,1164,38.800,1221.635,682.325,1127.355,632.729,1315.915,731.922,0.461,23.000,,
fiep.mp4,1165,38.833,1221.517,682.363,1127.216,632.749,1315.818,731.977,0.471,23.000,,
fiep.mp4,1166,38.867,1221.355,682.337,1126.826,632.588,1315.884,732.085,0.469,23.000,,
fiep.mp4,1167,38.900,1221.366,682.446,1126.784,632.657,1315.948,732.236,0.431,23.000,,
fiep.mp4,1168,38.933,1221.574,682.490,1126.931,632.658,1316.218,732.322,0.392,23.000,,
fiep.mp4,1169,38.967,1221.504,682.269,1126.972,632.488,1316.036,732.050,0.416,23.000,,
fiep.mp4,1170,39.000,1221.381,682.192,1127.188,632.584,1315.575,731.799,0.437,23.000,,
fiep.mp4,1171,39.033,1221.369,682.100,1127.366,632.594,1315.372,731.606,0.392,23.000,,
fiep.mp4,1172,39.067,1221.313,682.210,1127.520,632.813,1315.106,731.607,0.424,23.000,,
fiep.mp4,1173,39.100,1221.536,682.227,1127.652,632.785,1315.420,731.669,0.400,23.000,,
fiep.mp4,1174,39.133,,,,,,,,,,
fiep.mp4,1175,39.167,,,,,,,,,,
fiep.mp4,1176,39.200,,,,,,,,,,
fiep.mp4,1177,39.233,,,,,,,,,,
fiep.mp4,1178,39.267,,,,,,,,,,
fiep.mp4,1179,39.300,,,,,,,,,,
fiep.mp4,1180,39.333,,,,,,,,,,
fiep.mp4,1181,39.367,,,,,,,,,,
fiep.mp4,1182,39.400,,,,,,,,,,
fiep.mp4,1183,39.433,,,,,,,,,,
fiep.mp4,1184,39.467,,,,,,,,,,
fiep.mp4,1185,39.500,,,,,,,,,,
fiep.mp4,1186,39.533,,,,,,,,,,
fiep.mp4,1187,39.567,,,,,,,,,,
fiep.mp4,1188,39.600,,,,,,,,,,
fiep.mp4,1189,39.633,,,,,,,,,,
fiep.mp4,1190,39.667,,,,,,,,,,
fiep.mp4,1191,39.700,,,,,,,,,,
fiep.mp4,1192,39.733,,,,,,,,,,
fiep.mp4,1193,39.767,,,,,,,,,,
fiep.mp4,1194,39.800,,,,,,,,,,
fiep.mp4,1195,39.833,,,,,,,,,,
fiep.mp4,1196,39.867,,,,,,,,,,
fiep.mp4,1197,39.900,,,,,,,,,,
fiep.mp4,1198,39.933,,,,,,,,,,
fiep.mp4,1199,39.967,,,,,,,,,,
fiep.mp4,1200,40.000,,,,,,,,,,
fiep.mp4,1201,40.033,,,,,,,,,,
fiep.mp4,1202,40.067,,,,,,,,,,
fiep.mp4,1203,40.100,,,,,,,,,,
fiep.mp4,1204,40.133,,,,,,,,,,
fiep.mp4,1205,40.167,,,,,,,,,,
fiep.mp4,1206,40.200,,,,,,,,,,
fiep.mp4,1207,40.233,949.884,849.703,788.213,709.196,1111.554,990.210,0.345,,,
fiep.mp4,1208,40.267,,,,,,,,,,
fiep.mp4,1209,40.300,,,,,,,,,,
fiep.mp4,1210,40.333,952.431,848.205,794.002,705.787,1110.859,990.623,0.354,,,
fiep.mp4,1211,40.367,,,,,,,,,,
fiep.mp4,1212,40.400,,,,,,,,,,
fiep.mp4,1213,40.433,,,,,,,,,,
fiep.mp4,1214,40.467,,,,,,,,,,
fiep.mp4,1215,40.500,,,,,,,,,,
fiep.mp4,1216,40.533,,,,,,,,,,
fiep.mp4,1217,40.567,1222.235,682.534,1127.601,632.690,1316.870,732.378,0.367,,,
fiep.mp4,1218,40.600,1222.402,682.994,1126.878,632.676,1317.925,733.313,0.451,26.000,,
fiep.mp4,1219,40.633,,,,,,,,,,
fiep.mp4,1220,40.667,,,,,,,,,,
fiep.mp4,1221,40.700,,,,,,,,,,
fiep.mp4,1222,40.733,,,,,,,,,,
fiep.mp4,1223,40.767,,,,,,,,,,
fiep.mp4,1224,40.800,,,,,,,,,,
fiep.mp4,1225,40.833,,,,,,,,,,
fiep.mp4,1226,40.867,,,,,,,,,,
fiep.mp4,1227,40.900,,,,,,,,,,
fiep.mp4,1228,40.933,,,,,,,,,,
fiep.mp4,1229,40.967,,,,,,,,,,
fiep.mp4,1230,41.000,1222.071,682.896,1127.170,632.798,1316.972,732.994,0.400,26.000,,
fiep.mp4,1231,41.033,997.318,840.771,879.208,672.476,1115.427,1009.067,0.873,28.000,,
fiep.mp4,1232,41.067,999.145,842.474,881.405,674.656,1116.886,1010.291,0.904,28.000,,
fiep.mp4,1233,41.100,999.856,840.516,882.028,672.481,1117.684,1008.550,0.881,28.000,,
fiep.mp4,1234,41.133,1001.406,839.307,883.329,670.678,1119.484,1007.936,0.818,28.000,,
fiep.mp4,1235,41.167,1001.530,837.925,882.779,667.855,1120.281,1007.995,0.811,28.000,,
fiep.mp4,1236,41.200,1001.713,837.143,882.845,666.230,1120.582,1008.056,0.701,28.000,,
fiep.mp4,1237,41.233,1002.042,837.029,883.589,665.820,1120.495,1008.238,0.597,28.000,,
fiep.mp4,1238,41.267,1001.530,837.614,883.748,666.287,1119.313,1008.940,0.826,28.000,,
fiep.mp4,1239,41.300,1000.786,838.484,884.428,668.406,1117.144,1008.562,0.734,28.000,,
fiep.mp4,1240,41.333,1000.511,839.368,885.283,670.016,1115.739,1008.721,0.630,28.000,,
fiep.mp4,1241,41.367,1000.901,840.513,887.169,672.302,1114.633,1008.724,0.637,28.000,,
fiep.mp4,1242,41.400,1001.895,841.983,889.964,675.377,1113.826,1008.590,0.610,28.000,,
fiep.mp4,1243,41.433,1003.221,843.894,892.784,678.195,1113.658,1009.594,0.790,28.000,,
fiep.mp4,1244,41.467,1004.052,845.583,895.335,681.245,1112.770,1009.921,0.741,28.000,,
fiep.mp4,1245,41.500,1005.195,845.994,897.789,682.493,1112.602,1009.495,0.773,28.000,,
fiep.mp4,1246,41.533,1006.271,846.120,899.830,683.009,1112.712,1009.232,0.836,28.000,,
fiep.mp4,1247,41.567,1007.102,846.374,901.648,683.944,1112.556,1008.803,0.864,28.000,,
fiep.mp4,1248,41.600,1007.737,847.306,903.507,686.201,1111.967,1008.412,0.867,28.000,,
fiep.mp4,1249,41.633,1008.523,847.465,904.710,686.672,1112.335,1008.259,0.852,28.000,,
fiep.mp4,1250,41.667,1009.205,847.780,905.729,687.456,1112.681,1008.105,0.826,28.000,,
fiep.mp4,1251,41.700,1009.767,848.363,906.582,688.595,1112.953,1008.130,0.790,28.000,,
fiep.mp4,1252,41.733,1010.392,848.705,906.984,688.601,1113.800,1008.808,0.838,28.000,,
fiep.mp4,1253,41.767,1010.762,848.941,907.252,688.799,1114.272,1009.084,0.866,28.000,,
fiep.mp4,1254,41.800,1010.927,849.234,907.271,688.964,1114.582,1009.504,0.850,28.000,,
fiep.mp4,1255,41.833,1010.845,849.738,907.487,690.138,1114.203,1009.338,0.854,28.000,,
fiep.mp4,1256,41.867,1011.110,850.063,907.806,690.614,1114.415,1009.513,0.855,28.000,,
fiep.mp4,1257,41.900,1011.254,849.935,908.149,690.898,1114.360,1008.972,0.865,28.000,,
fiep.mp4,1258,41.933,1012.068,850.165,909.482,691.976,1114.654,1008.353,0.845,28.000,,
fiep.mp4,1259,41.967,1012.748,849.895,910.927,693.051,1114.569,1006.739,0.854,28.000,,
fiep.mp4,1260,42.000,1013.702,850.020,912.265,693.923,1115.140,1006.118,0.809,28.000,,
fiep.mp4,1261,42.033,1014.558,850.350,913.182,694.371,1115.934,1006.329,0.812,28.000,,
fiep.mp4,1262,42.067,1016.159,851.950,913.945,693.937,1118.373,1009.964,0.808,28.000,,
fiep.mp4,1263,42.100,1017.864,854.914,915.196,695.334,1120.531,1014.493,0.699,28.000,,
fiep.mp4,1264,42.133,1019.345,856.156,917.428,696.839,1121.261,1015.473,0.585,28.000,,
fiep.mp4,1265,42.167,1020.658,857.231,919.920,698.815,1121.396,1015.647,0.639,28.000,,
fiep.mp4,1266,42.200,1021.715,858.216,922.279,700.994,1121.152,1015.439,0.616,28.000,,
fiep.mp4,1267,42.233,1220.956,682.727,1127.156,632.777,1314.755,732.677,0.280,26.000,,
fiep.mp4,1268,42.267,1023.283,860.161,926.122,705.280,1120.444,1015.043,0.345,28.000,,
fiep.mp4,1269,42.300,1023.792,861.080,927.498,707.054,1120.085,1015.106,0.342,28.000,,
fiep.mp4,1270,42.333,1024.606,861.636,929.115,708.316,1120.098,1014.956,0.445,28.000,,
fiep.mp4,1271,42.367,1023.959,862.094,929.017,709.435,1118.901,1014.752,0.477,28.000,,
fiep.mp4,1272,42.400,1024.088,862.360,929.456,710.000,1118.720,1014.719,0.489,28.000,,
fiep.mp4,1273,42.433,1026.798,862.599,932.755,710.406,1120.840,1014.792,0.315,28.000,,
fiep.mp4,1274,42.467,1030.378,862.906,936.907,710.525,1123.849,1015.286,0.410,28.000,,
fiep.mp4,1275,42.500,1034.458,864.169,941.886,711.645,1127.030,1016.694,0.395,28.000,,
fiep.mp4,1276,42.533,1038.656,864.473,947.253,712.658,1130.059,1016.288,0.401,28.000,,
fiep.mp4,1277,42.567,1041.464,864.604,950.992,713.425,1131.937,1015.782,0.337,28.000,,
fiep.mp4,1278,42.600,1043.286,865.094,953.484,714.190,1133.087,1015.999,0.330,28.000,,
fiep.mp4,1279,42.633,1045.054,865.384,956.656,716.522,1133.451,1014.245,0.287,28.000,,
fiep.mp4,1280,42.667,,,,,,,,,,
fiep.mp4,1281,42.700,,,,,,,,,,
fiep.mp4,1282,42.733,,,,,,,,,,
fiep.mp4,1283,42.767,,,,,,,,,,
fiep.mp4,1284,42.800,,,,,,,,,,
fiep.mp4,1285,42.833,1048.263,870.426,960.868,720.336,1135.658,1020.515,0.479,28.000,,
fiep.mp4,1286,42.867,1048.061,872.546,962.051,722.078,1134.070,1023.015,0.479,28.000,,
fiep.mp4,1287,42.900,1048.203,874.248,963.345,723.288,1133.062,1025.208,0.566,28.000,,
fiep.mp4,1288,42.933,1049.487,876.665,966.015,726.129,1132.960,1027.202,0.535,28.000,,
fiep.mp4,1289,42.967,1050.902,879.316,967.900,727.708,1133.904,1030.923,0.605,28.000,,
fiep.mp4,1290,43.000,1052.811,881.213,970.226,728.797,1135.396,1033.628,0.623,28.000,,
fiep.mp4,1291,43.033,1054.516,881.427,972.986,729.842,1136.045,1033.011,0.589,28.000,,
fiep.mp4,1292,43.067,1056.809,881.596,975.887,730.519,1137.731,1032.673,0.532,28.000,,
fiep.mp4,1293,43.100,1058.606,881.963,978.119,731.283,1139.093,1032.642,0.516,28.000,,
fiep.mp4,1294,43.133,1060.555,881.776,980.246,731.110,1140.864,1032.442,0.572,28.000,,
fiep.mp4,1295,43.167,1061.850,881.743,981.723,731.247,1141.978,1032.239,0.564,28.000,,
fiep.mp4,1296,43.200,1063.138,882.840,983.249,732.457,1143.026,1033.223,0.441,28.000,,
fiep.mp4,1297,43.233,1063.710,883.669,983.981,733.211,1143.440,1034.127,0.457,28.000,,
fiep.mp4,1298,43.267,1067.116,883.125,987.661,733.674,1146.570,1032.575,0.403,28.000,,
fiep.mp4,1299,43.300,1069.271,882.410,990.017,734.097,1148.525,1030.723,0.456,28.000,,
fiep.mp4,1300,43.333,1071.132,882.418,991.774,734.890,1150.490,1029.946,0.483,28.000,,
fiep.mp4,1301,43.367,1072.533,882.781,992.778,735.793,1152.289,1029.769,0.472,28.000,,
fiep.mp4,1302,43.400,1073.768,883.164,993.585,736.768,1153.951,1029.560,0.410,28.000,,
fiep.mp4,1303,43.433,1075.194,883.476,994.577,737.585,1155.812,1029.366,0.405,28.000,,
fiep.mp4,1304,43.467,1076.631,884.277,995.766,739.200,1157.496,1029.354,0.458,28.000,,
fiep.mp4,1305,43.500,1078.086,884.329,996.731,739.559,1159.442,1029.099,0.492,28.000,,
fiep.mp4,1306,43.533,1078.346,884.666,996.605,740.293,1160.087,1029.039,0.525,28.000,,
fiep.mp4,1307,43.567,1079.109,884.813,997.007,740.895,1161.212,1028.731,0.523,28.000,,
fiep.mp4,1308,43.600,1079.458,884.810,996.829,740.997,1162.087,1028.623,0.494,28.000,,
fiep.mp4,1309,43.633,1079.904,884.830,996.683,741.053,1163.125,1028.606,0.523,28.000,,
fiep.mp4,1310,43.667,1080.446,884.443,996.568,740.576,1164.324,1028.309,0.561,28.000,,
fiep.mp4,1311,43.700,1081.055,884.465,996.621,740.675,1165.489,1028.255,0.531,28.000,,
fiep.mp4,1312,43.733,1081.502,884.524,996.535,740.807,1166.470,1028.242,0.523,28.000,,
fiep.mp4,1313,43.767,1081.877,885.147,996.257,741.465,1167.497,1028.828,0.553,28.000,,
fiep.mp4,1314,43.800,1082.406,885.425,995.983,741.438,1168.830,1029.411,0.582,28.000,,
fiep.mp4,1315,43.833,1083.315,884.894,996.391,741.196,1170.240,1028.591,0.601,28.000,,
fiep.mp4,1316,43.867,1083.994,883.119,997.347,740.972,1170.641,1025.265,0.529,28.000,,
fiep.mp4,1317,43.900,1084.374,881.108,997.701,739.993,1171.046,1022.223,0.565,28.000,,
fiep.mp4,1318,43.933,1085.116,879.845,998.716,740.685,1171.517,1019.005,0.322,28.000,,
fiep.mp4,1319,43.967,1085.292,879.213,998.472,740.596,1172.113,1017.830,0.463,28.000,,
fiep.mp4,1320,44.000,,,,,,,,,,
fiep.mp4,1321,44.033,1085.762,878.143,997.976,739.034,1173.548,1017.251,0.457,28.000,,
fiep.mp4,1322,44.067,1086.073,878.353,997.307,738.618,1174.840,1018.087,0.563,28.000,,
fiep.mp4,1323,44.100,1086.218,878.785,996.341,738.019,1176.095,1019.551,0.598,28.000,,
fiep.mp4,1324,44.133,1086.256,879.209,995.202,737.036,1177.309,1021.383,0.562,28.000,,
fiep.mp4,1325,44.167,1086.309,880.148,994.772,737.896,1177.846,1022.400,0.615,28.000,,
fiep.mp4,1326,44.200,1085.565,879.746,993.863,737.733,1177.268,1021.759,0.675,28.000,,
fiep.mp4,1327,44.233,1085.049,879.456,992.985,737.252,1177.113,1021.660,0.656,28.000,,
fiep.mp4,1328,44.267,1084.734,879.273,992.461,737.002,1177.008,1021.544,0.601,28.000,,
fiep.mp4,1329,44.300,1084.525,879.348,992.041,737.065,1177.009,1021.630,0.659,28.000,,
fiep.mp4,1330,44.333,1084.299,879.428,991.630,737.112,1176.969,1021.745,0.644,28.000,,
fiep.mp4,1331,44.367,1083.720,878.978,990.760,736.307,1176.680,1021.648,0.652,28.000,,
fiep.mp4,1332,44.400,1083.442,879.129,990.424,736.407,1176.460,1021.852,0.665,28.000,,
fiep.mp4,1333,44.433,1083.005,879.368,989.981,736.685,1176.029,1022.050,0.688,28.000,,
fiep.mp4,1334,44.467,1082.727,879.499,989.748,736.947,1175.706,1022.051,0.689,28.000,,
fiep.mp4,1335,44.500,1082.537,879.451,989.590,737.066,1175.483,1021.835,0.645,28.000,,
fiep.mp4,1336,44.533,1082.170,879.386,989.190,737.001,1175.150,1021.771,0.653,28.000,,
fiep.mp4,1337,44.567,1081.797,879.400,988.757,736.902,1174.836,1021.898,0.657,28.000,,
fiep.mp4,1338,44.600,1081.708,879.598,988.719,737.192,1174.697,1022.003,0.581,28.000,,
fiep.mp4,1339,44.633,1081.359,879.219,988.477,736.819,1174.240,1021.620,0.589,28.000,,
fiep.mp4,1340,44.667,1081.551,880.064,989.139,738.472,1173.964,1021.657,0.625,28.000,,
fiep.mp4,1341,44.700,1080.787,879.609,988.368,737.877,1173.205,1021.340,0.596,28.000,,
fiep.mp4,1342,44.733,1080.251,879.450,988.021,737.775,1172.482,1021.125,0.547,28.000,,
fiep.mp4,1343,44.767,1079.683,880.149,987.988,739.174,1171.379,1021.124,0.587,28.000,,
fiep.mp4,1344,44.800,1079.779,879.684,987.985,738.406,1171.573,1020.962,0.557,28.000,,
fiep.mp4,1345,44.833,1079.663,879.639,987.981,738.376,1171.345,1020.902,0.510,28.000,,
fiep.mp4,1346,44.867,1079.163,879.723,987.812,738.717,1170.514,1020.729,0.463,28.000,,
fiep.mp4,1347,44.900,1078.537,879.681,987.389,738.620,1169.684,1020.742,0.493,28.000,,
fiep.mp4,1348,44.933,,,,,,,,,,
fiep.mp4,1349,44.967,,,,,,,,,,
fiep.mp4,1350,45.000,,,,,,,,,,
fiep.mp4,1351,45.033,1077.205,880.666,986.854,740.386,1167.557,1020.945,0.448,28.000,,
fiep.mp4,1352,45.067,1077.240,880.497,987.115,740.286,1167.366,1020.708,0.494,28.000,,
fiep.mp4,1353,45.100,1076.948,880.849,987.165,740.863,1166.730,1020.836,0.358,28.000,,
fiep.mp4,1354,45.133,1077.106,881.313,987.654,741.596,1166.558,1021.030,0.440,28.000,,
fiep.mp4,1355,45.167,1077.207,881.606,987.964,742.084,1166.449,1021.129,0.396,28.000,,
fiep.mp4,1356,45.200,,,,,,,,,,
fiep.mp4,1357,45.233,,,,,,,,,,
fiep.mp4,1358,45.267,,,,,,,,,,
fiep.mp4,1359,45.300,,,,,,,,,,
fiep.mp4,1360,45.333,,,,,,,,,,
fiep.mp4,1361,45.367,,,,,,,,,,
fiep.mp4,1362,45.400,1077.905,882.540,988.998,743.764,1166.813,1021.316,0.451,28.000,,
fiep.mp4,1363,45.433,,,,,,,,,,
fiep.mp4,1364,45.467,,,,,,,,,,
fiep.mp4,1365,45.500,,,,,,,,,,
fiep.mp4,1366,45.533,,,,,,,,,,
fiep.mp4,1367,45.567,,,,,,,,,,
fiep.mp4,1368,45.600,,,,,,,,,,
fiep.mp4,1369,45.633,,,,,,,,,,
fiep.mp4,1370,45.667,,,,,,,,,,
fiep.mp4,1371,45.700,,,,,,,,,,
fiep.mp4,1372,45.733,1077.972,882.710,989.263,744.373,1166.681,1021.048,0.417,28.000,,
fiep.mp4,1373,45.767,,,,,,,,,,
fiep.mp4,1374,45.800,1077.729,882.720,989.023,744.418,1166.435,1021.022,0.398,28.000,,
fiep.mp4,1375,45.833,,,,,,,,,,
fiep.mp4,1376,45.867,,,,,,,,,,
fiep.mp4,1377,45.900,,,,,,,,,,
fiep.mp4,1378,45.933,,,,,,,,,,
fiep.mp4,1379,45.967,,,,,,,,,,
fiep.mp4,1380,46.000,1080.357,882.755,990.964,743.983,1169.750,1021.528,0.487,28.000,,
fiep.mp4,1381,46.033,1080.171,882.611,990.623,743.881,1169.719,1021.340,0.476,28.000,,
fiep.mp4,1382,46.067,1080.540,882.554,990.794,743.907,1170.286,1021.201,0.480,28.000,,
fiep.mp4,1383,46.100,1080.512,882.544,990.756,744.170,1170.269,1020.918,0.488,28.000,,
fiep.mp4,1384,46.133,1081.114,882.491,991.138,744.141,1171.090,1020.842,0.443,28.000,,
fiep.mp4,1385,46.167,1081.262,882.301,991.097,743.899,1171.427,1020.703,0.454,28.000,,
fiep.mp4,1386,46.200,1081.084,882.378,990.809,743.876,1171.359,1020.880,0.453,28.000,,
fiep.mp4,1387,46.233,1080.859,882.272,990.515,743.692,1171.203,1020.851,0.431,28.000,,
fiep.mp4,1388,46.267,1080.833,881.983,990.366,743.160,1171.299,1020.805,0.436,28.000,,
fiep.mp4,1389,46.300,1080.753,881.411,990.078,742.141,1171.429,1020.681,0.509,28.000,,
fiep.mp4,1390,46.333,1080.706,880.889,989.789,741.076,1171.622,1020.701,0.528,28.000,,
fiep.mp4,1391,46.367,1080.901,880.499,989.867,740.337,1171.935,1020.661,0.507,28.000,,
fiep.mp4,1392,46.400,1081.154,880.151,990.040,739.714,1172.268,1020.588,0.492,28.000,,
fiep.mp4,1393,46.433,1081.518,879.881,990.303,739.215,1172.733,1020.547,0.534,28.000,,
fiep.mp4,1394,46.467,1082.225,879.810,990.905,739.056,1173.546,1020.564,0.516,28.000,,
fiep.mp4,1395,46.500,1082.304,879.739,990.742,738.591,1173.867,1020.887,0.485,28.000,,
fiep.mp4,1396,46.533,1081.992,879.251,990.154,737.509,1173.830,1020.993,0.467,28.000,,
fiep.mp4,1397,46.567,1082.167,879.435,990.409,737.775,1173.925,1021.094,0.477,28.000,,
fiep.mp4,1398,46.600,1081.513,879.445,989.880,737.763,1173.145,1021.128,0.470,28.000,,
fiep.mp4,1399,46.633,1081.288,879.279,989.709,737.459,1172.867,1021.098,0.501,28.000,,
fiep.mp4,1400,46.667,1080.884,879.144,989.403,737.233,1172.366,1021.054,0.563,28.000,,
fiep.mp4,1401,46.700,1080.663,879.023,989.336,737.151,1171.989,1020.896,0.576,28.000,,
fiep.mp4,1402,46.733,1080.580,878.423,989.031,735.934,1172.128,1020.913,0.488,28.000,,
fiep.mp4,1403,46.767,1080.604,877.897,988.907,734.906,1172.301,1020.889,0.486,28.000,,
fiep.mp4,1404,46.800,1080.249,877.712,988.625,734.519,1171.874,1020.904,0.536,28.000,,
fiep.mp4,1405,46.833,1080.222,877.484,988.688,734.136,1171.757,1020.833,0.551,28.000,,
fiep.mp4,1406,46.867,1080.166,877.259,988.718,733.768,1171.614,1020.749,0.528,28.000,,
fiep.mp4,1407,46.900,1080.076,877.595,988.965,734.404,1171.188,1020.786,0.520,28.000,,
fiep.mp4,1408,46.933,1080.053,877.823,989.158,734.733,1170.948,1020.912,0.527,28.000,,
fiep.mp4,1409,46.967,1079.382,878.309,988.899,735.583,1169.864,1021.035,0.550,28.000,,
fiep.mp4,1410,47.000,1079.155,878.391,989.367,736.524,1168.944,1020.258,0.500,28.000,,
fiep.mp4,1411,47.033,1079.204,878.164,989.661,736.422,1168.747,1019.906,0.494,28.000,,
fiep.mp4,1412,47.067,1079.149,878.158,989.854,736.524,1168.444,1019.793,0.500,28.000,,
fiep.mp4,1413,47.100,1079.043,877.986,989.928,736.315,1168.159,1019.656,0.536,28.000,,
fiep.mp4,1414,47.133,1078.891,877.801,989.901,735.990,1167.880,1019.612,0.564,28.000,,
fiep.mp4,1415,47.167,1078.722,877.835,989.950,736.056,1167.494,1019.613,0.565,28.000,,
fiep.mp4,1416,47.200,1078.674,877.939,989.617,735.405,1167.730,1020.473,0.616,28.000,,
fiep.mp4,1417,47.233,1078.797,877.856,990.071,735.649,1167.522,1020.064,0.552,28.000,,
fiep.mp4,1418,47.267,1078.663,878.033,990.217,736.098,1167.109,1019.969,0.552,28.000,,
fiep.mp4,1419,47.300,1078.266,878.243,989.635,735.744,1166.897,1020.742,0.579,28.000,,
fiep.mp4,1420,47.333,1077.797,878.180,989.170,735.372,1166.425,1020.987,0.580,28.000,,
fiep.mp4,1421,47.367,1077.469,878.181,988.923,735.132,1166.014,1021.231,0.573,28.000,,
fiep.mp4,1422,47.400,1077.545,877.919,989.045,734.606,1166.046,1021.233,0.541,28.000,,
fiep.mp4,1423,47.433,1077.397,877.758,988.976,734.196,1165.819,1021.319,0.499,28.000,,
fiep.mp4,1424,47.467,1076.716,877.864,988.970,734.989,1164.462,1020.740,0.399,28.000,,
fiep.mp4,1425,47.500,1076.035,877.794,988.709,735.094,1163.360,1020.495,0.388,28.000,,
fiep.mp4,1426,47.533,1075.094,877.673,987.819,734.367,1162.369,1020.978,0.488,28.000,,
fiep.mp4,1427,47.567,1073.686,877.783,986.763,734.161,1160.609,1021.406,0.463,28.000,,
fiep.mp4,1428,47.600,1073.125,877.636,986.582,733.817,1159.669,1021.456,0.524,28.000,,
fiep.mp4,1429,47.633,1072.600,877.868,986.672,734.238,1158.527,1021.499,0.465,28.000,,
fiep.mp4,1430,47.667,1071.828,877.593,986.299,733.743,1157.357,1021.442,0.475,28.000,,
fiep.mp4,1431,47.700,1071.332,878.146,986.444,734.552,1156.220,1021.740,0.370,28.000,,
fiep.mp4,1432,47.733,,,,,,,,,,
fiep.mp4,1433,47.767,,,,,,,,,,
fiep.mp4,1434,47.800,,,,,,,,,,
fiep.mp4,1435,47.833,,,,,,,,,,
fiep.mp4,1436,47.867,,,,,,,,,,
fiep.mp4,1437,47.900,,,,,,,,,,
fiep.mp4,1438,47.933,,,,,,,,,,
fiep.mp4,1439,47.967,1061.303,877.706,979.197,735.081,1143.409,1020.331,0.569,28.000,,
fiep.mp4,1440,48.000,1059.697,877.136,979.170,733.791,1140.224,1020.482,0.705,28.000,,
fiep.mp4,1441,48.033,1058.552,877.253,979.758,733.933,1137.345,1020.573,0.805,28.000,,
fiep.mp4,1442,48.067,1057.241,876.535,979.713,732.558,1134.770,1020.512,0.728,28.000,,
fiep.mp4,1443,48.100,1056.622,876.300,980.428,732.174,1132.816,1020.426,0.737,28.000,,
fiep.mp4,1444,48.133,1056.308,876.194,981.292,731.995,1131.325,1020.393,0.788,28.000,,
fiep.mp4,1445,48.167,1056.455,875.520,982.567,731.433,1130.344,1019.607,0.847,28.000,,
fiep.mp4,1446,48.200,1056.434,875.028,983.691,731.325,1129.176,1018.731,0.854,28.000,,
fiep.mp4,1447,48.233,1056.281,874.742,984.581,731.380,1127.981,1018.105,0.855,28.000,,
fiep.mp4,1448,48.267,1056.166,874.598,985.377,731.450,1126.956,1017.746,0.832,28.000,,
fiep.mp4,1449,48.300,1055.758,874.414,985.806,731.443,1125.710,1017.384,0.815,28.000,,
fiep.mp4,1450,48.333,1054.743,874.072,985.645,731.487,1123.840,1016.656,0.804,28.000,,
fiep.mp4,1451,48.367,1054.392,873.688,985.851,731.004,1122.933,1016.372,0.774,28.000,,
fiep.mp4,1452,48.400,1054.956,873.442,987.090,730.915,1122.823,1015.968,0.744,28.000,,
fiep.mp4,1453,48.433,1054.308,873.734,986.941,731.273,1121.676,1016.194,0.755,28.000,,
fiep.mp4,1454,48.467,1054.443,874.008,987.358,731.194,1121.529,1016.821,0.707,28.000,,
fiep.mp4,1455,48.500,1054.578,873.745,987.760,730.623,1121.395,1016.868,0.701,28.000,,
fiep.mp4,1456,48.533,1054.691,873.777,988.181,730.525,1121.201,1017.030,0.648,28.000,,
fiep.mp4,1457,48.567,1054.884,874.586,988.958,732.012,1120.811,1017.161,0.531,28.000,,
fiep.mp4,1458,48.600,1054.795,874.964,989.602,733.530,1119.988,1016.399,0.475,28.000,,
fiep.mp4,1459,48.633,1054.786,875.131,989.945,734.071,1119.627,1016.192,0.468,28.000,,
fiep.mp4,1460,48.667,1054.533,875.757,990.095,735.319,1118.970,1016.194,0.471,28.000,,
fiep.mp4,1461,48.700,,,,,,,,,,
fiep.mp4,1462,48.733,1054.618,876.540,990.576,736.729,1118.660,1016.352,0.441,28.000,,
fiep.mp4,1463,48.767,1054.825,876.498,990.988,736.982,1118.661,1016.013,0.378,28.000,,
fiep.mp4,1464,48.800,1054.592,876.763,990.933,737.459,1118.251,1016.067,0.441,28.000,,
fiep.mp4,1465,48.833,1054.245,877.086,990.791,738.138,1117.698,1016.033,0.441,28.000,,
fiep.mp4,1466,48.867,1054.157,877.405,990.544,738.017,1117.770,1016.792,0.624,28.000,,
fiep.mp4,1467,48.900,1054.172,877.961,990.664,738.778,1117.680,1017.144,0.592,28.000,,
fiep.mp4,1468,48.933,1054.069,878.293,990.641,739.271,1117.496,1017.315,0.477,28.000,,
fiep.mp4,1469,48.967,1054.186,878.933,991.031,740.524,1117.341,1017.342,0.585,28.000,,
fiep.mp4,1470,49.000,1054.201,880.021,991.461,742.674,1116.941,1017.368,0.426,28.000,,
fiep.mp4,1471,49.033,1054.215,880.412,992.054,744.583,1116.376,1016.241,0.536,28.000,,
fiep.mp4,1472,49.067,,,,,,,,,,
fiep.mp4,1473,49.100,1053.954,882.140,992.248,747.723,1115.660,1016.557,0.422,28.000,,
fiep.mp4,1474,49.133,1054.126,882.681,992.451,748.700,1115.802,1016.663,0.433,28.000,,
fiep.mp4,1475,49.167,1054.502,882.690,993.144,749.732,1115.859,1015.649,0.285,28.000,,
fiep.mp4,1476,49.200,1054.538,882.331,993.524,750.518,1115.552,1014.144,0.269,28.000,,
fiep.mp4,1477,49.233,1054.413,882.252,993.619,751.409,1115.206,1013.096,0.475,28.000,,
fiep.mp4,1478,49.267,1054.423,882.587,993.719,752.421,1115.126,1012.753,0.341,28.000,,
fiep.mp4,1479,49.300,1054.411,883.483,993.651,753.652,1115.171,1013.313,0.365,28.000,,
fiep.mp4,1480,49.333,1054.424,884.165,993.433,754.283,1115.416,1014.046,0.412,28.000,,
fiep.mp4,1481,49.367,1054.416,884.540,993.129,754.389,1115.703,1014.691,0.324,28.000,,
fiep.mp4,1482,49.400,1222.060,681.798,1127.534,632.303,1316.586,731.294,0.296,32.000,,
fiep.mp4,1483,49.433,1222.093,681.777,1127.703,632.353,1316.484,731.202,0.279,32.000,,
fiep.mp4,1484,49.467,1222.073,681.788,1127.715,632.379,1316.431,731.197,0.279,32.000,,
fiep.mp4,1485,49.500,1222.243,681.836,1127.700,632.339,1316.787,731.333,0.288,32.000,,
fiep.mp4,1486,49.533,1055.151,884.362,994.027,755.174,1116.274,1013.550,0.322,28.000,,
fiep.mp4,1487,49.567,1055.474,884.124,994.202,755.344,1116.745,1012.904,0.334,28.000,,
fiep.mp4,1488,49.600,1055.744,883.825,994.177,755.046,1117.311,1012.605,0.521,28.000,,
fiep.mp4,1489,49.633,1056.004,883.550,994.120,754.651,1117.889,1012.449,0.522,28.000,,
fiep.mp4,1490,49.667,1056.380,883.096,994.012,753.562,1118.748,1012.630,0.610,28.000,,
fiep.mp4,1491,49.700,1056.505,882.397,993.688,752.184,1119.322,1012.611,0.537,28.000,,
fiep.mp4,1492,49.733,1056.552,882.009,993.271,750.955,1119.833,1013.064,0.528,28.000,,
fiep.mp4,1493,49.767,1056.585,881.708,993.075,750.210,1120.094,1013.206,0.491,28.000,,
fiep.mp4,1494,49.800,1056.348,881.939,992.698,750.226,1119.998,1013.652,0.419,28.000,,
fiep.mp4,1495,49.833,1056.063,882.319,992.368,750.627,1119.759,1014.011,0.331,28.000,,
fiep.mp4,1496,49.867,,,,,,,,,,
fiep.mp4,1497,49.900,1056.168,882.371,992.589,751.046,1119.746,1013.696,0.367,28.000,,
fiep.mp4,1498,49.933,,,,,,,,,,
fiep.mp4,1499,49.967,,,,,,,,,,
fiep.mp4,1500,50.000,,,,,,,,,,
fiep.mp4,1501,50.033,,,,,,,,,,
fiep.mp4,1502,50.067,,,,,,,,,,
fiep.mp4,1503,50.100,,,,,,,,,,
fiep.mp4,1504,50.133,,,,,,,,,,
fiep.mp4,1505,50.167,,,,,,,,,,
fiep.mp4,1506,50.200,,,,,,,,,,
fiep.mp4,1507,50.233,,,,,,,,,,
fiep.mp4,1508,50.267,,,,,,,,,,
fiep.mp4,1509,50.300,,,,,,,,,,
fiep.mp4,1510,50.333,,,,,,,,,,
fiep.mp4,1511,50.367,,,,,,,,,,
fiep.mp4,1512,50.400,,,,,,,,,,
fiep.mp4,1513,50.433,,,,,,,,,,
fiep.mp4,1514,50.467,,,,,,,,,,
fiep.mp4,1515,50.500,,,,,,,,,,
fiep.mp4,1516,50.533,,,,,,,,,,
fiep.mp4,1517,50.567,,,,,,,,,,
fiep.mp4,1518,50.600,,,,,,,,,,
fiep.mp4,1519,50.633,,,,,,,,,,
fiep.mp4,1520,50.667,,,,,,,,,,
fiep.mp4,1521,50.700,,,,,,,,,,
fiep.mp4,1522,50.733,,,,,,,,,,
fiep.mp4,1523,50.767,,,,,,,,,,
fiep.mp4,1524,50.800,,,,,,,,,,
fiep.mp4,1525,50.833,,,,,,,,,,
fiep.mp4,1526,50.867,1045.303,885.883,980.017,758.240,1110.590,1013.527,0.278,28.000,,
fiep.mp4,1527,50.900,,,,,,,,,,
fiep.mp4,1528,50.933,,,,,,,,,,
fiep.mp4,1529,50.967,,,,,,,,,,
fiep.mp4,1530,51.000,1051.841,883.151,985.448,753.526,1118.235,1012.775,0.302,28.000,,
fiep.mp4,1531,51.033,,,,,,,,,,
fiep.mp4,1532,51.067,1053.033,882.846,986.139,752.022,1119.927,1013.671,0.294,28.000,,
fiep.mp4,1533,51.100,,,,,,,,,,
fiep.mp4,1534,51.133,1222.281,681.603,1127.357,631.908,1317.205,731.298,0.326,,,
fiep.mp4,1535,51.167,1053.721,882.773,986.637,751.200,1120.805,1014.347,0.286,28.000,,
fiep.mp4,1536,51.200,1054.416,882.294,987.539,750.639,1121.292,1013.949,0.387,28.000,,
fiep.mp4,1537,51.233,1054.663,882.120,988.036,750.545,1121.290,1013.695,0.365,28.000,,
fiep.mp4,1538,51.267,1054.860,881.941,988.428,750.399,1121.291,1013.483,0.477,28.000,,
fiep.mp4,1539,51.300,1055.011,881.783,988.626,750.121,1121.395,1013.445,0.475,28.000,,
fiep.mp4,1540,51.333,1054.565,881.716,988.108,750.047,1121.023,1013.384,0.507,28.000,,
fiep.mp4,1541,51.367,1053.646,881.831,986.920,750.113,1120.371,1013.548,0.446,28.000,,
fiep.mp4,1542,51.400,1052.293,882.239,985.088,750.365,1119.498,1014.112,0.449,28.000,,
fiep.mp4,1543,51.433,1050.758,882.117,982.997,750.259,1118.519,1013.975,0.505,28.000,,
fiep.mp4,1544,51.467,1049.461,882.025,981.057,750.096,1117.864,1013.954,0.456,28.000,,
fiep.mp4,1545,51.500,1048.801,882.039,979.795,750.158,1117.807,1013.921,0.455,28.000,,
fiep.mp4,1546,51.533,1048.547,882.022,978.857,749.849,1118.238,1014.195,0.442,28.000,,
fiep.mp4,1547,51.567,1048.374,882.016,978.127,749.695,1118.620,1014.337,0.449,28.000,,
fiep.mp4,1548,51.600,1048.094,881.982,977.411,749.678,1118.778,1014.285,0.431,28.000,,
fiep.mp4,1549,51.633,1048.106,881.945,977.122,749.812,1119.091,1014.078,0.408,28.000,,
fiep.mp4,1550,51.667,1048.252,882.146,976.857,749.808,1119.646,1014.483,0.379,28.000,,
fiep.mp4,1551,51.700,1047.981,882.202,976.302,749.954,1119.660,1014.450,0.412,28.000,,
fiep.mp4,1552,51.733,1047.056,881.991,975.182,750.135,1118.929,1013.848,0.414,28.000,,
fiep.mp4,1553,51.767,1046.251,882.549,973.675,750.073,1118.827,1015.025,0.451,28.000,,
fiep.mp4,1554,51.800,1046.231,882.634,973.238,749.971,1119.224,1015.297,0.430,28.000,,
fiep.mp4,1555,51.833,1045.198,882.855,971.677,749.940,1118.719,1015.771,0.445,28.000,,
fiep.mp4,1556,51.867,1044.731,882.820,970.905,750.039,1118.558,1015.602,0.458,28.000,,
fiep.mp4,1557,51.900,1044.158,882.852,969.910,750.013,1118.407,1015.690,0.460,28.000,,
fiep.mp4,1558,51.933,1043.588,882.788,968.958,750.011,1118.219,1015.566,0.457,28.000,,
fiep.mp4,1559,51.967,1043.043,882.657,968.131,750.169,1117.956,1015.146,0.444,28.000,,
fiep.mp4,1560,52.000,1043.562,883.133,968.238,750.496,1118.887,1015.770,0.468,28.000,,
fiep.mp4,1561,52.033,1043.852,883.276,968.267,750.696,1119.437,1015.855,0.457,28.000,,
fiep.mp4,1562,52.067,1043.974,883.415,968.139,750.846,1119.809,1015.984,0.514,28.000,,
fiep.mp4,1563,52.100,1044.176,883.390,968.073,750.748,1120.278,1016.032,0.529,28.000,,
fiep.mp4,1564,52.133,1043.912,883.251,967.486,750.491,1120.337,1016.010,0.517,28.000,,
fiep.mp4,1565,52.167,1043.823,883.275,967.199,750.600,1120.448,1015.950,0.482,28.000,,
fiep.mp4,1566,52.200,1044.023,883.252,967.142,750.433,1120.904,1016.070,0.504,28.000,,
fiep.mp4,1567,52.233,1043.935,883.199,966.839,750.275,1121.030,1016.122,0.530,28.000,,
fiep.mp4,1568,52.267,1044.219,883.287,967.058,750.370,1121.380,1016.203,0.483,28.000,,
fiep.mp4,1569,52.300,1043.758,883.329,966.440,750.381,1121.076,1016.277,0.514,28.000,,
fiep.mp4,1570,52.333,1044.082,883.605,966.684,750.626,1121.479,1016.583,0.491,28.000,,
fiep.mp4,1571,52.367,1044.100,883.908,966.696,751.057,1121.505,1016.758,0.482,28.000,,
fiep.mp4,1572,52.400,1043.919,884.026,966.494,751.333,1121.344,1016.719,0.509,28.000,,
fiep.mp4,1573,52.433,1043.677,884.033,966.100,751.310,1121.255,1016.756,0.519,28.000,,
fiep.mp4,1574,52.467,1043.823,884.160,966.229,751.583,1121.417,1016.738,0.562,28.000,,
fiep.mp4,1575,52.500,1043.903,884.377,966.244,751.842,1121.562,1016.913,0.548,28.000,,
fiep.mp4,1576,52.533,1043.839,884.401,966.023,751.725,1121.655,1017.077,0.549,28.000,,
fiep.mp4,1577,52.567,1043.780,884.210,965.819,751.439,1121.741,1016.981,0.542,28.000,,
fiep.mp4,1578,52.600,1044.108,883.956,965.975,750.947,1122.241,1016.964,0.524,28.000,,
fiep.mp4,1579,52.633,1044.151,883.422,965.786,750.045,1122.516,1016.799,0.530,28.000,,
fiep.mp4,1580,52.667,1043.419,883.431,964.670,749.377,1122.167,1017.486,0.527,28.000,,
fiep.mp4,1581,52.700,1043.750,882.920,964.895,748.683,1122.605,1017.156,0.516,28.000,,
fiep.mp4,1582,52.733,1043.716,882.691,964.759,748.307,1122.674,1017.074,0.476,28.000,,
fiep.mp4,1583,52.767,1043.427,882.800,964.509,748.630,1122.346,1016.970,0.492,28.000,,
fiep.mp4,1584,52.800,1043.248,882.929,964.549,749.371,1121.947,1016.486,0.558,28.000,,
fiep.mp4,1585,52.833,1042.953,882.533,963.951,748.707,1121.955,1016.358,0.567,28.000,,
fiep.mp4,1586,52.867,1043.594,882.143,964.406,748.025,1122.781,1016.262,0.576,28.000,,
fiep.mp4,1587,52.900,1043.740,881.835,964.427,747.513,1123.052,1016.157,0.582,28.000,,
fiep.mp4,1588,52.933,1043.634,882.311,964.229,747.590,1123.039,1017.031,0.500,28.000,,
fiep.mp4,1589,52.967,1044.095,881.919,964.895,747.461,1123.294,1016.378,0.472,28.000,,
fiep.mp4,1590,53.000,1044.569,883.721,966.566,751.361,1122.573,1016.081,0.355,28.000,,
fiep.mp4,1591,53.033,1044.928,887.135,968.519,757.882,1121.337,1016.389,0.279,28.000,,
fiep.mp4,1592,53.067,1044.530,889.501,969.191,762.736,1119.870,1016.266,0.314,28.000,,
fiep.mp4,1593,53.100,,,,,,,,,,
fiep.mp4,1594,53.133,,,,,,,,,,
fiep.mp4,1595,53.167,,,,,,,,,,
fiep.mp4,1596,53.200,1044.491,892.458,970.400,768.619,1118.582,1016.297,0.312,28.000,,
fiep.mp4,1597,53.233,,,,,,,,,,
fiep.mp4,1598,53.267,1045.010,891.612,970.801,768.483,1119.219,1014.741,0.331,28.000,,
fiep.mp4,1599,53.300,1045.130,891.284,970.636,768.422,1119.624,1014.146,0.364,28.000,,
fiep.mp4,1600,53.333,1045.155,891.190,970.322,768.304,1119.987,1014.075,0.435,28.000,,
fiep.mp4,1601,53.367,1045.505,891.107,970.450,768.201,1120.560,1014.013,0.464,28.000,,
fiep.mp4,1602,53.400,1046.290,890.785,971.241,768.142,1121.338,1013.429,0.381,28.000,,
fiep.mp4,1603,53.433,,,,,,,,,,
fiep.mp4,1604,53.467,,,,,,,,,,
fiep.mp4,1605,53.500,,,,,,,,,,
fiep.mp4,1606,53.533,,,,,,,,,,
fiep.mp4,1607,53.567,,,,,,,,,,
fiep.mp4,1608,53.600,,,,,,,,,,
fiep.mp4,1609,53.633,,,,,,,,,,
fiep.mp4,1610,53.667,,,,,,,,,,
fiep.mp4,1611,53.700,,,,,,,,,,
fiep.mp4,1612,53.733,,,,,,,,,,
fiep.mp4,1613,53.767,,,,,,,,,,
fiep.mp4,1614,53.800,,,,,,,,,,
fiep.mp4,1615,53.833,,,,,,,,,,
fiep.mp4,1616,53.867,,,,,,,,,,
fiep.mp4,1617,53.900,,,,,,,,,,
fiep.mp4,1618,53.933,,,,,,,,,,
fiep.mp4,1619,53.967,1057.165,889.071,983.158,764.140,1131.171,1014.003,0.294,28.000,,
fiep.mp4,1620,54.000,,,,,,,,,,
fiep.mp4,1621,54.033,,,,,,,,,,
fiep.mp4,1622,54.067,,,,,,,,,,
fiep.mp4,1623,54.100,1221.718,681.787,1127.223,632.312,1316.213,731.262,0.307,,,
fiep.mp4,1624,54.133,1221.842,681.769,1127.401,632.267,1316.283,731.272,0.286,,,
fiep.mp4,1625,54.167,1222.766,681.980,1128.284,632.456,1317.247,731.504,0.315,36.000,,
fiep.mp4,1626,54.200,1222.794,682.078,1128.265,632.528,1317.322,731.628,0.337,36.000,,
fiep.mp4,1627,54.233,1222.713,682.166,1128.136,632.590,1317.289,731.741,0.336,36.000,,
fiep.mp4,1628,54.267,1222.680,682.267,1128.156,632.720,1317.204,731.813,0.335,36.000,,
fiep.mp4,1629,54.300,1222.776,682.267,1128.324,632.760,1317.227,731.773,0.365,36.000,,
fiep.mp4,1630,54.333,1222.851,682.214,1128.553,632.797,1317.150,731.630,0.290,36.000,,
fiep.mp4,1631,54.367,1222.898,682.210,1128.674,632.843,1317.122,731.578,0.267,36.000,,
fiep.mp4,1632,54.400,1222.920,682.279,1128.668,632.903,1317.173,731.655,0.300,36.000,,
fiep.mp4,1633,54.433,1222.900,682.279,1128.532,632.843,1317.268,731.715,0.298,36.000,,
fiep.mp4,1634,54.467,1222.948,682.262,1128.573,632.822,1317.322,731.701,0.265,36.000,,
fiep.mp4,1635,54.500,,,,,,,,,,
fiep.mp4,1636,54.533,,,,,,,,,,
fiep.mp4,1637,54.567,1223.075,682.225,1128.679,632.766,1317.470,731.684,0.251,36.000,,
fiep.mp4,1638,54.600,,,,,,,,,,
fiep.mp4,1639,54.633,,,,,,,,,,
fiep.mp4,1640,54.667,,,,,,,,,,
fiep.mp4,1641,54.700,,,,,,,,,,
fiep.mp4,1642,54.733,,,,,,,,,,
fiep.mp4,1643,54.767,,,,,,,,,,
fiep.mp4,1644,54.800,,,,,,,,,,
fiep.mp4,1645,54.833,,,,,,,,,,
fiep.mp4,1646,54.867,1223.402,682.094,1128.914,632.585,1317.890,731.603,0.251,36.000,,
fiep.mp4,1647,54.900,,,,,,,,,,
fiep.mp4,1648,54.933,1223.411,682.065,1128.889,632.535,1317.934,731.596,0.284,36.000,,
fiep.mp4,1649,54.967,1223.404,682.044,1128.889,632.512,1317.919,731.576,0.280,36.000,,
fiep.mp4,1650,55.000,,,,,,,,,,
fiep.mp4,1651,55.033,1223.175,682.075,1128.864,632.698,1317.485,731.452,0.256,36.000,,
fiep.mp4,1652,55.067,,,,,,,,,,
fiep.mp4,1653,55.100,,,,,,,,,,
fiep.mp4,1654,55.133,1223.185,682.190,1128.716,632.757,1317.653,731.622,0.268,36.000,,
fiep.mp4,1655,55.167,1223.179,682.200,1128.600,632.720,1317.758,731.681,0.301,36.000,,
fiep.mp4,1656,55.200,1067.805,888.543,991.636,762.729,1143.974,1014.357,0.519,37.000,,
fiep.mp4,1657,55.233,1067.190,888.536,991.005,762.648,1143.375,1014.423,0.504,37.000,,
fiep.mp4,1658,55.267,1067.052,888.489,990.925,762.619,1143.179,1014.360,0.482,37.000,,
fiep.mp4,1659,55.300,,,,,,,,,,
fiep.mp4,1660,55.333,1066.404,888.570,990.535,762.917,1142.272,1014.224,0.395,37.000,,
fiep.mp4,1661,55.367,1065.879,888.547,990.163,762.862,1141.595,1014.231,0.346,37.000,,
fiep.mp4,1662,55.400,1065.767,889.411,990.857,764.797,1140.676,1014.025,0.363,37.000,,
fiep.mp4,1663,55.433,1065.329,888.787,990.254,763.474,1140.404,1014.100,0.478,37.000,,
fiep.mp4,1664,55.467,1064.881,888.538,989.976,763.066,1139.787,1014.010,0.533,37.000,,
fiep.mp4,1665,55.500,1063.840,888.437,989.348,763.054,1138.332,1013.819,0.469,37.000,,
fiep.mp4,1666,55.533,,,,,,,,,,
fiep.mp4,1667,55.567,,,,,,,,,,
fiep.mp4,1668,55.600,1061.149,888.331,987.395,763.117,1134.903,1013.544,0.474,37.000,,
fiep.mp4,1669,55.633,,,,,,,,,,
fiep.mp4,1670,55.667,,,,,,,,,,
fiep.mp4,1671,55.700,,,,,,,,,,
fiep.mp4,1672,55.733,,,,,,,,,,
fiep.mp4,1673,55.767,,,,,,,,,,
fiep.mp4,1674,55.800,,,,,,,,,,
fiep.mp4,1675,55.833,,,,,,,,,,
fiep.mp4,1676,55.867,,,,,,,,,,
fiep.mp4,1677,55.900,,,,,,,,,,
fiep.mp4,1678,55.933,,,,,,,,,,
fiep.mp4,1679,55.967,,,,,,,,,,
fiep.mp4,1680,56.000,,,,,,,,,,
fiep.mp4,1681,56.033,,,,,,,,,,
fiep.mp4,1682,56.067,,,,,,,,,,
fiep.mp4,1683,56.100,,,,,,,,,,
fiep.mp4,1684,56.133,,,,,,,,,,
fiep.mp4,1685,56.167,1057.988,888.638,986.413,763.469,1129.562,1013.808,0.255,37.000,,
fiep.mp4,1686,56.200,1058.068,887.992,987.688,762.200,1128.449,1013.784,0.290,37.000,,
fiep.mp4,1687,56.233,1058.157,887.056,988.500,760.390,1127.813,1013.722,0.287,37.000,,
fiep.mp4,1688,56.267,1058.099,886.132,988.941,758.602,1127.256,1013.662,0.271,37.000,,
fiep.mp4,1689,56.300,1058.107,885.492,989.377,757.250,1126.838,1013.733,0.349,37.000,,
fiep.mp4,1690,56.333,1058.183,885.081,989.913,756.511,1126.453,1013.651,0.420,37.000,,
fiep.mp4,1691,56.367,1058.298,883.866,990.039,754.129,1126.557,1013.603,0.451,37.000,,
fiep.mp4,1692,56.400,1058.264,883.292,990.293,753.057,1126.236,1013.527,0.420,37.000,,
fiep.mp4,1693,56.433,1058.274,883.007,990.530,752.228,1126.019,1013.785,0.490,37.000,,
fiep.mp4,1694,56.467,1058.333,882.548,990.810,751.332,1125.857,1013.763,0.400,37.000,,
fiep.mp4,1695,56.500,1058.422,882.229,991.151,750.755,1125.694,1013.703,0.428,37.000,,
fiep.mp4,1696,56.533,1058.389,881.646,991.127,749.403,1125.651,1013.889,0.391,37.000,,
fiep.mp4,1697,56.567,1058.369,880.900,991.257,748.219,1125.481,1013.582,0.398,37.000,,
fiep.mp4,1698,56.600,1058.423,880.511,991.494,747.541,1125.352,1013.482,0.446,37.000,,
fiep.mp4,1699,56.633,1058.386,880.335,991.674,747.185,1125.097,1013.484,0.389,37.000,,
fiep.mp4,1700,56.667,1058.450,879.977,991.894,746.580,1125.005,1013.373,0.409,37.000,,
fiep.mp4,1701,56.700,1058.681,879.770,992.342,746.290,1125.019,1013.251,0.423,37.000,,
fiep.mp4,1702,56.733,,,,,,,,,,
fiep.mp4,1703,56.767,1058.770,879.622,992.710,746.178,1124.831,1013.066,0.360,37.000,,
fiep.mp4,1704,56.800,1058.941,879.730,993.133,746.313,1124.748,1013.146,0.345,37.000,,
fiep.mp4,1705,56.833,1058.797,879.819,993.146,746.319,1124.447,1013.320,0.336,37.000,,
fiep.mp4,1706,56.867,1058.755,879.772,993.447,746.699,1124.062,1012.844,0.447,37.000,,
fiep.mp4,1707,56.900,1058.869,880.018,993.780,747.138,1123.959,1012.897,0.256,37.000,,
fiep.mp4,1708,56.933,1058.867,879.838,993.821,746.778,1123.913,1012.899,0.417,37.000,,
fiep.mp4,1709,56.967,1058.846,879.978,993.883,746.847,1123.808,1013.109,0.536,37.000,,
fiep.mp4,1710,57.000,1058.909,880.735,994.256,748.141,1123.562,1013.328,0.431,37.000,,
fiep.mp4,1711,57.033,1058.766,881.390,994.328,749.132,1123.204,1013.648,0.412,37.000,,
fiep.mp4,1712,57.067,1058.627,882.246,994.718,751.100,1122.536,1013.391,0.409,37.000,,
fiep.mp4,1713,57.100,1058.499,882.967,994.932,752.636,1122.066,1013.299,0.505,37.000,,
fiep.mp4,1714,57.133,1058.255,883.721,994.906,754.031,1121.604,1013.411,0.360,37.000,,
fiep.mp4,1715,57.167,,,,,,,,,,
fiep.mp4,1716,57.200,,,,,,,,,,
fiep.mp4,1717,57.233,,,,,,,,,,
fiep.mp4,1718,57.267,,,,,,,,,,
fiep.mp4,1719,57.300,,,,,,,,,,
fiep.mp4,1720,57.333,,,,,,,,,,
fiep.mp4,1721,57.367,,,,,,,,,,
fiep.mp4,1722,57.400,,,,,,,,,,
fiep.mp4,1723,57.433,,,,,,,,,,
fiep.mp4,1724,57.467,,,,,,,,,,
fiep.mp4,1725,57.500,,,,,,,,,,
fiep.mp4,1726,57.533,,,,,,,,,,
fiep.mp4,1727,57.567,,,,,,,,,,
fiep.mp4,1728,57.600,,,,,,,,,,
fiep.mp4,1729,57.633,,,,,,,,,,
fiep.mp4,1730,57.667,,,,,,,,,,
fiep.mp4,1731,57.700,,,,,,,,,,
fiep.mp4,1732,57.733,,,,,,,,,,
fiep.mp4,1733,57.767,,,,,,,,,,
fiep.mp4,1734,57.800,,,,,,,,,,
fiep.mp4,1735,57.833,,,,,,,,,,
fiep.mp4,1736,57.867,,,,,,,,,,
fiep.mp4,1737,57.900,,,,,,,,,,
fiep.mp4,1738,57.933,,,,,,,,,,
fiep.mp4,1739,57.967,,,,,,,,,,
fiep.mp4,1740,58.000,,,,,,,,,,
fiep.mp4,1741,58.033,,,,,,,,,,
fiep.mp4,1742,58.067,,,,,,,,,,
fiep.mp4,1743,58.100,,,,,,,,,,
fiep.mp4,1744,58.133,,,,,,,,,,
fiep.mp4,1745,58.167,,,,,,,,,,
fiep.mp4,1746,58.200,,,,,,,,,,
fiep.mp4,1747,58.233,,,,,,,,,,
fiep.mp4,1748,58.267,,,,,,,,,,
fiep.mp4,1749,58.300,,,,,,,,,,
fiep.mp4,1750,58.333,,,,,,,,,,
fiep.mp4,1751,58.367,,,,,,,,,,
fiep.mp4,1752,58.400,,,,,,,,,,
fiep.mp4,1753,58.433,,,,,,,,,,
fiep.mp4,1754,58.467,,,,,,,,,,
fiep.mp4,1755,58.500,,,,,,,,,,
fiep.mp4,1756,58.533,,,,,,,,,,
fiep.mp4,1757,58.567,,,,,,,,,,
fiep.mp4,1758,58.600,,,,,,,,,,
fiep.mp4,1759,58.633,,,,,,,,,,
fiep.mp4,1760,58.667,,,,,,,,,,
fiep.mp4,1761,58.700,,,,,,,,,,
fiep.mp4,1762,58.733,,,,,,,,,,
fiep.mp4,1763,58.767,,,,,,,,,,
fiep.mp4,1764,58.800,,,,,,,,,,
fiep.mp4,1765,58.833,,,,,,,,,,
fiep.mp4,1766,58.867,,,,,,,,,,
fiep.mp4,1767,58.900,,,,,,,,,,
fiep.mp4,1768,58.933,,,,,,,,,,
fiep.mp4,1769,58.967,,,,,,,,,,
fiep.mp4,1770,59.000,,,,,,,,,,
fiep.mp4,1771,59.033,,,,,,,,,,
fiep.mp4,1772,59.067,,,,,,,,,,
fiep.mp4,1773,59.100,,,,,,,,,,
fiep.mp4,1774,59.133,,,,,,,,,,
fiep.mp4,1775,59.167,,,,,,,,,,
fiep.mp4,1776,59.200,,,,,,,,,,
fiep.mp4,1777,59.233,,,,,,,,,,
fiep.mp4,1778,59.267,,,,,,,,,,
fiep.mp4,1779,59.300,,,,,,,,,,
fiep.mp4,1780,59.333,,,,,,,,,,
fiep.mp4,1781,59.367,,,,,,,,,,
fiep.mp4,1782,59.400,,,,,,,,,,
fiep.mp4,1783,59.433,,,,,,,,,,
fiep.mp4,1784,59.467,,,,,,,,,,
fiep.mp4,1785,59.500,,,,,,,,,,
fiep.mp4,1786,59.533,,,,,,,,,,
fiep.mp4,1787,59.567,,,,,,,,,,
fiep.mp4,1788,59.600,,,,,,,,,,
fiep.mp4,1789,59.633,,,,,,,,,,
fiep.mp4,1790,59.667,,,,,,,,,,
fiep.mp4,1791,59.700,,,,,,,,,,
fiep.mp4,1792,59.733,,,,,,,,,,
fiep.mp4,1793,59.767,,,,,,,,,,
fiep.mp4,1794,59.800,,,,,,,,,,
fiep.mp4,1795,59.833,,,,,,,,,,
fiep.mp4,1796,59.867,,,,,,,,,,
fiep.mp4,1797,59.900,,,,,,,,,,
fiep.mp4,1798,59.933,,,,,,,,,,
fiep.mp4,1799,59.967,,,,,,,,,,
fiep.mp4,1800,60.000,,,,,,,,,,
fiep.mp4,1801,60.033,,,,,,,,,,
fiep.mp4,1802,60.067,,,,,,,,,,
fiep.mp4,1803,60.100,,,,,,,,,,
fiep.mp4,1804,60.133,,,,,,,,,,
fiep.mp4,1805,60.167,,,,,,,,,,
fiep.mp4,1806,60.200,,,,,,,,,,
fiep.mp4,1807,60.233,1068.401,882.245,994.519,752.287,1142.283,1012.203,0.315,,,
fiep.mp4,1808,60.267,1069.009,882.223,994.608,752.286,1143.410,1012.160,0.300,,,
fiep.mp4,1809,60.300,1068.978,882.557,994.519,752.517,1143.437,1012.596,0.355,39.000,,
fiep.mp4,1810,60.333,1068.824,882.515,994.331,752.403,1143.317,1012.627,0.306,39.000,,
fiep.mp4,1811,60.367,,,,,,,,,,
fiep.mp4,1812,60.400,,,,,,,,,,
fiep.mp4,1813,60.433,,,,,,,,,,
fiep.mp4,1814,60.467,,,,,,,,,,
fiep.mp4,1815,60.500,,,,,,,,,,
fiep.mp4,1816,60.533,,,,,,,,,,
fiep.mp4,1817,60.567,,,,,,,,,,
fiep.mp4,1818,60.600,,,,,,,,,,
fiep.mp4,1819,60.633,,,,,,,,,,
fiep.mp4,1820,60.667,,,,,,,,,,
fiep.mp4,1821,60.700,,,,,,,,,,
fiep.mp4,1822,60.733,,,,,,,,,,
fiep.mp4,1823,60.767,,,,,,,,,,
fiep.mp4,1824,60.800,,,,,,,,,,
fiep.mp4,1825,60.833,,,,,,,,,,
fiep.mp4,1826,60.867,,,,,,,,,,
fiep.mp4,1827,60.900,,,,,,,,,,
fiep.mp4,1828,60.933,,,,,,,,,,
fiep.mp4,1829,60.967,,,,,,,,,,
fiep.mp4,1830,61.000,,,,,,,,,,
fiep.mp4,1831,61.033,,,,,,,,,,
fiep.mp4,1832,61.067,,,,,,,,,,
fiep.mp4,1833,61.100,,,,,,,,,,
fiep.mp4,1834,61.133,,,,,,,,,,
fiep.mp4,1835,61.167,,,,,,,,,,
fiep.mp4,1836,61.200,,,,,,,,,,
fiep.mp4,1837,61.233,,,,,,,,,,
fiep.mp4,1838,61.267,,,,,,,,,,
fiep.mp4,1839,61.300,,,,,,,,,,
fiep.mp4,1840,61.333,,,,,,,,,,
fiep.mp4,1841,61.367,,,,,,,,,,
fiep.mp4,1842,61.400,,,,,,,,,,
fiep.mp4,1843,61.433,,,,,,,,,,
fiep.mp4,1844,61.467,,,,,,,,,,
fiep.mp4,1845,61.500,,,,,,,,,,
fiep.mp4,1846,61.533,,,,,,,,,,
fiep.mp4,1847,61.567,,,,,,,,,,
fiep.mp4,1848,61.600,,,,,,,,,,
fiep.mp4,1849,61.633,,,,,,,,,,
fiep.mp4,1850,61.667,,,,,,,,,,
fiep.mp4,1851,61.700,,,,,,,,,,
fiep.mp4,1852,61.733,,,,,,,,,,
fiep.mp4,1853,61.767,,,,,,,,,,
fiep.mp4,1854,61.800,,,,,,,,,,
fiep.mp4,1855,61.833,,,,,,,,,,
fiep.mp4,1856,61.867,,,,,,,,,,
fiep.mp4,1857,61.900,,,,,,,,,,
fiep.mp4,1858,61.933,,,,,,,,,,
fiep.mp4,1859,61.967,,,,,,,,,,
fiep.mp4,1860,62.000,,,,,,,,,,
fiep.mp4,1861,62.033,,,,,,,,,,
fiep.mp4,1862,62.067,,,,,,,,,,
fiep.mp4,1863,62.100,,,,,,,,,,
fiep.mp4,1864,62.133,,,,,,,,,,
fiep.mp4,1865,62.167,,,,,,,,,,
fiep.mp4,1866,62.200,,,,,,,,,,
fiep.mp4,1867,62.233,,,,,,,,,,
fiep.mp4,1868,62.267,1222.037,682.666,1127.141,633.206,1316.933,732.126,0.335,,,
fiep.mp4,1869,62.300,1222.109,682.167,1127.171,632.703,1317.048,731.630,0.286,,,
fiep.mp4,1870,62.333,1222.018,682.428,1127.207,632.888,1316.830,731.968,0.277,,,
fiep.mp4,1871,62.367,1221.921,682.763,1126.368,632.829,1317.474,732.696,0.360,42.000,,
fiep.mp4,1872,62.400,1222.033,683.233,1125.422,632.725,1318.644,733.741,0.429,42.000,,
fiep.mp4,1873,62.433,1222.166,683.020,1123.602,631.422,1320.729,734.617,0.261,42.000,,
fiep.mp4,1874,62.467,,,,,,,,,,
fiep.mp4,1875,62.500,,,,,,,,,,
fiep.mp4,1876,62.533,,,,,,,,,,
fiep.mp4,1877,62.567,,,,,,,,,,
fiep.mp4,1878,62.600,,,,,,,,,,
fiep.mp4,1879,62.633,,,,,,,,,,
fiep.mp4,1880,62.667,1060.230,893.789,995.359,774.706,1125.101,1012.871,0.376,,,
fiep.mp4,1881,62.700,1059.943,894.185,995.388,775.687,1124.498,1012.683,0.397,43.000,,
fiep.mp4,1882,62.733,,,,,,,,,,
fiep.mp4,1883,62.767,1060.007,889.215,992.108,764.386,1127.906,1014.045,0.635,43.000,,
fiep.mp4,1884,62.800,1059.805,882.550,989.003,751.895,1130.606,1013.205,0.693,43.000,,
fiep.mp4,1885,62.833,1059.584,877.917,986.814,742.906,1132.354,1012.928,0.749,43.000,,
fiep.mp4,1886,62.867,1059.516,869.096,982.716,725.234,1136.316,1012.957,0.808,43.000,,
fiep.mp4,1887,62.900,1059.590,870.085,983.854,727.022,1135.326,1013.148,0.754,43.000,,
fiep.mp4,1888,62.933,1059.670,871.410,985.322,729.827,1134.019,1012.994,0.741,43.000,,
fiep.mp4,1889,62.967,1059.646,880.008,989.936,746.910,1129.356,1013.106,0.710,43.000,,
fiep.mp4,1890,63.000,1059.671,885.475,992.859,757.810,1126.483,1013.140,0.779,43.000,,
fiep.mp4,1891,63.033,1059.544,887.695,993.838,762.082,1125.249,1013.308,0.635,43.000,,
fiep.mp4,1892,63.067,1059.539,889.244,994.539,764.940,1124.540,1013.548,0.538,43.000,,
fiep.mp4,1893,63.100,1059.674,889.838,994.931,766.046,1124.417,1013.630,0.628,43.000,,
fiep.mp4,1894,63.133,1060.458,890.353,996.123,767.398,1124.793,1013.308,0.612,43.000,,
fiep.mp4,1895,63.167,1060.158,890.386,995.628,767.042,1124.688,1013.731,0.597,43.000,,
fiep.mp4,1896,63.200,1060.062,890.367,995.473,766.890,1124.651,1013.844,0.654,43.000,,
fiep.mp4,1897,63.233,1060.212,890.458,995.603,767.051,1124.822,1013.865,0.701,43.000,,
fiep.mp4,1898,63.267,1060.335,890.420,995.659,767.028,1125.011,1013.811,0.603,43.000,,
fiep.mp4,1899,63.300,1060.357,890.466,995.649,767.140,1125.064,1013.792,0.643,43.000,,
fiep.mp4,1900,63.333,1060.404,890.703,995.724,767.537,1125.084,1013.869,0.599,43.000,,
fiep.mp4,1901,63.367,1061.218,890.942,996.884,768.595,1125.551,1013.288,0.695,43.000,,
fiep.mp4,1902,63.400,1061.275,890.283,995.929,765.884,1126.622,1014.682,0.574,43.000,,
fiep.mp4,1903,63.433,,,,,,,,,,
fiep.mp4,1904,63.467,,,,,,,,,,
fiep.mp4,1905,63.500,,,,,,,,,,
fiep.mp4,1906,63.533,,,,,,,,,,
fiep.mp4,1907,63.567,,,,,,,,,,
fiep.mp4,1908,63.600,,,,,,,,,,
fiep.mp4,1909,63.633,,,,,,,,,,
fiep.mp4,1910,63.667,,,,,,,,,,
fiep.mp4,1911,63.700,,,,,,,,,,
fiep.mp4,1912,63.733,,,,,,,,,,
fiep.mp4,1913,63.767,,,,,,,,,,
fiep.mp4,1914,63.800,,,,,,,,,,
fiep.mp4,1915,63.833,,,,,,,,,,
fiep.mp4,1916,63.867,,,,,,,,,,
fiep.mp4,1917,63.900,,,,,,,,,,
fiep.mp4,1918,63.933,,,,,,,,,,
fiep.mp4,1919,63.967,,,,,,,,,,
fiep.mp4,1920,64.000,,,,,,,,,,
fiep.mp4,1921,64.033,,,,,,,,,,
fiep.mp4,1922,64.067,,,,,,,,,,
fiep.mp4,1923,64.100,,,,,,,,,,
fiep.mp4,1924,64.133,,,,,,,,,,
fiep.mp4,1925,64.167,,,,,,,,,,
fiep.mp4,1926,64.200,,,,,,,,,,
fiep.mp4,1927,64.233,,,,,,,,,,
fiep.mp4,1928,64.267,,,,,,,,,,
fiep.mp4,1929,64.300,,,,,,,,,,
fiep.mp4,1930,64.333,,,,,,,,,,
fiep.mp4,1931,64.367,,,,,,,,,,
fiep.mp4,1932,64.400,,,,,,,,,,
fiep.mp4,1933,64.433,,,,,,,,,,
fiep.mp4,1934,64.467,,,,,,,,,,
fiep.mp4,1935,64.500,,,,,,,,,,
fiep.mp4,1936,64.533,,,,,,,,,,
fiep.mp4,1937,64.567,,,,,,,,,,
fiep.mp4,1938,64.600,,,,,,,,,,
fiep.mp4,1939,64.633,,,,,,,,,,
fiep.mp4,1940,64.667,,,,,,,,,,
fiep.mp4,1941,64.700,,,,,,,,,,
fiep.mp4,1942,64.733,,,,,,,,,,
fiep.mp4,1943,64.767,,,,,,,,,,
fiep.mp4,1944,64.800,,,,,,,,,,
fiep.mp4,1945,64.833,,,,,,,,,,
fiep.mp4,1946,64.867,,,,,,,,,,
fiep.mp4,1947,64.900,,,,,,,,,,
fiep.mp4,1948,64.933,,,,,,,,,,
fiep.mp4,1949,64.967,,,,,,,,,,
fiep.mp4,1950,65.000,,,,,,,,,,
fiep.mp4,1951,65.033,,,,,,,,,,
fiep.mp4,1952,65.067,,,,,,,,,,
fiep.mp4,1953,65.100,,,,,,,,,,
fiep.mp4,1954,65.133,,,,,,,,,,
fiep.mp4,1955,65.167,,,,,,,,,,
fiep.mp4,1956,65.200,,,,,,,,,,
fiep.mp4,1957,65.233,,,,,,,,,,
fiep.mp4,1958,65.267,,,,,,,,,,
fiep.mp4,1959,65.300,,,,,,,,,,
fiep.mp4,1960,65.333,,,,,,,,,,
fiep.mp4,1961,65.367,,,,,,,,,,
fiep.mp4,1962,65.400,,,,,,,,,,
fiep.mp4,1963,65.433,,,,,,,,,,
fiep.mp4,1964,65.467,,,,,,,,,,
fiep.mp4,1965,65.500,,,,,,,,,,
fiep.mp4,1966,65.533,,,,,,,,,,
fiep.mp4,1967,65.567,,,,,,,,,,
fiep.mp4,1968,65.600,,,,,,,,,,
fiep.mp4,1969,65.633,,,,,,,,,,
fiep.mp4,1970,65.667,,,,,,,,,,
fiep.mp4,1971,65.700,,,,,,,,,,
fiep.mp4,1972,65.733,,,,,,,,,,
fiep.mp4,1973,65.767,,,,,,,,,,
fiep.mp4,1974,65.800,,,,,,,,,,
fiep.mp4,1975,65.833,,,,,,,,,,
fiep.mp4,1976,65.867,,,,,,,,,,
fiep.mp4,1977,65.900,,,,,,,,,,
fiep.mp4,1978,65.933,,,,,,,,,,
fiep.mp4,1979,65.967,,,,,,,,,,
fiep.mp4,1980,66.000,,,,,,,,,,
fiep.mp4,1981,66.033,,,,,,,,,,
fiep.mp4,1982,66.067,,,,,,,,,,
fiep.mp4,1983,66.100,,,,,,,,,,
fiep.mp4,1984,66.133,,,,,,,,,,
fiep.mp4,1985,66.167,,,,,,,,,,
fiep.mp4,1986,66.200,,,,,,,,,,
fiep.mp4,1987,66.233,,,,,,,,,,
fiep.mp4,1988,66.267,,,,,,,,,,
fiep.mp4,1989,66.300,,,,,,,,,,
fiep.mp4,1990,66.333,,,,,,,,,,
fiep.mp4,1991,66.367,,,,,,,,,,
fiep.mp4,1992,66.400,,,,,,,,,,
fiep.mp4,1993,66.433,,,,,,,,,,
fiep.mp4,1994,66.467,,,,,,,,,,
fiep.mp4,1995,66.500,,,,,,,,,,
fiep.mp4,1996,66.533,,,,,,,,,,
fiep.mp4,1997,66.567,,,,,,,,,,
fiep.mp4,1998,66.600,,,,,,,,,,
fiep.mp4,1999,66.633,,,,,,,,,,
fiep.mp4,2000,66.667,,,,,,,,,,
fiep.mp4,2001,66.700,,,,,,,,,,
fiep.mp4,2002,66.733,,,,,,,,,,
fiep.mp4,2003,66.767,,,,,,,,,,
fiep.mp4,2004,66.800,,,,,,,,,,
fiep.mp4,2005,66.833,,,,,,,,,,
fiep.mp4,2006,66.867,,,,,,,,,,
fiep.mp4,2007,66.900,,,,,,,,,,
fiep.mp4,2008,66.933,,,,,,,,,,
fiep.mp4,2009,66.967,,,,,,,,,,
fiep.mp4,2010,67.000,,,,,,,,,,
fiep.mp4,2011,67.033,,,,,,,,,,
fiep.mp4,2012,67.067,,,,,,,,,,
fiep.mp4,2013,67.100,,,,,,,,,,
fiep.mp4,2014,67.133,,,,,,,,,,
fiep.mp4,2015,67.167,,,,,,,,,,
fiep.mp4,2016,67.200,,,,,,,,,,
fiep.mp4,2017,67.233,,,,,,,,,,
fiep.mp4,2018,67.267,,,,,,,,,,
fiep.mp4,2019,67.300,,,,,,,,,,
fiep.mp4,2020,67.333,,,,,,,,,,
fiep.mp4,2021,67.367,,,,,,,,,,
fiep.mp4,2022,67.400,,,,,,,,,,
fiep.mp4,2023,67.433,,,,,,,,,,
fiep.mp4,2024,67.467,,,,,,,,,,
fiep.mp4,2025,67.500,,,,,,,,,,
fiep.mp4,2026,67.533,,,,,,,,,,
fiep.mp4,2027,67.567,,,,,,,,,,
fiep.mp4,2028,67.600,1059.044,866.780,996.617,757.301,1121.472,976.259,0.376,,,
fiep.mp4,2029,67.633,,,,,,,,,,
fiep.mp4,2030,67.667,,,,,,,,,,
fiep.mp4,2031,67.700,,,,,,,,,,
fiep.mp4,2032,67.733,,,,,,,,,,
fiep.mp4,2033,67.767,1062.285,872.989,996.870,750.251,1127.699,995.727,0.516,,,
fiep.mp4,2034,67.800,1062.338,875.556,994.481,748.190,1130.196,1002.922,0.375,45.000,,
fiep.mp4,2035,67.833,1062.544,876.212,993.280,746.086,1131.808,1006.338,0.516,45.000,,
fiep.mp4,2036,67.867,1062.758,877.849,991.355,743.395,1134.162,1012.303,0.579,45.000,,
fiep.mp4,2037,67.900,1062.275,879.966,988.659,740.814,1135.891,1019.118,0.562,45.000,,
fiep.mp4,2038,67.933,1062.327,881.564,987.253,738.866,1137.401,1024.261,0.585,45.000,,
fiep.mp4,2039,67.967,1062.625,882.438,986.876,737.482,1138.373,1027.394,0.502,45.000,,
fiep.mp4,2040,68.000,1062.896,884.432,986.385,736.816,1139.407,1032.048,0.594,45.000,,
fiep.mp4,2041,68.033,1062.877,885.572,986.325,736.549,1139.428,1034.594,0.672,45.000,,
fiep.mp4,2042,68.067,1062.617,886.983,986.023,736.356,1139.211,1037.609,0.717,45.000,,
fiep.mp4,2043,68.100,1062.083,889.204,985.486,736.932,1138.679,1041.476,0.722,45.000,,
fiep.mp4,2044,68.133,1061.770,891.349,985.775,738.654,1137.764,1044.044,0.684,45.000,,
fiep.mp4,2045,68.167,1061.366,893.714,985.377,739.240,1137.355,1048.188,0.670,45.000,,
fiep.mp4,2046,68.200,1061.053,896.454,985.489,741.184,1136.618,1051.724,0.648,45.000,,
fiep.mp4,2047,68.233,1060.802,897.797,985.878,742.286,1135.727,1053.309,0.602,45.000,,
fiep.mp4,2048,68.267,1060.546,899.938,985.421,742.306,1135.670,1057.569,0.621,45.000,,
fiep.mp4,2049,68.300,1060.284,899.659,985.728,741.619,1134.840,1057.699,0.711,45.000,,
fiep.mp4,2050,68.333,1060.138,898.713,986.533,741.303,1133.743,1056.122,0.736,45.000,,
fiep.mp4,2051,68.367,1060.040,898.071,987.373,741.423,1132.707,1054.719,0.759,45.000,,
fiep.mp4,2052,68.400,1060.010,898.134,988.016,741.803,1132.005,1054.465,0.699,45.000,,
fiep.mp4,2053,68.433,1059.906,898.037,988.409,741.763,1131.404,1054.311,0.686,45.000,,
fiep.mp4,2054,68.467,1059.861,897.902,988.840,741.728,1130.882,1054.076,0.726,45.000,,
fiep.mp4,2055,68.500,1060.016,897.288,989.794,742.162,1130.238,1052.414,0.708,45.000,,
fiep.mp4,2056,68.533,1059.917,897.439,990.027,742.318,1129.807,1052.560,0.666,45.000,,
fiep.mp4,2057,68.567,1059.957,897.473,990.500,742.691,1129.414,1052.255,0.628,45.000,,
fiep.mp4,2058,68.600,1059.988,896.434,991.622,743.841,1128.353,1049.026,0.636,45.000,,
fiep.mp4,2059,68.633,1060.045,895.600,992.650,745.148,1127.440,1046.051,0.643,45.000,,
fiep.mp4,2060,68.667,1059.816,896.885,993.111,747.944,1126.522,1045.826,0.628,45.000,,
fiep.mp4,2061,68.700,1059.764,897.065,993.495,749.144,1126.033,1044.987,0.583,45.000,,
fiep.mp4,2062,68.733,1059.706,896.907,993.643,749.540,1125.770,1044.273,0.581,45.000,,
fiep.mp4,2063,68.767,1059.735,898.070,993.533,750.410,1125.936,1045.730,0.577,45.000,,
fiep.mp4,2064,68.800,1059.670,899.691,993.576,752.355,1125.765,1047.027,0.511,45.000,,
fiep.mp4,2065,68.833,1059.564,899.548,993.816,753.138,1125.312,1045.958,0.618,45.000,,
fiep.mp4,2066,68.867,1059.614,899.342,994.103,753.646,1125.126,1045.039,0.660,45.000,,
fiep.mp4,2067,68.900,1059.589,899.287,994.220,754.135,1124.958,1044.439,0.673,45.000,,
fiep.mp4,2068,68.933,1059.693,898.874,994.342,754.022,1125.043,1043.726,0.705,45.000,,
fiep.mp4,2069,68.967,1059.636,899.195,994.575,755.252,1124.697,1043.139,0.643,45.000,,
fiep.mp4,2070,69.000,1060.022,900.426,994.494,755.691,1125.550,1045.160,0.635,45.000,,
fiep.mp4,2071,69.033,1059.917,901.932,994.072,756.560,1125.763,1047.304,0.613,45.000,,
fiep.mp4,2072,69.067,1059.746,902.598,993.784,757.047,1125.709,1048.150,0.629,45.000,,
fiep.mp4,2073,69.100,1060.122,902.438,994.102,756.938,1126.143,1047.938,0.690,45.000,,
fiep.mp4,2074,69.133,1060.204,902.068,994.192,756.758,1126.215,1047.377,0.735,45.000,,
fiep.mp4,2075,69.167,1060.236,901.292,994.404,756.653,1126.068,1045.932,0.720,45.000,,
fiep.mp4,2076,69.200,1060.365,900.679,994.677,756.636,1126.053,1044.722,0.682,45.000,,
fiep.mp4,2077,69.233,1060.422,900.214,994.777,756.546,1126.067,1043.882,0.713,45.000,,
fiep.mp4,2078,69.267,1060.372,900.400,994.450,756.322,1126.294,1044.477,0.706,45.000,,
fiep.mp4,2079,69.300,1060.277,901.970,993.838,756.740,1126.716,1047.199,0.660,45.000,,
fiep.mp4,2080,69.333,1060.683,902.786,993.896,756.902,1127.469,1048.669,0.662,45.000,,
fiep.mp4,2081,69.367,1061.142,901.905,994.458,756.565,1127.826,1047.245,0.681,45.000,,
fiep.mp4,2082,69.400,1061.002,901.244,994.506,756.574,1127.498,1045.913,0.744,45.000,,
fiep.mp4,2083,69.433,1060.782,900.591,994.341,756.253,1127.222,1044.930,0.753,45.000,,
fiep.mp4,2084,69.467,1060.696,900.264,994.277,756.220,1127.115,1044.309,0.756,45.000,,
fiep.mp4,2085,69.500,1060.584,900.237,994.062,756.151,1127.106,1044.322,0.764,45.000,,
fiep.mp4,2086,69.533,1060.519,900.144,993.922,756.061,1127.116,1044.227,0.776,45.000,,
fiep.mp4,2087,69.567,1060.527,900.278,993.862,756.214,1127.193,1044.341,0.757,45.000,,
fiep.mp4,2088,69.600,1060.775,900.883,993.822,756.346,1127.727,1045.421,0.723,45.000,,
fiep.mp4,2089,69.633,1061.233,901.543,994.026,756.670,1128.440,1046.416,0.734,45.000,,
fiep.mp4,2090,69.667,1061.296,901.666,994.006,756.810,1128.587,1046.522,0.754,45.000,,
fiep.mp4,2091,69.700,1061.192,901.429,993.942,756.833,1128.442,1046.025,0.773,45.000,,
fiep.mp4,2092,69.733,1060.962,901.230,993.835,757.015,1128.089,1045.446,0.754,45.000,,
fiep.mp4,2093,69.767,1060.786,900.992,993.583,756.680,1127.990,1045.304,0.759,45.000,,
fiep.mp4,2094,69.800,1060.727,900.903,993.442,756.484,1128.011,1045.322,0.764,45.000,,
fiep.mp4,2095,69.833,1060.821,900.704,993.518,756.361,1128.123,1045.048,0.757,45.000,,
fiep.mp4,2096,69.867,1060.954,900.675,993.664,756.489,1128.243,1044.861,0.759,45.000,,
fiep.mp4,2097,69.900,1061.119,901.112,993.490,756.263,1128.747,1045.960,0.699,45.000,,
fiep.mp4,2098,69.933,1061.268,901.760,993.416,756.493,1129.120,1047.027,0.735,45.000,,
fiep.mp4,2099,69.967,1061.025,901.779,993.151,756.453,1128.899,1047.105,0.714,45.000,,
fiep.mp4,2100,70.000,1061.155,902.042,993.254,756.649,1129.056,1047.434,0.737,45.000,,
fiep.mp4,2101,70.033,1061.241,901.892,993.306,756.410,1129.177,1047.374,0.770,45.000,,
fiep.mp4,2102,70.067,1061.272,901.809,993.252,756.112,1129.293,1047.506,0.781,45.000,,
fiep.mp4,2103,70.100,1061.190,901.710,993.144,755.926,1129.236,1047.495,0.748,45.000,,
fiep.mp4,2104,70.133,1061.251,901.343,993.301,755.757,1129.201,1046.928,0.750,45.000,,
fiep.mp4,2105,70.167,1061.188,901.771,993.066,755.767,1129.310,1047.774,0.707,45.000,,
fiep.mp4,2106,70.200,1061.123,903.644,992.285,755.839,1129.961,1051.449,0.704,45.000,,
fiep.mp4,2107,70.233,1060.630,904.272,991.740,755.988,1129.520,1052.557,0.736,45.000,,
fiep.mp4,2108,70.267,1060.367,904.656,991.456,755.991,1129.278,1053.321,0.691,45.000,,
fiep.mp4,2109,70.300,1060.547,903.649,992.055,755.786,1129.039,1051.511,0.742,45.000,,
fiep.mp4,2110,70.333,1060.727,903.081,992.337,755.344,1129.117,1050.818,0.725,45.000,,
fiep.mp4,2111,70.367,1060.579,902.888,992.300,755.244,1128.858,1050.532,0.731,45.000,,
fiep.mp4,2112,70.400,1060.491,902.354,992.366,754.887,1128.615,1049.821,0.740,45.000,,
fiep.mp4,2113,70.433,1060.440,901.941,992.500,754.761,1128.380,1049.122,0.737,45.000,,
fiep.mp4,2114,70.467,1060.321,901.942,992.223,754.205,1128.419,1049.679,0.730,45.000,,
fiep.mp4,2115,70.500,1060.285,902.582,991.538,752.987,1129.031,1052.177,0.733,45.000,,
fiep.mp4,2116,70.533,1060.138,902.645,991.235,752.242,1129.041,1053.049,0.746,45.000,,
fiep.mp4,2117,70.567,1060.089,902.286,991.176,751.369,1129.003,1053.203,0.733,45.000,,
fiep.mp4,2118,70.600,1060.056,902.036,991.228,750.847,1128.884,1053.226,0.749,45.000,,
fiep.mp4,2119,70.633,1060.024,901.876,991.356,750.645,1128.691,1053.106,0.740,45.000,,
fiep.mp4,2120,70.667,1059.945,901.843,991.342,750.371,1128.548,1053.314,0.758,45.000,,
fiep.mp4,2121,70.700,1059.896,901.587,991.386,749.957,1128.406,1053.216,0.762,45.000,,
fiep.mp4,2122,70.733,1059.597,901.808,991.389,750.473,1127.805,1053.142,0.769,45.000,,
fiep.mp4,2123,70.767,1059.513,901.721,991.520,750.542,1127.505,1052.900,0.773,45.000,,
fiep.mp4,2124,70.800,1059.319,901.520,991.486,750.325,1127.152,1052.715,0.768,45.000,,
fiep.mp4,2125,70.833,1059.274,901.273,991.628,750.119,1126.919,1052.428,0.750,45.000,,
fiep.mp4,2126,70.867,1059.265,901.755,991.471,749.828,1127.059,1053.682,0.773,45.000,,
fiep.mp4,2127,70.900,1059.229,901.959,991.357,749.388,1127.102,1054.530,0.763,45.000,,
fiep.mp4,2128,70.933,1059.176,901.734,991.461,749.086,1126.890,1054.383,0.736,45.000,,
fiep.mp4,2129,70.967,1059.228,901.338,991.672,748.695,1126.783,1053.981,0.732,45.000,,
fiep.mp4,2130,71.000,1059.382,900.660,991.981,748.031,1126.782,1053.289,0.727,45.000,,
fiep.mp4,2131,71.033,1059.815,899.845,992.568,747.368,1127.063,1052.323,0.709,45.000,,
fiep.mp4,2132,71.067,1059.956,899.359,992.779,746.839,1127.133,1051.878,0.725,45.000,,
fiep.mp4,2133,71.100,1059.984,899.080,992.853,746.496,1127.115,1051.663,0.730,45.000,,
fiep.mp4,2134,71.133,1059.958,899.323,992.668,746.105,1127.248,1052.541,0.735,45.000,,
fiep.mp4,2135,71.167,1059.894,900.146,992.316,745.926,1127.472,1054.366,0.744,45.000,,
fiep.mp4,2136,71.200,1059.893,900.040,992.508,746.056,1127.277,1054.025,0.730,45.000,,
fiep.mp4,2137,71.233,1059.813,899.177,992.985,746.462,1126.640,1051.891,0.709,45.000,,
fiep.mp4,2138,71.267,1059.751,898.779,993.568,747.689,1125.933,1049.869,0.724,45.000,,
fiep.mp4,2139,71.300,1059.482,897.759,993.776,747.949,1125.187,1047.568,0.729,45.000,,
fiep.mp4,2140,71.333,1059.408,897.225,993.830,747.853,1124.986,1046.596,0.724,45.000,,
fiep.mp4,2141,71.367,1059.350,897.128,993.726,747.776,1124.974,1046.481,0.730,45.000,,
fiep.mp4,2142,71.400,1059.386,897.343,993.607,747.745,1125.165,1046.941,0.719,45.000,,
fiep.mp4,2143,71.433,1059.514,897.788,993.449,747.640,1125.578,1047.936,0.746,45.000,,
fiep.mp4,2144,71.467,1059.685,898.743,993.270,747.850,1126.100,1049.637,0.761,45.000,,
fiep.mp4,2145,71.500,1059.897,898.883,993.312,747.670,1126.483,1050.096,0.751,45.000,,
fiep.mp4,2146,71.533,1059.845,898.581,993.352,747.668,1126.338,1049.494,0.767,45.000,,
fiep.mp4,2147,71.567,1059.816,898.311,993.230,747.207,1126.402,1049.416,0.762,45.000,,
fiep.mp4,2148,71.600,1059.621,897.712,993.082,746.757,1126.160,1048.666,0.755,45.000,,
fiep.mp4,2149,71.633,1059.408,897.303,993.062,746.846,1125.753,1047.760,0.746,45.000,,
fiep.mp4,2150,71.667,1059.352,897.268,993.189,747.315,1125.514,1047.221,0.745,45.000,,
fiep.mp4,2151,71.700,1059.508,897.311,993.351,747.489,1125.666,1047.132,0.741,45.000,,
fiep.mp4,2152,71.733,1059.354,898.019,993.342,748.575,1125.366,1047.462,0.746,45.000,,
fiep.mp4,2153,71.767,1059.280,898.255,993.193,748.615,1125.367,1047.894,0.731,45.000,,
fiep.mp4,2154,71.800,1059.733,897.994,993.567,748.242,1125.899,1047.746,0.712,45.000,,
fiep.mp4,2155,71.833,1059.877,898.439,993.485,748.171,1126.269,1048.707,0.702,45.000,,
fiep.mp4,2156,71.867,1059.955,898.327,993.567,748.132,1126.344,1048.522,0.705,45.000,,
fiep.mp4,2157,71.900,1059.506,898.625,993.328,748.952,1125.685,1048.297,0.724,45.000,,
fiep.mp4,2158,71.933,1059.330,898.952,993.263,749.593,1125.396,1048.312,0.717,45.000,,
fiep.mp4,2159,71.967,1059.133,899.082,993.092,749.859,1125.175,1048.305,0.707,45.000,,
fiep.mp4,2160,72.000,1059.484,898.584,993.082,748.532,1125.886,1048.636,0.660,45.000,,
fiep.mp4,2161,72.033,1059.652,897.987,993.083,747.551,1126.221,1048.423,0.669,45.000,,
fiep.mp4,2162,72.067,1059.144,898.271,992.661,747.971,1125.627,1048.570,0.735,45.000,,
fiep.mp4,2163,72.100,1059.605,897.069,993.192,747.077,1126.017,1047.061,0.650,45.000,,
fiep.mp4,2164,72.133,1059.739,896.839,993.586,747.658,1125.892,1046.021,0.689,45.000,,
fiep.mp4,2165,72.167,1059.878,896.619,994.177,748.867,1125.579,1044.372,0.712,45.000,,
fiep.mp4,2166,72.200,1060.034,896.308,994.503,749.379,1125.564,1043.237,0.688,45.000,,
fiep.mp4,2167,72.233,1060.071,895.834,994.783,749.939,1125.359,1041.730,0.630,45.000,,
fiep.mp4,2168,72.267,1060.142,896.400,995.407,752.444,1124.877,1040.356,0.707,45.000,,
fiep.mp4,2169,72.300,1060.121,896.789,995.608,754.031,1124.634,1039.546,0.720,45.000,,
fiep.mp4,2170,72.333,1060.059,897.347,995.563,755.256,1124.554,1039.437,0.653,45.000,,
fiep.mp4,2171,72.367,1060.008,897.343,995.569,756.057,1124.446,1038.629,0.733,45.000,,
fiep.mp4,2172,72.400,1060.038,897.501,995.553,756.718,1124.523,1038.284,0.735,45.000,,
fiep.mp4,2173,72.433,1059.972,897.437,995.598,757.571,1124.347,1037.303,0.750,45.000,,
fiep.mp4,2174,72.467,1060.002,897.544,995.589,758.249,1124.416,1036.839,0.700,45.000,,
fiep.mp4,2175,72.500,1060.002,897.695,995.680,759.238,1124.324,1036.152,0.663,45.000,,
fiep.mp4,2176,72.533,1059.960,897.858,995.589,759.900,1124.330,1035.816,0.635,45.000,,
fiep.mp4,2177,72.567,1059.811,897.717,995.322,760.121,1124.299,1035.314,0.602,45.000,,
fiep.mp4,2178,72.600,1059.559,897.961,994.907,760.629,1124.211,1035.292,0.604,45.000,,
fiep.mp4,2179,72.633,1059.496,898.134,994.645,760.919,1124.348,1035.348,0.512,45.000,,
fiep.mp4,2180,72.667,1059.374,897.861,994.394,760.894,1124.355,1034.828,0.511,45.000,,
fiep.mp4,2181,72.700,1059.370,897.599,994.205,760.717,1124.535,1034.482,0.445,45.000,,
fiep.mp4,2182,72.733,1059.301,897.851,993.934,761.007,1124.667,1034.695,0.449,45.000,,
fiep.mp4,2183,72.767,1059.299,897.989,993.680,761.003,1124.917,1034.975,0.474,45.000,,
fiep.mp4,2184,72.800,1059.199,898.270,993.302,760.983,1125.097,1035.557,0.547,45.000,,
fiep.mp4,2185,72.833,1059.266,898.595,993.081,760.921,1125.450,1036.269,0.490,45.000,,
fiep.mp4,2186,72.867,1059.360,898.698,992.920,760.634,1125.800,1036.762,0.526,45.000,,
fiep.mp4,2187,72.900,1059.477,898.560,992.882,760.294,1126.072,1036.825,0.554,45.000,,
fiep.mp4,2188,72.933,1059.512,898.490,992.742,759.923,1126.282,1037.056,0.554,45.000,,
fiep.mp4,2189,72.967,1059.565,898.311,992.729,759.671,1126.400,1036.951,0.546,45.000,,
fiep.mp4,2190,73.000,1059.564,897.829,992.694,759.198,1126.434,1036.461,0.512,45.000,,
fiep.mp4,2191,73.033,1059.573,897.517,992.590,758.698,1126.556,1036.336,0.413,45.000,,
fiep.mp4,2192,73.067,1059.652,896.926,992.441,757.624,1126.862,1036.228,0.355,45.000,,
fiep.mp4,2193,73.100,1059.216,896.491,992.159,757.420,1126.272,1035.562,0.289,45.000,,
fiep.mp4,2194,73.133,1059.633,895.321,992.345,755.731,1126.921,1034.911,0.353,45.000,,
fiep.mp4,2195,73.167,1059.788,894.686,992.325,754.640,1127.251,1034.733,0.437,45.000,,
fiep.mp4,2196,73.200,1059.982,893.507,992.206,752.605,1127.757,1034.409,0.497,45.000,,
fiep.mp4,2197,73.233,1059.922,892.633,991.960,751.099,1127.884,1034.168,0.587,45.000,,
fiep.mp4,2198,73.267,1059.447,892.108,991.586,750.492,1127.308,1033.725,0.550,45.000,,
fiep.mp4,2199,73.300,1059.110,890.407,991.429,748.951,1126.791,1031.862,0.512,45.000,,
fiep.mp4,2200,73.333,1059.128,889.752,991.342,747.917,1126.913,1031.586,0.531,45.000,,
fiep.mp4,2201,73.367,1059.178,889.704,991.303,747.496,1127.054,1031.913,0.500,45.000,,
fiep.mp4,2202,73.400,1059.244,889.527,991.715,747.969,1126.772,1031.085,0.475,45.000,,
fiep.mp4,2203,73.433,1059.239,890.544,992.191,750.056,1126.287,1031.033,0.457,45.000,,
fiep.mp4,2204,73.467,1059.387,890.758,993.028,751.965,1125.746,1029.552,0.493,45.000,,
fiep.mp4,2205,73.500,1059.543,890.864,993.668,753.453,1125.418,1028.275,0.496,45.000,,
fiep.mp4,2206,73.533,1059.612,891.371,994.006,754.927,1125.218,1027.816,0.519,45.000,,
fiep.mp4,2207,73.567,1059.653,891.909,994.395,756.634,1124.911,1027.184,0.508,45.000,,
fiep.mp4,2208,73.600,1059.748,892.383,994.559,757.658,1124.936,1027.108,0.519,45.000,,
fiep.mp4,2209,73.633,1059.812,893.027,994.595,758.638,1125.028,1027.415,0.480,45.000,,
fiep.mp4,2210,73.667,1059.769,893.286,994.553,759.313,1124.985,1027.260,0.481,45.000,,
fiep.mp4,2211,73.700,1059.681,893.334,994.514,759.853,1124.848,1026.816,0.464,45.000,,
fiep.mp4,2212,73.733,1059.517,893.849,994.538,761.154,1124.497,1026.544,0.478,45.000,,
fiep.mp4,2213,73.767,,,,,,,,,,
fiep.mp4,2214,73.800,,,,,,,,,,
fiep.mp4,2215,73.833,,,,,,,,,,
fiep.mp4,2216,73.867,,,,,,,,,,
fiep.mp4,2217,73.900,,,,,,,,,,
fiep.mp4,2218,73.933,,,,,,,,,,
fiep.mp4,2219,73.967,,,,,,,,,,
fiep.mp4,2220,74.000,1059.668,896.143,995.071,765.153,1124.265,1027.132,0.396,45.000,,
fiep.mp4,2221,74.033,1059.686,896.847,994.787,765.959,1124.584,1027.735,0.424,45.000,,
fiep.mp4,2222,74.067,1059.774,897.676,994.389,766.193,1125.159,1029.160,0.365,45.000,,
fiep.mp4,2223,74.100,1059.164,898.426,993.927,767.733,1124.401,1029.120,0.301,45.000,,
fiep.mp4,2224,74.133,,,,,,,,,,
fiep.mp4,2225,74.167,1058.925,898.719,993.727,768.546,1124.123,1028.891,0.393,45.000,,
fiep.mp4,2226,74.200,,,,,,,,,,
fiep.mp4,2227,74.233,,,,,,,,,,
fiep.mp4,2228,74.267,,,,,,,,,,
fiep.mp4,2229,74.300,1059.327,899.518,993.386,767.992,1125.268,1031.045,0.317,45.000,,
fiep.mp4,2230,74.333,1060.076,898.473,993.423,765.472,1126.729,1031.474,0.356,45.000,,
fiep.mp4,2231,74.367,1061.138,898.406,994.201,765.210,1128.075,1031.602,0.384,45.000,,
fiep.mp4,2232,74.400,1062.008,898.108,994.626,764.422,1129.390,1031.795,0.395,45.000,,
fiep.mp4,2233,74.433,1063.512,898.342,995.424,763.879,1131.599,1032.805,0.351,45.000,,
fiep.mp4,2234,74.467,1064.340,898.567,995.521,763.171,1133.159,1033.962,0.408,45.000,,
fiep.mp4,2235,74.500,1064.368,899.041,995.780,764.714,1132.956,1033.368,0.368,45.000,,
fiep.mp4,2236,74.533,1065.518,898.808,997.025,765.698,1134.010,1031.919,0.340,45.000,,
fiep.mp4,2237,74.567,1066.495,898.302,997.889,766.118,1135.101,1030.485,0.342,45.000,,
fiep.mp4,2238,74.600,1222.295,682.250,1127.487,632.076,1317.103,732.424,0.395,49.000,,
fiep.mp4,2239,74.633,1067.554,896.023,997.502,763.011,1137.606,1029.035,0.334,45.000,,
fiep.mp4,2240,74.667,1066.672,895.367,996.220,762.038,1137.125,1028.695,0.361,45.000,,
fiep.mp4,2241,74.700,1065.384,896.151,995.169,763.523,1135.599,1028.779,0.349,45.000,,
fiep.mp4,2242,74.733,1066.018,895.970,995.740,763.855,1136.296,1028.084,0.371,45.000,,
fiep.mp4,2243,74.767,1066.075,895.442,995.690,763.710,1136.460,1027.175,0.432,45.000,,
fiep.mp4,2244,74.800,1222.470,682.236,1127.486,631.957,1317.454,732.516,0.446,49.000,,
fiep.mp4,2245,74.833,1222.414,682.283,1127.415,631.974,1317.413,732.591,0.415,49.000,,
fiep.mp4,2246,74.867,1066.216,892.121,995.964,762.514,1136.467,1021.728,0.303,45.000,,
fiep.mp4,2247,74.900,1066.274,891.285,996.006,762.279,1136.543,1020.291,0.312,45.000,,
fiep.mp4,2248,74.933,1222.438,682.293,1127.797,632.166,1317.078,732.420,0.365,49.000,,
fiep.mp4,2249,74.967,1222.144,682.365,1127.385,632.154,1316.902,732.576,0.381,49.000,,
fiep.mp4,2250,75.000,1066.537,887.442,995.450,758.577,1137.624,1016.306,0.385,45.000,,
fiep.mp4,2251,75.033,1066.569,885.960,995.306,757.272,1137.832,1014.647,0.398,45.000,,
fiep.mp4,2252,75.067,1066.541,884.894,994.892,755.861,1138.191,1013.927,0.461,45.000,,
fiep.mp4,2253,75.100,1066.449,884.377,994.398,754.826,1138.500,1013.929,0.449,45.000,,
fiep.mp4,2254,75.133,1066.329,884.173,993.772,753.782,1138.886,1014.564,0.480,45.000,,
fiep.mp4,2255,75.167,,,,,,,,,,
fiep.mp4,2256,75.200,1221.786,682.247,1127.600,632.371,1315.972,732.122,0.333,49.000,,
fiep.mp4,2257,75.233,,,,,,,,,,
fiep.mp4,2258,75.267,1221.936,682.213,1127.506,632.204,1316.367,732.223,0.283,49.000,,
fiep.mp4,2259,75.300,,,,,,,,,,
fiep.mp4,2260,75.333,1066.687,881.660,994.132,751.818,1139.242,1011.501,0.377,45.000,,
fiep.mp4,2261,75.367,1066.994,881.321,993.879,750.714,1140.109,1011.929,0.471,45.000,,
fiep.mp4,2262,75.400,1067.231,881.104,993.953,750.515,1140.510,1011.692,0.463,45.000,,
fiep.mp4,2263,75.433,1067.676,880.959,993.848,749.616,1141.503,1012.302,0.454,45.000,,
fiep.mp4,2264,75.467,1068.035,881.031,993.856,749.340,1142.213,1012.722,0.419,45.000,,
fiep.mp4,2265,75.500,1068.167,881.129,993.821,749.431,1142.514,1012.828,0.471,45.000,,
fiep.mp4,2266,75.533,1068.415,880.500,993.625,748.342,1143.205,1012.658,0.547,45.000,,
fiep.mp4,2267,75.567,1068.144,880.235,993.481,748.614,1142.807,1011.857,0.533,45.000,,
fiep.mp4,2268,75.600,1068.351,879.516,993.359,747.615,1143.344,1011.418,0.602,45.000,,
fiep.mp4,2269,75.633,1068.270,879.267,993.325,747.860,1143.215,1010.674,0.555,45.000,,
fiep.mp4,2270,75.667,1068.422,879.899,993.833,749.726,1143.011,1010.072,0.447,45.000,,
fiep.mp4,2271,75.700,1068.680,880.913,994.450,752.095,1142.910,1009.731,0.400,45.000,,
fiep.mp4,2272,75.733,1068.940,882.261,995.301,755.414,1142.579,1009.107,0.272,45.000,,
fiep.mp4,2273,75.767,,,,,,,,,,
fiep.mp4,2274,75.800,1222.347,681.965,1127.256,631.643,1317.438,732.287,0.395,49.000,,
fiep.mp4,2275,75.833,1222.436,681.991,1127.410,631.664,1317.462,732.317,0.431,49.000,,
fiep.mp4,2276,75.867,1222.382,681.993,1127.520,631.735,1317.244,732.251,0.476,49.000,,
fiep.mp4,2277,75.900,1222.767,682.272,1127.934,632.011,1317.600,732.533,0.505,49.000,,
fiep.mp4,2278,75.933,1222.929,682.266,1127.646,631.702,1318.211,732.831,0.507,49.000,,
fiep.mp4,2279,75.967,1222.962,682.326,1127.998,631.919,1317.926,732.733,0.497,49.000,,
fiep.mp4,2280,76.000,1222.932,682.441,1128.350,632.239,1317.514,732.642,0.518,49.000,,
fiep.mp4,2281,76.033,1222.964,682.508,1128.563,632.405,1317.365,732.611,0.495,49.000,,
fiep.mp4,2282,76.067,1222.996,682.584,1128.655,632.521,1317.336,732.647,0.476,49.000,,
fiep.mp4,2283,76.100,1222.982,682.594,1128.671,632.557,1317.292,732.630,0.467,49.000,,
fiep.mp4,2284,76.133,1222.558,682.343,1128.388,632.396,1316.728,732.289,0.444,49.000,,
fiep.mp4,2285,76.167,1222.316,682.243,1128.067,632.263,1316.564,732.222,0.436,49.000,,
fiep.mp4,2286,76.200,1222.101,682.254,1127.786,632.258,1316.416,732.251,0.451,49.000,,
fiep.mp4,2287,76.233,1222.053,682.227,1127.803,632.284,1316.302,732.170,0.463,49.000,,
fiep.mp4,2288,76.267,1222.045,682.215,1127.792,632.286,1316.299,732.144,0.430,49.000,,
fiep.mp4,2289,76.300,1221.969,682.139,1127.703,632.212,1316.235,732.066,0.463,49.000,,
fiep.mp4,2290,76.333,1221.737,682.290,1127.581,632.428,1315.894,732.152,0.480,49.000,,
fiep.mp4,2291,76.367,1064.672,888.802,990.869,768.869,1138.474,1008.735,0.463,45.000,,
fiep.mp4,2292,76.400,1064.216,889.093,990.554,768.913,1137.878,1009.273,0.524,45.000,,
fiep.mp4,2293,76.433,1062.323,889.141,989.003,768.698,1135.642,1009.584,0.499,45.000,,
fiep.mp4,2294,76.467,1061.414,888.963,988.636,768.619,1134.192,1009.308,0.542,45.000,,
fiep.mp4,2295,76.500,1060.477,888.925,988.147,768.438,1132.807,1009.413,0.556,45.000,,
fiep.mp4,2296,76.533,1060.066,888.903,988.368,768.669,1131.764,1009.138,0.573,45.000,,
fiep.mp4,2297,76.567,1059.533,888.613,988.294,768.347,1130.773,1008.878,0.517,45.000,,
fiep.mp4,2298,76.600,1059.429,888.966,988.468,768.377,1130.391,1009.555,0.519,45.000,,
fiep.mp4,2299,76.633,1059.249,889.192,988.677,768.578,1129.821,1009.806,0.528,45.000,,
fiep.mp4,2300,76.667,1221.795,682.214,1127.197,632.281,1316.394,732.148,0.460,49.000,,
fiep.mp4,2301,76.700,1221.634,682.290,1126.963,632.312,1316.305,732.268,0.477,49.000,,
fiep.mp4,2302,76.733,1221.575,682.396,1126.861,632.387,1316.289,732.405,0.471,49.000,,
fiep.mp4,2303,76.767,1221.516,682.356,1126.803,632.343,1316.229,732.368,0.467,49.000,,
fiep.mp4,2304,76.800,1221.828,682.143,1126.916,632.010,1316.739,732.277,0.444,49.000,,
fiep.mp4,2305,76.833,1059.367,888.718,989.357,766.023,1129.378,1011.413,0.281,45.000,,
fiep.mp4,2306,76.867,1222.047,682.044,1127.224,631.955,1316.870,732.134,0.448,49.000,,
fiep.mp4,2307,76.900,1222.069,682.004,1127.265,631.925,1316.873,732.083,0.455,49.000,,
fiep.mp4,2308,76.933,,,,,,,,,,
fiep.mp4,2309,76.967,,,,,,,,,,
fiep.mp4,2310,77.000,,,,,,,,,,
fiep.mp4,2311,77.033,1221.980,681.824,1127.259,631.800,1316.702,731.848,0.399,49.000,,
fiep.mp4,2312,77.067,,,,,,,,,,
fiep.mp4,2313,77.100,,,,,,,,,,
fiep.mp4,2314,77.133,1059.758,887.407,989.737,762.922,1129.780,1011.893,0.385,45.000,,
fiep.mp4,2315,77.167,1059.850,886.768,990.150,762.134,1129.550,1011.401,0.429,45.000,,
fiep.mp4,2316,77.200,1060.004,885.447,991.035,761.756,1128.973,1009.138,0.438,45.000,,
fiep.mp4,2317,77.233,,,,,,,,,,
fiep.mp4,2318,77.267,,,,,,,,,,
fiep.mp4,2319,77.300,,,,,,,,,,
fiep.mp4,2320,77.333,,,,,,,,,,
fiep.mp4,2321,77.367,,,,,,,,,,
fiep.mp4,2322,77.400,,,,,,,,,,
fiep.mp4,2323,77.433,,,,,,,,,,
fiep.mp4,2324,77.467,1060.518,876.226,993.220,755.546,1127.816,996.905,0.266,45.000,,
fiep.mp4,2325,77.500,1060.357,878.097,991.836,754.505,1128.878,1001.689,0.403,45.000,,
fiep.mp4,2326,77.533,1059.888,879.833,990.850,754.429,1128.926,1005.237,0.294,45.000,,
fiep.mp4,2327,77.567,1060.448,881.329,991.603,755.808,1129.292,1006.849,0.350,45.000,,
fiep.mp4,2328,77.600,1060.604,882.077,991.932,756.331,1129.275,1007.822,0.511,45.000,,
fiep.mp4,2329,77.633,1060.696,882.605,992.022,756.343,1129.371,1008.867,0.501,45.000,,
fiep.mp4,2330,77.667,1060.722,882.987,992.143,756.497,1129.301,1009.478,0.562,45.000,,
fiep.mp4,2331,77.700,1061.040,882.942,992.547,756.419,1129.532,1009.465,0.454,45.000,,
fiep.mp4,2332,77.733,1062.020,883.237,993.664,757.110,1130.376,1009.364,0.419,45.000,,
fiep.mp4,2333,77.767,1064.202,883.495,995.468,757.305,1132.937,1009.684,0.428,45.000,,
fiep.mp4,2334,77.800,1066.285,883.902,996.840,757.247,1135.729,1010.556,0.600,45.000,,
fiep.mp4,2335,77.833,1068.928,884.160,998.678,757.421,1139.179,1010.899,0.555,45.000,,
fiep.mp4,2336,77.867,1070.597,883.652,999.676,757.217,1141.518,1010.088,0.465,45.000,,
fiep.mp4,2337,77.900,1070.922,883.782,999.271,757.291,1142.572,1010.273,0.472,45.000,,
fiep.mp4,2338,77.933,1070.962,883.637,998.916,757.682,1143.007,1009.591,0.317,45.000,,
fiep.mp4,2339,77.967,1070.328,883.551,997.891,757.845,1142.766,1009.256,0.320,45.000,,
fiep.mp4,2340,78.000,1070.328,883.684,997.485,758.185,1143.171,1009.182,0.306,45.000,,
fiep.mp4,2341,78.033,1222.203,682.199,1127.447,632.132,1316.960,732.265,0.390,49.000,,
fiep.mp4,2342,78.067,1222.211,682.305,1127.518,632.265,1316.904,732.344,0.397,49.000,,
fiep.mp4,2343,78.100,1222.239,682.333,1127.417,632.176,1317.061,732.489,0.390,49.000,,
fiep.mp4,2344,78.133,1222.284,682.329,1127.558,632.193,1317.010,732.465,0.379,49.000,,
fiep.mp4,2345,78.167,,,,,,,,,,
fiep.mp4,2346,78.200,,,,,,,,,,
fiep.mp4,2347,78.233,1222.263,682.134,1127.792,632.126,1316.733,732.142,0.369,49.000,,
fiep.mp4,2348,78.267,,,,,,,,,,
fiep.mp4,2349,78.300,,,,,,,,,,
fiep.mp4,2350,78.333,,,,,,,,,,
fiep.mp4,2351,78.367,,,,,,,,,,
fiep.mp4,2352,78.400,,,,,,,,,,
fiep.mp4,2353,78.433,,,,,,,,,,
fiep.mp4,2354,78.467,,,,,,,,,,
fiep.mp4,2355,78.500,,,,,,,,,,
fiep.mp4,2356,78.533,,,,,,,,,,
fiep.mp4,2357,78.567,,,,,,,,,,
fiep.mp4,2358,78.600,,,,,,,,,,
fiep.mp4,2359,78.633,,,,,,,,,,
fiep.mp4,2360,78.667,,,,,,,,,,
fiep.mp4,2361,78.700,,,,,,,,,,
fiep.mp4,2362,78.733,,,,,,,,,,
fiep.mp4,2363,78.767,1070.789,883.821,996.062,759.438,1145.516,1008.204,0.298,45.000,,
fiep.mp4,2364,78.800,1072.847,881.741,997.548,758.782,1148.146,1004.700,0.275,45.000,,
fiep.mp4,2365,78.833,1222.606,682.322,1128.420,632.473,1316.793,732.171,0.434,49.000,,
fiep.mp4,2366,78.867,,,,,,,,,,
fiep.mp4,2367,78.900,,,,,,,,,,
fiep.mp4,2368,78.933,1086.781,877.481,1008.013,755.793,1165.548,999.170,0.273,45.000,,
fiep.mp4,2369,78.967,1222.533,682.191,1127.820,631.983,1317.246,732.400,0.399,49.000,,
fiep.mp4,2370,79.000,1096.317,874.283,1010.350,749.525,1182.285,999.042,0.502,45.000,,
fiep.mp4,2371,79.033,1100.640,872.682,1010.993,745.846,1190.286,999.519,0.552,45.000,,
fiep.mp4,2372,79.067,1103.978,869.892,1010.567,740.469,1197.390,999.315,0.533,45.000,,
fiep.mp4,2373,79.100,1107.293,868.000,1009.818,735.372,1204.768,1000.628,0.513,45.000,,
fiep.mp4,2374,79.133,1110.672,866.672,1009.132,730.763,1212.213,1002.582,0.589,45.000,,
fiep.mp4,2375,79.167,1113.552,865.690,1007.877,726.139,1219.227,1005.241,0.625,45.000,,
fiep.mp4,2376,79.200,1116.192,864.850,1005.696,720.403,1226.688,1009.297,0.431,45.000,,
fiep.mp4,2377,79.233,1118.817,865.438,1004.134,716.796,1233.500,1014.081,0.436,45.000,,
fiep.mp4,2378,79.267,1120.432,865.750,1001.762,712.769,1239.101,1018.730,0.424,45.000,,
fiep.mp4,2379,79.300,1121.310,864.904,999.651,708.797,1242.969,1021.012,0.405,45.000,,
fiep.mp4,2380,79.333,1123.589,863.056,999.334,704.630,1247.844,1021.481,0.435,45.000,,
fiep.mp4,2381,79.367,1125.674,859.234,999.556,699.569,1251.792,1018.900,0.537,45.000,,
fiep.mp4,2382,79.400,1127.912,855.752,999.772,694.400,1256.051,1017.103,0.538,45.000,,
fiep.mp4,2383,79.433,1129.127,852.908,999.502,690.511,1258.753,1015.304,0.498,45.000,,
fiep.mp4,2384,79.467,1129.829,849.123,999.622,686.742,1260.036,1011.504,0.451,45.000,,
fiep.mp4,2385,79.500,,,,,,,,,,
fiep.mp4,2386,79.533,,,,,,,,,,
fiep.mp4,2387,79.567,,,,,,,,,,
fiep.mp4,2388,79.600,,,,,,,,,,
fiep.mp4,2389,79.633,,,,,,,,,,
fiep.mp4,2390,79.667,,,,,,,,,,
fiep.mp4,2391,79.700,1222.012,682.316,1128.245,632.465,1315.779,732.166,0.255,49.000,,
fiep.mp4,2392,79.733,1221.873,682.361,1128.411,632.659,1315.336,732.062,0.337,49.000,,
fiep.mp4,2393,79.767,,,,,,,,,,
fiep.mp4,2394,79.800,,,,,,,,,,
fiep.mp4,2395,79.833,,,,,,,,,,
fiep.mp4,2396,79.867,,,,,,,,,,
fiep.mp4,2397,79.900,,,,,,,,,,
fiep.mp4,2398,79.933,,,,,,,,,,
fiep.mp4,2399,79.967,,,,,,,,,,
fiep.mp4,2400,80.000,,,,,,,,,,
fiep.mp4,2401,80.033,,,,,,,,,,
fiep.mp4,2402,80.067,,,,,,,,,,
fiep.mp4,2403,80.100,,,,,,,,,,
fiep.mp4,2404,80.133,,,,,,,,,,
fiep.mp4,2405,80.167,,,,,,,,,,
fiep.mp4,2406,80.200,,,,,,,,,,
fiep.mp4,2407,80.233,,,,,,,,,,
fiep.mp4,2408,80.267,,,,,,,,,,
fiep.mp4,2409,80.300,,,,,,,,,,
fiep.mp4,2410,80.333,,,,,,,,,,
fiep.mp4,2411,80.367,,,,,,,,,,
fiep.mp4,2412,80.400,,,,,,,,,,
fiep.mp4,2413,80.433,,,,,,,,,,
fiep.mp4,2414,80.467,,,,,,,,,,
fiep.mp4,2415,80.500,,,,,,,,,,
fiep.mp4,2416,80.533,,,,,,,,,,
fiep.mp4,2417,80.567,,,,,,,,,,
fiep.mp4,2418,80.600,,,,,,,,,,
fiep.mp4,2419,80.633,,,,,,,,,,
fiep.mp4,2420,80.667,,,,,,,,,,
fiep.mp4,2421,80.700,,,,,,,,,,
fiep.mp4,2422,80.733,,,,,,,,,,
fiep.mp4,2423,80.767,,,,,,,,,,
fiep.mp4,2424,80.800,,,,,,,,,,
fiep.mp4,2425,80.833,1232.883,825.547,1075.863,667.577,1389.902,983.518,0.371,,,
fiep.mp4,2426,80.867,1233.105,830.904,1081.540,678.475,1384.671,983.334,0.553,51.000,,
fiep.mp4,2427,80.900,1232.631,832.733,1083.724,683.077,1381.539,982.389,0.654,51.000,,
fiep.mp4,2428,80.933,1229.034,831.693,1079.447,681.259,1378.621,982.128,0.469,51.000,,
fiep.mp4,2429,80.967,1227.666,821.849,1069.124,661.699,1386.208,981.998,0.320,51.000,,
fiep.mp4,2430,81.000,1228.155,821.612,1069.383,660.220,1386.928,983.004,0.504,51.000,,
fiep.mp4,2431,81.033,1231.990,821.751,1075.355,660.971,1388.624,982.530,0.465,51.000,,
fiep.mp4,2432,81.067,,,,,,,,,,
fiep.mp4,2433,81.100,1240.318,827.671,1091.814,672.687,1388.822,982.656,0.523,51.000,,
fiep.mp4,2434,81.133,1244.333,818.679,1089.985,654.019,1398.681,983.339,0.503,51.000,,
fiep.mp4,2435,81.167,,,,,,,,,,
fiep.mp4,2436,81.200,,,,,,,,,,
fiep.mp4,2437,81.233,1246.753,813.341,1135.334,643.861,1358.172,982.821,0.258,,,
fiep.mp4,2438,81.267,1246.331,811.905,1091.331,641.332,1401.331,982.477,0.468,51.000,,
fiep.mp4,2439,81.300,1247.841,810.709,1095.961,639.060,1399.720,982.357,0.494,51.000,,
fiep.mp4,2440,81.333,1249.915,810.354,1101.023,638.307,1398.807,982.402,0.521,51.000,,
fiep.mp4,2441,81.367,1253.176,809.653,1106.631,636.995,1399.721,982.310,0.572,51.000,,
fiep.mp4,2442,81.400,1256.778,809.213,1112.997,636.694,1400.560,981.731,0.482,51.000,,
fiep.mp4,2443,81.433,1256.139,808.616,1113.597,635.192,1398.681,982.041,0.465,51.000,,
fiep.mp4,2444,81.467,1255.250,808.427,1113.833,634.418,1396.668,982.436,0.420,51.000,,
fiep.mp4,2445,81.500,1254.842,808.035,1114.698,634.031,1394.986,982.039,0.458,51.000,,
fiep.mp4,2446,81.533,,,,,,,,,,
fiep.mp4,2447,81.567,,,,,,,,,,
fiep.mp4,2448,81.600,,,,,,,,,,
fiep.mp4,2449,81.633,,,,,,,,,,
fiep.mp4,2450,81.667,1259.193,800.593,1123.657,631.964,1394.729,969.222,0.299,51.000,,
fiep.mp4,2451,81.700,1265.692,796.499,1134.171,632.050,1397.212,960.947,0.362,51.000,,
fiep.mp4,2452,81.733,1275.700,791.832,1150.469,633.965,1400.931,949.699,0.439,51.000,,
fiep.mp4,2453,81.767,1280.121,786.795,1159.193,633.918,1401.049,939.672,0.581,51.000,,
fiep.mp4,2454,81.800,1284.702,783.619,1166.695,634.098,1402.708,933.139,0.478,51.000,,
fiep.mp4,2455,81.833,1287.997,782.734,1171.531,635.196,1404.463,930.271,0.599,51.000,,
fiep.mp4,2456,81.867,1292.004,782.528,1175.834,635.265,1408.173,929.792,0.420,51.000,,
fiep.mp4,2457,81.900,,,,,,,,,,
fiep.mp4,2458,81.933,,,,,,,,,,
fiep.mp4,2459,81.967,,,,,,,,,,
fiep.mp4,2460,82.000,,,,,,,,,,
fiep.mp4,2461,82.033,,,,,,,,,,
fiep.mp4,2462,82.067,,,,,,,,,,
fiep.mp4,2463,82.100,,,,,,,,,,
fiep.mp4,2464,82.133,,,,,,,,,,
fiep.mp4,2465,82.167,,,,,,,,,,
fiep.mp4,2466,82.200,,,,,,,,,,
fiep.mp4,2467,82.233,,,,,,,,,,
fiep.mp4,2468,82.267,,,,,,,,,,
fiep.mp4,2469,82.300,,,,,,,,,,
fiep.mp4,2470,82.333,,,,,,,,,,
fiep.mp4,2471,82.367,,,,,,,,,,
fiep.mp4,2472,82.400,,,,,,,,,,
fiep.mp4,2473,82.433,,,,,,,,,,
fiep.mp4,2474,82.467,,,,,,,,,,
fiep.mp4,2475,82.500,,,,,,,,,,
fiep.mp4,2476,82.533,,,,,,,,,,
fiep.mp4,2477,82.567,,,,,,,,,,
fiep.mp4,2478,82.600,,,,,,,,,,
fiep.mp4,2479,82.633,,,,,,,,,,
fiep.mp4,2480,82.667,,,,,,,,,,
fiep.mp4,2481,82.700,,,,,,,,,,
fiep.mp4,2482,82.733,,,,,,,,,,
fiep.mp4,2483,82.767,,,,,,,,,,
fiep.mp4,2484,82.800,,,,,,,,,,
fiep.mp4,2485,82.833,,,,,,,,,,
fiep.mp4,2486,82.867,,,,,,,,,,
fiep.mp4,2487,82.900,,,,,,,,,,
fiep.mp4,2488,82.933,,,,,,,,,,
fiep.mp4,2489,82.967,,,,,,,,,,
fiep.mp4,2490,83.000,,,,,,,,,,
fiep.mp4,2491,83.033,,,,,,,,,,
fiep.mp4,2492,83.067,,,,,,,,,,
fiep.mp4,2493,83.100,,,,,,,,,,
fiep.mp4,2494,83.133,,,,,,,,,,
fiep.mp4,2495,83.167,,,,,,,,,,
fiep.mp4,2496,83.200,,,,,,,,,,
fiep.mp4,2497,83.233,,,,,,,,,,
fiep.mp4,2498,83.267,,,,,,,,,,
fiep.mp4,2499,83.300,,,,,,,,,,
fiep.mp4,2500,83.333,,,,,,,,,,
fiep.mp4,2501,83.367,,,,,,,,,,
fiep.mp4,2502,83.400,,,,,,,,,,
fiep.mp4,2503,83.433,,,,,,,,,,
fiep.mp4,2504,83.467,,,,,,,,,,
fiep.mp4,2505,83.500,,,,,,,,,,
fiep.mp4,2506,83.533,,,,,,,,,,
fiep.mp4,2507,83.567,1216.779,681.816,1129.545,632.226,1304.014,731.406,0.338,,,
fiep.mp4,2508,83.600,,,,,,,,,,
fiep.mp4,2509,83.633,,,,,,,,,,
fiep.mp4,2510,83.667,,,,,,,,,,
fiep.mp4,2511,83.700,1407.643,759.353,1297.247,606.868,1518.040,911.837,0.497,,,
fiep.mp4,2512,83.733,1407.621,755.699,1294.708,599.672,1520.534,911.725,0.462,55.000,,
fiep.mp4,2513,83.767,1407.472,756.529,1295.445,601.573,1519.500,911.484,0.521,55.000,,
fiep.mp4,2514,83.800,1407.477,761.073,1298.864,610.633,1516.090,911.514,0.548,55.000,,
fiep.mp4,2515,83.833,1407.848,764.772,1302.235,618.316,1513.461,911.228,0.554,55.000,,
fiep.mp4,2516,83.867,1408.683,765.626,1303.838,619.864,1513.529,911.389,0.648,55.000,,
fiep.mp4,2517,83.900,1409.303,766.140,1305.811,621.791,1512.794,910.488,0.697,55.000,,
fiep.mp4,2518,83.933,1409.235,767.230,1305.509,621.872,1512.961,912.588,0.730,55.000,,
fiep.mp4,2519,83.967,1407.673,769.506,1304.041,623.365,1511.305,915.647,0.758,55.000,,
fiep.mp4,2520,84.000,1406.642,772.581,1299.631,619.967,1513.654,925.196,0.818,55.000,,
fiep.mp4,2521,84.033,1405.465,776.879,1295.253,617.318,1515.676,936.439,0.745,55.000,,
fiep.mp4,2522,84.067,1404.782,780.824,1293.038,616.215,1516.526,945.433,0.763,55.000,,
fiep.mp4,2523,84.100,1404.367,781.364,1290.722,610.628,1518.012,952.100,0.628,55.000,,
fiep.mp4,2524,84.133,1403.556,780.367,1289.982,606.283,1517.130,954.451,0.537,55.000,,
fiep.mp4,2525,84.167,1402.995,779.291,1291.328,604.687,1514.661,953.894,0.508,55.000,,
fiep.mp4,2526,84.200,1402.659,777.382,1292.368,601.241,1512.949,953.523,0.473,55.000,,
fiep.mp4,2527,84.233,,,,,,,,,,
fiep.mp4,2528,84.267,,,,,,,,,,
fiep.mp4,2529,84.300,,,,,,,,,,
fiep.mp4,2530,84.333,,,,,,,,,,
fiep.mp4,2531,84.367,,,,,,,,,,
fiep.mp4,2532,84.400,1221.868,682.290,1130.640,632.913,1313.097,731.668,0.389,57.000,,
fiep.mp4,2533,84.433,1401.370,774.818,1294.689,597.641,1508.050,951.994,0.460,55.000,,
fiep.mp4,2534,84.467,1402.009,775.086,1299.457,598.541,1504.562,951.632,0.652,55.000,,
fiep.mp4,2535,84.500,1402.149,774.080,1302.399,596.691,1501.899,951.469,0.635,55.000,,
fiep.mp4,2536,84.533,1402.056,772.815,1304.541,594.105,1499.571,951.525,0.529,55.000,,
fiep.mp4,2537,84.567,1221.921,682.449,1129.570,633.100,1314.273,731.798,0.415,57.000,,
fiep.mp4,2538,84.600,1222.057,682.339,1129.471,632.938,1314.642,731.739,0.424,57.000,,
fiep.mp4,2539,84.633,1222.214,682.128,1129.116,632.483,1315.313,731.773,0.384,57.000,,
fiep.mp4,2540,84.667,,,,,,,,,,
fiep.mp4,2541,84.700,,,,,,,,,,
fiep.mp4,2542,84.733,1222.252,682.132,1128.933,632.405,1315.571,731.860,0.275,57.000,,
fiep.mp4,2543,84.767,,,,,,,,,,
fiep.mp4,2544,84.800,1222.091,682.454,1128.731,632.718,1315.451,732.190,0.292,57.000,,
fiep.mp4,2545,84.833,1397.970,786.934,1311.779,621.404,1484.161,952.463,0.428,55.000,,
fiep.mp4,2546,84.867,1396.750,784.924,1312.519,616.969,1480.981,952.879,0.670,55.000,,
fiep.mp4,2547,84.900,1394.115,779.151,1309.181,604.508,1479.048,953.794,0.728,55.000,,
fiep.mp4,2548,84.933,1390.274,774.933,1305.205,595.956,1475.344,953.910,0.668,55.000,,
fiep.mp4,2549,84.967,1386.074,774.406,1301.839,594.704,1470.309,954.108,0.705,55.000,,
fiep.mp4,2550,85.000,1381.635,773.789,1298.020,594.093,1465.249,953.485,0.543,55.000,,
fiep.mp4,2551,85.033,1221.786,682.792,1129.113,633.763,1314.459,731.821,0.470,57.000,,
fiep.mp4,2552,85.067,,,,,,,,,,
fiep.mp4,2553,85.100,,,,,,,,,,
fiep.mp4,2554,85.133,,,,,,,,,,
fiep.mp4,2555,85.167,,,,,,,,,,
fiep.mp4,2556,85.200,,,,,,,,,,
fiep.mp4,2557,85.233,,,,,,,,,,
fiep.mp4,2558,85.267,,,,,,,,,,
fiep.mp4,2559,85.300,,,,,,,,,,
fiep.mp4,2560,85.333,,,,,,,,,,
fiep.mp4,2561,85.367,1363.536,791.423,1287.339,635.495,1439.734,947.351,0.652,55.000,,
fiep.mp4,2562,85.400,1222.383,682.906,1127.948,632.921,1316.818,732.890,0.354,57.000,,
fiep.mp4,2563,85.433,1222.342,682.874,1127.898,632.849,1316.785,732.899,0.401,57.000,,
fiep.mp4,2564,85.467,1222.280,682.850,1127.822,632.787,1316.738,732.913,0.383,57.000,,
fiep.mp4,2565,85.500,1222.229,682.791,1127.789,632.716,1316.669,732.866,0.350,57.000,,
fiep.mp4,2566,85.533,1222.152,682.842,1127.727,632.755,1316.576,732.930,0.391,57.000,,
fiep.mp4,2567,85.567,1222.162,682.576,1127.452,632.287,1316.871,732.866,0.335,57.000,,
fiep.mp4,2568,85.600,1222.150,682.758,1127.698,632.602,1316.602,732.914,0.359,57.000,,
fiep.mp4,2569,85.633,1222.237,682.523,1127.612,632.250,1316.862,732.796,0.331,57.000,,
fiep.mp4,2570,85.667,1222.348,682.368,1127.678,632.050,1317.018,732.685,0.309,57.000,,
fiep.mp4,2571,85.700,,,,,,,,,,
fiep.mp4,2572,85.733,,,,,,,,,,
fiep.mp4,2573,85.767,1222.435,682.288,1127.799,631.966,1317.072,732.610,0.313,57.000,,
fiep.mp4,2574,85.800,1222.315,682.484,1128.082,632.386,1316.548,732.582,0.359,57.000,,
fiep.mp4,2575,85.833,1222.162,682.597,1128.097,632.596,1316.228,732.597,0.362,57.000,,
fiep.mp4,2576,85.867,1222.128,682.661,1128.024,632.644,1316.232,732.678,0.362,57.000,,
fiep.mp4,2577,85.900,1222.195,682.437,1127.782,632.231,1316.607,732.643,0.316,57.000,,
fiep.mp4,2578,85.933,1222.238,682.333,1127.719,632.052,1316.758,732.615,0.347,57.000,,
fiep.mp4,2579,85.967,1222.154,682.499,1127.756,632.282,1316.552,732.716,0.362,57.000,,
fiep.mp4,2580,86.000,1221.764,682.844,1127.455,632.664,1316.073,733.025,0.380,57.000,,
fiep.mp4,2581,86.033,1221.646,682.986,1127.377,632.817,1315.916,733.155,0.412,57.000,,
fiep.mp4,2582,86.067,1221.659,683.099,1127.364,632.907,1315.953,733.292,0.488,57.000,,
fiep.mp4,2583,86.100,1221.663,683.201,1127.312,632.972,1316.013,733.431,0.513,57.000,,
fiep.mp4,2584,86.133,1221.731,683.170,1127.322,632.903,1316.139,733.437,0.535,57.000,,
fiep.mp4,2585,86.167,1221.701,683.153,1127.212,632.819,1316.191,733.487,0.547,57.000,,
fiep.mp4,2586,86.200,1221.707,683.094,1127.455,632.890,1315.958,733.298,0.489,57.000,,
fiep.mp4,2587,86.233,1221.690,683.065,1127.371,632.824,1316.008,733.306,0.479,57.000,,
fiep.mp4,2588,86.267,1221.718,682.995,1127.683,632.913,1315.754,733.077,0.420,57.000,,
fiep.mp4,2589,86.300,1221.829,682.967,1127.780,632.873,1315.879,733.061,0.381,57.000,,
fiep.mp4,2590,86.333,1221.874,682.975,1127.672,632.786,1316.077,733.163,0.381,57.000,,
fiep.mp4,2591,86.367,1221.858,682.993,1127.646,632.780,1316.070,733.206,0.404,57.000,,
fiep.mp4,2592,86.400,1221.810,683.000,1127.586,632.760,1316.034,733.240,0.420,57.000,,
fiep.mp4,2593,86.433,1221.726,682.996,1127.528,632.747,1315.924,733.244,0.415,57.000,,
fiep.mp4,2594,86.467,1221.722,682.985,1127.592,632.755,1315.852,733.215,0.377,57.000,,
fiep.mp4,2595,86.500,1221.679,683.002,1127.511,632.730,1315.847,733.275,0.392,57.000,,
fiep.mp4,2596,86.533,1221.737,683.044,1127.610,632.781,1315.864,733.307,0.389,57.000,,
fiep.mp4,2597,86.567,1221.731,683.104,1127.617,632.836,1315.844,733.373,0.350,57.000,,
fiep.mp4,2598,86.600,1221.741,683.138,1127.614,632.853,1315.868,733.422,0.356,57.000,,
fiep.mp4,2599,86.633,1349.609,808.920,1239.016,648.294,1460.201,969.547,0.390,55.000,,
fiep.mp4,2600,86.667,1221.816,682.708,1127.742,632.439,1315.890,732.977,0.388,57.000,,
fiep.mp4,2601,86.700,1221.765,682.569,1127.761,632.333,1315.770,732.804,0.366,57.000,,
fiep.mp4,2602,86.733,1221.713,682.633,1127.485,632.258,1315.941,733.009,0.414,57.000,,
fiep.mp4,2603,86.767,1221.750,682.700,1127.482,632.297,1316.017,733.103,0.428,57.000,,
fiep.mp4,2604,86.800,1221.813,682.764,1127.553,632.348,1316.073,733.179,0.421,57.000,,
fiep.mp4,2605,86.833,1221.729,682.827,1127.386,632.354,1316.072,733.300,0.406,57.000,,
fiep.mp4,2606,86.867,1221.638,683.180,1127.297,632.705,1315.979,733.655,0.498,57.000,,
fiep.mp4,2607,86.900,1221.672,682.912,1127.300,632.408,1316.044,733.416,0.408,57.000,,
fiep.mp4,2608,86.933,,,,,,,,,,
fiep.mp4,2609,86.967,1221.732,682.669,1127.154,632.037,1316.310,733.301,0.414,57.000,,
fiep.mp4,2610,87.000,1306.942,809.803,1175.162,651.079,1438.721,968.528,0.477,55.000,,
fiep.mp4,2611,87.033,1302.107,808.152,1168.767,647.988,1435.448,968.316,0.417,55.000,,
fiep.mp4,2612,87.067,1221.947,682.582,1127.536,632.131,1316.359,733.034,0.428,57.000,,
fiep.mp4,2613,87.100,1293.477,805.747,1158.547,644.156,1428.408,967.338,0.471,55.000,,
fiep.mp4,2614,87.133,,,,,,,,,,
fiep.mp4,2615,87.167,,,,,,,,,,
fiep.mp4,2616,87.200,1286.273,802.176,1148.658,637.655,1423.889,966.697,0.485,55.000,,
fiep.mp4,2617,87.233,,,,,,,,,,
fiep.mp4,2618,87.267,,,,,,,,,,
fiep.mp4,2619,87.300,1222.182,681.990,1127.597,631.630,1316.766,732.349,0.370,57.000,,
fiep.mp4,2620,87.333,,,,,,,,,,
fiep.mp4,2621,87.367,,,,,,,,,,
fiep.mp4,2622,87.400,1222.432,681.477,1127.254,630.752,1317.610,732.201,0.358,57.000,,
fiep.mp4,2623,87.433,1278.405,801.255,1139.758,635.757,1417.052,966.752,0.444,55.000,,
fiep.mp4,2624,87.467,1277.762,801.597,1139.160,636.375,1416.364,966.820,0.441,55.000,,
fiep.mp4,2625,87.500,1276.034,802.554,1137.648,638.158,1414.419,966.950,0.552,55.000,,
fiep.mp4,2626,87.533,1275.156,802.916,1136.514,638.691,1413.798,967.142,0.570,55.000,,
fiep.mp4,2627,87.567,1274.534,803.189,1135.683,639.167,1413.385,967.211,0.596,55.000,,
fiep.mp4,2628,87.600,1274.181,803.588,1135.201,639.788,1413.161,967.389,0.569,55.000,,
fiep.mp4,2629,87.633,1273.987,803.743,1134.711,639.946,1413.263,967.540,0.473,55.000,,
fiep.mp4,2630,87.667,1274.473,802.013,1133.781,636.483,1415.164,967.544,0.400,55.000,,
fiep.mp4,2631,87.700,1222.036,681.613,1126.945,631.214,1317.126,732.012,0.353,57.000,,
fiep.mp4,2632,87.733,1222.001,681.461,1126.839,630.990,1317.163,731.932,0.348,57.000,,
fiep.mp4,2633,87.767,1274.044,803.040,1134.600,639.468,1413.488,966.613,0.506,55.000,,
fiep.mp4,2634,87.800,1273.543,803.326,1133.765,639.766,1413.320,966.885,0.516,55.000,,
fiep.mp4,2635,87.833,1273.569,803.513,1133.831,640.343,1413.307,966.682,0.531,55.000,,
fiep.mp4,2636,87.867,1272.804,804.267,1132.973,641.472,1412.634,967.062,0.392,55.000,,
fiep.mp4,2637,87.900,1272.585,803.773,1132.161,640.611,1413.010,966.935,0.576,55.000,,
fiep.mp4,2638,87.933,1272.262,803.422,1131.643,640.386,1412.881,966.458,0.520,55.000,,
fiep.mp4,2639,87.967,1271.433,803.252,1130.458,640.251,1412.408,966.253,0.459,55.000,,
fiep.mp4,2640,88.000,1270.742,801.762,1128.042,636.911,1413.442,966.614,0.359,55.000,,
fiep.mp4,2641,88.033,1269.280,802.265,1126.479,637.777,1412.081,966.754,0.476,55.000,,
fiep.mp4,2642,88.067,1267.802,801.885,1124.503,637.355,1411.101,966.415,0.500,55.000,,
fiep.mp4,2643,88.100,1266.783,801.083,1122.329,635.637,1411.237,966.528,0.551,55.000,,
fiep.mp4,2644,88.133,1265.798,801.116,1120.714,635.300,1410.882,966.932,0.447,55.000,,
fiep.mp4,2645,88.167,1264.766,801.558,1119.305,635.793,1410.228,967.323,0.531,55.000,,
fiep.mp4,2646,88.200,1222.762,680.501,1126.632,629.260,1318.891,731.742,0.416,57.000,,
fiep.mp4,2647,88.233,1223.011,680.768,1127.486,629.818,1318.536,731.718,0.407,57.000,,
fiep.mp4,2648,88.267,1223.172,680.914,1127.791,629.993,1318.552,731.834,0.412,57.000,,
fiep.mp4,2649,88.300,1223.166,680.965,1127.506,629.820,1318.827,732.110,0.408,57.000,,
fiep.mp4,2650,88.333,1223.323,680.729,1127.116,629.190,1319.529,732.269,0.413,57.000,,
fiep.mp4,2651,88.367,,,,,,,,,,
fiep.mp4,2652,88.400,,,,,,,,,,
fiep.mp4,2653,88.433,,,,,,,,,,
fiep.mp4,2654,88.467,,,,,,,,,,
fiep.mp4,2655,88.500,1223.155,682.537,1130.060,632.790,1316.250,732.284,0.397,57.000,,
fiep.mp4,2656,88.533,1223.128,682.782,1130.029,633.095,1316.226,732.469,0.429,57.000,,
fiep.mp4,2657,88.567,,,,,,,,,,
fiep.mp4,2658,88.600,,,,,,,,,,
fiep.mp4,2659,88.633,,,,,,,,,,
fiep.mp4,2660,88.667,1223.766,682.285,1129.202,631.780,1318.330,732.789,0.366,57.000,,
fiep.mp4,2661,88.700,,,,,,,,,,
fiep.mp4,2662,88.733,,,,,,,,,,
fiep.mp4,2663,88.767,,,,,,,,,,
fiep.mp4,2664,88.800,,,,,,,,,,
fiep.mp4,2665,88.833,,,,,,,,,,
fiep.mp4,2666,88.867,,,,,,,,,,
fiep.mp4,2667,88.900,,,,,,,,,,
fiep.mp4,2668,88.933,,,,,,,,,,
fiep.mp4,2669,88.967,,,,,,,,,,
fiep.mp4,2670,89.000,,,,,,,,,,
fiep.mp4,2671,89.033,,,,,,,,,,
fiep.mp4,2672,89.067,1180.511,808.126,1037.069,655.996,1323.952,960.257,0.388,55.000,,
fiep.mp4,2673,89.100,1175.548,810.858,1027.813,661.798,1323.283,959.919,0.500,55.000,,
fiep.mp4,2674,89.133,1168.970,807.245,1013.802,654.443,1324.139,960.046,0.467,55.000,,
fiep.mp4,2675,89.167,,,,,,,,,,
fiep.mp4,2676,89.200,1157.843,808.072,1000.095,655.285,1315.591,960.860,0.349,55.000,,
fiep.mp4,2677,89.233,1152.997,809.347,994.548,657.875,1311.447,960.818,0.429,55.000,,
fiep.mp4,2678,89.267,1147.727,812.414,990.425,663.911,1305.029,960.917,0.393,55.000,,
fiep.mp4,2679,89.300,1143.503,818.298,989.820,675.613,1297.185,960.983,0.346,55.000,,
fiep.mp4,2680,89.333,,,,,,,,,,
fiep.mp4,2681,89.367,,,,,,,,,,
fiep.mp4,2682,89.400,,,,,,,,,,
fiep.mp4,2683,89.433,,,,,,,,,,
fiep.mp4,2684,89.467,,,,,,,,,,
fiep.mp4,2685,89.500,,,,,,,,,,
fiep.mp4,2686,89.533,,,,,,,,,,
fiep.mp4,2687,89.567,,,,,,,,,,
fiep.mp4,2688,89.600,,,,,,,,,,
fiep.mp4,2689,89.633,,,,,,,,,,
fiep.mp4,2690,89.667,,,,,,,,,,
fiep.mp4,2691,89.700,,,,,,,,,,
fiep.mp4,2692,89.733,,,,,,,,,,
fiep.mp4,2693,89.767,,,,,,,,,,
fiep.mp4,2694,89.800,,,,,,,,,,
fiep.mp4,2695,89.833,,,,,,,,,,
fiep.mp4,2696,89.867,,,,,,,,,,
fiep.mp4,2697,89.900,,,,,,,,,,
fiep.mp4,2698,89.933,1058.763,804.392,892.220,646.875,1225.307,961.909,0.366,55.000,,
fiep.mp4,2699,89.967,,,,,,,,,,
fiep.mp4,2700,90.000,,,,,,,,,,
fiep.mp4,2701,90.033,,,,,,,,,,
fiep.mp4,2702,90.067,,,,,,,,,,
fiep.mp4,2703,90.100,,,,,,,,,,
fiep.mp4,2704,90.133,,,,,,,,,,
fiep.mp4,2705,90.167,,,,,,,,,,
fiep.mp4,2706,90.200,,,,,,,,,,
fiep.mp4,2707,90.233,,,,,,,,,,
fiep.mp4,2708,90.267,,,,,,,,,,
fiep.mp4,2709,90.300,,,,,,,,,,
fiep.mp4,2710,90.333,,,,,,,,,,
fiep.mp4,2711,90.367,,,,,,,,,,
fiep.mp4,2712,90.400,,,,,,,,,,
fiep.mp4,2713,90.433,,,,,,,,,,
fiep.mp4,2714,90.467,,,,,,,,,,
fiep.mp4,2715,90.500,,,,,,,,,,
fiep.mp4,2716,90.533,,,,,,,,,,
fiep.mp4,2717,90.567,,,,,,,,,,
fiep.mp4,2718,90.600,,,,,,,,,,
fiep.mp4,2719,90.633,,,,,,,,,,
fiep.mp4,2720,90.667,,,,,,,,,,
fiep.mp4,2721,90.700,,,,,,,,,,
fiep.mp4,2722,90.733,,,,,,,,,,
fiep.mp4,2723,90.767,,,,,,,,,,
fiep.mp4,2724,90.800,,,,,,,,,,
fiep.mp4,2725,90.833,,,,,,,,,,
fiep.mp4,2726,90.867,,,,,,,,,,
fiep.mp4,2727,90.900,,,,,,,,,,
fiep.mp4,2728,90.933,,,,,,,,,,
fiep.mp4,2729,90.967,,,,,,,,,,
fiep.mp4,2730,91.000,,,,,,,,,,
fiep.mp4,2731,91.033,,,,,,,,,,
fiep.mp4,2732,91.067,,,,,,,,,,
fiep.mp4,2733,91.100,,,,,,,,,,
fiep.mp4,2734,91.133,,,,,,,,,,
fiep.mp4,2735,91.167,,,,,,,,,,
fiep.mp4,2736,91.200,,,,,,,,,,
fiep.mp4,2737,91.233,,,,,,,,,,
fiep.mp4,2738,91.267,,,,,,,,,,
fiep.mp4,2739,91.300,,,,,,,,,,
fiep.mp4,2740,91.333,,,,,,,,,,
fiep.mp4,2741,91.367,,,,,,,,,,
fiep.mp4,2742,91.400,,,,,,,,,,
fiep.mp4,2743,91.433,,,,,,,,,,
fiep.mp4,2744,91.467,,,,,,,,,,
fiep.mp4,2745,91.500,,,,,,,,,,
fiep.mp4,2746,91.533,,,,,,,,,,
fiep.mp4,2747,91.567,,,,,,,,,,
fiep.mp4,2748,91.600,,,,,,,,,,
fiep.mp4,2749,91.633,,,,,,,,,,
fiep.mp4,2750,91.667,,,,,,,,,,
fiep.mp4,2751,91.700,,,,,,,,,,
fiep.mp4,2752,91.733,,,,,,,,,,
fiep.mp4,2753,91.767,,,,,,,,,,
fiep.mp4,2754,91.800,,,,,,,,,,
fiep.mp4,2755,91.833,,,,,,,,,,
fiep.mp4,2756,91.867,,,,,,,,,,
fiep.mp4,2757,91.900,,,,,,,,,,
fiep.mp4,2758,91.933,,,,,,,,,,
fiep.mp4,2759,91.967,,,,,,,,,,
fiep.mp4,2760,92.000,,,,,,,,,,
fiep.mp4,2761,92.033,,,,,,,,,,
fiep.mp4,2762,92.067,,,,,,,,,,
fiep.mp4,2763,92.100,,,,,,,,,,
fiep.mp4,2764,92.133,,,,,,,,,,
fiep.mp4,2765,92.167,,,,,,,,,,
fiep.mp4,2766,92.200,,,,,,,,,,
fiep.mp4,2767,92.233,,,,,,,,,,
fiep.mp4,2768,92.267,,,,,,,,,,
fiep.mp4,2769,92.300,,,,,,,,,,
fiep.mp4,2770,92.333,,,,,,,,,,
fiep.mp4,2771,92.367,,,,,,,,,,
fiep.mp4,2772,92.400,,,,,,,,,,
fiep.mp4,2773,92.433,,,,,,,,,,
fiep.mp4,2774,92.467,,,,,,,,,,
fiep.mp4,2775,92.500,,,,,,,,,,
fiep.mp4,2776,92.533,,,,,,,,,,
fiep.mp4,2777,92.567,,,,,,,,,,
fiep.mp4,2778,92.600,,,,,,,,,,
fiep.mp4,2779,92.633,,,,,,,,,,
fiep.mp4,2780,92.667,,,,,,,,,,
fiep.mp4,2781,92.700,,,,,,,,,,
fiep.mp4,2782,92.733,,,,,,,,,,
fiep.mp4,2783,92.767,,,,,,,,,,
fiep.mp4,2784,92.800,,,,,,,,,,
fiep.mp4,2785,92.833,,,,,,,,,,
fiep.mp4,2786,92.867,,,,,,,,,,
fiep.mp4,2787,92.900,,,,,,,,,,
fiep.mp4,2788,92.933,,,,,,,,,,
fiep.mp4,2789,92.967,,,,,,,,,,
fiep.mp4,2790,93.000,,,,,,,,,,
fiep.mp4,2791,93.033,,,,,,,,,,
fiep.mp4,2792,93.067,,,,,,,,,,
fiep.mp4,2793,93.100,,,,,,,,,,
fiep.mp4,2794,93.133,,,,,,,,,,
fiep.mp4,2795,93.167,,,,,,,,,,
fiep.mp4,2796,93.200,,,,,,,,,,
fiep.mp4,2797,93.233,,,,,,,,,,
fiep.mp4,2798,93.267,,,,,,,,,,
fiep.mp4,2799,93.300,,,,,,,,,,
fiep.mp4,2800,93.333,,,,,,,,,,
fiep.mp4,2801,93.367,1221.999,682.004,1128.281,632.323,1315.717,731.684,0.265,,,
fiep.mp4,2802,93.400,1007.050,877.922,864.122,679.479,1149.978,1076.364,0.354,,,
fiep.mp4,2803,93.433,988.874,873.647,873.898,687.293,1103.849,1060.000,0.321,,,
fiep.mp4,2804,93.467,994.081,854.082,879.333,697.758,1108.829,1010.406,0.290,,,
fiep.mp4,2805,93.500,,,,,,,,,,
fiep.mp4,2806,93.533,,,,,,,,,,
fiep.mp4,2807,93.567,1006.896,852.626,892.768,700.843,1121.023,1004.410,0.321,,,
fiep.mp4,2808,93.600,,,,,,,,,,
fiep.mp4,2809,93.633,,,,,,,,,,
fiep.mp4,2810,93.667,1016.726,840.798,905.839,679.950,1127.613,1001.646,0.735,,,
fiep.mp4,2811,93.700,1017.303,838.959,905.786,677.171,1128.820,1000.747,0.722,66.000,,
fiep.mp4,2812,93.733,1016.899,834.566,905.590,672.989,1128.208,996.143,0.856,66.000,,
fiep.mp4,2813,93.767,1016.740,825.998,907.358,667.071,1126.123,984.924,0.784,66.000,,
fiep.mp4,2814,93.800,1015.939,817.874,908.971,662.272,1122.907,973.477,0.775,66.000,,
fiep.mp4,2815,93.833,1015.079,811.971,909.193,657.726,1120.966,966.217,0.768,66.000,,
fiep.mp4,2816,93.867,1014.637,809.301,909.501,655.798,1119.772,962.805,0.725,66.000,,
fiep.mp4,2817,93.900,1014.769,807.847,909.541,653.874,1119.996,961.820,0.528,66.000,,
fiep.mp4,2818,93.933,1014.374,808.174,909.726,654.619,1119.023,961.729,0.572,66.000,,
fiep.mp4,2819,93.967,1014.371,808.611,910.133,655.260,1118.609,961.961,0.660,66.000,,
fiep.mp4,2820,94.000,1014.187,808.775,910.156,655.336,1118.219,962.213,0.602,66.000,,
fiep.mp4,2821,94.033,1014.570,808.729,910.572,654.971,1118.569,962.487,0.579,66.000,,
fiep.mp4,2822,94.067,1014.709,807.783,910.166,652.768,1119.251,962.797,0.629,66.000,,
fiep.mp4,2823,94.100,1015.070,807.238,910.303,651.407,1119.836,963.070,0.709,66.000,,
fiep.mp4,2824,94.133,1015.616,806.331,910.294,649.179,1120.938,963.483,0.712,66.000,,
fiep.mp4,2825,94.167,1017.893,805.977,912.593,648.187,1123.192,963.767,0.764,66.000,,
fiep.mp4,2826,94.200,1021.944,806.234,917.586,648.991,1126.302,963.477,0.686,66.000,,
fiep.mp4,2827,94.233,1025.857,806.533,922.240,649.348,1129.473,963.718,0.648,66.000,,
fiep.mp4,2828,94.267,1029.149,806.458,926.215,649.205,1132.082,963.712,0.624,66.000,,
fiep.mp4,2829,94.300,1032.189,806.922,930.435,650.893,1133.943,962.950,0.463,66.000,,
fiep.mp4,2830,94.333,1217.883,682.287,1123.774,632.508,1311.991,732.066,0.349,67.000,,
fiep.mp4,2831,94.367,1213.830,682.256,1118.824,632.498,1308.836,732.014,0.321,67.000,,
fiep.mp4,2832,94.400,1213.328,682.251,1117.694,632.543,1308.963,731.959,0.320,67.000,,
fiep.mp4,2833,94.433,1212.958,682.231,1116.746,632.588,1309.169,731.874,0.281,67.000,,
fiep.mp4,2834,94.467,,,,,,,,,,
fiep.mp4,2835,94.500,,,,,,,,,,
fiep.mp4,2836,94.533,,,,,,,,,,
fiep.mp4,2837,94.567,,,,,,,,,,
fiep.mp4,2838,94.600,,,,,,,,,,
fiep.mp4,2839,94.633,,,,,,,,,,
fiep.mp4,2840,94.667,,,,,,,,,,
fiep.mp4,2841,94.700,,,,,,,,,,
fiep.mp4,2842,94.733,,,,,,,,,,
fiep.mp4,2843,94.767,,,,,,,,,,
fiep.mp4,2844,94.800,,,,,,,,,,
fiep.mp4,2845,94.833,,,,,,,,,,
fiep.mp4,2846,94.867,,,,,,,,,,
fiep.mp4,2847,94.900,,,,,,,,,,
fiep.mp4,2848,94.933,,,,,,,,,,
fiep.mp4,2849,94.967,,,,,,,,,,
fiep.mp4,2850,95.000,,,,,,,,,,
fiep.mp4,2851,95.033,1207.840,681.979,1108.768,632.170,1306.912,731.787,0.384,67.000,,
fiep.mp4,2852,95.067,,,,,,,,,,
fiep.mp4,2853,95.100,,,,,,,,,,
fiep.mp4,2854,95.133,1208.646,682.591,1106.983,632.188,1310.309,732.995,0.277,67.000,,
fiep.mp4,2855,95.167,,,,,,,,,,
fiep.mp4,2856,95.200,,,,,,,,,,
fiep.mp4,2857,95.233,,,,,,,,,,
fiep.mp4,2858,95.267,,,,,,,,,,
fiep.mp4,2859,95.300,,,,,,,,,,
fiep.mp4,2860,95.333,,,,,,,,,,
fiep.mp4,2861,95.367,,,,,,,,,,
fiep.mp4,2862,95.400,,,,,,,,,,
fiep.mp4,2863,95.433,,,,,,,,,,
fiep.mp4,2864,95.467,,,,,,,,,,
fiep.mp4,2865,95.500,,,,,,,,,,
fiep.mp4,2866,95.533,,,,,,,,,,
fiep.mp4,2867,95.567,,,,,,,,,,
fiep.mp4,2868,95.600,,,,,,,,,,
fiep.mp4,2869,95.633,,,,,,,,,,
fiep.mp4,2870,95.667,,,,,,,,,,
fiep.mp4,2871,95.700,,,,,,,,,,
fiep.mp4,2872,95.733,,,,,,,,,,
fiep.mp4,2873,95.767,,,,,,,,,,
fiep.mp4,2874,95.800,,,,,,,,,,
fiep.mp4,2875,95.833,,,,,,,,,,
fiep.mp4,2876,95.867,,,,,,,,,,
fiep.mp4,2877,95.900,,,,,,,,,,
fiep.mp4,2878,95.933,,,,,,,,,,
fiep.mp4,2879,95.967,,,,,,,,,,
fiep.mp4,2880,96.000,,,,,,,,,,
fiep.mp4,2881,96.033,1222.649,682.287,1124.303,632.521,1320.996,732.053,0.297,67.000,,
fiep.mp4,2882,96.067,,,,,,,,,,
fiep.mp4,2883,96.100,,,,,,,,,,
fiep.mp4,2884,96.133,,,,,,,,,,
fiep.mp4,2885,96.167,,,,,,,,,,
fiep.mp4,2886,96.200,,,,,,,,,,
fiep.mp4,2887,96.233,,,,,,,,,,
fiep.mp4,2888,96.267,,,,,,,,,,
fiep.mp4,2889,96.300,1222.347,682.560,1124.786,632.585,1319.908,732.535,0.340,67.000,,
fiep.mp4,2890,96.333,1222.190,682.541,1125.373,632.630,1319.008,732.452,0.288,67.000,,
fiep.mp4,2891,96.367,1222.146,682.650,1125.749,632.728,1318.544,732.572,0.419,67.000,,
fiep.mp4,2892,96.400,1125.827,814.967,1025.383,711.633,1226.272,918.301,0.504,68.000,,
fiep.mp4,2893,96.433,1125.588,815.079,1025.642,712.317,1225.533,917.841,0.507,68.000,,
fiep.mp4,2894,96.467,1125.441,815.425,1025.554,712.847,1225.328,918.003,0.442,68.000,,
fiep.mp4,2895,96.500,1124.825,815.715,1025.026,713.417,1224.623,918.014,0.526,68.000,,
fiep.mp4,2896,96.533,1124.413,816.121,1024.261,713.693,1224.565,918.549,0.468,68.000,,
fiep.mp4,2897,96.567,1124.091,817.466,1022.637,713.985,1225.545,920.948,0.425,68.000,,
fiep.mp4,2898,96.600,1221.819,682.838,1126.417,632.814,1317.222,732.862,0.367,67.000,,
fiep.mp4,2899,96.633,1221.800,682.872,1126.573,632.900,1317.027,732.843,0.315,67.000,,
fiep.mp4,2900,96.667,1221.771,682.893,1126.673,632.961,1316.868,732.825,0.285,67.000,,
fiep.mp4,2901,96.700,1221.661,682.870,1126.673,632.982,1316.649,732.759,0.278,67.000,,
fiep.mp4,2902,96.733,,,,,,,,,,
fiep.mp4,2903,96.767,1221.668,682.845,1126.683,632.925,1316.654,732.764,0.269,67.000,,
fiep.mp4,2904,96.800,,,,,,,,,,
fiep.mp4,2905,96.833,,,,,,,,,,
fiep.mp4,2906,96.867,1221.700,682.779,1126.866,632.910,1316.535,732.648,0.251,67.000,,
fiep.mp4,2907,96.900,,,,,,,,,,
fiep.mp4,2908,96.933,1112.214,821.355,1012.156,721.288,1212.271,921.422,0.293,68.000,,
fiep.mp4,2909,96.967,,,,,,,,,,
fiep.mp4,2910,97.000,1221.822,682.798,1127.157,632.994,1316.488,732.603,0.281,67.000,,
fiep.mp4,2911,97.033,1221.860,682.724,1127.253,632.935,1316.466,732.512,0.309,67.000,,
fiep.mp4,2912,97.067,1221.843,682.716,1127.206,632.890,1316.480,732.542,0.359,67.000,,
fiep.mp4,2913,97.100,1221.895,682.676,1127.269,632.839,1316.522,732.513,0.317,67.000,,
fiep.mp4,2914,97.133,1104.012,823.597,1000.923,725.637,1207.101,921.556,0.402,68.000,,
fiep.mp4,2915,97.167,1103.611,823.470,999.779,726.227,1207.443,920.713,0.436,68.000,,
fiep.mp4,2916,97.200,1102.780,824.089,998.496,727.752,1207.064,920.427,0.442,68.000,,
fiep.mp4,2917,97.233,1100.961,825.186,995.761,729.285,1206.161,921.086,0.513,68.000,,
fiep.mp4,2918,97.267,1099.947,825.960,993.987,730.610,1205.907,921.309,0.513,68.000,,
fiep.mp4,2919,97.300,1099.128,826.407,992.242,731.347,1206.014,921.467,0.531,68.000,,
fiep.mp4,2920,97.333,1098.342,826.120,990.919,731.688,1205.765,920.553,0.512,68.000,,
fiep.mp4,2921,97.367,1097.756,825.746,988.276,730.281,1207.237,921.211,0.505,68.000,,
fiep.mp4,2922,97.400,1096.622,825.380,986.593,730.337,1206.650,920.423,0.484,68.000,,
fiep.mp4,2923,97.433,1095.026,825.697,984.640,731.392,1205.412,920.002,0.437,68.000,,
fiep.mp4,2924,97.467,1093.199,825.627,981.775,731.419,1204.623,919.836,0.463,68.000,,
fiep.mp4,2925,97.500,1092.091,825.874,979.924,732.042,1204.258,919.705,0.444,68.000,,
fiep.mp4,2926,97.533,1090.412,826.848,978.046,733.986,1202.777,919.710,0.423,68.000,,
fiep.mp4,2927,97.567,1088.889,827.980,976.457,736.338,1201.321,919.622,0.429,68.000,,
fiep.mp4,2928,97.600,,,,,,,,,,
fiep.mp4,2929,97.633,,,,,,,,,,
fiep.mp4,2930,97.667,1222.099,682.263,1127.650,632.364,1316.547,732.163,0.280,67.000,,
fiep.mp4,2931,97.700,1081.636,835.615,974.680,751.500,1188.593,919.730,0.361,68.000,,
fiep.mp4,2932,97.733,1079.970,837.211,971.425,754.442,1188.515,919.981,0.417,68.000,,
fiep.mp4,2933,97.767,1222.215,682.298,1127.596,632.255,1316.835,732.341,0.286,67.000,,
fiep.mp4,2934,97.800,,,,,,,,,,
fiep.mp4,2935,97.833,,,,,,,,,,
fiep.mp4,2936,97.867,,,,,,,,,,
fiep.mp4,2937,97.900,,,,,,,,,,
fiep.mp4,2938,97.933,,,,,,,,,,
fiep.mp4,2939,97.967,,,,,,,,,,
fiep.mp4,2940,98.000,,,,,,,,,,
fiep.mp4,2941,98.033,,,,,,,,,,
fiep.mp4,2942,98.067,,,,,,,,,,
fiep.mp4,2943,98.100,,,,,,,,,,
fiep.mp4,2944,98.133,,,,,,,,,,
fiep.mp4,2945,98.167,,,,,,,,,,
fiep.mp4,2946,98.200,,,,,,,,,,
fiep.mp4,2947,98.233,,,,,,,,,,
fiep.mp4,2948,98.267,,,,,,,,,,
fiep.mp4,2949,98.300,,,,,,,,,,
fiep.mp4,2950,98.333,,,,,,,,,,
fiep.mp4,2951,98.367,,,,,,,,,,
fiep.mp4,2952,98.400,,,,,,,,,,
fiep.mp4,2953,98.433,,,,,,,,,,
fiep.mp4,2954,98.467,,,,,,,,,,
fiep.mp4,2955,98.500,,,,,,,,,,
fiep.mp4,2956,98.533,1222.127,682.026,1127.833,632.216,1316.421,731.836,0.261,67.000,,
fiep.mp4,2957,98.567,,,,,,,,,,
fiep.mp4,2958,98.600,,,,,,,,,,
fiep.mp4,2959,98.633,,,,,,,,,,
fiep.mp4,2960,98.667,,,,,,,,,,
fiep.mp4,2961,98.700,,,,,,,,,,
fiep.mp4,2962,98.733,,,,,,,,,,
fiep.mp4,2963,98.767,,,,,,,,,,
fiep.mp4,2964,98.800,,,,,,,,,,
fiep.mp4,2965,98.833,,,,,,,,,,
fiep.mp4,2966,98.867,,,,,,,,,,
fiep.mp4,2967,98.900,,,,,,,,,,
fiep.mp4,2968,98.933,,,,,,,,,,
fiep.mp4,2969,98.967,,,,,,,,,,
fiep.mp4,2970,99.000,,,,,,,,,,
fiep.mp4,2971,99.033,,,,,,,,,,
fiep.mp4,2972,99.067,,,,,,,,,,
fiep.mp4,2973,99.100,,,,,,,,,,
fiep.mp4,2974,99.133,,,,,,,,,,
fiep.mp4,2975,99.167,,,,,,,,,,
fiep.mp4,2976,99.200,,,,,,,,,,
fiep.mp4,2977,99.233,,,,,,,,,,
fiep.mp4,2978,99.267,,,,,,,,,,
fiep.mp4,2979,99.300,,,,,,,,,,
fiep.mp4,2980,99.333,,,,,,,,,,
fiep.mp4,2981,99.367,,,,,,,,,,
fiep.mp4,2982,99.400,,,,,,,,,,
fiep.mp4,2983,99.433,,,,,,,,,,
fiep.mp4,2984,99.467,,,,,,,,,,
fiep.mp4,2985,99.500,,,,,,,,,,
fiep.mp4,2986,99.533,,,,,,,,,,
fiep.mp4,2987,99.567,,,,,,,,,,
fiep.mp4,2988,99.600,,,,,,,,,,
fiep.mp4,2989,99.633,,,,,,,,,,
fiep.mp4,2990,99.667,,,,,,,,,,
fiep.mp4,2991,99.700,,,,,,,,,,
fiep.mp4,2992,99.733,,,,,,,,,,
fiep.mp4,2993,99.767,,,,,,,,,,
fiep.mp4,2994,99.800,,,,,,,,,,
fiep.mp4,2995,99.833,,,,,,,,,,
fiep.mp4,2996,99.867,,,,,,,,,,
fiep.mp4,2997,99.900,,,,,,,,,,
fiep.mp4,2998,99.933,,,,,,,,,,
fiep.mp4,2999,99.967,,,,,,,,,,
fiep.mp4,3000,100.000,1221.994,682.056,1127.632,631.982,1316.356,732.131,0.297,,,
fiep.mp4,3001,100.033,,,,,,,,,,
fiep.mp4,3002,100.067,1221.994,681.992,1127.559,631.886,1316.428,732.098,0.318,,,
fiep.mp4,3003,100.100,1222.114,682.024,1127.607,631.879,1316.620,732.169,0.326,70.000,,
fiep.mp4,3004,100.133,,,,,,,,,,
fiep.mp4,3005,100.167,,,,,,,,,,
fiep.mp4,3006,100.200,,,,,,,,,,
fiep.mp4,3007,100.233,,,,,,,,,,
fiep.mp4,3008,100.267,,,,,,,,,,
fiep.mp4,3009,100.300,,,,,,,,,,
fiep.mp4,3010,100.333,,,,,,,,,,
fiep.mp4,3011,100.367,,,,,,,,,,
fiep.mp4,3012,100.400,,,,,,,,,,
fiep.mp4,3013,100.433,,,,,,,,,,
fiep.mp4,3014,100.467,,,,,,,,,,
fiep.mp4,3015,100.500,,,,,,,,,,
fiep.mp4,3016,100.533,,,,,,,,,,
fiep.mp4,3017,100.567,,,,,,,,,,
fiep.mp4,3018,100.600,,,,,,,,,,
fiep.mp4,3019,100.633,,,,,,,,,,
fiep.mp4,3020,100.667,,,,,,,,,,
fiep.mp4,3021,100.700,,,,,,,,,,
fiep.mp4,3022,100.733,,,,,,,,,,
fiep.mp4,3023,100.767,,,,,,,,,,
fiep.mp4,3024,100.800,,,,,,,,,,
fiep.mp4,3025,100.833,,,,,,,,,,
fiep.mp4,3026,100.867,,,,,,,,,,
fiep.mp4,3027,100.900,,,,,,,,,,
fiep.mp4,3028,100.933,,,,,,,,,,
fiep.mp4,3029,100.967,,,,,,,,,,
fiep.mp4,3030,101.000,,,,,,,,,,
fiep.mp4,3031,101.033,,,,,,,,,,
fiep.mp4,3032,101.067,,,,,,,,,,
fiep.mp4,3033,101.100,,,,,,,,,,
fiep.mp4,3034,101.133,,,,,,,,,,
fiep.mp4,3035,101.167,,,,,,,,,,
fiep.mp4,3036,101.200,,,,,,,,,,
fiep.mp4,3037,101.233,,,,,,,,,,
fiep.mp4,3038,101.267,,,,,,,,,,
fiep.mp4,3039,101.300,,,,,,,,,,
fiep.mp4,3040,101.333,,,,,,,,,,
fiep.mp4,3041,101.367,,,,,,,,,,
fiep.mp4,3042,101.400,,,,,,,,,,
fiep.mp4,3043,101.433,,,,,,,,,,
fiep.mp4,3044,101.467,,,,,,,,,,
fiep.mp4,3045,101.500,,,,,,,,,,
fiep.mp4,3046,101.533,,,,,,,,,,
fiep.mp4,3047,101.567,,,,,,,,,,
fiep.mp4,3048,101.600,,,,,,,,,,
fiep.mp4,3049,101.633,,,,,,,,,,
fiep.mp4,3050,101.667,,,,,,,,,,
fiep.mp4,3051,101.700,,,,,,,,,,
fiep.mp4,3052,101.733,,,,,,,,,,
fiep.mp4,3053,101.767,,,,,,,,,,
fiep.mp4,3054,101.800,,,,,,,,,,
fiep.mp4,3055,101.833,,,,,,,,,,
fiep.mp4,3056,101.867,,,,,,,,,,
fiep.mp4,3057,101.900,,,,,,,,,,
fiep.mp4,3058,101.933,,,,,,,,,,
fiep.mp4,3059,101.967,,,,,,,,,,
fiep.mp4,3060,102.000,,,,,,,,,,
fiep.mp4,3061,102.033,,,,,,,,,,
fiep.mp4,3062,102.067,,,,,,,,,,
fiep.mp4,3063,102.100,,,,,,,,,,
fiep.mp4,3064,102.133,,,,,,,,,,
fiep.mp4,3065,102.167,,,,,,,,,,
fiep.mp4,3066,102.200,,,,,,,,,,
fiep.mp4,3067,102.233,,,,,,,,,,
fiep.mp4,3068,102.267,,,,,,,,,,
fiep.mp4,3069,102.300,,,,,,,,,,
fiep.mp4,3070,102.333,,,,,,,,,,
fiep.mp4,3071,102.367,,,,,,,,,,
fiep.mp4,3072,102.400,,,,,,,,,,
fiep.mp4,3073,102.433,,,,,,,,,,
fiep.mp4,3074,102.467,,,,,,,,,,
fiep.mp4,3075,102.500,,,,,,,,,,
fiep.mp4,3076,102.533,,,,,,,,,,
fiep.mp4,3077,102.567,,,,,,,,,,
fiep.mp4,3078,102.600,,,,,,,,,,
fiep.mp4,3079,102.633,,,,,,,,,,
fiep.mp4,3080,102.667,,,,,,,,,,
fiep.mp4,3081,102.700,,,,,,,,,,
fiep.mp4,3082,102.733,,,,,,,,,,
fiep.mp4,3083,102.767,,,,,,,,,,
fiep.mp4,3084,102.800,,,,,,,,,,
fiep.mp4,3085,102.833,,,,,,,,,,
fiep.mp4,3086,102.867,,,,,,,,,,
fiep.mp4,3087,102.900,,,,,,,,,,
fiep.mp4,3088,102.933,,,,,,,,,,
fiep.mp4,3089,102.967,,,,,,,,,,
fiep.mp4,3090,103.000,,,,,,,,,,
fiep.mp4,3091,103.033,,,,,,,,,,
fiep.mp4,3092,103.067,1221.622,682.359,1127.255,632.297,1315.989,732.422,0.343,,,
fiep.mp4,3093,103.100,1221.603,682.490,1127.340,632.484,1315.865,732.497,0.338,71.000,,
fiep.mp4,3094,103.133,1221.559,682.535,1127.182,632.466,1315.937,732.604,0.357,71.000,,
fiep.mp4,3095,103.167,1221.385,682.482,1127.068,632.447,1315.702,732.516,0.414,71.000,,
fiep.mp4,3096,103.200,1221.406,682.585,1127.006,632.505,1315.806,732.664,0.432,71.000,,
fiep.mp4,3097,103.233,1088.130,827.119,997.710,731.900,1178.549,922.338,0.483,72.000,,
fiep.mp4,3098,103.267,1221.547,682.756,1127.116,632.661,1315.979,732.852,0.440,71.000,,
fiep.mp4,3099,103.300,1221.647,682.695,1127.305,632.655,1315.990,732.735,0.384,71.000,,
fiep.mp4,3100,103.333,1221.734,682.607,1127.452,632.618,1316.017,732.596,0.389,71.000,,
fiep.mp4,3101,103.367,1221.839,682.499,1127.412,632.449,1316.265,732.550,0.396,71.000,,
fiep.mp4,3102,103.400,1221.749,682.472,1127.157,632.340,1316.340,732.604,0.423,71.000,,
fiep.mp4,3103,103.433,1221.691,682.501,1127.086,632.378,1316.297,732.624,0.417,71.000,,
fiep.mp4,3104,103.467,1221.740,682.514,1127.105,632.380,1316.375,732.647,0.410,71.000,,
fiep.mp4,3105,103.500,1221.723,682.542,1127.132,632.435,1316.315,732.648,0.438,71.000,,
fiep.mp4,3106,103.533,1221.781,682.547,1127.161,632.425,1316.401,732.668,0.417,71.000,,
fiep.mp4,3107,103.567,1221.718,682.537,1127.031,632.372,1316.405,732.703,0.435,71.000,,
fiep.mp4,3108,103.600,1221.636,682.546,1126.985,632.388,1316.286,732.704,0.405,71.000,,
fiep.mp4,3109,103.633,1221.905,682.487,1127.181,632.275,1316.629,732.698,0.376,71.000,,
fiep.mp4,3110,103.667,,,,,,,,,,
fiep.mp4,3111,103.700,1221.998,682.456,1127.369,632.290,1316.627,732.623,0.349,71.000,,
fiep.mp4,3112,103.733,1221.959,682.505,1127.311,632.319,1316.607,732.691,0.346,71.000,,
fiep.mp4,3113,103.767,,,,,,,,,,
fiep.mp4,3114,103.800,1221.689,682.527,1127.411,632.548,1315.966,732.506,0.377,71.000,,
fiep.mp4,3115,103.833,,,,,,,,,,
fiep.mp4,3116,103.867,1221.718,682.394,1126.901,632.097,1316.535,732.690,0.399,71.000,,
fiep.mp4,3117,103.900,1221.507,682.359,1126.864,632.157,1316.150,732.561,0.426,71.000,,
fiep.mp4,3118,103.933,1221.544,682.488,1126.831,632.243,1316.257,732.734,0.387,71.000,,
fiep.mp4,3119,103.967,1221.522,682.480,1126.968,632.326,1316.077,732.634,0.417,71.000,,
fiep.mp4,3120,104.000,1221.897,682.394,1127.194,632.145,1316.600,732.642,0.378,71.000,,
fiep.mp4,3121,104.033,1222.075,682.408,1127.267,632.080,1316.883,732.736,0.353,71.000,,
fiep.mp4,3122,104.067,1222.214,682.461,1127.373,632.090,1317.054,732.832,0.367,71.000,,
fiep.mp4,3123,104.100,1222.173,682.452,1127.404,632.107,1316.942,732.798,0.381,71.000,,
fiep.mp4,3124,104.133,1222.148,682.384,1127.475,632.088,1316.821,732.679,0.375,71.000,,
fiep.mp4,3125,104.167,,,,,,,,,,
fiep.mp4,3126,104.200,,,,,,,,,,
fiep.mp4,3127,104.233,1222.062,682.336,1127.357,632.024,1316.767,732.647,0.405,71.000,,
fiep.mp4,3128,104.267,1222.064,682.260,1127.349,631.933,1316.778,732.586,0.415,71.000,,
fiep.mp4,3129,104.300,1221.946,682.276,1127.479,632.094,1316.412,732.458,0.428,71.000,,
fiep.mp4,3130,104.333,,,,,,,,,,
fiep.mp4,3131,104.367,1222.059,682.287,1127.538,632.089,1316.580,732.486,0.379,71.000,,
fiep.mp4,3132,104.400,1222.185,682.250,1127.614,632.035,1316.757,732.465,0.348,71.000,,
fiep.mp4,3133,104.433,,,,,,,,,,
fiep.mp4,3134,104.467,1222.188,682.285,1127.552,632.018,1316.823,732.552,0.386,71.000,,
fiep.mp4,3135,104.500,1222.356,682.365,1127.776,632.138,1316.936,732.592,0.312,71.000,,
fiep.mp4,3136,104.533,,,,,,,,,,
fiep.mp4,3137,104.567,,,,,,,,,,
fiep.mp4,3138,104.600,,,,,,,,,,
fiep.mp4,3139,104.633,1222.598,682.421,1127.783,632.033,1317.412,732.809,0.311,71.000,,
fiep.mp4,3140,104.667,1222.401,682.342,1127.968,632.154,1316.835,732.531,0.345,71.000,,
fiep.mp4,3141,104.700,,,,,,,,,,
fiep.mp4,3142,104.733,,,,,,,,,,
fiep.mp4,3143,104.767,,,,,,,,,,
fiep.mp4,3144,104.800,,,,,,,,,,
fiep.mp4,3145,104.833,,,,,,,,,,
fiep.mp4,3146,104.867,,,,,,,,,,
fiep.mp4,3147,104.900,1081.797,825.025,985.865,729.452,1177.728,920.598,0.411,,,
fiep.mp4,3148,104.933,1081.056,825.309,985.353,729.973,1176.759,920.644,0.407,74.000,,
fiep.mp4,3149,104.967,,,,,,,,,,
fiep.mp4,3150,105.000,,,,,,,,,,
fiep.mp4,3151,105.033,,,,,,,,,,
fiep.mp4,3152,105.067,,,,,,,,,,
fiep.mp4,3153,105.100,,,,,,,,,,
fiep.mp4,3154,105.133,,,,,,,,,,
fiep.mp4,3155,105.167,,,,,,,,,,
fiep.mp4,3156,105.200,,,,,,,,,,
fiep.mp4,3157,105.233,,,,,,,,,,
fiep.mp4,3158,105.267,,,,,,,,,,
fiep.mp4,3159,105.300,,,,,,,,,,
fiep.mp4,3160,105.333,,,,,,,,,,
fiep.mp4,3161,105.367,,,,,,,,,,
fiep.mp4,3162,105.400,,,,,,,,,,
fiep.mp4,3163,105.433,,,,,,,,,,
fiep.mp4,3164,105.467,,,,,,,,,,
fiep.mp4,3165,105.500,,,,,,,,,,
fiep.mp4,3166,105.533,,,,,,,,,,
fiep.mp4,3167,105.567,,,,,,,,,,
fiep.mp4,3168,105.600,,,,,,,,,,
fiep.mp4,3169,105.633,,,,,,,,,,
fiep.mp4,3170,105.667,,,,,,,,,,
fiep.mp4,3171,105.700,,,,,,,,,,
fiep.mp4,3172,105.733,,,,,,,,,,
fiep.mp4,3173,105.767,,,,,,,,,,
fiep.mp4,3174,105.800,,,,,,,,,,
fiep.mp4,3175,105.833,,,,,,,,,,
fiep.mp4,3176,105.867,,,,,,,,,,
fiep.mp4,3177,105.900,,,,,,,,,,
fiep.mp4,3178,105.933,,,,,,,,,,
fiep.mp4,3179,105.967,,,,,,,,,,
fiep.mp4,3180,106.000,,,,,,,,,,
fiep.mp4,3181,106.033,,,,,,,,,,
fiep.mp4,3182,106.067,,,,,,,,,,
fiep.mp4,3183,106.100,,,,,,,,,,
fiep.mp4,3184,106.133,,,,,,,,,,
fiep.mp4,3185,106.167,,,,,,,,,,
fiep.mp4,3186,106.200,,,,,,,,,,
fiep.mp4,3187,106.233,,,,,,,,,,
fiep.mp4,3188,106.267,,,,,,,,,,
fiep.mp4,3189,106.300,,,,,,,,,,
fiep.mp4,3190,106.333,,,,,,,,,,
fiep.mp4,3191,106.367,,,,,,,,,,
fiep.mp4,3192,106.400,,,,,,,,,,
fiep.mp4,3193,106.433,,,,,,,,,,
fiep.mp4,3194,106.467,,,,,,,,,,
fiep.mp4,3195,106.500,,,,,,,,,,
fiep.mp4,3196,106.533,,,,,,,,,,
fiep.mp4,3197,106.567,,,,,,,,,,
fiep.mp4,3198,106.600,,,,,,,,,,
fiep.mp4,3199,106.633,,,,,,,,,,
fiep.mp4,3200,106.667,,,,,,,,,,
fiep.mp4,3201,106.700,,,,,,,,,,
fiep.mp4,3202,106.733,,,,,,,,,,
fiep.mp4,3203,106.767,,,,,,,,,,
fiep.mp4,3204,106.800,,,,,,,,,,
fiep.mp4,3205,106.833,,,,,,,,,,
fiep.mp4,3206,106.867,,,,,,,,,,
fiep.mp4,3207,106.900,,,,,,,,,,
fiep.mp4,3208,106.933,,,,,,,,,,
fiep.mp4,3209,106.967,,,,,,,,,,
fiep.mp4,3210,107.000,,,,,,,,,,
fiep.mp4,3211,107.033,,,,,,,,,,
fiep.mp4,3212,107.067,,,,,,,,,,
fiep.mp4,3213,107.100,,,,,,,,,,
fiep.mp4,3214,107.133,,,,,,,,,,
fiep.mp4,3215,107.167,,,,,,,,,,
fiep.mp4,3216,107.200,,,,,,,,,,
fiep.mp4,3217,107.233,,,,,,,,,,
fiep.mp4,3218,107.267,,,,,,,,,,
fiep.mp4,3219,107.300,,,,,,,,,,
fiep.mp4,3220,107.333,,,,,,,,,,
fiep.mp4,3221,107.367,,,,,,,,,,
fiep.mp4,3222,107.400,,,,,,,,,,
fiep.mp4,3223,107.433,,,,,,,,,,
fiep.mp4,3224,107.467,,,,,,,,,,
fiep.mp4,3225,107.500,,,,,,,,,,
fiep.mp4,3226,107.533,,,,,,,,,,
fiep.mp4,3227,107.567,,,,,,,,,,
fiep.mp4,3228,107.600,,,,,,,,,,
fiep.mp4,3229,107.633,,,,,,,,,,
fiep.mp4,3230,107.667,,,,,,,,,,
fiep.mp4,3231,107.700,,,,,,,,,,
fiep.mp4,3232,107.733,,,,,,,,,,
fiep.mp4,3233,107.767,,,,,,,,,,
fiep.mp4,3234,107.800,,,,,,,,,,
fiep.mp4,3235,107.833,,,,,,,,,,
fiep.mp4,3236,107.867,,,,,,,,,,
fiep.mp4,3237,107.900,,,,,,,,,,
fiep.mp4,3238,107.933,,,,,,,,,,
fiep.mp4,3239,107.967,,,,,,,,,,
fiep.mp4,3240,108.000,1088.086,819.644,995.351,718.063,1180.822,921.224,0.324,,,
fiep.mp4,3241,108.033,1088.963,819.886,997.025,718.052,1180.901,921.719,0.296,,,
fiep.mp4,3242,108.067,,,,,,,,,,
fiep.mp4,3243,108.100,,,,,,,,,,
fiep.mp4,3244,108.133,,,,,,,,,,
fiep.mp4,3245,108.167,,,,,,,,,,
fiep.mp4,3246,108.200,,,,,,,,,,
fiep.mp4,3247,108.233,,,,,,,,,,
fiep.mp4,3248,108.267,,,,,,,,,,
fiep.mp4,3249,108.300,,,,,,,,,,
fiep.mp4,3250,108.333,,,,,,,,,,
fiep.mp4,3251,108.367,,,,,,,,,,
fiep.mp4,3252,108.400,,,,,,,,,,
fiep.mp4,3253,108.433,,,,,,,,,,
fiep.mp4,3254,108.467,,,,,,,,,,
fiep.mp4,3255,108.500,1091.375,826.898,996.181,732.000,1186.569,921.796,0.276,,,
fiep.mp4,3256,108.533,1090.971,826.557,995.667,731.320,1186.274,921.794,0.276,,,
fiep.mp4,3257,108.567,1090.963,826.749,995.646,731.867,1186.281,921.630,0.271,,,
fiep.mp4,3258,108.600,,,,,,,,,,
fiep.mp4,3259,108.633,,,,,,,,,,
fiep.mp4,3260,108.667,,,,,,,,,,
fiep.mp4,3261,108.700,,,,,,,,,,
fiep.mp4,3262,108.733,,,,,,,,,,
fiep.mp4,3263,108.767,,,,,,,,,,
fiep.mp4,3264,108.800,,,,,,,,,,
fiep.mp4,3265,108.833,,,,,,,,,,
fiep.mp4,3266,108.867,,,,,,,,,,
fiep.mp4,3267,108.900,,,,,,,,,,
fiep.mp4,3268,108.933,,,,,,,,,,
fiep.mp4,3269,108.967,,,,,,,,,,
fiep.mp4,3270,109.000,,,,,,,,,,
fiep.mp4,3271,109.033,,,,,,,,,,
fiep.mp4,3272,109.067,,,,,,,,,,
fiep.mp4,3273,109.100,,,,,,,,,,
fiep.mp4,3274,109.133,,,,,,,,,,
fiep.mp4,3275,109.167,,,,,,,,,,
fiep.mp4,3276,109.200,,,,,,,,,,
fiep.mp4,3277,109.233,,,,,,,,,,
fiep.mp4,3278,109.267,,,,,,,,,,
fiep.mp4,3279,109.300,,,,,,,,,,
fiep.mp4,3280,109.333,,,,,,,,,,
fiep.mp4,3281,109.367,,,,,,,,,,
fiep.mp4,3282,109.400,,,,,,,,,,
fiep.mp4,3283,109.433,,,,,,,,,,
fiep.mp4,3284,109.467,,,,,,,,,,
fiep.mp4,3285,109.500,,,,,,,,,,
fiep.mp4,3286,109.533,,,,,,,,,,
fiep.mp4,3287,109.567,,,,,,,,,,
fiep.mp4,3288,109.600,,,,,,,,,,
fiep.mp4,3289,109.633,,,,,,,,,,
fiep.mp4,3290,109.667,,,,,,,,,,
fiep.mp4,3291,109.700,,,,,,,,,,
fiep.mp4,3292,109.733,,,,,,,,,,
fiep.mp4,3293,109.767,,,,,,,,,,
fiep.mp4,3294,109.800,,,,,,,,,,
fiep.mp4,3295,109.833,,,,,,,,,,
fiep.mp4,3296,109.867,,,,,,,,,,
fiep.mp4,3297,109.900,,,,,,,,,,
fiep.mp4,3298,109.933,,,,,,,,,,
fiep.mp4,3299,109.967,,,,,,,,,,
fiep.mp4,3300,110.000,,,,,,,,,,
fiep.mp4,3301,110.033,,,,,,,,,,
fiep.mp4,3302,110.067,,,,,,,,,,
fiep.mp4,3303,110.100,,,,,,,,,,
fiep.mp4,3304,110.133,,,,,,,,,,
fiep.mp4,3305,110.167,,,,,,,,,,
fiep.mp4,3306,110.200,,,,,,,,,,
fiep.mp4,3307,110.233,,,,,,,,,,
fiep.mp4,3308,110.267,,,,,,,,,,
fiep.mp4,3309,110.300,,,,,,,,,,
fiep.mp4,3310,110.333,,,,,,,,,,
fiep.mp4,3311,110.367,,,,,,,,,,
fiep.mp4,3312,110.400,,,,,,,,,,
fiep.mp4,3313,110.433,,,,,,,,,,
fiep.mp4,3314,110.467,,,,,,,,,,
fiep.mp4,3315,110.500,,,,,,,,,,
fiep.mp4,3316,110.533,,,,,,,,,,
fiep.mp4,3317,110.567,,,,,,,,,,
fiep.mp4,3318,110.600,,,,,,,,,,
fiep.mp4,3319,110.633,,,,,,,,,,
fiep.mp4,3320,110.667,,,,,,,,,,
fiep.mp4,3321,110.700,,,,,,,,,,
fiep.mp4,3322,110.733,,,,,,,,,,
fiep.mp4,3323,110.767,,,,,,,,,,
fiep.mp4,3324,110.800,,,,,,,,,,
fiep.mp4,3325,110.833,,,,,,,,,,
fiep.mp4,3326,110.867,,,,,,,,,,
fiep.mp4,3327,110.900,,,,,,,,,,
fiep.mp4,3328,110.933,,,,,,,,,,
fiep.mp4,3329,110.967,,,,,,,,,,
fiep.mp4,3330,111.000,,,,,,,,,,
fiep.mp4,3331,111.033,,,,,,,,,,
fiep.mp4,3332,111.067,,,,,,,,,,
fiep.mp4,3333,111.100,,,,,,,,,,
fiep.mp4,3334,111.133,,,,,,,,,,
fiep.mp4,3335,111.167,,,,,,,,,,
fiep.mp4,3336,111.200,,,,,,,,,,
fiep.mp4,3337,111.233,,,,,,,,,,
fiep.mp4,3338,111.267,,,,,,,,,,
fiep.mp4,3339,111.300,,,,,,,,,,
fiep.mp4,3340,111.333,,,,,,,,,,
fiep.mp4,3341,111.367,,,,,,,,,,
fiep.mp4,3342,111.400,,,,,,,,,,
fiep.mp4,3343,111.433,,,,,,,,,,
fiep.mp4,3344,111.467,,,,,,,,,,
fiep.mp4,3345,111.500,,,,,,,,,,
fiep.mp4,3346,111.533,,,,,,,,,,
fiep.mp4,3347,111.567,,,,,,,,,,
fiep.mp4,3348,111.600,,,,,,,,,,
fiep.mp4,3349,111.633,,,,,,,,,,
fiep.mp4,3350,111.667,,,,,,,,,,
fiep.mp4,3351,111.700,,,,,,,,,,
fiep.mp4,3352,111.733,,,,,,,,,,
fiep.mp4,3353,111.767,,,,,,,,,,
fiep.mp4,3354,111.800,,,,,,,,,,
fiep.mp4,3355,111.833,,,,,,,,,,
fiep.mp4,3356,111.867,,,,,,,,,,
fiep.mp4,3357,111.900,,,,,,,,,,
fiep.mp4,3358,111.933,,,,,,,,,,
fiep.mp4,3359,111.967,,,,,,,,,,
fiep.mp4,3360,112.000,,,,,,,,,,
fiep.mp4,3361,112.033,,,,,,,,,,
fiep.mp4,3362,112.067,,,,,,,,,,
fiep.mp4,3363,112.100,,,,,,,,,,
fiep.mp4,3364,112.133,,,,,,,,,,
fiep.mp4,3365,112.167,,,,,,,,,,
fiep.mp4,3366,112.200,,,,,,,,,,
fiep.mp4,3367,112.233,,,,,,,,,,
fiep.mp4,3368,112.267,,,,,,,,,,
fiep.mp4,3369,112.300,,,,,,,,,,
fiep.mp4,3370,112.333,,,,,,,,,,
fiep.mp4,3371,112.367,,,,,,,,,,
fiep.mp4,3372,112.400,,,,,,,,,,
fiep.mp4,3373,112.433,,,,,,,,,,
fiep.mp4,3374,112.467,,,,,,,,,,
fiep.mp4,3375,112.500,,,,,,,,,,
fiep.mp4,3376,112.533,,,,,,,,,,
fiep.mp4,3377,112.567,,,,,,,,,,
fiep.mp4,3378,112.600,,,,,,,,,,
fiep.mp4,3379,112.633,,,,,,,,,,
fiep.mp4,3380,112.667,,,,,,,,,,
fiep.mp4,3381,112.700,,,,,,,,,,
fiep.mp4,3382,112.733,,,,,,,,,,
fiep.mp4,3383,112.767,,,,,,,,,,
fiep.mp4,3384,112.800,,,,,,,,,,
fiep.mp4,3385,112.833,,,,,,,,,,
fiep.mp4,3386,112.867,,,,,,,,,,
fiep.mp4,3387,112.900,,,,,,,,,,
fiep.mp4,3388,112.933,,,,,,,,,,
fiep.mp4,3389,112.967,,,,,,,,,,
fiep.mp4,3390,113.000,,,,,,,,,,
fiep.mp4,3391,113.033,,,,,,,,,,
fiep.mp4,3392,113.067,,,,,,,,,,
fiep.mp4,3393,113.100,,,,,,,,,,
fiep.mp4,3394,113.133,,,,,,,,,,
fiep.mp4,3395,113.167,,,,,,,,,,
fiep.mp4,3396,113.200,,,,,,,,,,
fiep.mp4,3397,113.233,,,,,,,,,,
fiep.mp4,3398,113.267,,,,,,,,,,
fiep.mp4,3399,113.300,,,,,,,,,,
fiep.mp4,3400,113.333,,,,,,,,,,
fiep.mp4,3401,113.367,,,,,,,,,,
fiep.mp4,3402,113.400,,,,,,,,,,
fiep.mp4,3403,113.433,,,,,,,,,,
fiep.mp4,3404,113.467,,,,,,,,,,
fiep.mp4,3405,113.500,,,,,,,,,,
fiep.mp4,3406,113.533,,,,,,,,,,
fiep.mp4,3407,113.567,,,,,,,,,,
fiep.mp4,3408,113.600,,,,,,,,,,
fiep.mp4,3409,113.633,,,,,,,,,,
fiep.mp4,3410,113.667,,,,,,,,,,
fiep.mp4,3411,113.700,,,,,,,,,,
fiep.mp4,3412,113.733,,,,,,,,,,
fiep.mp4,3413,113.767,,,,,,,,,,
fiep.mp4,3414,113.800,,,,,,,,,,
fiep.mp4,3415,113.833,,,,,,,,,,
fiep.mp4,3416,113.867,,,,,,,,,,
fiep.mp4,3417,113.900,,,,,,,,,,
fiep.mp4,3418,113.933,,,,,,,,,,
fiep.mp4,3419,113.967,,,,,,,,,,
fiep.mp4,3420,114.000,,,,,,,,,,
fiep.mp4,3421,114.033,,,,,,,,,,
fiep.mp4,3422,114.067,,,,,,,,,,
fiep.mp4,3423,114.100,,,,,,,,,,
fiep.mp4,3424,114.133,,,,,,,,,,
fiep.mp4,3425,114.167,,,,,,,,,,
fiep.mp4,3426,114.200,,,,,,,,,,
fiep.mp4,3427,114.233,,,,,,,,,,
fiep.mp4,3428,114.267,,,,,,,,,,
fiep.mp4,3429,114.300,,,,,,,,,,
fiep.mp4,3430,114.333,,,,,,,,,,
fiep.mp4,3431,114.367,,,,,,,,,,
fiep.mp4,3432,114.400,,,,,,,,,,
fiep.mp4,3433,114.433,,,,,,,,,,
fiep.mp4,3434,114.467,,,,,,,,,,
fiep.mp4,3435,114.500,,,,,,,,,,
fiep.mp4,3436,114.533,,,,,,,,,,
fiep.mp4,3437,114.567,,,,,,,,,,
fiep.mp4,3438,114.600,,,,,,,,,,
fiep.mp4,3439,114.633,,,,,,,,,,
fiep.mp4,3440,114.667,,,,,,,,,,
fiep.mp4,3441,114.700,,,,,,,,,,
fiep.mp4,3442,114.733,,,,,,,,,,
fiep.mp4,3443,114.767,,,,,,,,,,
fiep.mp4,3444,114.800,,,,,,,,,,
fiep.mp4,3445,114.833,,,,,,,,,,
fiep.mp4,3446,114.867,,,,,,,,,,
fiep.mp4,3447,114.900,,,,,,,,,,
fiep.mp4,3448,114.933,,,,,,,,,,
fiep.mp4,3449,114.967,,,,,,,,,,
fiep.mp4,3450,115.000,,,,,,,,,,
fiep.mp4,3451,115.033,,,,,,,,,,
fiep.mp4,3452,115.067,,,,,,,,,,
fiep.mp4,3453,115.100,,,,,,,,,,
fiep.mp4,3454,115.133,,,,,,,,,,
fiep.mp4,3455,115.167,,,,,,,,,,
fiep.mp4,3456,115.200,,,,,,,,,,
fiep.mp4,3457,115.233,,,,,,,,,,
fiep.mp4,3458,115.267,,,,,,,,,,
fiep.mp4,3459,115.300,,,,,,,,,,
fiep.mp4,3460,115.333,,,,,,,,,,
fiep.mp4,3461,115.367,,,,,,,,,,
fiep.mp4,3462,115.400,,,,,,,,,,
fiep.mp4,3463,115.433,,,,,,,,,,
fiep.mp4,3464,115.467,,,,,,,,,,
fiep.mp4,3465,115.500,,,,,,,,,,
fiep.mp4,3466,115.533,,,,,,,,,,
fiep.mp4,3467,115.567,,,,,,,,,,
fiep.mp4,3468,115.600,,,,,,,,,,
fiep.mp4,3469,115.633,,,,,,,,,,
fiep.mp4,3470,115.667,,,,,,,,,,
fiep.mp4,3471,115.700,,,,,,,,,,
fiep.mp4,3472,115.733,,,,,,,,,,
fiep.mp4,3473,115.767,,,,,,,,,,
fiep.mp4,3474,115.800,,,,,,,,,,
fiep.mp4,3475,115.833,,,,,,,,,,
fiep.mp4,3476,115.867,,,,,,,,,,
fiep.mp4,3477,115.900,,,,,,,,,,
fiep.mp4,3478,115.933,,,,,,,,,,
fiep.mp4,3479,115.967,,,,,,,,,,
fiep.mp4,3480,116.000,,,,,,,,,,
fiep.mp4,3481,116.033,,,,,,,,,,
fiep.mp4,3482,116.067,,,,,,,,,,
fiep.mp4,3483,116.100,,,,,,,,,,
fiep.mp4,3484,116.133,,,,,,,,,,
fiep.mp4,3485,116.167,,,,,,,,,,
fiep.mp4,3486,116.200,,,,,,,,,,
fiep.mp4,3487,116.233,,,,,,,,,,
fiep.mp4,3488,116.267,,,,,,,,,,
fiep.mp4,3489,116.300,,,,,,,,,,
fiep.mp4,3490,116.333,,,,,,,,,,
fiep.mp4,3491,116.367,,,,,,,,,,
fiep.mp4,3492,116.400,,,,,,,,,,
fiep.mp4,3493,116.433,,,,,,,,,,
fiep.mp4,3494,116.467,,,,,,,,,,
fiep.mp4,3495,116.500,,,,,,,,,,
fiep.mp4,3496,116.533,,,,,,,,,,
fiep.mp4,3497,116.567,,,,,,,,,,
fiep.mp4,3498,116.600,,,,,,,,,,
fiep.mp4,3499,116.633,,,,,,,,,,
fiep.mp4,3500,116.667,,,,,,,,,,
fiep.mp4,3501,116.700,,,,,,,,,,
fiep.mp4,3502,116.733,,,,,,,,,,
fiep.mp4,3503,116.767,,,,,,,,,,
fiep.mp4,3504,116.800,,,,,,,,,,
fiep.mp4,3505,116.833,,,,,,,,,,
fiep.mp4,3506,116.867,,,,,,,,,,
fiep.mp4,3507,116.900,,,,,,,,,,
fiep.mp4,3508,116.933,,,,,,,,,,
fiep.mp4,3509,116.967,,,,,,,,,,
fiep.mp4,3510,117.000,,,,,,,,,,
fiep.mp4,3511,117.033,,,,,,,,,,
fiep.mp4,3512,117.067,,,,,,,,,,
fiep.mp4,3513,117.100,,,,,,,,,,
fiep.mp4,3514,117.133,,,,,,,,,,
fiep.mp4,3515,117.167,,,,,,,,,,
fiep.mp4,3516,117.200,,,,,,,,,,
fiep.mp4,3517,117.233,,,,,,,,,,
fiep.mp4,3518,117.267,,,,,,,,,,
fiep.mp4,3519,117.300,,,,,,,,,,
fiep.mp4,3520,117.333,,,,,,,,,,
fiep.mp4,3521,117.367,,,,,,,,,,
fiep.mp4,3522,117.400,,,,,,,,,,
fiep.mp4,3523,117.433,,,,,,,,,,
fiep.mp4,3524,117.467,,,,,,,,,,
fiep.mp4,3525,117.500,,,,,,,,,,
fiep.mp4,3526,117.533,,,,,,,,,,
fiep.mp4,3527,117.567,,,,,,,,,,
fiep.mp4,3528,117.600,,,,,,,,,,
fiep.mp4,3529,117.633,,,,,,,,,,
fiep.mp4,3530,117.667,,,,,,,,,,
fiep.mp4,3531,117.700,,,,,,,,,,
fiep.mp4,3532,117.733,,,,,,,,,,
fiep.mp4,3533,117.767,,,,,,,,,,
fiep.mp4,3534,117.800,,,,,,,,,,
fiep.mp4,3535,117.833,,,,,,,,,,
fiep.mp4,3536,117.867,,,,,,,,,,
fiep.mp4,3537,117.900,,,,,,,,,,
fiep.mp4,3538,117.933,,,,,,,,,,
fiep.mp4,3539,117.967,,,,,,,,,,
fiep.mp4,3540,118.000,,,,,,,,,,
fiep.mp4,3541,118.033,,,,,,,,,,
fiep.mp4,3542,118.067,,,,,,,,,,
fiep.mp4,3543,118.100,,,,,,,,,,
fiep.mp4,3544,118.133,,,,,,,,,,
fiep.mp4,3545,118.167,,,,,,,,,,
fiep.mp4,3546,118.200,,,,,,,,,,
fiep.mp4,3547,118.233,,,,,,,,,,
fiep.mp4,3548,118.267,,,,,,,,,,
fiep.mp4,3549,118.300,,,,,,,,,,
fiep.mp4,3550,118.333,,,,,,,,,,
fiep.mp4,3551,118.367,,,,,,,,,,
fiep.mp4,3552,118.400,,,,,,,,,,
fiep.mp4,3553,118.433,,,,,,,,,,
fiep.mp4,3554,118.467,,,,,,,,,,
fiep.mp4,3555,118.500,,,,,,,,,,
fiep.mp4,3556,118.533,,,,,,,,,,
fiep.mp4,3557,118.567,,,,,,,,,,
fiep.mp4,3558,118.600,,,,,,,,,,
fiep.mp4,3559,118.633,,,,,,,,,,
fiep.mp4,3560,118.667,,,,,,,,,,
fiep.mp4,3561,118.700,,,,,,,,,,
fiep.mp4,3562,118.733,,,,,,,,,,
fiep.mp4,3563,118.767,,,,,,,,,,
fiep.mp4,3564,118.800,,,,,,,,,,
fiep.mp4,3565,118.833,,,,,,,,,,
fiep.mp4,3566,118.867,,,,,,,,,,
fiep.mp4,3567,118.900,,,,,,,,,,
fiep.mp4,3568,118.933,,,,,,,,,,
fiep.mp4,3569,118.967,,,,,,,,,,
fiep.mp4,3570,119.000,,,,,,,,,,
fiep.mp4,3571,119.033,,,,,,,,,,
fiep.mp4,3572,119.067,,,,,,,,,,
fiep.mp4,3573,119.100,,,,,,,,,,
fiep.mp4,3574,119.133,,,,,,,,,,
fiep.mp4,3575,119.167,,,,,,,,,,
fiep.mp4,3576,119.200,,,,,,,,,,
fiep.mp4,3577,119.233,,,,,,,,,,
fiep.mp4,3578,119.267,,,,,,,,,,
fiep.mp4,3579,119.300,,,,,,,,,,
fiep.mp4,3580,119.333,,,,,,,,,,
fiep.mp4,3581,119.367,,,,,,,,,,
fiep.mp4,3582,119.400,,,,,,,,,,
fiep.mp4,3583,119.433,,,,,,,,,,
fiep.mp4,3584,119.467,,,,,,,,,,
fiep.mp4,3585,119.500,,,,,,,,,,
fiep.mp4,3586,119.533,,,,,,,,,,
fiep.mp4,3587,119.567,,,,,,,,,,
fiep.mp4,3588,119.600,,,,,,,,,,
fiep.mp4,3589,119.633,,,,,,,,,,
fiep.mp4,3590,119.667,,,,,,,,,,
fiep.mp4,3591,119.700,,,,,,,,,,
fiep.mp4,3592,119.733,,,,,,,,,,
fiep.mp4,3593,119.767,,,,,,,,,,
fiep.mp4,3594,119.800,,,,,,,,,,
fiep.mp4,3595,119.833,,,,,,,,,,
fiep.mp4,3596,119.867,,,,,,,,,,
fiep.mp4,3597,119.900,,,,,,,,,,
fiep.mp4,3598,119.933,,,,,,,,,,
fiep.mp4,3599,119.967,,,,,,,,,,
fiep.mp4,3600,120.000,,,,,,,,,,
fiep.mp4,3601,120.033,,,,,,,,,,
fiep.mp4,3602,120.067,,,,,,,,,,
fiep.mp4,3603,120.100,,,,,,,,,,
fiep.mp4,3604,120.133,,,,,,,,,,
fiep.mp4,3605,120.167,,,,,,,,,,
fiep.mp4,3606,120.200,,,,,,,,,,
fiep.mp4,3607,120.233,,,,,,,,,,
fiep.mp4,3608,120.267,,,,,,,,,,
fiep.mp4,3609,120.300,,,,,,,,,,
fiep.mp4,3610,120.333,1063.165,828.470,983.978,707.475,1142.352,949.465,0.464,,,
fiep.mp4,3611,120.367,1222.694,681.098,1129.165,630.784,1316.223,731.412,0.331,81.000,,
fiep.mp4,3612,120.400,1222.754,681.155,1129.320,630.904,1316.188,731.407,0.405,81.000,,
fiep.mp4,3613,120.433,,,,,,,,,,
fiep.mp4,3614,120.467,,,,,,,,,,
fiep.mp4,3615,120.500,,,,,,,,,,
fiep.mp4,3616,120.533,1057.325,807.818,973.226,698.326,1141.425,917.310,0.488,,,
fiep.mp4,3617,120.567,1058.425,802.174,974.864,697.720,1141.985,906.628,0.276,,,
fiep.mp4,3618,120.600,1061.803,798.365,978.985,694.793,1144.620,901.938,0.442,83.000,,
fiep.mp4,3619,120.633,,,,,,,,,,
fiep.mp4,3620,120.667,,,,,,,,,,
fiep.mp4,3621,120.700,,,,,,,,,,
fiep.mp4,3622,120.733,,,,,,,,,,
fiep.mp4,3623,120.767,,,,,,,,,,
fiep.mp4,3624,120.800,,,,,,,,,,
fiep.mp4,3625,120.833,,,,,,,,,,
fiep.mp4,3626,120.867,,,,,,,,,,
fiep.mp4,3627,120.900,,,,,,,,,,
fiep.mp4,3628,120.933,,,,,,,,,,
fiep.mp4,3629,120.967,,,,,,,,,,
fiep.mp4,3630,121.000,,,,,,,,,,
fiep.mp4,3631,121.033,,,,,,,,,,
fiep.mp4,3632,121.067,,,,,,,,,,
fiep.mp4,3633,121.100,,,,,,,,,,
fiep.mp4,3634,121.133,,,,,,,,,,
fiep.mp4,3635,121.167,,,,,,,,,,
fiep.mp4,3636,121.200,,,,,,,,,,
fiep.mp4,3637,121.233,,,,,,,,,,
fiep.mp4,3638,121.267,,,,,,,,,,
fiep.mp4,3639,121.300,,,,,,,,,,
fiep.mp4,3640,121.333,,,,,,,,,,
fiep.mp4,3641,121.367,,,,,,,,,,
fiep.mp4,3642,121.400,,,,,,,,,,
fiep.mp4,3643,121.433,,,,,,,,,,
fiep.mp4,3644,121.467,,,,,,,,,,
fiep.mp4,3645,121.500,,,,,,,,,,
fiep.mp4,3646,121.533,,,,,,,,,,
fiep.mp4,3647,121.567,,,,,,,,,,
fiep.mp4,3648,121.600,,,,,,,,,,
fiep.mp4,3649,121.633,,,,,,,,,,
fiep.mp4,3650,121.667,,,,,,,,,,
fiep.mp4,3651,121.700,,,,,,,,,,
fiep.mp4,3652,121.733,,,,,,,,,,
fiep.mp4,3653,121.767,,,,,,,,,,
fiep.mp4,3654,121.800,,,,,,,,,,
fiep.mp4,3655,121.833,,,,,,,,,,
fiep.mp4,3656,121.867,,,,,,,,,,
fiep.mp4,3657,121.900,,,,,,,,,,
fiep.mp4,3658,121.933,,,,,,,,,,
fiep.mp4,3659,121.967,,,,,,,,,,
fiep.mp4,3660,122.000,,,,,,,,,,
fiep.mp4,3661,122.033,,,,,,,,,,
fiep.mp4,3662,122.067,,,,,,,,,,
fiep.mp4,3663,122.100,,,,,,,,,,
fiep.mp4,3664,122.133,,,,,,,,,,
fiep.mp4,3665,122.167,,,,,,,,,,
fiep.mp4,3666,122.200,,,,,,,,,,
fiep.mp4,3667,122.233,,,,,,,,,,
fiep.mp4,3668,122.267,,,,,,,,,,
fiep.mp4,3669,122.300,,,,,,,,,,
fiep.mp4,3670,122.333,,,,,,,,,,
fiep.mp4,3671,122.367,,,,,,,,,,
fiep.mp4,3672,122.400,,,,,,,,,,
fiep.mp4,3673,122.433,,,,,,,,,,
fiep.mp4,3674,122.467,,,,,,,,,,
fiep.mp4,3675,122.500,,,,,,,,,,
fiep.mp4,3676,122.533,,,,,,,,,,
fiep.mp4,3677,122.567,,,,,,,,,,
fiep.mp4,3678,122.600,,,,,,,,,,
fiep.mp4,3679,122.633,,,,,,,,,,
fiep.mp4,3680,122.667,,,,,,,,,,
fiep.mp4,3681,122.700,,,,,,,,,,
fiep.mp4,3682,122.733,,,,,,,,,,
fiep.mp4,3683,122.767,,,,,,,,,,
fiep.mp4,3684,122.800,,,,,,,,,,
fiep.mp4,3685,122.833,,,,,,,,,,
fiep.mp4,3686,122.867,,,,,,,,,,
fiep.mp4,3687,122.900,,,,,,,,,,
fiep.mp4,3688,122.933,,,,,,,,,,
fiep.mp4,3689,122.967,,,,,,,,,,
fiep.mp4,3690,123.000,,,,,,,,,,
fiep.mp4,3691,123.033,,,,,,,,,,
fiep.mp4,3692,123.067,,,,,,,,,,
fiep.mp4,3693,123.100,,,,,,,,,,
fiep.mp4,3694,123.133,,,,,,,,,,
fiep.mp4,3695,123.167,,,,,,,,,,
fiep.mp4,3696,123.200,,,,,,,,,,
fiep.mp4,3697,123.233,,,,,,,,,,
fiep.mp4,3698,123.267,,,,,,,,,,
fiep.mp4,3699,123.300,,,,,,,,,,
fiep.mp4,3700,123.333,,,,,,,,,,
fiep.mp4,3701,123.367,,,,,,,,,,
fiep.mp4,3702,123.400,,,,,,,,,,
fiep.mp4,3703,123.433,,,,,,,,,,
fiep.mp4,3704,123.467,,,,,,,,,,
fiep.mp4,3705,123.500,,,,,,,,,,
fiep.mp4,3706,123.533,,,,,,,,,,
fiep.mp4,3707,123.567,,,,,,,,,,
fiep.mp4,3708,123.600,,,,,,,,,,
fiep.mp4,3709,123.633,,,,,,,,,,
fiep.mp4,3710,123.667,,,,,,,,,,
fiep.mp4,3711,123.700,,,,,,,,,,
fiep.mp4,3712,123.733,,,,,,,,,,
fiep.mp4,3713,123.767,,,,,,,,,,
fiep.mp4,3714,123.800,,,,,,,,,,
fiep.mp4,3715,123.833,,,,,,,,,,
fiep.mp4,3716,123.867,,,,,,,,,,
fiep.mp4,3717,123.900,,,,,,,,,,
fiep.mp4,3718,123.933,,,,,,,,,,
fiep.mp4,3719,123.967,,,,,,,,,,
fiep.mp4,3720,124.000,,,,,,,,,,
fiep.mp4,3721,124.033,,,,,,,,,,
fiep.mp4,3722,124.067,,,,,,,,,,
fiep.mp4,3723,124.100,,,,,,,,,,
fiep.mp4,3724,124.133,,,,,,,,,,
fiep.mp4,3725,124.167,,,,,,,,,,
fiep.mp4,3726,124.200,,,,,,,,,,
fiep.mp4,3727,124.233,,,,,,,,,,
fiep.mp4,3728,124.267,,,,,,,,,,
fiep.mp4,3729,124.300,,,,,,,,,,
fiep.mp4,3730,124.333,,,,,,,,,,
fiep.mp4,3731,124.367,,,,,,,,,,
fiep.mp4,3732,124.400,,,,,,,,,,
fiep.mp4,3733,124.433,,,,,,,,,,
fiep.mp4,3734,124.467,,,,,,,,,,
fiep.mp4,3735,124.500,,,,,,,,,,
fiep.mp4,3736,124.533,,,,,,,,,,
fiep.mp4,3737,124.567,,,,,,,,,,
fiep.mp4,3738,124.600,,,,,,,,,,
fiep.mp4,3739,124.633,,,,,,,,,,
fiep.mp4,3740,124.667,,,,,,,,,,
fiep.mp4,3741,124.700,,,,,,,,,,
fiep.mp4,3742,124.733,,,,,,,,,,
fiep.mp4,3743,124.767,,,,,,,,,,
fiep.mp4,3744,124.800,,,,,,,,,,
fiep.mp4,3745,124.833,,,,,,,,,,
fiep.mp4,3746,124.867,,,,,,,,,,
fiep.mp4,3747,124.900,,,,,,,,,,
fiep.mp4,3748,124.933,,,,,,,,,,
fiep.mp4,3749,124.967,,,,,,,,,,
fiep.mp4,3750,125.000,,,,,,,,,,
fiep.mp4,3751,125.033,,,,,,,,,,
fiep.mp4,3752,125.067,,,,,,,,,,
fiep.mp4,3753,125.100,,,,,,,,,,
fiep.mp4,3754,125.133,,,,,,,,,,
fiep.mp4,3755,125.167,,,,,,,,,,
fiep.mp4,3756,125.200,,,,,,,,,,
fiep.mp4,3757,125.233,,,,,,,,,,
fiep.mp4,3758,125.267,,,,,,,,,,
fiep.mp4,3759,125.300,,,,,,,,,,
fiep.mp4,3760,125.333,,,,,,,,,,
fiep.mp4,3761,125.367,,,,,,,,,,
fiep.mp4,3762,125.400,,,,,,,,,,
fiep.mp4,3763,125.433,,,,,,,,,,
fiep.mp4,3764,125.467,,,,,,,,,,
fiep.mp4,3765,125.500,,,,,,,,,,
fiep.mp4,3766,125.533,,,,,,,,,,
fiep.mp4,3767,125.567,,,,,,,,,,
fiep.mp4,3768,125.600,,,,,,,,,,
fiep.mp4,3769,125.633,,,,,,,,,,
fiep.mp4,3770,125.667,,,,,,,,,,
fiep.mp4,3771,125.700,,,,,,,,,,
fiep.mp4,3772,125.733,,,,,,,,,,
fiep.mp4,3773,125.767,,,,,,,,,,
fiep.mp4,3774,125.800,,,,,,,,,,
fiep.mp4,3775,125.833,,,,,,,,,,
fiep.mp4,3776,125.867,,,,,,,,,,
fiep.mp4,3777,125.900,,,,,,,,,,
fiep.mp4,3778,125.933,,,,,,,,,,
fiep.mp4,3779,125.967,,,,,,,,,,
fiep.mp4,3780,126.000,,,,,,,,,,
fiep.mp4,3781,126.033,,,,,,,,,,
fiep.mp4,3782,126.067,,,,,,,,,,
fiep.mp4,3783,126.100,,,,,,,,,,
fiep.mp4,3784,126.133,,,,,,,,,,
fiep.mp4,3785,126.167,,,,,,,,,,
fiep.mp4,3786,126.200,,,,,,,,,,
fiep.mp4,3787,126.233,,,,,,,,,,
fiep.mp4,3788,126.267,,,,,,,,,,
fiep.mp4,3789,126.300,,,,,,,,,,
fiep.mp4,3790,126.333,,,,,,,,,,
fiep.mp4,3791,126.367,,,,,,,,,,
fiep.mp4,3792,126.400,,,,,,,,,,
fiep.mp4,3793,126.433,,,,,,,,,,
fiep.mp4,3794,126.467,,,,,,,,,,
fiep.mp4,3795,126.500,,,,,,,,,,
fiep.mp4,3796,126.533,,,,,,,,,,
fiep.mp4,3797,126.567,,,,,,,,,,
fiep.mp4,3798,126.600,,,,,,,,,,
fiep.mp4,3799,126.633,,,,,,,,,,
fiep.mp4,3800,126.667,,,,,,,,,,
fiep.mp4,3801,126.700,,,,,,,,,,
fiep.mp4,3802,126.733,,,,,,,,,,
fiep.mp4,3803,126.767,,,,,,,,,,
fiep.mp4,3804,126.800,,,,,,,,,,
fiep.mp4,3805,126.833,,,,,,,,,,
fiep.mp4,3806,126.867,,,,,,,,,,
fiep.mp4,3807,126.900,,,,,,,,,,
fiep.mp4,3808,126.933,,,,,,,,,,
fiep.mp4,3809,126.967,,,,,,,,,,
fiep.mp4,3810,127.000,,,,,,,,,,
fiep.mp4,3811,127.033,,,,,,,,,,
fiep.mp4,3812,127.067,,,,,,,,,,
fiep.mp4,3813,127.100,,,,,,,,,,
fiep.mp4,3814,127.133,,,,,,,,,,
fiep.mp4,3815,127.167,,,,,,,,,,
fiep.mp4,3816,127.200,,,,,,,,,,
fiep.mp4,3817,127.233,,,,,,,,,,
fiep.mp4,3818,127.267,,,,,,,,,,
fiep.mp4,3819,127.300,,,,,,,,,,
fiep.mp4,3820,127.333,,,,,,,,,,
fiep.mp4,3821,127.367,,,,,,,,,,
fiep.mp4,3822,127.400,,,,,,,,,,
fiep.mp4,3823,127.433,,,,,,,,,,
fiep.mp4,3824,127.467,,,,,,,,,,
fiep.mp4,3825,127.500,,,,,,,,,,
fiep.mp4,3826,127.533,,,,,,,,,,
fiep.mp4,3827,127.567,,,,,,,,,,
fiep.mp4,3828,127.600,,,,,,,,,,
fiep.mp4,3829,127.633,,,,,,,,,,
fiep.mp4,3830,127.667,,,,,,,,,,
fiep.mp4,3831,127.700,,,,,,,,,,
fiep.mp4,3832,127.733,,,,,,,,,,
fiep.mp4,3833,127.767,,,,,,,,,,
fiep.mp4,3834,127.800,,,,,,,,,,
fiep.mp4,3835,127.833,,,,,,,,,,
fiep.mp4,3836,127.867,,,,,,,,,,
fiep.mp4,3837,127.900,,,,,,,,,,
fiep.mp4,3838,127.933,,,,,,,,,,
fiep.mp4,3839,127.967,,,,,,,,,,
fiep.mp4,3840,128.000,,,,,,,,,,
fiep.mp4,3841,128.033,,,,,,,,,,
fiep.mp4,3842,128.067,,,,,,,,,,
fiep.mp4,3843,128.100,,,,,,,,,,
fiep.mp4,3844,128.133,,,,,,,,,,
fiep.mp4,3845,128.167,,,,,,,,,,
fiep.mp4,3846,128.200,,,,,,,,,,
fiep.mp4,3847,128.233,,,,,,,,,,
fiep.mp4,3848,128.267,,,,,,,,,,
fiep.mp4,3849,128.300,,,,,,,,,,
fiep.mp4,3850,128.333,,,,,,,,,,
fiep.mp4,3851,128.367,,,,,,,,,,
fiep.mp4,3852,128.400,,,,,,,,,,
fiep.mp4,3853,128.433,,,,,,,,,,
fiep.mp4,3854,128.467,,,,,,,,,,
fiep.mp4,3855,128.500,,,,,,,,,,
fiep.mp4,3856,128.533,,,,,,,,,,
fiep.mp4,3857,128.567,,,,,,,,,,
fiep.mp4,3858,128.600,,,,,,,,,,
fiep.mp4,3859,128.633,,,,,,,,,,
fiep.mp4,3860,128.667,,,,,,,,,,
fiep.mp4,3861,128.700,,,,,,,,,,
fiep.mp4,3862,128.733,,,,,,,,,,
fiep.mp4,3863,128.767,,,,,,,,,,
fiep.mp4,3864,128.800,,,,,,,,,,
fiep.mp4,3865,128.833,,,,,,,,,,
fiep.mp4,3866,128.867,,,,,,,,,,
fiep.mp4,3867,128.900,,,,,,,,,,
fiep.mp4,3868,128.933,,,,,,,,,,
fiep.mp4,3869,128.967,,,,,,,,,,
fiep.mp4,3870,129.000,,,,,,,,,,
fiep.mp4,3871,129.033,,,,,,,,,,
fiep.mp4,3872,129.067,,,,,,,,,,
fiep.mp4,3873,129.100,,,,,,,,,,
fiep.mp4,3874,129.133,,,,,,,,,,
fiep.mp4,3875,129.167,,,,,,,,,,
fiep.mp4,3876,129.200,,,,,,,,,,
fiep.mp4,3877,129.233,,,,,,,,,,
fiep.mp4,3878,129.267,,,,,,,,,,
fiep.mp4,3879,129.300,,,,,,,,,,
fiep.mp4,3880,129.333,,,,,,,,,,
fiep.mp4,3881,129.367,,,,,,,,,,
fiep.mp4,3882,129.400,,,,,,,,,,
fiep.mp4,3883,129.433,,,,,,,,,,
fiep.mp4,3884,129.467,,,,,,,,,,
fiep.mp4,3885,129.500,,,,,,,,,,
fiep.mp4,3886,129.533,,,,,,,,,,
fiep.mp4,3887,129.567,,,,,,,,,,
fiep.mp4,3888,129.600,,,,,,,,,,
fiep.mp4,3889,129.633,,,,,,,,,,
fiep.mp4,3890,129.667,,,,,,,,,,
fiep.mp4,3891,129.700,,,,,,,,,,
fiep.mp4,3892,129.733,,,,,,,,,,
fiep.mp4,3893,129.767,,,,,,,,,,
fiep.mp4,3894,129.800,,,,,,,,,,
fiep.mp4,3895,129.833,,,,,,,,,,
fiep.mp4,3896,129.867,,,,,,,,,,
fiep.mp4,3897,129.900,,,,,,,,,,
fiep.mp4,3898,129.933,,,,,,,,,,
fiep.mp4,3899,129.967,,,,,,,,,,
fiep.mp4,3900,130.000,,,,,,,,,,
fiep.mp4,3901,130.033,,,,,,,,,,
fiep.mp4,3902,130.067,,,,,,,,,,
fiep.mp4,3903,130.100,,,,,,,,,,
fiep.mp4,3904,130.133,,,,,,,,,,
fiep.mp4,3905,130.167,,,,,,,,,,
fiep.mp4,3906,130.200,,,,,,,,,,
fiep.mp4,3907,130.233,,,,,,,,,,
fiep.mp4,3908,130.267,,,,,,,,,,
fiep.mp4,3909,130.300,,,,,,,,,,
fiep.mp4,3910,130.333,,,,,,,,,,
fiep.mp4,3911,130.367,,,,,,,,,,
fiep.mp4,3912,130.400,,,,,,,,,,
fiep.mp4,3913,130.433,,,,,,,,,,
fiep.mp4,3914,130.467,,,,,,,,,,
fiep.mp4,3915,130.500,,,,,,,,,,
fiep.mp4,3916,130.533,,,,,,,,,,
fiep.mp4,3917,130.567,,,,,,,,,,
fiep.mp4,3918,130.600,,,,,,,,,,
fiep.mp4,3919,130.633,,,,,,,,,,
fiep.mp4,3920,130.667,,,,,,,,,,
fiep.mp4,3921,130.700,,,,,,,,,,
fiep.mp4,3922,130.733,,,,,,,,,,
fiep.mp4,3923,130.767,,,,,,,,,,
fiep.mp4,3924,130.800,,,,,,,,,,
fiep.mp4,3925,130.833,,,,,,,,,,
fiep.mp4,3926,130.867,,,,,,,,,,
fiep.mp4,3927,130.900,,,,,,,,,,
fiep.mp4,3928,130.933,,,,,,,,,,
fiep.mp4,3929,130.967,,,,,,,,,,
fiep.mp4,3930,131.000,,,,,,,,,,
fiep.mp4,3931,131.033,,,,,,,,,,
fiep.mp4,3932,131.067,,,,,,,,,,
fiep.mp4,3933,131.100,,,,,,,,,,
fiep.mp4,3934,131.133,,,,,,,,,,
fiep.mp4,3935,131.167,,,,,,,,,,
fiep.mp4,3936,131.200,,,,,,,,,,
fiep.mp4,3937,131.233,,,,,,,,,,
fiep.mp4,3938,131.267,,,,,,,,,,
fiep.mp4,3939,131.300,,,,,,,,,,
fiep.mp4,3940,131.333,,,,,,,,,,
fiep.mp4,3941,131.367,,,,,,,,,,
fiep.mp4,3942,131.400,,,,,,,,,,
fiep.mp4,3943,131.433,,,,,,,,,,
fiep.mp4,3944,131.467,,,,,,,,,,
fiep.mp4,3945,131.500,,,,,,,,,,
fiep.mp4,3946,131.533,,,,,,,,,,
fiep.mp4,3947,131.567,,,,,,,,,,
fiep.mp4,3948,131.600,,,,,,,,,,
fiep.mp4,3949,131.633,,,,,,,,,,
fiep.mp4,3950,131.667,,,,,,,,,,
fiep.mp4,3951,131.700,,,,,,,,,,
fiep.mp4,3952,131.733,,,,,,,,,,
fiep.mp4,3953,131.767,,,,,,,,,,
fiep.mp4,3954,131.800,,,,,,,,,,
fiep.mp4,3955,131.833,,,,,,,,,,
fiep.mp4,3956,131.867,,,,,,,,,,
fiep.mp4,3957,131.900,,,,,,,,,,
fiep.mp4,3958,131.933,,,,,,,,,,
fiep.mp4,3959,131.967,,,,,,,,,,
fiep.mp4,3960,132.000,,,,,,,,,,
fiep.mp4,3961,132.033,,,,,,,,,,
fiep.mp4,3962,132.067,,,,,,,,,,
fiep.mp4,3963,132.100,,,,,,,,,,
fiep.mp4,3964,132.133,,,,,,,,,,
fiep.mp4,3965,132.167,,,,,,,,,,
fiep.mp4,3966,132.200,,,,,,,,,,
fiep.mp4,3967,132.233,,,,,,,,,,
fiep.mp4,3968,132.267,,,,,,,,,,
fiep.mp4,3969,132.300,,,,,,,,,,
fiep.mp4,3970,132.333,,,,,,,,,,
fiep.mp4,3971,132.367,,,,,,,,,,
fiep.mp4,3972,132.400,,,,,,,,,,
fiep.mp4,3973,132.433,,,,,,,,,,
fiep.mp4,3974,132.467,,,,,,,,,,
fiep.mp4,3975,132.500,,,,,,,,,,
fiep.mp4,3976,132.533,,,,,,,,,,
fiep.mp4,3977,132.567,,,,,,,,,,
fiep.mp4,3978,132.600,,,,,,,,,,
fiep.mp4,3979,132.633,,,,,,,,,,
fiep.mp4,3980,132.667,,,,,,,,,,
fiep.mp4,3981,132.700,,,,,,,,,,
fiep.mp4,3982,132.733,,,,,,,,,,
fiep.mp4,3983,132.767,,,,,,,,,,
fiep.mp4,3984,132.800,,,,,,,,,,
fiep.mp4,3985,132.833,,,,,,,,,,
fiep.mp4,3986,132.867,,,,,,,,,,
fiep.mp4,3987,132.900,,,,,,,,,,
fiep.mp4,3988,132.933,,,,,,,,,,
fiep.mp4,3989,132.967,,,,,,,,,,
fiep.mp4,3990,133.000,,,,,,,,,,
fiep.mp4,3991,133.033,,,,,,,,,,
fiep.mp4,3992,133.067,,,,,,,,,,
fiep.mp4,3993,133.100,,,,,,,,,,
fiep.mp4,3994,133.133,,,,,,,,,,
fiep.mp4,3995,133.167,,,,,,,,,,
fiep.mp4,3996,133.200,,,,,,,,,,
fiep.mp4,3997,133.233,,,,,,,,,,
fiep.mp4,3998,133.267,,,,,,,,,,
fiep.mp4,3999,133.300,,,,,,,,,,
fiep.mp4,4000,133.333,,,,,,,,,,
fiep.mp4,4001,133.367,,,,,,,,,,
fiep.mp4,4002,133.400,,,,,,,,,,
fiep.mp4,4003,133.433,,,,,,,,,,
fiep.mp4,4004,133.467,,,,,,,,,,
fiep.mp4,4005,133.500,,,,,,,,,,
fiep.mp4,4006,133.533,,,,,,,,,,
fiep.mp4,4007,133.567,,,,,,,,,,
fiep.mp4,4008,133.600,,,,,,,,,,
fiep.mp4,4009,133.633,,,,,,,,,,
fiep.mp4,4010,133.667,1079.959,824.823,998.130,726.682,1161.789,922.964,0.253,,,
fiep.mp4,4011,133.700,,,,,,,,,,
fiep.mp4,4012,133.733,,,,,,,,,,
fiep.mp4,4013,133.767,,,,,,,,,,
fiep.mp4,4014,133.800,1074.751,827.200,987.193,731.784,1162.309,922.617,0.328,,,
fiep.mp4,4015,133.833,1073.192,827.013,985.461,731.429,1160.923,922.597,0.353,85.000,,
fiep.mp4,4016,133.867,1071.996,827.592,985.577,733.570,1158.414,921.615,0.254,85.000,,
fiep.mp4,4017,133.900,,,,,,,,,,
fiep.mp4,4018,133.933,,,,,,,,,,
fiep.mp4,4019,133.967,,,,,,,,,,
fiep.mp4,4020,134.000,1065.264,829.959,980.961,739.213,1149.568,920.704,0.290,85.000,,
fiep.mp4,4021,134.033,1064.565,830.683,978.778,739.276,1150.351,922.090,0.423,85.000,,
fiep.mp4,4022,134.067,,,,,,,,,,
fiep.mp4,4023,134.100,,,,,,,,,,
fiep.mp4,4024,134.133,,,,,,,,,,
fiep.mp4,4025,134.167,,,,,,,,,,
fiep.mp4,4026,134.200,1063.573,833.147,978.176,744.176,1148.969,922.117,0.449,85.000,,
fiep.mp4,4027,134.233,1063.044,832.771,976.212,744.213,1149.877,921.330,0.349,85.000,,
fiep.mp4,4028,134.267,1063.204,833.072,974.636,744.318,1151.772,921.825,0.475,85.000,,
fiep.mp4,4029,134.300,1062.845,833.132,972.479,743.899,1153.211,922.364,0.468,85.000,,
fiep.mp4,4030,134.333,1062.751,833.213,970.883,743.647,1154.618,922.779,0.513,85.000,,
fiep.mp4,4031,134.367,1062.768,833.069,969.684,743.336,1155.852,922.802,0.493,85.000,,
fiep.mp4,4032,134.400,1062.817,832.302,969.215,743.103,1156.419,921.501,0.387,85.000,,
fiep.mp4,4033,134.433,1062.826,832.113,968.456,743.124,1157.196,921.102,0.391,85.000,,
fiep.mp4,4034,134.467,1062.428,832.558,966.430,742.722,1158.425,922.394,0.483,85.000,,
fiep.mp4,4035,134.500,1062.222,831.611,965.667,742.015,1158.776,921.207,0.365,85.000,,
fiep.mp4,4036,134.533,1061.874,831.775,963.767,741.253,1159.981,922.297,0.479,85.000,,
fiep.mp4,4037,134.567,1061.668,831.476,963.318,741.290,1160.018,921.662,0.439,85.000,,
fiep.mp4,4038,134.600,1061.665,831.106,962.551,740.642,1160.779,921.569,0.423,85.000,,
fiep.mp4,4039,134.633,1062.138,830.433,962.188,739.565,1162.087,921.301,0.414,85.000,,
fiep.mp4,4040,134.667,1062.495,830.080,962.069,739.075,1162.920,921.085,0.411,85.000,,
fiep.mp4,4041,134.700,1062.586,829.805,961.684,738.627,1163.488,920.982,0.377,85.000,,
fiep.mp4,4042,134.733,1062.907,829.646,961.580,738.343,1164.234,920.949,0.387,85.000,,
fiep.mp4,4043,134.767,1063.182,829.780,961.799,738.708,1164.564,920.852,0.381,85.000,,
fiep.mp4,4044,134.800,,,,,,,,,,
fiep.mp4,4045,134.833,,,,,,,,,,
fiep.mp4,4046,134.867,,,,,,,,,,
fiep.mp4,4047,134.900,,,,,,,,,,
fiep.mp4,4048,134.933,,,,,,,,,,
fiep.mp4,4049,134.967,,,,,,,,,,
fiep.mp4,4050,135.000,,,,,,,,,,
fiep.mp4,4051,135.033,,,,,,,,,,
fiep.mp4,4052,135.067,,,,,,,,,,
fiep.mp4,4053,135.100,,,,,,,,,,
fiep.mp4,4054,135.133,,,,,,,,,,
fiep.mp4,4055,135.167,,,,,,,,,,
fiep.mp4,4056,135.200,,,,,,,,,,
fiep.mp4,4057,135.233,,,,,,,,,,
fiep.mp4,4058,135.267,,,,,,,,,,
fiep.mp4,4059,135.300,,,,,,,,,,
fiep.mp4,4060,135.333,,,,,,,,,,
fiep.mp4,4061,135.367,,,,,,,,,,
fiep.mp4,4062,135.400,,,,,,,,,,
fiep.mp4,4063,135.433,1069.616,832.887,971.685,744.614,1167.548,921.161,0.315,85.000,,
fiep.mp4,4064,135.467,,,,,,,,,,
fiep.mp4,4065,135.500,,,,,,,,,,
fiep.mp4,4066,135.533,,,,,,,,,,
fiep.mp4,4067,135.567,,,,,,,,,,
fiep.mp4,4068,135.600,,,,,,,,,,
fiep.mp4,4069,135.633,,,,,,,,,,
fiep.mp4,4070,135.667,,,,,,,,,,
fiep.mp4,4071,135.700,,,,,,,,,,
fiep.mp4,4072,135.733,1080.338,825.674,978.974,730.465,1181.703,920.883,0.341,85.000,,
fiep.mp4,4073,135.767,1082.518,824.808,982.632,728.570,1182.403,921.045,0.382,85.000,,
fiep.mp4,4074,135.800,,,,,,,,,,
fiep.mp4,4075,135.833,,,,,,,,,,
fiep.mp4,4076,135.867,,,,,,,,,,
fiep.mp4,4077,135.900,,,,,,,,,,
fiep.mp4,4078,135.933,,,,,,,,,,
fiep.mp4,4079,135.967,,,,,,,,,,
fiep.mp4,4080,136.000,1092.230,820.647,991.526,720.614,1192.933,920.681,0.341,85.000,,
fiep.mp4,4081,136.033,,,,,,,,,,
fiep.mp4,4082,136.067,,,,,,,,,,
fiep.mp4,4083,136.100,,,,,,,,,,
fiep.mp4,4084,136.133,,,,,,,,,,
fiep.mp4,4085,136.167,,,,,,,,,,
fiep.mp4,4086,136.200,,,,,,,,,,
fiep.mp4,4087,136.233,,,,,,,,,,
fiep.mp4,4088,136.267,,,,,,,,,,
fiep.mp4,4089,136.300,,,,,,,,,,
fiep.mp4,4090,136.333,,,,,,,,,,
fiep.mp4,4091,136.367,,,,,,,,,,
fiep.mp4,4092,136.400,,,,,,,,,,
fiep.mp4,4093,136.433,,,,,,,,,,
fiep.mp4,4094,136.467,,,,,,,,,,
fiep.mp4,4095,136.500,,,,,,,,,,
fiep.mp4,4096,136.533,,,,,,,,,,
fiep.mp4,4097,136.567,,,,,,,,,,
fiep.mp4,4098,136.600,,,,,,,,,,
fiep.mp4,4099,136.633,,,,,,,,,,
fiep.mp4,4100,136.667,,,,,,,,,,
fiep.mp4,4101,136.700,,,,,,,,,,
fiep.mp4,4102,136.733,,,,,,,,,,
fiep.mp4,4103,136.767,,,,,,,,,,
fiep.mp4,4104,136.800,,,,,,,,,,
fiep.mp4,4105,136.833,,,,,,,,,,
fiep.mp4,4106,136.867,,,,,,,,,,
fiep.mp4,4107,136.900,,,,,,,,,,
fiep.mp4,4108,136.933,,,,,,,,,,
fiep.mp4,4109,136.967,,,,,,,,,,
fiep.mp4,4110,137.000,,,,,,,,,,
fiep.mp4,4111,137.033,,,,,,,,,,
fiep.mp4,4112,137.067,,,,,,,,,,
fiep.mp4,4113,137.100,,,,,,,,,,
fiep.mp4,4114,137.133,,,,,,,,,,
fiep.mp4,4115,137.167,,,,,,,,,,
fiep.mp4,4116,137.200,,,,,,,,,,
fiep.mp4,4117,137.233,,,,,,,,,,
fiep.mp4,4118,137.267,,,,,,,,,,
fiep.mp4,4119,137.300,,,,,,,,,,
fiep.mp4,4120,137.333,,,,,,,,,,
fiep.mp4,4121,137.367,,,,,,,,,,
fiep.mp4,4122,137.400,,,,,,,,,,
fiep.mp4,4123,137.433,,,,,,,,,,
fiep.mp4,4124,137.467,,,,,,,,,,
fiep.mp4,4125,137.500,,,,,,,,,,
fiep.mp4,4126,137.533,,,,,,,,,,
fiep.mp4,4127,137.567,,,,,,,,,,
fiep.mp4,4128,137.600,,,,,,,,,,
fiep.mp4,4129,137.633,,,,,,,,,,
fiep.mp4,4130,137.667,,,,,,,,,,
fiep.mp4,4131,137.700,,,,,,,,,,
fiep.mp4,4132,137.733,,,,,,,,,,
fiep.mp4,4133,137.767,,,,,,,,,,
fiep.mp4,4134,137.800,,,,,,,,,,
fiep.mp4,4135,137.833,,,,,,,,,,
fiep.mp4,4136,137.867,,,,,,,,,,
fiep.mp4,4137,137.900,,,,,,,,,,
fiep.mp4,4138,137.933,,,,,,,,,,
fiep.mp4,4139,137.967,,,,,,,,,,
fiep.mp4,4140,138.000,,,,,,,,,,
fiep.mp4,4141,138.033,,,,,,,,,,
fiep.mp4,4142,138.067,,,,,,,,,,
fiep.mp4,4143,138.100,,,,,,,,,,
fiep.mp4,4144,138.133,,,,,,,,,,
fiep.mp4,4145,138.167,,,,,,,,,,
fiep.mp4,4146,138.200,,,,,,,,,,
fiep.mp4,4147,138.233,,,,,,,,,,
fiep.mp4,4148,138.267,,,,,,,,,,
fiep.mp4,4149,138.300,,,,,,,,,,
fiep.mp4,4150,138.333,,,,,,,,,,
fiep.mp4,4151,138.367,,,,,,,,,,
fiep.mp4,4152,138.400,,,,,,,,,,
fiep.mp4,4153,138.433,,,,,,,,,,
fiep.mp4,4154,138.467,,,,,,,,,,
fiep.mp4,4155,138.500,,,,,,,,,,
fiep.mp4,4156,138.533,,,,,,,,,,
fiep.mp4,4157,138.567,,,,,,,,,,
fiep.mp4,4158,138.600,1069.082,827.956,974.883,733.459,1163.281,922.452,0.293,,,
fiep.mp4,4159,138.633,,,,,,,,,,
fiep.mp4,4160,138.667,,,,,,,,,,
fiep.mp4,4161,138.700,,,,,,,,,,
fiep.mp4,4162,138.733,,,,,,,,,,
fiep.mp4,4163,138.767,,,,,,,,,,
fiep.mp4,4164,138.800,,,,,,,,,,
fiep.mp4,4165,138.833,,,,,,,,,,
fiep.mp4,4166,138.867,,,,,,,,,,
fiep.mp4,4167,138.900,,,,,,,,,,
fiep.mp4,4168,138.933,,,,,,,,,,
fiep.mp4,4169,138.967,,,,,,,,,,
fiep.mp4,4170,139.000,,,,,,,,,,
fiep.mp4,4171,139.033,,,,,,,,,,
fiep.mp4,4172,139.067,,,,,,,,,,
fiep.mp4,4173,139.100,,,,,,,,,,
fiep.mp4,4174,139.133,,,,,,,,,,
fiep.mp4,4175,139.167,,,,,,,,,,
fiep.mp4,4176,139.200,,,,,,,,,,
fiep.mp4,4177,139.233,,,,,,,,,,
fiep.mp4,4178,139.267,,,,,,,,,,
fiep.mp4,4179,139.300,,,,,,,,,,
fiep.mp4,4180,139.333,,,,,,,,,,
fiep.mp4,4181,139.367,,,,,,,,,,
fiep.mp4,4182,139.400,,,,,,,,,,
fiep.mp4,4183,139.433,,,,,,,,,,
fiep.mp4,4184,139.467,,,,,,,,,,
fiep.mp4,4185,139.500,,,,,,,,,,
fiep.mp4,4186,139.533,,,,,,,,,,
fiep.mp4,4187,139.567,,,,,,,,,,
fiep.mp4,4188,139.600,,,,,,,,,,
fiep.mp4,4189,139.633,,,,,,,,,,
fiep.mp4,4190,139.667,,,,,,,,,,
fiep.mp4,4191,139.700,,,,,,,,,,
fiep.mp4,4192,139.733,,,,,,,,,,
fiep.mp4,4193,139.767,,,,,,,,,,
fiep.mp4,4194,139.800,,,,,,,,,,
fiep.mp4,4195,139.833,,,,,,,,,,
fiep.mp4,4196,139.867,,,,,,,,,,
fiep.mp4,4197,139.900,,,,,,,,,,
fiep.mp4,4198,139.933,,,,,,,,,,
fiep.mp4,4199,139.967,,,,,,,,,,
fiep.mp4,4200,140.000,,,,,,,,,,
fiep.mp4,4201,140.033,,,,,,,,,,
fiep.mp4,4202,140.067,,,,,,,,,,
fiep.mp4,4203,140.100,,,,,,,,,,
fiep.mp4,4204,140.133,,,,,,,,,,
fiep.mp4,4205,140.167,,,,,,,,,,
fiep.mp4,4206,140.200,,,,,,,,,,
fiep.mp4,4207,140.233,,,,,,,,,,
fiep.mp4,4208,140.267,,,,,,,,,,
fiep.mp4,4209,140.300,,,,,,,,,,
fiep.mp4,4210,140.333,,,,,,,,,,
fiep.mp4,4211,140.367,,,,,,,,,,
fiep.mp4,4212,140.400,,,,,,,,,,
fiep.mp4,4213,140.433,,,,,,,,,,
fiep.mp4,4214,140.467,,,,,,,,,,
fiep.mp4,4215,140.500,,,,,,,,,,
fiep.mp4,4216,140.533,,,,,,,,,,
fiep.mp4,4217,140.567,,,,,,,,,,
fiep.mp4,4218,140.600,,,,,,,,,,
fiep.mp4,4219,140.633,,,,,,,,,,
fiep.mp4,4220,140.667,,,,,,,,,,
fiep.mp4,4221,140.700,,,,,,,,,,
fiep.mp4,4222,140.733,,,,,,,,,,
fiep.mp4,4223,140.767,,,,,,,,,,
fiep.mp4,4224,140.800,,,,,,,,,,
fiep.mp4,4225,140.833,,,,,,,,,,
fiep.mp4,4226,140.867,,,,,,,,,,
fiep.mp4,4227,140.900,,,,,,,,,,
fiep.mp4,4228,140.933,,,,,,,,,,
fiep.mp4,4229,140.967,,,,,,,,,,
fiep.mp4,4230,141.000,,,,,,,,,,
fiep.mp4,4231,141.033,,,,,,,,,,
fiep.mp4,4232,141.067,,,,,,,,,,
fiep.mp4,4233,141.100,,,,,,,,,,
fiep.mp4,4234,141.133,,,,,,,,,,
fiep.mp4,4235,141.167,,,,,,,,,,
fiep.mp4,4236,141.200,,,,,,,,,,
fiep.mp4,4237,141.233,,,,,,,,,,
fiep.mp4,4238,141.267,,,,,,,,,,
fiep.mp4,4239,141.300,,,,,,,,,,
fiep.mp4,4240,141.333,,,,,,,,,,
fiep.mp4,4241,141.367,,,,,,,,,,
fiep.mp4,4242,141.400,,,,,,,,,,
fiep.mp4,4243,141.433,,,,,,,,,,
fiep.mp4,4244,141.467,,,,,,,,,,
fiep.mp4,4245,141.500,,,,,,,,,,
fiep.mp4,4246,141.533,,,,,,,,,,
fiep.mp4,4247,141.567,,,,,,,,,,
fiep.mp4,4248,141.600,,,,,,,,,,
fiep.mp4,4249,141.633,,,,,,,,,,
fiep.mp4,4250,141.667,,,,,,,,,,
fiep.mp4,4251,141.700,,,,,,,,,,
fiep.mp4,4252,141.733,,,,,,,,,,
fiep.mp4,4253,141.767,,,,,,,,,,
fiep.mp4,4254,141.800,,,,,,,,,,
fiep.mp4,4255,141.833,,,,,,,,,,
fiep.mp4,4256,141.867,,,,,,,,,,
fiep.mp4,4257,141.900,,,,,,,,,,
fiep.mp4,4258,141.933,,,,,,,,,,
fiep.mp4,4259,141.967,,,,,,,,,,
fiep.mp4,4260,142.000,,,,,,,,,,
fiep.mp4,4261,142.033,,,,,,,,,,
fiep.mp4,4262,142.067,,,,,,,,,,
fiep.mp4,4263,142.100,,,,,,,,,,
fiep.mp4,4264,142.133,,,,,,,,,,
fiep.mp4,4265,142.167,,,,,,,,,,
fiep.mp4,4266,142.200,,,,,,,,,,
fiep.mp4,4267,142.233,,,,,,,,,,
fiep.mp4,4268,142.267,,,,,,,,,,
fiep.mp4,4269,142.300,,,,,,,,,,
fiep.mp4,4270,142.333,,,,,,,,,,
fiep.mp4,4271,142.367,,,,,,,,,,
fiep.mp4,4272,142.400,,,,,,,,,,
fiep.mp4,4273,142.433,,,,,,,,,,
fiep.mp4,4274,142.467,1066.672,836.264,970.250,749.461,1163.095,923.067,0.302,,,
fiep.mp4,4275,142.500,,,,,,,,,,
fiep.mp4,4276,142.533,,,,,,,,,,
fiep.mp4,4277,142.567,,,,,,,,,,
fiep.mp4,4278,142.600,,,,,,,,,,
fiep.mp4,4279,142.633,,,,,,,,,,
fiep.mp4,4280,142.667,,,,,,,,,,
fiep.mp4,4281,142.700,,,,,,,,,,
fiep.mp4,4282,142.733,,,,,,,,,,
fiep.mp4,4283,142.767,,,,,,,,,,
fiep.mp4,4284,142.800,,,,,,,,,,
fiep.mp4,4285,142.833,,,,,,,,,,
fiep.mp4,4286,142.867,,,,,,,,,,
fiep.mp4,4287,142.900,1073.753,831.965,983.390,742.854,1164.115,921.075,0.280,,,
fiep.mp4,4288,142.933,,,,,,,,,,
fiep.mp4,4289,142.967,,,,,,,,,,
fiep.mp4,4290,143.000,,,,,,,,,,
fiep.mp4,4291,143.033,,,,,,,,,,
fiep.mp4,4292,143.067,,,,,,,,,,
fiep.mp4,4293,143.100,,,,,,,,,,
fiep.mp4,4294,143.133,,,,,,,,,,
fiep.mp4,4295,143.167,,,,,,,,,,
fiep.mp4,4296,143.200,,,,,,,,,,
fiep.mp4,4297,143.233,,,,,,,,,,
fiep.mp4,4298,143.267,,,,,,,,,,
fiep.mp4,4299,143.300,,,,,,,,,,
fiep.mp4,4300,143.333,,,,,,,,,,
fiep.mp4,4301,143.367,,,,,,,,,,
fiep.mp4,4302,143.400,,,,,,,,,,
fiep.mp4,4303,143.433,,,,,,,,,,
fiep.mp4,4304,143.467,,,,,,,,,,
fiep.mp4,4305,143.500,,,,,,,,,,
fiep.mp4,4306,143.533,,,,,,,,,,
fiep.mp4,4307,143.567,,,,,,,,,,
fiep.mp4,4308,143.600,,,,,,,,,,
fiep.mp4,4309,143.633,,,,,,,,,,
fiep.mp4,4310,143.667,,,,,,,,,,
fiep.mp4,4311,143.700,,,,,,,,,,
fiep.mp4,4312,143.733,,,,,,,,,,
fiep.mp4,4313,143.767,,,,,,,,,,
fiep.mp4,4314,143.800,,,,,,,,,,
fiep.mp4,4315,143.833,,,,,,,,,,
fiep.mp4,4316,143.867,,,,,,,,,,
fiep.mp4,4317,143.900,,,,,,,,,,
fiep.mp4,4318,143.933,,,,,,,,,,
fiep.mp4,4319,143.967,,,,,,,,,,
fiep.mp4,4320,144.000,,,,,,,,,,
fiep.mp4,4321,144.033,,,,,,,,,,
fiep.mp4,4322,144.067,,,,,,,,,,
fiep.mp4,4323,144.100,,,,,,,,,,
fiep.mp4,4324,144.133,,,,,,,,,,
fiep.mp4,4325,144.167,,,,,,,,,,
fiep.mp4,4326,144.200,,,,,,,,,,
fiep.mp4,4327,144.233,,,,,,,,,,
fiep.mp4,4328,144.267,,,,,,,,,,
fiep.mp4,4329,144.300,,,,,,,,,,
fiep.mp4,4330,144.333,,,,,,,,,,
fiep.mp4,4331,144.367,,,,,,,,,,
fiep.mp4,4332,144.400,,,,,,,,,,
fiep.mp4,4333,144.433,,,,,,,,,,
fiep.mp4,4334,144.467,,,,,,,,,,
fiep.mp4,4335,144.500,,,,,,,,,,
fiep.mp4,4336,144.533,,,,,,,,,,
fiep.mp4,4337,144.567,1075.728,831.886,983.618,742.590,1167.838,921.182,0.273,,,
fiep.mp4,4338,144.600,1075.825,831.095,983.063,741.187,1168.587,921.003,0.340,90.000,,
fiep.mp4,4339,144.633,1078.629,831.291,985.976,741.546,1171.281,921.036,0.306,90.000,,
fiep.mp4,4340,144.667,1081.402,831.450,988.721,741.787,1174.083,921.112,0.291,90.000,,
fiep.mp4,4341,144.700,,,,,,,,,,
fiep.mp4,4342,144.733,,,,,,,,,,
fiep.mp4,4343,144.767,,,,,,,,,,
fiep.mp4,4344,144.800,,,,,,,,,,
fiep.mp4,4345,144.833,,,,,,,,,,
fiep.mp4,4346,144.867,,,,,,,,,,
fiep.mp4,4347,144.900,,,,,,,,,,
fiep.mp4,4348,144.933,,,,,,,,,,
fiep.mp4,4349,144.967,,,,,,,,,,
fiep.mp4,4350,145.000,,,,,,,,,,
fiep.mp4,4351,145.033,,,,,,,,,,
fiep.mp4,4352,145.067,,,,,,,,,,
fiep.mp4,4353,145.100,,,,,,,,,,
fiep.mp4,4354,145.133,,,,,,,,,,
fiep.mp4,4355,145.167,,,,,,,,,,
fiep.mp4,4356,145.200,,,,,,,,,,
fiep.mp4,4357,145.233,,,,,,,,,,
fiep.mp4,4358,145.267,,,,,,,,,,
fiep.mp4,4359,145.300,,,,,,,,,,
fiep.mp4,4360,145.333,,,,,,,,,,
fiep.mp4,4361,145.367,,,,,,,,,,
fiep.mp4,4362,145.400,,,,,,,,,,
fiep.mp4,4363,145.433,,,,,,,,,,
fiep.mp4,4364,145.467,,,,,,,,,,
fiep.mp4,4365,145.500,,,,,,,,,,
fiep.mp4,4366,145.533,,,,,,,,,,
fiep.mp4,4367,145.567,,,,,,,,,,
fiep.mp4,4368,145.600,,,,,,,,,,
fiep.mp4,4369,145.633,,,,,,,,,,
fiep.mp4,4370,145.667,,,,,,,,,,
fiep.mp4,4371,145.700,,,,,,,,,,
fiep.mp4,4372,145.733,,,,,,,,,,
fiep.mp4,4373,145.767,,,,,,,,,,
fiep.mp4,4374,145.800,,,,,,,,,,
fiep.mp4,4375,145.833,,,,,,,,,,
fiep.mp4,4376,145.867,,,,,,,,,,
fiep.mp4,4377,145.900,,,,,,,,,,
fiep.mp4,4378,145.933,,,,,,,,,,
fiep.mp4,4379,145.967,,,,,,,,,,
fiep.mp4,4380,146.000,,,,,,,,,,
fiep.mp4,4381,146.033,,,,,,,,,,
fiep.mp4,4382,146.067,,,,,,,,,,
fiep.mp4,4383,146.100,,,,,,,,,,
fiep.mp4,4384,146.133,,,,,,,,,,
fiep.mp4,4385,146.167,,,,,,,,,,
fiep.mp4,4386,146.200,,,,,,,,,,
fiep.mp4,4387,146.233,,,,,,,,,,
fiep.mp4,4388,146.267,,,,,,,,,,
fiep.mp4,4389,146.300,,,,,,,,,,
fiep.mp4,4390,146.333,,,,,,,,,,
fiep.mp4,4391,146.367,,,,,,,,,,
fiep.mp4,4392,146.400,,,,,,,,,,
fiep.mp4,4393,146.433,,,,,,,,,,
fiep.mp4,4394,146.467,,,,,,,,,,
fiep.mp4,4395,146.500,,,,,,,,,,
fiep.mp4,4396,146.533,,,,,,,,,,
fiep.mp4,4397,146.567,,,,,,,,,,
fiep.mp4,4398,146.600,,,,,,,,,,
fiep.mp4,4399,146.633,,,,,,,,,,
fiep.mp4,4400,146.667,,,,,,,,,,
fiep.mp4,4401,146.700,,,,,,,,,,
fiep.mp4,4402,146.733,,,,,,,,,,
fiep.mp4,4403,146.767,,,,,,,,,,
fiep.mp4,4404,146.800,,,,,,,,,,
fiep.mp4,4405,146.833,,,,,,,,,,
fiep.mp4,4406,146.867,,,,,,,,,,
fiep.mp4,4407,146.900,,,,,,,,,,
fiep.mp4,4408,146.933,,,,,,,,,,
fiep.mp4,4409,146.967,,,,,,,,,,
fiep.mp4,4410,147.000,,,,,,,,,,
fiep.mp4,4411,147.033,,,,,,,,,,
fiep.mp4,4412,147.067,,,,,,,,,,
fiep.mp4,4413,147.100,,,,,,,,,,
fiep.mp4,4414,147.133,,,,,,,,,,
fiep.mp4,4415,147.167,,,,,,,,,,
fiep.mp4,4416,147.200,,,,,,,,,,
fiep.mp4,4417,147.233,,,,,,,,,,
fiep.mp4,4418,147.267,,,,,,,,,,
fiep.mp4,4419,147.300,,,,,,,,,,
fiep.mp4,4420,147.333,,,,,,,,,,
fiep.mp4,4421,147.367,,,,,,,,,,
fiep.mp4,4422,147.400,,,,,,,,,,
fiep.mp4,4423,147.433,,,,,,,,,,
fiep.mp4,4424,147.467,,,,,,,,,,
fiep.mp4,4425,147.500,,,,,,,,,,
fiep.mp4,4426,147.533,,,,,,,,,,
fiep.mp4,4427,147.567,,,,,,,,,,
fiep.mp4,4428,147.600,,,,,,,,,,
fiep.mp4,4429,147.633,,,,,,,,,,
fiep.mp4,4430,147.667,,,,,,,,,,
fiep.mp4,4431,147.700,,,,,,,,,,
fiep.mp4,4432,147.733,,,,,,,,,,
fiep.mp4,4433,147.767,,,,,,,,,,
fiep.mp4,4434,147.800,,,,,,,,,,
fiep.mp4,4435,147.833,,,,,,,,,,
fiep.mp4,4436,147.867,,,,,,,,,,
fiep.mp4,4437,147.900,,,,,,,,,,
fiep.mp4,4438,147.933,1071.772,855.963,944.886,742.013,1198.658,969.913,0.389,,,
fiep.mp4,4439,147.967,1073.887,854.733,944.829,738.804,1202.944,970.663,0.433,91.000,,
fiep.mp4,4440,148.000,1077.090,851.939,945.402,733.541,1208.779,970.338,0.443,91.000,,
fiep.mp4,4441,148.033,,,,,,,,,,
fiep.mp4,4442,148.067,1081.111,844.401,941.747,718.637,1220.476,970.165,0.343,91.000,,
fiep.mp4,4443,148.100,1084.049,841.808,943.258,714.048,1224.841,969.568,0.440,91.000,,
fiep.mp4,4444,148.133,1086.340,839.424,944.819,710.102,1227.861,968.747,0.482,91.000,,
fiep.mp4,4445,148.167,1087.979,836.033,947.183,706.409,1228.774,965.656,0.487,91.000,,
fiep.mp4,4446,148.200,1088.789,833.052,948.985,703.349,1228.593,962.756,0.500,91.000,,
fiep.mp4,4447,148.233,1087.628,831.920,948.610,701.905,1226.646,961.935,0.557,91.000,,
fiep.mp4,4448,148.267,1086.687,831.635,948.836,701.707,1224.538,961.562,0.559,91.000,,
fiep.mp4,4449,148.300,1085.257,831.797,948.466,701.897,1222.048,961.697,0.540,91.000,,
fiep.mp4,4450,148.333,1085.445,831.608,949.916,701.958,1220.974,961.257,0.577,91.000,,
fiep.mp4,4451,148.367,1085.234,832.863,951.903,704.382,1218.564,961.344,0.590,91.000,,
fiep.mp4,4452,148.400,1084.608,833.634,952.932,705.866,1216.283,961.401,0.544,91.000,,
fiep.mp4,4453,148.433,1083.205,834.601,953.068,707.420,1213.343,961.781,0.619,91.000,,
fiep.mp4,4454,148.467,1081.962,835.492,953.793,709.385,1210.130,961.599,0.503,91.000,,
fiep.mp4,4455,148.500,,,,,,,,,,
fiep.mp4,4456,148.533,1079.977,837.980,955.228,714.499,1204.726,961.460,0.288,91.000,,
fiep.mp4,4457,148.567,1080.542,840.518,958.302,719.318,1202.783,961.718,0.356,91.000,,
fiep.mp4,4458,148.600,1080.721,841.921,959.669,721.821,1201.773,962.022,0.440,91.000,,
fiep.mp4,4459,148.633,1081.491,842.152,960.684,721.992,1202.298,962.313,0.419,91.000,,
fiep.mp4,4460,148.667,,,,,,,,,,
fiep.mp4,4461,148.700,,,,,,,,,,
fiep.mp4,4462,148.733,1083.566,841.189,963.574,720.976,1203.557,961.401,0.388,91.000,,
fiep.mp4,4463,148.767,,,,,,,,,,
fiep.mp4,4464,148.800,,,,,,,,,,
fiep.mp4,4465,148.833,,,,,,,,,,
fiep.mp4,4466,148.867,,,,,,,,,,
fiep.mp4,4467,148.900,1085.486,840.938,966.501,720.425,1204.472,961.451,0.377,91.000,,
fiep.mp4,4468,148.933,1085.475,840.393,967.549,719.827,1203.402,960.960,0.379,91.000,,
fiep.mp4,4469,148.967,,,,,,,,,,
fiep.mp4,4470,149.000,,,,,,,,,,
fiep.mp4,4471,149.033,,,,,,,,,,
fiep.mp4,4472,149.067,,,,,,,,,,
fiep.mp4,4473,149.100,,,,,,,,,,
fiep.mp4,4474,149.133,,,,,,,,,,
fiep.mp4,4475,149.167,,,,,,,,,,
fiep.mp4,4476,149.200,,,,,,,,,,
fiep.mp4,4477,149.233,,,,,,,,,,
fiep.mp4,4478,149.267,,,,,,,,,,
fiep.mp4,4479,149.300,,,,,,,,,,
fiep.mp4,4480,149.333,1083.583,827.091,975.950,714.723,1191.216,939.458,0.274,91.000,,
fiep.mp4,4481,149.367,,,,,,,,,,
fiep.mp4,4482,149.400,,,,,,,,,,
fiep.mp4,4483,149.433,,,,,,,,,,
fiep.mp4,4484,149.467,1088.803,824.497,982.773,710.072,1194.832,938.922,0.328,91.000,,
fiep.mp4,4485,149.500,,,,,,,,,,
fiep.mp4,4486,149.533,1093.223,823.488,989.718,708.318,1196.728,938.658,0.251,91.000,,
fiep.mp4,4487,149.567,,,,,,,,,,
fiep.mp4,4488,149.600,,,,,,,,,,
fiep.mp4,4489,149.633,,,,,,,,,,
fiep.mp4,4490,149.667,,,,,,,,,,
fiep.mp4,4491,149.700,,,,,,,,,,
fiep.mp4,4492,149.733,,,,,,,,,,
fiep.mp4,4493,149.767,,,,,,,,,,
fiep.mp4,4494,149.800,,,,,,,,,,
fiep.mp4,4495,149.833,,,,,,,,,,
fiep.mp4,4496,149.867,,,,,,,,,,
fiep.mp4,4497,149.900,,,,,,,,,,
fiep.mp4,4498,149.933,,,,,,,,,,
fiep.mp4,4499,149.967,,,,,,,,,,
fiep.mp4,4500,150.000,,,,,,,,,,
fiep.mp4,4501,150.033,,,,,,,,,,
fiep.mp4,4502,150.067,,,,,,,,,,
fiep.mp4,4503,150.100,,,,,,,,,,
fiep.mp4,4504,150.133,,,,,,,,,,
fiep.mp4,4505,150.167,,,,,,,,,,
fiep.mp4,4506,150.200,,,,,,,,,,
fiep.mp4,4507,150.233,,,,,,,,,,
fiep.mp4,4508,150.267,,,,,,,,,,
fiep.mp4,4509,150.300,,,,,,,,,,
fiep.mp4,4510,150.333,,,,,,,,,,
fiep.mp4,4511,150.367,,,,,,,,,,
fiep.mp4,4512,150.400,,,,,,,,,,
fiep.mp4,4513,150.433,,,,,,,,,,
fiep.mp4,4514,150.467,,,,,,,,,,
fiep.mp4,4515,150.500,,,,,,,,,,
fiep.mp4,4516,150.533,,,,,,,,,,
fiep.mp4,4517,150.567,,,,,,,,,,
fiep.mp4,4518,150.600,,,,,,,,,,
fiep.mp4,4519,150.633,,,,,,,,,,
fiep.mp4,4520,150.667,,,,,,,,,,
fiep.mp4,4521,150.700,,,,,,,,,,
fiep.mp4,4522,150.733,,,,,,,,,,
fiep.mp4,4523,150.767,,,,,,,,,,
fiep.mp4,4524,150.800,,,,,,,,,,
fiep.mp4,4525,150.833,,,,,,,,,,
fiep.mp4,4526,150.867,,,,,,,,,,
fiep.mp4,4527,150.900,,,,,,,,,,
fiep.mp4,4528,150.933,,,,,,,,,,
fiep.mp4,4529,150.967,,,,,,,,,,
fiep.mp4,4530,151.000,,,,,,,,,,
fiep.mp4,4531,151.033,,,,,,,,,,
fiep.mp4,4532,151.067,,,,,,,,,,
fiep.mp4,4533,151.100,,,,,,,,,,
fiep.mp4,4534,151.133,,,,,,,,,,
fiep.mp4,4535,151.167,,,,,,,,,,
fiep.mp4,4536,151.200,,,,,,,,,,
fiep.mp4,4537,151.233,,,,,,,,,,
fiep.mp4,4538,151.267,,,,,,,,,,
fiep.mp4,4539,151.300,,,,,,,,,,
fiep.mp4,4540,151.333,,,,,,,,,,
fiep.mp4,4541,151.367,,,,,,,,,,
fiep.mp4,4542,151.400,,,,,,,,,,
fiep.mp4,4543,151.433,,,,,,,,,,
fiep.mp4,4544,151.467,,,,,,,,,,
fiep.mp4,4545,151.500,,,,,,,,,,
fiep.mp4,4546,151.533,,,,,,,,,,
fiep.mp4,4547,151.567,,,,,,,,,,
fiep.mp4,4548,151.600,,,,,,,,,,
fiep.mp4,4549,151.633,,,,,,,,,,
fiep.mp4,4550,151.667,,,,,,,,,,
fiep.mp4,4551,151.700,,,,,,,,,,
fiep.mp4,4552,151.733,,,,,,,,,,
fiep.mp4,4553,151.767,1083.681,839.899,950.017,741.253,1217.345,938.545,0.421,,,
fiep.mp4,4554,151.800,,,,,,,,,,
fiep.mp4,4555,151.833,,,,,,,,,,
fiep.mp4,4556,151.867,,,,,,,,,,
fiep.mp4,4557,151.900,,,,,,,,,,
fiep.mp4,4558,151.933,,,,,,,,,,
fiep.mp4,4559,151.967,,,,,,,,,,
fiep.mp4,4560,152.000,,,,,,,,,,
fiep.mp4,4561,152.033,,,,,,,,,,
fiep.mp4,4562,152.067,,,,,,,,,,
fiep.mp4,4563,152.100,,,,,,,,,,
fiep.mp4,4564,152.133,,,,,,,,,,
fiep.mp4,4565,152.167,,,,,,,,,,
fiep.mp4,4566,152.200,,,,,,,,,,
fiep.mp4,4567,152.233,,,,,,,,,,
fiep.mp4,4568,152.267,,,,,,,,,,
fiep.mp4,4569,152.300,,,,,,,,,,
fiep.mp4,4570,152.333,,,,,,,,,,
fiep.mp4,4571,152.367,,,,,,,,,,
fiep.mp4,4572,152.400,,,,,,,,,,
fiep.mp4,4573,152.433,,,,,,,,,,
fiep.mp4,4574,152.467,,,,,,,,,,
fiep.mp4,4575,152.500,,,,,,,,,,
fiep.mp4,4576,152.533,,,,,,,,,,
fiep.mp4,4577,152.567,,,,,,,,,,
fiep.mp4,4578,152.600,,,,,,,,,,
fiep.mp4,4579,152.633,,,,,,,,,,
fiep.mp4,4580,152.667,,,,,,,,,,
fiep.mp4,4581,152.700,,,,,,,,,,
fiep.mp4,4582,152.733,,,,,,,,,,
fiep.mp4,4583,152.767,,,,,,,,,,
fiep.mp4,4584,152.800,,,,,,,,,,
fiep.mp4,4585,152.833,,,,,,,,,,
fiep.mp4,4586,152.867,,,,,,,,,,
fiep.mp4,4587,152.900,,,,,,,,,,
fiep.mp4,4588,152.933,,,,,,,,,,
fiep.mp4,4589,152.967,,,,,,,,,,
fiep.mp4,4590,153.000,,,,,,,,,,
fiep.mp4,4591,153.033,,,,,,,,,,
fiep.mp4,4592,153.067,,,,,,,,,,
fiep.mp4,4593,153.100,,,,,,,,,,
fiep.mp4,4594,153.133,,,,,,,,,,
fiep.mp4,4595,153.167,,,,,,,,,,
fiep.mp4,4596,153.200,,,,,,,,,,
fiep.mp4,4597,153.233,,,,,,,,,,
fiep.mp4,4598,153.267,,,,,,,,,,
fiep.mp4,4599,153.300,,,,,,,,,,
fiep.mp4,4600,153.333,,,,,,,,,,
fiep.mp4,4601,153.367,,,,,,,,,,
fiep.mp4,4602,153.400,,,,,,,,,,
fiep.mp4,4603,153.433,,,,,,,,,,
fiep.mp4,4604,153.467,,,,,,,,,,
fiep.mp4,4605,153.500,,,,,,,,,,
fiep.mp4,4606,153.533,,,,,,,,,,
fiep.mp4,4607,153.567,,,,,,,,,,
fiep.mp4,4608,153.600,,,,,,,,,,
fiep.mp4,4609,153.633,,,,,,,,,,
fiep.mp4,4610,153.667,,,,,,,,,,
fiep.mp4,4611,153.700,,,,,,,,,,
fiep.mp4,4612,153.733,,,,,,,,,,
fiep.mp4,4613,153.767,,,,,,,,,,
fiep.mp4,4614,153.800,,,,,,,,,,
fiep.mp4,4615,153.833,,,,,,,,,,
fiep.mp4,4616,153.867,,,,,,,,,,
fiep.mp4,4617,153.900,,,,,,,,,,
fiep.mp4,4618,153.933,,,,,,,,,,
fiep.mp4,4619,153.967,,,,,,,,,,
fiep.mp4,4620,154.000,,,,,,,,,,
fiep.mp4,4621,154.033,,,,,,,,,,
fiep.mp4,4622,154.067,,,,,,,,,,
fiep.mp4,4623,154.100,,,,,,,,,,
fiep.mp4,4624,154.133,,,,,,,,,,
fiep.mp4,4625,154.167,,,,,,,,,,
fiep.mp4,4626,154.200,,,,,,,,,,
fiep.mp4,4627,154.233,,,,,,,,,,
fiep.mp4,4628,154.267,,,,,,,,,,
fiep.mp4,4629,154.300,,,,,,,,,,
fiep.mp4,4630,154.333,,,,,,,,,,
fiep.mp4,4631,154.367,,,,,,,,,,
fiep.mp4,4632,154.400,,,,,,,,,,
fiep.mp4,4633,154.433,,,,,,,,,,
fiep.mp4,4634,154.467,,,,,,,,,,
fiep.mp4,4635,154.500,,,,,,,,,,
fiep.mp4,4636,154.533,,,,,,,,,,
fiep.mp4,4637,154.567,,,,,,,,,,
fiep.mp4,4638,154.600,,,,,,,,,,
fiep.mp4,4639,154.633,,,,,,,,,,
fiep.mp4,4640,154.667,,,,,,,,,,
fiep.mp4,4641,154.700,,,,,,,,,,
fiep.mp4,4642,154.733,,,,,,,,,,
fiep.mp4,4643,154.767,,,,,,,,,,
fiep.mp4,4644,154.800,,,,,,,,,,
fiep.mp4,4645,154.833,,,,,,,,,,
fiep.mp4,4646,154.867,,,,,,,,,,
fiep.mp4,4647,154.900,,,,,,,,,,
fiep.mp4,4648,154.933,,,,,,,,,,
fiep.mp4,4649,154.967,,,,,,,,,,
fiep.mp4,4650,155.000,,,,,,,,,,
fiep.mp4,4651,155.033,,,,,,,,,,
fiep.mp4,4652,155.067,,,,,,,,,,
fiep.mp4,4653,155.100,,,,,,,,,,
fiep.mp4,4654,155.133,,,,,,,,,,
fiep.mp4,4655,155.167,,,,,,,,,,
fiep.mp4,4656,155.200,,,,,,,,,,
fiep.mp4,4657,155.233,,,,,,,,,,
fiep.mp4,4658,155.267,,,,,,,,,,
fiep.mp4,4659,155.300,,,,,,,,,,
fiep.mp4,4660,155.333,,,,,,,,,,
fiep.mp4,4661,155.367,,,,,,,,,,
fiep.mp4,4662,155.400,,,,,,,,,,
fiep.mp4,4663,155.433,,,,,,,,,,
fiep.mp4,4664,155.467,,,,,,,,,,
fiep.mp4,4665,155.500,,,,,,,,,,
fiep.mp4,4666,155.533,,,,,,,,,,
fiep.mp4,4667,155.567,,,,,,,,,,
fiep.mp4,4668,155.600,,,,,,,,,,
fiep.mp4,4669,155.633,,,,,,,,,,
fiep.mp4,4670,155.667,,,,,,,,,,
fiep.mp4,4671,155.700,,,,,,,,,,
fiep.mp4,4672,155.733,,,,,,,,,,
fiep.mp4,4673,155.767,,,,,,,,,,
fiep.mp4,4674,155.800,,,,,,,,,,
fiep.mp4,4675,155.833,,,,,,,,,,
fiep.mp4,4676,155.867,,,,,,,,,,
fiep.mp4,4677,155.900,,,,,,,,,,
fiep.mp4,4678,155.933,,,,,,,,,,
fiep.mp4,4679,155.967,,,,,,,,,,
fiep.mp4,4680,156.000,,,,,,,,,,
fiep.mp4,4681,156.033,,,,,,,,,,
fiep.mp4,4682,156.067,,,,,,,,,,
fiep.mp4,4683,156.100,,,,,,,,,,
fiep.mp4,4684,156.133,,,,,,,,,,
fiep.mp4,4685,156.167,,,,,,,,,,
fiep.mp4,4686,156.200,,,,,,,,,,
fiep.mp4,4687,156.233,,,,,,,,,,
fiep.mp4,4688,156.267,,,,,,,,,,
fiep.mp4,4689,156.300,,,,,,,,,,
fiep.mp4,4690,156.333,,,,,,,,,,
fiep.mp4,4691,156.367,,,,,,,,,,
fiep.mp4,4692,156.400,,,,,,,,,,
fiep.mp4,4693,156.433,,,,,,,,,,
fiep.mp4,4694,156.467,,,,,,,,,,
fiep.mp4,4695,156.500,,,,,,,,,,
fiep.mp4,4696,156.533,,,,,,,,,,
fiep.mp4,4697,156.567,,,,,,,,,,
fiep.mp4,4698,156.600,,,,,,,,,,
fiep.mp4,4699,156.633,,,,,,,,,,
fiep.mp4,4700,156.667,,,,,,,,,,
fiep.mp4,4701,156.700,,,,,,,,,,
fiep.mp4,4702,156.733,,,,,,,,,,
fiep.mp4,4703,156.767,,,,,,,,,,
fiep.mp4,4704,156.800,,,,,,,,,,
fiep.mp4,4705,156.833,,,,,,,,,,
fiep.mp4,4706,156.867,,,,,,,,,,
fiep.mp4,4707,156.900,,,,,,,,,,
fiep.mp4,4708,156.933,,,,,,,,,,
fiep.mp4,4709,156.967,,,,,,,,,,
fiep.mp4,4710,157.000,,,,,,,,,,
fiep.mp4,4711,157.033,,,,,,,,,,
fiep.mp4,4712,157.067,,,,,,,,,,
fiep.mp4,4713,157.100,,,,,,,,,,
fiep.mp4,4714,157.133,,,,,,,,,,
fiep.mp4,4715,157.167,,,,,,,,,,
fiep.mp4,4716,157.200,,,,,,,,,,
fiep.mp4,4717,157.233,,,,,,,,,,
fiep.mp4,4718,157.267,,,,,,,,,,
fiep.mp4,4719,157.300,,,,,,,,,,
fiep.mp4,4720,157.333,,,,,,,,,,
fiep.mp4,4721,157.367,,,,,,,,,,
fiep.mp4,4722,157.400,,,,,,,,,,
fiep.mp4,4723,157.433,,,,,,,,,,
fiep.mp4,4724,157.467,,,,,,,,,,
fiep.mp4,4725,157.500,,,,,,,,,,
fiep.mp4,4726,157.533,,,,,,,,,,
fiep.mp4,4727,157.567,,,,,,,,,,
fiep.mp4,4728,157.600,,,,,,,,,,
fiep.mp4,4729,157.633,,,,,,,,,,
fiep.mp4,4730,157.667,,,,,,,,,,
fiep.mp4,4731,157.700,,,,,,,,,,
fiep.mp4,4732,157.733,,,,,,,,,,
fiep.mp4,4733,157.767,,,,,,,,,,
fiep.mp4,4734,157.800,,,,,,,,,,
fiep.mp4,4735,157.833,,,,,,,,,,
fiep.mp4,4736,157.867,,,,,,,,,,
fiep.mp4,4737,157.900,,,,,,,,,,
fiep.mp4,4738,157.933,,,,,,,,,,
fiep.mp4,4739,157.967,,,,,,,,,,
fiep.mp4,4740,158.000,,,,,,,,,,
fiep.mp4,4741,158.033,,,,,,,,,,
fiep.mp4,4742,158.067,,,,,,,,,,
fiep.mp4,4743,158.100,,,,,,,,,,
fiep.mp4,4744,158.133,,,,,,,,,,
fiep.mp4,4745,158.167,,,,,,,,,,
fiep.mp4,4746,158.200,,,,,,,,,,
fiep.mp4,4747,158.233,,,,,,,,,,
fiep.mp4,4748,158.267,,,,,,,,,,
fiep.mp4,4749,158.300,,,,,,,,,,
fiep.mp4,4750,158.333,,,,,,,,,,
fiep.mp4,4751,158.367,,,,,,,,,,
fiep.mp4,4752,158.400,,,,,,,,,,
fiep.mp4,4753,158.433,,,,,,,,,,
fiep.mp4,4754,158.467,,,,,,,,,,
fiep.mp4,4755,158.500,,,,,,,,,,
fiep.mp4,4756,158.533,,,,,,,,,,
fiep.mp4,4757,158.567,,,,,,,,,,
fiep.mp4,4758,158.600,,,,,,,,,,
fiep.mp4,4759,158.633,,,,,,,,,,
fiep.mp4,4760,158.667,,,,,,,,,,
fiep.mp4,4761,158.700,,,,,,,,,,
fiep.mp4,4762,158.733,,,,,,,,,,
fiep.mp4,4763,158.767,,,,,,,,,,
fiep.mp4,4764,158.800,,,,,,,,,,
fiep.mp4,4765,158.833,,,,,,,,,,
fiep.mp4,4766,158.867,,,,,,,,,,
fiep.mp4,4767,158.900,,,,,,,,,,
fiep.mp4,4768,158.933,,,,,,,,,,
fiep.mp4,4769,158.967,,,,,,,,,,
fiep.mp4,4770,159.000,,,,,,,,,,
fiep.mp4,4771,159.033,,,,,,,,,,
fiep.mp4,4772,159.067,,,,,,,,,,
fiep.mp4,4773,159.100,,,,,,,,,,
fiep.mp4,4774,159.133,,,,,,,,,,
fiep.mp4,4775,159.167,,,,,,,,,,
fiep.mp4,4776,159.200,,,,,,,,,,
fiep.mp4,4777,159.233,,,,,,,,,,
fiep.mp4,4778,159.267,,,,,,,,,,
fiep.mp4,4779,159.300,,,,,,,,,,
fiep.mp4,4780,159.333,,,,,,,,,,
fiep.mp4,4781,159.367,,,,,,,,,,
fiep.mp4,4782,159.400,,,,,,,,,,
fiep.mp4,4783,159.433,,,,,,,,,,
fiep.mp4,4784,159.467,,,,,,,,,,
fiep.mp4,4785,159.500,,,,,,,,,,
fiep.mp4,4786,159.533,,,,,,,,,,
fiep.mp4,4787,159.567,,,,,,,,,,
fiep.mp4,4788,159.600,,,,,,,,,,
fiep.mp4,4789,159.633,,,,,,,,,,
fiep.mp4,4790,159.667,,,,,,,,,,
fiep.mp4,4791,159.700,,,,,,,,,,
fiep.mp4,4792,159.733,,,,,,,,,,
fiep.mp4,4793,159.767,,,,,,,,,,
fiep.mp4,4794,159.800,,,,,,,,,,
fiep.mp4,4795,159.833,,,,,,,,,,
fiep.mp4,4796,159.867,,,,,,,,,,
fiep.mp4,4797,159.900,,,,,,,,,,
fiep.mp4,4798,159.933,,,,,,,,,,
fiep.mp4,4799,159.967,,,,,,,,,,
fiep.mp4,4800,160.000,,,,,,,,,,
fiep.mp4,4801,160.033,,,,,,,,,,
fiep.mp4,4802,160.067,,,,,,,,,,
fiep.mp4,4803,160.100,,,,,,,,,,
fiep.mp4,4804,160.133,,,,,,,,,,
fiep.mp4,4805,160.167,,,,,,,,,,
fiep.mp4,4806,160.200,,,,,,,,,,
fiep.mp4,4807,160.233,,,,,,,,,,
fiep.mp4,4808,160.267,,,,,,,,,,
fiep.mp4,4809,160.300,,,,,,,,,,
fiep.mp4,4810,160.333,,,,,,,,,,
fiep.mp4,4811,160.367,,,,,,,,,,
fiep.mp4,4812,160.400,,,,,,,,,,
fiep.mp4,4813,160.433,,,,,,,,,,
fiep.mp4,4814,160.467,,,,,,,,,,
fiep.mp4,4815,160.500,,,,,,,,,,
fiep.mp4,4816,160.533,,,,,,,,,,
fiep.mp4,4817,160.567,,,,,,,,,,
fiep.mp4,4818,160.600,,,,,,,,,,
fiep.mp4,4819,160.633,,,,,,,,,,
fiep.mp4,4820,160.667,,,,,,,,,,
fiep.mp4,4821,160.700,,,,,,,,,,
fiep.mp4,4822,160.733,,,,,,,,,,
fiep.mp4,4823,160.767,,,,,,,,,,
fiep.mp4,4824,160.800,,,,,,,,,,
fiep.mp4,4825,160.833,,,,,,,,,,
fiep.mp4,4826,160.867,,,,,,,,,,
fiep.mp4,4827,160.900,,,,,,,,,,
fiep.mp4,4828,160.933,,,,,,,,,,
fiep.mp4,4829,160.967,,,,,,,,,,
fiep.mp4,4830,161.000,,,,,,,,,,
fiep.mp4,4831,161.033,,,,,,,,,,
fiep.mp4,4832,161.067,,,,,,,,,,
fiep.mp4,4833,161.100,,,,,,,,,,
fiep.mp4,4834,161.133,,,,,,,,,,
fiep.mp4,4835,161.167,,,,,,,,,,
fiep.mp4,4836,161.200,,,,,,,,,,
fiep.mp4,4837,161.233,,,,,,,,,,
fiep.mp4,4838,161.267,,,,,,,,,,
fiep.mp4,4839,161.300,,,,,,,,,,
fiep.mp4,4840,161.333,,,,,,,,,,
fiep.mp4,4841,161.367,,,,,,,,,,
fiep.mp4,4842,161.400,,,,,,,,,,
fiep.mp4,4843,161.433,,,,,,,,,,
fiep.mp4,4844,161.467,,,,,,,,,,
fiep.mp4,4845,161.500,,,,,,,,,,
fiep.mp4,4846,161.533,,,,,,,,,,
fiep.mp4,4847,161.567,,,,,,,,,,
fiep.mp4,4848,161.600,,,,,,,,,,
fiep.mp4,4849,161.633,,,,,,,,,,
fiep.mp4,4850,161.667,,,,,,,,,,
fiep.mp4,4851,161.700,,,,,,,,,,
fiep.mp4,4852,161.733,,,,,,,,,,
fiep.mp4,4853,161.767,,,,,,,,,,
fiep.mp4,4854,161.800,,,,,,,,,,
fiep.mp4,4855,161.833,,,,,,,,,,
fiep.mp4,4856,161.867,,,,,,,,,,
fiep.mp4,4857,161.900,,,,,,,,,,
fiep.mp4,4858,161.933,,,,,,,,,,
fiep.mp4,4859,161.967,,,,,,,,,,
fiep.mp4,4860,162.000,,,,,,,,,,
fiep.mp4,4861,162.033,,,,,,,,,,
fiep.mp4,4862,162.067,,,,,,,,,,
fiep.mp4,4863,162.100,,,,,,,,,,
fiep.mp4,4864,162.133,,,,,,,,,,
fiep.mp4,4865,162.167,,,,,,,,,,
fiep.mp4,4866,162.200,,,,,,,,,,
fiep.mp4,4867,162.233,,,,,,,,,,
fiep.mp4,4868,162.267,,,,,,,,,,
fiep.mp4,4869,162.300,,,,,,,,,,
fiep.mp4,4870,162.333,,,,,,,,,,
fiep.mp4,4871,162.367,,,,,,,,,,
fiep.mp4,4872,162.400,,,,,,,,,,
fiep.mp4,4873,162.433,,,,,,,,,,
fiep.mp4,4874,162.467,,,,,,,,,,
fiep.mp4,4875,162.500,,,,,,,,,,
fiep.mp4,4876,162.533,,,,,,,,,,
fiep.mp4,4877,162.567,,,,,,,,,,
fiep.mp4,4878,162.600,,,,,,,,,,
fiep.mp4,4879,162.633,,,,,,,,,,
fiep.mp4,4880,162.667,,,,,,,,,,
fiep.mp4,4881,162.700,,,,,,,,,,
fiep.mp4,4882,162.733,,,,,,,,,,
fiep.mp4,4883,162.767,,,,,,,,,,
fiep.mp4,4884,162.800,,,,,,,,,,
fiep.mp4,4885,162.833,,,,,,,,,,
fiep.mp4,4886,162.867,,,,,,,,,,
fiep.mp4,4887,162.900,,,,,,,,,,
fiep.mp4,4888,162.933,,,,,,,,,,
fiep.mp4,4889,162.967,,,,,,,,,,
fiep.mp4,4890,163.000,,,,,,,,,,
fiep.mp4,4891,163.033,,,,,,,,,,
fiep.mp4,4892,163.067,,,,,,,,,,
fiep.mp4,4893,163.100,,,,,,,,,,
fiep.mp4,4894,163.133,,,,,,,,,,
fiep.mp4,4895,163.167,,,,,,,,,,
fiep.mp4,4896,163.200,,,,,,,,,,
fiep.mp4,4897,163.233,,,,,,,,,,
fiep.mp4,4898,163.267,,,,,,,,,,
fiep.mp4,4899,163.300,,,,,,,,,,
fiep.mp4,4900,163.333,,,,,,,,,,
fiep.mp4,4901,163.367,,,,,,,,,,
fiep.mp4,4902,163.400,,,,,,,,,,
fiep.mp4,4903,163.433,,,,,,,,,,
fiep.mp4,4904,163.467,,,,,,,,,,
fiep.mp4,4905,163.500,,,,,,,,,,
fiep.mp4,4906,163.533,,,,,,,,,,
fiep.mp4,4907,163.567,,,,,,,,,,
fiep.mp4,4908,163.600,,,,,,,,,,
fiep.mp4,4909,163.633,,,,,,,,,,
fiep.mp4,4910,163.667,,,,,,,,,,
fiep.mp4,4911,163.700,,,,,,,,,,
fiep.mp4,4912,163.733,,,,,,,,,,
fiep.mp4,4913,163.767,,,,,,,,,,
fiep.mp4,4914,163.800,,,,,,,,,,
fiep.mp4,4915,163.833,,,,,,,,,,
fiep.mp4,4916,163.867,,,,,,,,,,
fiep.mp4,4917,163.900,,,,,,,,,,
fiep.mp4,4918,163.933,,,,,,,,,,
fiep.mp4,4919,163.967,,,,,,,,,,
fiep.mp4,4920,164.000,,,,,,,,,,
fiep.mp4,4921,164.033,,,,,,,,,,
fiep.mp4,4922,164.067,,,,,,,,,,
fiep.mp4,4923,164.100,,,,,,,,,,
fiep.mp4,4924,164.133,,,,,,,,,,
fiep.mp4,4925,164.167,,,,,,,,,,
fiep.mp4,4926,164.200,,,,,,,,,,
fiep.mp4,4927,164.233,1423.725,878.386,1271.699,681.636,1575.751,1075.136,0.355,,,
fiep.mp4,4928,164.267,1441.420,879.222,1304.661,682.373,1578.179,1076.072,0.301,,,
fiep.mp4,4929,164.300,1445.664,880.759,1309.721,685.065,1581.607,1076.454,0.322,96.000,,
fiep.mp4,4930,164.333,1448.818,880.209,1314.180,686.272,1583.456,1074.146,0.260,96.000,,
fiep.mp4,4931,164.367,1223.790,681.783,1128.391,632.390,1319.190,731.176,0.316,97.000,,
fiep.mp4,4932,164.400,1454.430,882.936,1321.917,691.200,1586.943,1074.672,0.331,96.000,,
fiep.mp4,4933,164.433,1456.574,884.186,1325.845,694.409,1587.303,1073.963,0.303,96.000,,
fiep.mp4,4934,164.467,1223.526,681.288,1128.579,632.122,1318.473,730.454,0.279,97.000,,
fiep.mp4,4935,164.500,1222.641,681.869,1128.012,632.861,1317.271,730.877,0.253,97.000,,
fiep.mp4,4936,164.533,,,,,,,,,,
fiep.mp4,4937,164.567,1222.222,681.873,1127.486,632.801,1316.958,730.945,0.259,97.000,,
fiep.mp4,4938,164.600,1481.351,889.921,1355.084,706.345,1607.619,1073.496,0.284,96.000,,
fiep.mp4,4939,164.633,,,,,,,,,,
fiep.mp4,4940,164.667,1484.929,890.460,1357.648,705.768,1612.209,1075.151,0.312,96.000,,
fiep.mp4,4941,164.700,1487.738,890.655,1360.184,706.340,1615.291,1074.969,0.359,96.000,,
fiep.mp4,4942,164.733,,,,,,,,,,
fiep.mp4,4943,164.767,,,,,,,,,,
fiep.mp4,4944,164.800,,,,,,,,,,
fiep.mp4,4945,164.833,1491.789,898.212,1367.802,720.098,1615.776,1076.325,0.299,96.000,,
fiep.mp4,4946,164.867,1492.864,901.326,1369.935,725.740,1615.794,1076.912,0.269,96.000,,
fiep.mp4,4947,164.900,1496.919,902.698,1375.450,730.270,1618.388,1075.126,0.354,96.000,,
fiep.mp4,4948,164.933,1501.308,903.313,1380.801,732.365,1621.815,1074.260,0.417,96.000,,
fiep.mp4,4949,164.967,1505.624,904.495,1385.500,733.506,1625.748,1075.485,0.479,96.000,,
fiep.mp4,4950,165.000,1511.151,905.366,1392.054,734.856,1630.249,1075.875,0.501,96.000,,
fiep.mp4,4951,165.033,1516.023,905.900,1398.802,736.926,1633.244,1074.875,0.444,96.000,,
fiep.mp4,4952,165.067,1520.763,907.505,1405.583,739.728,1635.942,1075.282,0.463,96.000,,
fiep.mp4,4953,165.100,1527.297,909.633,1415.062,744.242,1639.532,1075.024,0.518,96.000,,
fiep.mp4,4954,165.133,1533.230,912.022,1423.973,748.843,1642.488,1075.200,0.617,96.000,,
fiep.mp4,4955,165.167,1536.090,914.040,1429.439,752.771,1642.741,1075.309,0.615,96.000,,
fiep.mp4,4956,165.200,1536.970,916.166,1432.664,756.836,1641.276,1075.495,0.589,96.000,,
fiep.mp4,4957,165.233,1537.196,918.212,1435.041,761.130,1639.352,1075.295,0.555,96.000,,
fiep.mp4,4958,165.267,1536.913,919.222,1436.005,763.291,1637.820,1075.154,0.562,96.000,,
fiep.mp4,4959,165.300,1535.449,919.776,1435.321,764.302,1635.578,1075.250,0.566,96.000,,
fiep.mp4,4960,165.333,1533.805,919.923,1434.214,764.581,1633.396,1075.266,0.520,96.000,,
fiep.mp4,4961,165.367,1532.638,919.905,1433.321,764.302,1631.955,1075.508,0.640,96.000,,
fiep.mp4,4962,165.400,1530.949,920.597,1432.456,765.721,1629.442,1075.473,0.518,96.000,,
fiep.mp4,4963,165.433,1529.825,920.816,1431.767,766.217,1627.883,1075.414,0.526,96.000,,
fiep.mp4,4964,165.467,1528.925,920.532,1431.052,765.746,1626.798,1075.318,0.608,96.000,,
fiep.mp4,4965,165.500,1528.620,920.554,1430.788,765.437,1626.453,1075.671,0.746,96.000,,
fiep.mp4,4966,165.533,1528.407,920.744,1430.630,765.631,1626.184,1075.857,0.731,96.000,,
fiep.mp4,4967,165.567,1527.731,920.504,1429.780,765.112,1625.682,1075.895,0.717,96.000,,
fiep.mp4,4968,165.600,1527.232,920.493,1428.906,764.493,1625.557,1076.493,0.717,96.000,,
fiep.mp4,4969,165.633,1526.948,920.666,1428.620,764.685,1625.277,1076.647,0.657,96.000,,
fiep.mp4,4970,165.667,1527.520,921.584,1428.903,765.061,1626.138,1078.108,0.559,96.000,,
fiep.mp4,4971,165.700,1527.443,921.937,1428.784,765.213,1626.103,1078.661,0.537,96.000,,
fiep.mp4,4972,165.733,1527.209,921.491,1428.329,764.181,1626.088,1078.800,0.555,96.000,,
fiep.mp4,4973,165.767,1526.495,920.721,1427.051,762.104,1625.938,1079.338,0.572,96.000,,
fiep.mp4,4974,165.800,1526.391,920.063,1426.628,760.516,1626.153,1079.609,0.562,96.000,,
fiep.mp4,4975,165.833,1524.868,918.566,1425.641,759.404,1624.094,1077.729,0.546,96.000,,
fiep.mp4,4976,165.867,1524.514,917.743,1425.564,758.441,1623.464,1077.044,0.662,96.000,,
fiep.mp4,4977,165.900,1524.399,917.015,1425.533,757.189,1623.266,1076.841,0.701,96.000,,
fiep.mp4,4978,165.933,1524.781,916.290,1426.129,756.202,1623.433,1076.378,0.711,96.000,,
fiep.mp4,4979,165.967,1525.528,915.991,1427.044,755.615,1624.012,1076.367,0.685,96.000,,
fiep.mp4,4980,166.000,1526.913,916.115,1428.219,754.849,1625.607,1077.381,0.633,96.000,,
fiep.mp4,4981,166.033,1527.330,915.728,1429.158,755.018,1625.503,1076.437,0.667,96.000,,
fiep.mp4,4982,166.067,1527.477,915.685,1429.599,755.249,1625.354,1076.121,0.679,96.000,,
fiep.mp4,4983,166.100,1526.082,915.629,1428.331,755.123,1623.833,1076.134,0.649,96.000,,
fiep.mp4,4984,166.133,1524.598,915.347,1426.836,754.707,1622.360,1075.987,0.694,96.000,,
fiep.mp4,4985,166.167,1524.701,915.147,1426.537,754.254,1622.865,1076.040,0.708,96.000,,
fiep.mp4,4986,166.200,1524.595,915.083,1426.211,754.196,1622.978,1075.970,0.729,96.000,,
fiep.mp4,4987,166.233,1522.283,914.854,1423.799,754.708,1620.766,1075.000,0.665,96.000,,
fiep.mp4,4988,166.267,1527.916,915.106,1430.176,755.374,1625.656,1074.837,0.610,96.000,,
fiep.mp4,4989,166.300,1530.394,915.429,1433.609,756.137,1627.180,1074.721,0.517,96.000,,
fiep.mp4,4990,166.333,1531.295,917.275,1435.595,758.063,1626.995,1076.488,0.466,96.000,,
fiep.mp4,4991,166.367,1527.155,918.743,1434.234,762.380,1620.077,1075.107,0.391,96.000,,
fiep.mp4,4992,166.400,,,,,,,,,,
fiep.mp4,4993,166.433,,,,,,,,,,
fiep.mp4,4994,166.467,,,,,,,,,,
fiep.mp4,4995,166.500,,,,,,,,,,
fiep.mp4,4996,166.533,,,,,,,,,,
fiep.mp4,4997,166.567,,,,,,,,,,
fiep.mp4,4998,166.600,,,,,,,,,,
fiep.mp4,4999,166.633,,,,,,,,,,
fiep.mp4,5000,166.667,,,,,,,,,,
fiep.mp4,5001,166.700,,,,,,,,,,
fiep.mp4,5002,166.733,,,,,,,,,,
fiep.mp4,5003,166.767,,,,,,,,,,
fiep.mp4,5004,166.800,,,,,,,,,,
fiep.mp4,5005,166.833,,,,,,,,,,
fiep.mp4,5006,166.867,,,,,,,,,,
fiep.mp4,5007,166.900,,,,,,,,,,
fiep.mp4,5008,166.933,,,,,,,,,,
fiep.mp4,5009,166.967,,,,,,,,,,
fiep.mp4,5010,167.000,,,,,,,,,,
fiep.mp4,5011,167.033,,,,,,,,,,
fiep.mp4,5012,167.067,,,,,,,,,,
fiep.mp4,5013,167.100,,,,,,,,,,
fiep.mp4,5014,167.133,,,,,,,,,,
fiep.mp4,5015,167.167,,,,,,,,,,
fiep.mp4,5016,167.200,,,,,,,,,,
fiep.mp4,5017,167.233,,,,,,,,,,
fiep.mp4,5018,167.267,,,,,,,,,,
fiep.mp4,5019,167.300,,,,,,,,,,
fiep.mp4,5020,167.333,,,,,,,,,,
fiep.mp4,5021,167.367,,,,,,,,,,
fiep.mp4,5022,167.400,,,,,,,,,,
fiep.mp4,5023,167.433,,,,,,,,,,
fiep.mp4,5024,167.467,,,,,,,,,,
fiep.mp4,5025,167.500,,,,,,,,,,
fiep.mp4,5026,167.533,,,,,,,,,,
fiep.mp4,5027,167.567,,,,,,,,,,
fiep.mp4,5028,167.600,,,,,,,,,,
fiep.mp4,5029,167.633,,,,,,,,,,
fiep.mp4,5030,167.667,,,,,,,,,,
fiep.mp4,5031,167.700,,,,,,,,,,
fiep.mp4,5032,167.733,,,,,,,,,,
fiep.mp4,5033,167.767,,,,,,,,,,
fiep.mp4,5034,167.800,,,,,,,,,,
fiep.mp4,5035,167.833,,,,,,,,,,
fiep.mp4,5036,167.867,,,,,,,,,,
fiep.mp4,5037,167.900,,,,,,,,,,
fiep.mp4,5038,167.933,,,,,,,,,,
fiep.mp4,5039,167.967,,,,,,,,,,
fiep.mp4,5040,168.000,,,,,,,,,,
fiep.mp4,5041,168.033,,,,,,,,,,
fiep.mp4,5042,168.067,,,,,,,,,,
fiep.mp4,5043,168.100,,,,,,,,,,
fiep.mp4,5044,168.133,,,,,,,,,,
fiep.mp4,5045,168.167,,,,,,,,,,
fiep.mp4,5046,168.200,,,,,,,,,,
fiep.mp4,5047,168.233,,,,,,,,,,
fiep.mp4,5048,168.267,,,,,,,,,,
fiep.mp4,5049,168.300,,,,,,,,,,
fiep.mp4,5050,168.333,,,,,,,,,,
fiep.mp4,5051,168.367,,,,,,,,,,
fiep.mp4,5052,168.400,,,,,,,,,,
fiep.mp4,5053,168.433,,,,,,,,,,
fiep.mp4,5054,168.467,,,,,,,,,,
fiep.mp4,5055,168.500,,,,,,,,,,
fiep.mp4,5056,168.533,,,,,,,,,,
fiep.mp4,5057,168.567,,,,,,,,,,
fiep.mp4,5058,168.600,,,,,,,,,,
fiep.mp4,5059,168.633,,,,,,,,,,
fiep.mp4,5060,168.667,,,,,,,,,,
fiep.mp4,5061,168.700,,,,,,,,,,
fiep.mp4,5062,168.733,,,,,,,,,,
fiep.mp4,5063,168.767,,,,,,,,,,
fiep.mp4,5064,168.800,,,,,,,,,,
fiep.mp4,5065,168.833,,,,,,,,,,
fiep.mp4,5066,168.867,,,,,,,,,,
fiep.mp4,5067,168.900,,,,,,,,,,
fiep.mp4,5068,168.933,,,,,,,,,,
fiep.mp4,5069,168.967,,,,,,,,,,
fiep.mp4,5070,169.000,,,,,,,,,,
fiep.mp4,5071,169.033,,,,,,,,,,
fiep.mp4,5072,169.067,,,,,,,,,,
fiep.mp4,5073,169.100,,,,,,,,,,
fiep.mp4,5074,169.133,,,,,,,,,,
fiep.mp4,5075,169.167,,,,,,,,,,
fiep.mp4,5076,169.200,,,,,,,,,,
fiep.mp4,5077,169.233,,,,,,,,,,
fiep.mp4,5078,169.267,,,,,,,,,,
fiep.mp4,5079,169.300,,,,,,,,,,
fiep.mp4,5080,169.333,,,,,,,,,,
fiep.mp4,5081,169.367,,,,,,,,,,
fiep.mp4,5082,169.400,,,,,,,,,,
fiep.mp4,5083,169.433,,,,,,,,,,
fiep.mp4,5084,169.467,,,,,,,,,,
fiep.mp4,5085,169.500,,,,,,,,,,
fiep.mp4,5086,169.533,,,,,,,,,,
fiep.mp4,5087,169.567,,,,,,,,,,
fiep.mp4,5088,169.600,,,,,,,,,,
fiep.mp4,5089,169.633,,,,,,,,,,
fiep.mp4,5090,169.667,,,,,,,,,,
fiep.mp4,5091,169.700,,,,,,,,,,
fiep.mp4,5092,169.733,,,,,,,,,,
fiep.mp4,5093,169.767,,,,,,,,,,
fiep.mp4,5094,169.800,,,,,,,,,,
fiep.mp4,5095,169.833,,,,,,,,,,
fiep.mp4,5096,169.867,,,,,,,,,,
fiep.mp4,5097,169.900,,,,,,,,,,
fiep.mp4,5098,169.933,,,,,,,,,,
fiep.mp4,5099,169.967,,,,,,,,,,
fiep.mp4,5100,170.000,,,,,,,,,,
fiep.mp4,5101,170.033,,,,,,,,,,
fiep.mp4,5102,170.067,,,,,,,,,,
fiep.mp4,5103,170.100,,,,,,,,,,
fiep.mp4,5104,170.133,,,,,,,,,,
fiep.mp4,5105,170.167,,,,,,,,,,
fiep.mp4,5106,170.200,,,,,,,,,,
fiep.mp4,5107,170.233,,,,,,,,,,
fiep.mp4,5108,170.267,,,,,,,,,,
fiep.mp4,5109,170.300,,,,,,,,,,
fiep.mp4,5110,170.333,,,,,,,,,,
fiep.mp4,5111,170.367,,,,,,,,,,
fiep.mp4,5112,170.400,,,,,,,,,,
fiep.mp4,5113,170.433,,,,,,,,,,
fiep.mp4,5114,170.467,,,,,,,,,,
fiep.mp4,5115,170.500,,,,,,,,,,
fiep.mp4,5116,170.533,,,,,,,,,,
fiep.mp4,5117,170.567,,,,,,,,,,
fiep.mp4,5118,170.600,,,,,,,,,,
fiep.mp4,5119,170.633,,,,,,,,,,
fiep.mp4,5120,170.667,,,,,,,,,,
fiep.mp4,5121,170.700,,,,,,,,,,
fiep.mp4,5122,170.733,,,,,,,,,,
fiep.mp4,5123,170.767,,,,,,,,,,
fiep.mp4,5124,170.800,,,,,,,,,,
fiep.mp4,5125,170.833,,,,,,,,,,
fiep.mp4,5126,170.867,,,,,,,,,,
fiep.mp4,5127,170.900,,,,,,,,,,
fiep.mp4,5128,170.933,,,,,,,,,,
fiep.mp4,5129,170.967,,,,,,,,,,
fiep.mp4,5130,171.000,,,,,,,,,,
fiep.mp4,5131,171.033,,,,,,,,,,
fiep.mp4,5132,171.067,,,,,,,,,,
fiep.mp4,5133,171.100,,,,,,,,,,
fiep.mp4,5134,171.133,,,,,,,,,,
fiep.mp4,5135,171.167,,,,,,,,,,
fiep.mp4,5136,171.200,,,,,,,,,,
fiep.mp4,5137,171.233,,,,,,,,,,
fiep.mp4,5138,171.267,,,,,,,,,,
fiep.mp4,5139,171.300,,,,,,,,,,
fiep.mp4,5140,171.333,,,,,,,,,,
fiep.mp4,5141,171.367,,,,,,,,,,
fiep.mp4,5142,171.400,,,,,,,,,,
fiep.mp4,5143,171.433,,,,,,,,,,
fiep.mp4,5144,171.467,,,,,,,,,,
fiep.mp4,5145,171.500,,,,,,,,,,
fiep.mp4,5146,171.533,,,,,,,,,,
fiep.mp4,5147,171.567,,,,,,,,,,
fiep.mp4,5148,171.600,,,,,,,,,,
fiep.mp4,5149,171.633,,,,,,,,,,
fiep.mp4,5150,171.667,,,,,,,,,,
fiep.mp4,5151,171.700,,,,,,,,,,
fiep.mp4,5152,171.733,,,,,,,,,,
fiep.mp4,5153,171.767,,,,,,,,,,
fiep.mp4,5154,171.800,,,,,,,,,,
fiep.mp4,5155,171.833,,,,,,,,,,
fiep.mp4,5156,171.867,,,,,,,,,,
fiep.mp4,5157,171.900,,,,,,,,,,
fiep.mp4,5158,171.933,,,,,,,,,,
fiep.mp4,5159,171.967,,,,,,,,,,
fiep.mp4,5160,172.000,,,,,,,,,,
fiep.mp4,5161,172.033,,,,,,,,,,
fiep.mp4,5162,172.067,,,,,,,,,,
fiep.mp4,5163,172.100,,,,,,,,,,
fiep.mp4,5164,172.133,,,,,,,,,,
fiep.mp4,5165,172.167,,,,,,,,,,
fiep.mp4,5166,172.200,,,,,,,,,,
fiep.mp4,5167,172.233,,,,,,,,,,
fiep.mp4,5168,172.267,,,,,,,,,,
fiep.mp4,5169,172.300,,,,,,,,,,
fiep.mp4,5170,172.333,,,,,,,,,,
fiep.mp4,5171,172.367,,,,,,,,,,
fiep.mp4,5172,172.400,,,,,,,,,,
fiep.mp4,5173,172.433,,,,,,,,,,
fiep.mp4,5174,172.467,,,,,,,,,,
fiep.mp4,5175,172.500,,,,,,,,,,
fiep.mp4,5176,172.533,,,,,,,,,,
fiep.mp4,5177,172.567,,,,,,,,,,
fiep.mp4,5178,172.600,,,,,,,,,,
fiep.mp4,5179,172.633,,,,,,,,,,
fiep.mp4,5180,172.667,,,,,,,,,,
fiep.mp4,5181,172.700,,,,,,,,,,
fiep.mp4,5182,172.733,,,,,,,,,,
fiep.mp4,5183,172.767,,,,,,,,,,
fiep.mp4,5184,172.800,,,,,,,,,,
fiep.mp4,5185,172.833,,,,,,,,,,
fiep.mp4,5186,172.867,,,,,,,,,,
fiep.mp4,5187,172.900,,,,,,,,,,
fiep.mp4,5188,172.933,,,,,,,,,,
fiep.mp4,5189,172.967,,,,,,,,,,
fiep.mp4,5190,173.000,,,,,,,,,,
fiep.mp4,5191,173.033,,,,,,,,,,
fiep.mp4,5192,173.067,,,,,,,,,,
fiep.mp4,5193,173.100,,,,,,,,,,
fiep.mp4,5194,173.133,,,,,,,,,,
fiep.mp4,5195,173.167,,,,,,,,,,
fiep.mp4,5196,173.200,,,,,,,,,,
fiep.mp4,5197,173.233,,,,,,,,,,
fiep.mp4,5198,173.267,,,,,,,,,,
fiep.mp4,5199,173.300,,,,,,,,,,
fiep.mp4,5200,173.333,,,,,,,,,,
fiep.mp4,5201,173.367,,,,,,,,,,
fiep.mp4,5202,173.400,,,,,,,,,,
fiep.mp4,5203,173.433,,,,,,,,,,
fiep.mp4,5204,173.467,,,,,,,,,,
fiep.mp4,5205,173.500,,,,,,,,,,
fiep.mp4,5206,173.533,,,,,,,,,,
fiep.mp4,5207,173.567,,,,,,,,,,
fiep.mp4,5208,173.600,,,,,,,,,,
fiep.mp4,5209,173.633,,,,,,,,,,
fiep.mp4,5210,173.667,,,,,,,,,,
fiep.mp4,5211,173.700,,,,,,,,,,
fiep.mp4,5212,173.733,,,,,,,,,,
fiep.mp4,5213,173.767,,,,,,,,,,
fiep.mp4,5214,173.800,,,,,,,,,,
fiep.mp4,5215,173.833,,,,,,,,,,
fiep.mp4,5216,173.867,,,,,,,,,,
fiep.mp4,5217,173.900,,,,,,,,,,
fiep.mp4,5218,173.933,,,,,,,,,,
fiep.mp4,5219,173.967,,,,,,,,,,
fiep.mp4,5220,174.000,,,,,,,,,,
fiep.mp4,5221,174.033,,,,,,,,,,
fiep.mp4,5222,174.067,,,,,,,,,,
fiep.mp4,5223,174.100,,,,,,,,,,
fiep.mp4,5224,174.133,,,,,,,,,,
fiep.mp4,5225,174.167,,,,,,,,,,
fiep.mp4,5226,174.200,,,,,,,,,,
fiep.mp4,5227,174.233,,,,,,,,,,
fiep.mp4,5228,174.267,,,,,,,,,,
fiep.mp4,5229,174.300,,,,,,,,,,
fiep.mp4,5230,174.333,,,,,,,,,,
fiep.mp4,5231,174.367,,,,,,,,,,
fiep.mp4,5232,174.400,,,,,,,,,,
fiep.mp4,5233,174.433,,,,,,,,,,
fiep.mp4,5234,174.467,,,,,,,,,,
fiep.mp4,5235,174.500,,,,,,,,,,
fiep.mp4,5236,174.533,,,,,,,,,,
fiep.mp4,5237,174.567,,,,,,,,,,
fiep.mp4,5238,174.600,,,,,,,,,,
fiep.mp4,5239,174.633,,,,,,,,,,
fiep.mp4,5240,174.667,,,,,,,,,,
fiep.mp4,5241,174.700,,,,,,,,,,
fiep.mp4,5242,174.733,,,,,,,,,,
fiep.mp4,5243,174.767,,,,,,,,,,
fiep.mp4,5244,174.800,,,,,,,,,,
fiep.mp4,5245,174.833,,,,,,,,,,
fiep.mp4,5246,174.867,,,,,,,,,,
fiep.mp4,5247,174.900,,,,,,,,,,
fiep.mp4,5248,174.933,,,,,,,,,,
fiep.mp4,5249,174.967,,,,,,,,,,
fiep.mp4,5250,175.000,,,,,,,,,,
fiep.mp4,5251,175.033,,,,,,,,,,
fiep.mp4,5252,175.067,,,,,,,,,,
fiep.mp4,5253,175.100,,,,,,,,,,
fiep.mp4,5254,175.133,,,,,,,,,,
fiep.mp4,5255,175.167,,,,,,,,,,
fiep.mp4,5256,175.200,,,,,,,,,,
fiep.mp4,5257,175.233,,,,,,,,,,
fiep.mp4,5258,175.267,,,,,,,,,,
fiep.mp4,5259,175.300,,,,,,,,,,
fiep.mp4,5260,175.333,,,,,,,,,,
fiep.mp4,5261,175.367,,,,,,,,,,
fiep.mp4,5262,175.400,,,,,,,,,,
fiep.mp4,5263,175.433,,,,,,,,,,
fiep.mp4,5264,175.467,,,,,,,,,,
fiep.mp4,5265,175.500,,,,,,,,,,
fiep.mp4,5266,175.533,,,,,,,,,,
fiep.mp4,5267,175.567,,,,,,,,,,
fiep.mp4,5268,175.600,,,,,,,,,,
fiep.mp4,5269,175.633,,,,,,,,,,
fiep.mp4,5270,175.667,,,,,,,,,,
fiep.mp4,5271,175.700,,,,,,,,,,
fiep.mp4,5272,175.733,,,,,,,,,,
fiep.mp4,5273,175.767,,,,,,,,,,
fiep.mp4,5274,175.800,,,,,,,,,,
fiep.mp4,5275,175.833,,,,,,,,,,
fiep.mp4,5276,175.867,,,,,,,,,,
fiep.mp4,5277,175.900,,,,,,,,,,
fiep.mp4,5278,175.933,,,,,,,,,,
fiep.mp4,5279,175.967,,,,,,,,,,
fiep.mp4,5280,176.000,,,,,,,,,,
fiep.mp4,5281,176.033,,,,,,,,,,
fiep.mp4,5282,176.067,,,,,,,,,,
fiep.mp4,5283,176.100,,,,,,,,,,
fiep.mp4,5284,176.133,,,,,,,,,,
fiep.mp4,5285,176.167,,,,,,,,,,
fiep.mp4,5286,176.200,,,,,,,,,,
fiep.mp4,5287,176.233,,,,,,,,,,
fiep.mp4,5288,176.267,,,,,,,,,,
fiep.mp4,5289,176.300,,,,,,,,,,
fiep.mp4,5290,176.333,,,,,,,,,,
fiep.mp4,5291,176.367,,,,,,,,,,
fiep.mp4,5292,176.400,,,,,,,,,,
fiep.mp4,5293,176.433,,,,,,,,,,
fiep.mp4,5294,176.467,,,,,,,,,,
fiep.mp4,5295,176.500,,,,,,,,,,
fiep.mp4,5296,176.533,,,,,,,,,,
fiep.mp4,5297,176.567,,,,,,,,,,
fiep.mp4,5298,176.600,,,,,,,,,,
fiep.mp4,5299,176.633,,,,,,,,,,
fiep.mp4,5300,176.667,,,,,,,,,,
fiep.mp4,5301,176.700,,,,,,,,,,
fiep.mp4,5302,176.733,,,,,,,,,,
fiep.mp4,5303,176.767,,,,,,,,,,
fiep.mp4,5304,176.800,,,,,,,,,,
fiep.mp4,5305,176.833,,,,,,,,,,
fiep.mp4,5306,176.867,,,,,,,,,,
fiep.mp4,5307,176.900,,,,,,,,,,
fiep.mp4,5308,176.933,,,,,,,,,,
fiep.mp4,5309,176.967,,,,,,,,,,
fiep.mp4,5310,177.000,,,,,,,,,,
fiep.mp4,5311,177.033,,,,,,,,,,
fiep.mp4,5312,177.067,,,,,,,,,,
fiep.mp4,5313,177.100,,,,,,,,,,
fiep.mp4,5314,177.133,,,,,,,,,,
fiep.mp4,5315,177.167,,,,,,,,,,
fiep.mp4,5316,177.200,,,,,,,,,,
fiep.mp4,5317,177.233,,,,,,,,,,
fiep.mp4,5318,177.267,,,,,,,,,,
fiep.mp4,5319,177.300,,,,,,,,,,
fiep.mp4,5320,177.333,,,,,,,,,,
fiep.mp4,5321,177.367,,,,,,,,,,
fiep.mp4,5322,177.400,,,,,,,,,,
fiep.mp4,5323,177.433,,,,,,,,,,
fiep.mp4,5324,177.467,,,,,,,,,,
fiep.mp4,5325,177.500,,,,,,,,,,
fiep.mp4,5326,177.533,,,,,,,,,,
fiep.mp4,5327,177.567,,,,,,,,,,
fiep.mp4,5328,177.600,,,,,,,,,,
fiep.mp4,5329,177.633,,,,,,,,,,
fiep.mp4,5330,177.667,,,,,,,,,,
fiep.mp4,5331,177.700,,,,,,,,,,
fiep.mp4,5332,177.733,,,,,,,,,,
fiep.mp4,5333,177.767,,,,,,,,,,
fiep.mp4,5334,177.800,,,,,,,,,,
fiep.mp4,5335,177.833,,,,,,,,,,
fiep.mp4,5336,177.867,,,,,,,,,,
fiep.mp4,5337,177.900,,,,,,,,,,
fiep.mp4,5338,177.933,,,,,,,,,,
fiep.mp4,5339,177.967,,,,,,,,,,
fiep.mp4,5340,178.000,,,,,,,,,,
fiep.mp4,5341,178.033,,,,,,,,,,
fiep.mp4,5342,178.067,,,,,,,,,,
fiep.mp4,5343,178.100,,,,,,,,,,
fiep.mp4,5344,178.133,,,,,,,,,,
fiep.mp4,5345,178.167,,,,,,,,,,
fiep.mp4,5346,178.200,,,,,,,,,,
fiep.mp4,5347,178.233,,,,,,,,,,
fiep.mp4,5348,178.267,,,,,,,,,,
fiep.mp4,5349,178.300,,,,,,,,,,
fiep.mp4,5350,178.333,,,,,,,,,,
fiep.mp4,5351,178.367,,,,,,,,,,
fiep.mp4,5352,178.400,,,,,,,,,,
fiep.mp4,5353,178.433,,,,,,,,,,
fiep.mp4,5354,178.467,,,,,,,,,,
fiep.mp4,5355,178.500,,,,,,,,,,
fiep.mp4,5356,178.533,,,,,,,,,,
fiep.mp4,5357,178.567,,,,,,,,,,
fiep.mp4,5358,178.600,,,,,,,,,,
fiep.mp4,5359,178.633,,,,,,,,,,
fiep.mp4,5360,178.667,,,,,,,,,,
fiep.mp4,5361,178.700,,,,,,,,,,
fiep.mp4,5362,178.733,,,,,,,,,,
fiep.mp4,5363,178.767,,,,,,,,,,
fiep.mp4,5364,178.800,,,,,,,,,,
fiep.mp4,5365,178.833,,,,,,,,,,
fiep.mp4,5366,178.867,,,,,,,,,,
fiep.mp4,5367,178.900,,,,,,,,,,
fiep.mp4,5368,178.933,,,,,,,,,,
fiep.mp4,5369,178.967,,,,,,,,,,
fiep.mp4,5370,179.000,,,,,,,,,,
fiep.mp4,5371,179.033,,,,,,,,,,
fiep.mp4,5372,179.067,,,,,,,,,,
fiep.mp4,5373,179.100,,,,,,,,,,
fiep.mp4,5374,179.133,,,,,,,,,,
fiep.mp4,5375,179.167,,,,,,,,,,
fiep.mp4,5376,179.200,,,,,,,,,,
fiep.mp4,5377,179.233,,,,,,,,,,
fiep.mp4,5378,179.267,,,,,,,,,,
fiep.mp4,5379,179.300,,,,,,,,,,
fiep.mp4,5380,179.333,,,,,,,,,,
fiep.mp4,5381,179.367,,,,,,,,,,
fiep.mp4,5382,179.400,,,,,,,,,,
fiep.mp4,5383,179.433,,,,,,,,,,
fiep.mp4,5384,179.467,,,,,,,,,,
fiep.mp4,5385,179.500,1222.591,682.024,1128.046,632.132,1317.136,731.915,0.307,,,
fiep.mp4,5386,179.533,,,,,,,,,,
fiep.mp4,5387,179.567,,,,,,,,,,
fiep.mp4,5388,179.600,,,,,,,,,,
fiep.mp4,5389,179.633,,,,,,,,,,
fiep.mp4,5390,179.667,,,,,,,,,,
fiep.mp4,5391,179.700,,,,,,,,,,
fiep.mp4,5392,179.733,,,,,,,,,,
fiep.mp4,5393,179.767,,,,,,,,,,
fiep.mp4,5394,179.800,,,,,,,,,,
fiep.mp4,5395,179.833,,,,,,,,,,
fiep.mp4,5396,179.867,,,,,,,,,,
fiep.mp4,5397,179.900,,,,,,,,,,
fiep.mp4,5398,179.933,,,,,,,,,,
fiep.mp4,5399,179.967,,,,,,,,,,
fiep.mp4,5400,180.000,,,,,,,,,,
fiep.mp4,5401,180.033,,,,,,,,,,
fiep.mp4,5402,180.067,,,,,,,,,,
fiep.mp4,5403,180.100,,,,,,,,,,
fiep.mp4,5404,180.133,,,,,,,,,,
fiep.mp4,5405,180.167,,,,,,,,,,
fiep.mp4,5406,180.200,,,,,,,,,,
fiep.mp4,5407,180.233,,,,,,,,,,
fiep.mp4,5408,180.267,,,,,,,,,,
fiep.mp4,5409,180.300,,,,,,,,,,
fiep.mp4,5410,180.333,,,,,,,,,,
fiep.mp4,5411,180.367,,,,,,,,,,
fiep.mp4,5412,180.400,,,,,,,,,,
fiep.mp4,5413,180.433,,,,,,,,,,
fiep.mp4,5414,180.467,,,,,,,,,,
fiep.mp4,5415,180.500,,,,,,,,,,
fiep.mp4,5416,180.533,,,,,,,,,,
fiep.mp4,5417,180.567,,,,,,,,,,
fiep.mp4,5418,180.600,,,,,,,,,,
fiep.mp4,5419,180.633,1011.369,796.907,852.869,635.219,1169.869,958.595,0.323,,,
fiep.mp4,5420,180.667,1007.956,794.641,848.805,632.251,1167.106,957.030,0.423,99.000,,
fiep.mp4,5421,180.700,1005.403,794.024,845.701,630.983,1165.105,957.065,0.640,99.000,,
fiep.mp4,5422,180.733,1000.381,789.508,843.403,629.133,1157.359,949.882,0.675,99.000,,
fiep.mp4,5423,180.767,993.777,786.378,837.164,626.035,1150.390,946.721,0.693,99.000,,
fiep.mp4,5424,180.800,985.142,784.350,827.206,622.070,1143.078,946.629,0.652,99.000,,
fiep.mp4,5425,180.833,978.607,781.113,821.173,618.691,1136.041,943.535,0.558,99.000,,
fiep.mp4,5426,180.867,969.527,781.311,814.768,621.199,1124.287,941.423,0.467,99.000,,
fiep.mp4,5427,180.900,963.782,781.842,811.307,623.651,1116.256,940.034,0.478,99.000,,
fiep.mp4,5428,180.933,958.600,783.354,808.729,627.746,1108.471,938.963,0.528,99.000,,
fiep.mp4,5429,180.967,953.350,786.160,805.320,632.429,1101.381,939.890,0.344,99.000,,
fiep.mp4,5430,181.000,,,,,,,,,,
fiep.mp4,5431,181.033,,,,,,,,,,
fiep.mp4,5432,181.067,,,,,,,,,,
fiep.mp4,5433,181.100,,,,,,,,,,
fiep.mp4,5434,181.133,,,,,,,,,,
fiep.mp4,5435,181.167,,,,,,,,,,
fiep.mp4,5436,181.200,,,,,,,,,,
fiep.mp4,5437,181.233,,,,,,,,,,
fiep.mp4,5438,181.267,,,,,,,,,,
fiep.mp4,5439,181.300,,,,,,,,,,
fiep.mp4,5440,181.333,,,,,,,,,,
fiep.mp4,5441,181.367,,,,,,,,,,
fiep.mp4,5442,181.400,,,,,,,,,,
fiep.mp4,5443,181.433,,,,,,,,,,
fiep.mp4,5444,181.467,,,,,,,,,,
fiep.mp4,5445,181.500,,,,,,,,,,
fiep.mp4,5446,181.533,,,,,,,,,,
fiep.mp4,5447,181.567,,,,,,,,,,
fiep.mp4,5448,181.600,,,,,,,,,,
fiep.mp4,5449,181.633,,,,,,,,,,
fiep.mp4,5450,181.667,,,,,,,,,,
fiep.mp4,5451,181.700,,,,,,,,,,
fiep.mp4,5452,181.733,,,,,,,,,,
fiep.mp4,5453,181.767,,,,,,,,,,
fiep.mp4,5454,181.800,,,,,,,,,,
fiep.mp4,5455,181.833,,,,,,,,,,
fiep.mp4,5456,181.867,,,,,,,,,,
fiep.mp4,5457,181.900,,,,,,,,,,
fiep.mp4,5458,181.933,,,,,,,,,,
fiep.mp4,5459,181.967,,,,,,,,,,
fiep.mp4,5460,182.000,,,,,,,,,,
fiep.mp4,5461,182.033,,,,,,,,,,
fiep.mp4,5462,182.067,,,,,,,,,,
fiep.mp4,5463,182.100,,,,,,,,,,
fiep.mp4,5464,182.133,,,,,,,,,,
fiep.mp4,5465,182.167,,,,,,,,,,
fiep.mp4,5466,182.200,871.732,820.171,727.711,637.624,1015.754,1002.719,0.351,,,
fiep.mp4,5467,182.233,871.622,819.827,727.872,637.625,1015.372,1002.029,0.349,102.000,,
fiep.mp4,5468,182.267,873.427,816.880,733.416,639.456,1013.438,994.303,0.375,102.000,,
fiep.mp4,5469,182.300,873.957,815.224,735.253,639.482,1012.660,990.966,0.338,102.000,,
fiep.mp4,5470,182.333,873.050,814.259,733.948,638.028,1012.152,990.490,0.345,102.000,,
fiep.mp4,5471,182.367,,,,,,,,,,
fiep.mp4,5472,182.400,,,,,,,,,,
fiep.mp4,5473,182.433,,,,,,,,,,
fiep.mp4,5474,182.467,,,,,,,,,,
fiep.mp4,5475,182.500,,,,,,,,,,
fiep.mp4,5476,182.533,,,,,,,,,,
fiep.mp4,5477,182.567,867.827,810.356,728.321,633.643,1007.334,987.069,0.403,102.000,,
fiep.mp4,5478,182.600,866.703,810.720,726.622,633.341,1006.785,988.099,0.342,102.000,,
fiep.mp4,5479,182.633,866.030,811.920,725.055,633.489,1007.005,990.352,0.348,102.000,,
fiep.mp4,5480,182.667,865.139,812.441,723.256,632.840,1007.022,992.042,0.282,102.000,,
fiep.mp4,5481,182.700,,,,,,,,,,
fiep.mp4,5482,182.733,,,,,,,,,,
fiep.mp4,5483,182.767,,,,,,,,,,
fiep.mp4,5484,182.800,,,,,,,,,,
fiep.mp4,5485,182.833,,,,,,,,,,
fiep.mp4,5486,182.867,,,,,,,,,,
fiep.mp4,5487,182.900,,,,,,,,,,
fiep.mp4,5488,182.933,,,,,,,,,,
fiep.mp4,5489,182.967,,,,,,,,,,
fiep.mp4,5490,183.000,,,,,,,,,,
fiep.mp4,5491,183.033,,,,,,,,,,
fiep.mp4,5492,183.067,,,,,,,,,,
fiep.mp4,5493,183.100,,,,,,,,,,
fiep.mp4,5494,183.133,,,,,,,,,,
fiep.mp4,5495,183.167,,,,,,,,,,
fiep.mp4,5496,183.200,,,,,,,,,,
fiep.mp4,5497,183.233,,,,,,,,,,
fiep.mp4,5498,183.267,,,,,,,,,,
fiep.mp4,5499,183.300,,,,,,,,,,
fiep.mp4,5500,183.333,,,,,,,,,,
fiep.mp4,5501,183.367,,,,,,,,,,
fiep.mp4,5502,183.400,,,,,,,,,,
fiep.mp4,5503,183.433,845.317,827.675,700.578,639.862,990.055,1015.488,0.298,102.000,,
fiep.mp4,5504,183.467,846.298,826.766,704.655,640.139,987.941,1013.392,0.302,102.000,,
fiep.mp4,5505,183.500,846.617,824.939,707.726,640.634,985.508,1009.244,0.300,102.000,,
fiep.mp4,5506,183.533,848.128,822.517,712.291,641.774,983.965,1003.260,0.316,102.000,,
fiep.mp4,5507,183.567,848.762,821.995,714.090,642.516,983.433,1001.474,0.348,102.000,,
fiep.mp4,5508,183.600,849.907,822.006,715.747,642.875,984.068,1001.137,0.291,102.000,,
fiep.mp4,5509,183.633,850.459,822.460,716.307,643.052,984.612,1001.868,0.313,102.000,,
fiep.mp4,5510,183.667,850.816,822.317,716.977,643.220,984.655,1001.415,0.361,102.000,,
fiep.mp4,5511,183.700,851.090,821.534,717.781,643.283,984.400,999.785,0.351,102.000,,
fiep.mp4,5512,183.733,851.295,819.827,719.197,643.589,983.394,996.065,0.294,102.000,,
fiep.mp4,5513,183.767,,,,,,,,,,
fiep.mp4,5514,183.800,1222.803,681.469,1127.798,632.181,1317.808,730.757,0.258,,,
fiep.mp4,5515,183.833,,,,,,,,,,
fiep.mp4,5516,183.867,,,,,,,,,,
fiep.mp4,5517,183.900,1222.255,681.538,1127.529,632.412,1316.980,730.663,0.296,,,
fiep.mp4,5518,183.933,1222.633,681.481,1127.652,632.225,1317.613,730.738,0.321,104.000,,
fiep.mp4,5519,183.967,,,,,,,,,,
fiep.mp4,5520,184.000,,,,,,,,,,
fiep.mp4,5521,184.033,,,,,,,,,,
fiep.mp4,5522,184.067,,,,,,,,,,
fiep.mp4,5523,184.100,850.755,819.219,718.547,645.147,982.964,993.292,0.362,102.000,,
fiep.mp4,5524,184.133,,,,,,,,,,
fiep.mp4,5525,184.167,851.448,819.353,717.917,645.106,984.978,993.599,0.293,102.000,,
fiep.mp4,5526,184.200,,,,,,,,,,
fiep.mp4,5527,184.233,,,,,,,,,,
fiep.mp4,5528,184.267,,,,,,,,,,
fiep.mp4,5529,184.300,853.361,809.381,723.688,643.508,983.034,975.254,0.261,102.000,,
fiep.mp4,5530,184.333,,,,,,,,,,
fiep.mp4,5531,184.367,,,,,,,,,,
fiep.mp4,5532,184.400,,,,,,,,,,
fiep.mp4,5533,184.433,,,,,,,,,,
fiep.mp4,5534,184.467,,,,,,,,,,
fiep.mp4,5535,184.500,,,,,,,,,,
fiep.mp4,5536,184.533,862.922,805.777,734.377,643.432,991.467,968.121,0.351,102.000,,
fiep.mp4,5537,184.567,864.117,805.016,735.147,643.267,993.087,966.766,0.420,102.000,,
fiep.mp4,5538,184.600,,,,,,,,,,
fiep.mp4,5539,184.633,,,,,,,,,,
fiep.mp4,5540,184.667,,,,,,,,,,
fiep.mp4,5541,184.700,,,,,,,,,,
fiep.mp4,5542,184.733,,,,,,,,,,
fiep.mp4,5543,184.767,,,,,,,,,,
fiep.mp4,5544,184.800,,,,,,,,,,
fiep.mp4,5545,184.833,870.748,803.787,741.719,642.191,999.777,965.384,0.370,102.000,,
fiep.mp4,5546,184.867,870.668,804.336,741.955,643.121,999.381,965.551,0.451,102.000,,
fiep.mp4,5547,184.900,870.662,804.467,742.131,643.511,999.192,965.422,0.468,102.000,,
fiep.mp4,5548,184.933,870.510,804.431,741.990,643.614,999.031,965.248,0.480,102.000,,
fiep.mp4,5549,184.967,870.224,804.324,741.612,643.495,998.836,965.154,0.453,102.000,,
fiep.mp4,5550,185.000,870.030,804.227,741.281,643.345,998.780,965.109,0.448,102.000,,
fiep.mp4,5551,185.033,869.982,803.886,740.636,642.483,999.329,965.289,0.369,102.000,,
fiep.mp4,5552,185.067,,,,,,,,,,
fiep.mp4,5553,185.100,,,,,,,,,,
fiep.mp4,5554,185.133,,,,,,,,,,
fiep.mp4,5555,185.167,,,,,,,,,,
fiep.mp4,5556,185.200,,,,,,,,,,
fiep.mp4,5557,185.233,,,,,,,,,,
fiep.mp4,5558,185.267,,,,,,,,,,
fiep.mp4,5559,185.300,,,,,,,,,,
fiep.mp4,5560,185.333,,,,,,,,,,
fiep.mp4,5561,185.367,,,,,,,,,,
fiep.mp4,5562,185.400,874.743,803.284,744.792,639.545,1004.695,967.022,0.402,102.000,,
fiep.mp4,5563,185.433,,,,,,,,,,
fiep.mp4,5564,185.467,,,,,,,,,,
fiep.mp4,5565,185.500,880.371,803.555,752.482,639.836,1008.261,967.274,0.488,102.000,,
fiep.mp4,5566,185.533,880.642,802.403,754.769,638.796,1006.516,966.009,0.446,102.000,,
fiep.mp4,5567,185.567,881.999,801.522,757.460,637.065,1006.538,965.979,0.488,102.000,,
fiep.mp4,5568,185.600,884.037,800.794,760.002,634.773,1008.072,966.815,0.411,102.000,,
fiep.mp4,5569,185.633,884.920,800.260,762.813,634.664,1007.027,965.856,0.671,102.000,,
fiep.mp4,5570,185.667,885.537,800.365,765.163,635.291,1005.911,965.439,0.568,102.000,,
fiep.mp4,5571,185.700,885.880,800.216,766.794,635.328,1004.967,965.104,0.662,102.000,,
fiep.mp4,5572,185.733,885.932,800.025,767.805,635.034,1004.059,965.015,0.691,102.000,,
fiep.mp4,5573,185.767,885.620,799.949,768.202,634.618,1003.039,965.279,0.678,102.000,,
fiep.mp4,5574,185.800,885.324,799.892,768.765,634.613,1001.883,965.172,0.663,102.000,,
fiep.mp4,5575,185.833,884.160,799.899,768.261,634.401,1000.058,965.397,0.735,102.000,,
fiep.mp4,5576,185.867,883.161,799.478,767.635,633.468,998.686,965.487,0.672,102.000,,
fiep.mp4,5577,185.900,882.131,799.340,767.176,633.191,997.087,965.489,0.601,102.000,,
fiep.mp4,5578,185.933,881.746,799.514,767.207,633.362,996.284,965.666,0.632,102.000,,
fiep.mp4,5579,185.967,881.165,799.759,767.110,633.892,995.221,965.626,0.637,102.000,,
fiep.mp4,5580,186.000,879.689,799.822,766.276,634.502,993.101,965.143,0.478,102.000,,
fiep.mp4,5581,186.033,879.697,800.067,766.396,634.715,992.997,965.419,0.542,102.000,,
fiep.mp4,5582,186.067,,,,,,,,,,
fiep.mp4,5583,186.100,879.316,800.356,765.650,634.187,992.983,966.524,0.519,102.000,,
fiep.mp4,5584,186.133,879.322,800.564,765.738,634.263,992.905,966.865,0.448,102.000,,
fiep.mp4,5585,186.167,,,,,,,,,,
fiep.mp4,5586,186.200,,,,,,,,,,
fiep.mp4,5587,186.233,,,,,,,,,,
fiep.mp4,5588,186.267,,,,,,,,,,
fiep.mp4,5589,186.300,879.918,800.610,766.240,634.187,993.595,967.034,0.413,102.000,,
fiep.mp4,5590,186.333,881.646,801.356,767.963,635.620,995.329,967.092,0.338,102.000,,
fiep.mp4,5591,186.367,881.129,800.923,767.314,635.211,994.944,966.635,0.423,102.000,,
fiep.mp4,5592,186.400,880.887,801.058,766.917,635.532,994.856,966.583,0.368,102.000,,
fiep.mp4,5593,186.433,880.639,801.964,767.032,637.542,994.247,966.387,0.425,102.000,,
fiep.mp4,5594,186.467,,,,,,,,,,
fiep.mp4,5595,186.500,,,,,,,,,,
fiep.mp4,5596,186.533,,,,,,,,,,
fiep.mp4,5597,186.567,,,,,,,,,,
fiep.mp4,5598,186.600,,,,,,,,,,
fiep.mp4,5599,186.633,,,,,,,,,,
fiep.mp4,5600,186.667,,,,,,,,,,
fiep.mp4,5601,186.700,,,,,,,,,,
fiep.mp4,5602,186.733,,,,,,,,,,
fiep.mp4,5603,186.767,,,,,,,,,,
fiep.mp4,5604,186.800,,,,,,,,,,
fiep.mp4,5605,186.833,,,,,,,,,,
fiep.mp4,5606,186.867,,,,,,,,,,
fiep.mp4,5607,186.900,,,,,,,,,,
fiep.mp4,5608,186.933,,,,,,,,,,
fiep.mp4,5609,186.967,,,,,,,,,,
fiep.mp4,5610,187.000,,,,,,,,,,
fiep.mp4,5611,187.033,,,,,,,,,,
fiep.mp4,5612,187.067,,,,,,,,,,
fiep.mp4,5613,187.100,,,,,,,,,,
fiep.mp4,5614,187.133,,,,,,,,,,
fiep.mp4,5615,187.167,,,,,,,,,,
fiep.mp4,5616,187.200,,,,,,,,,,
fiep.mp4,5617,187.233,,,,,,,,,,
fiep.mp4,5618,187.267,,,,,,,,,,
fiep.mp4,5619,187.300,,,,,,,,,,
fiep.mp4,5620,187.333,,,,,,,,,,
fiep.mp4,5621,187.367,,,,,,,,,,
fiep.mp4,5622,187.400,,,,,,,,,,
fiep.mp4,5623,187.433,,,,,,,,,,
fiep.mp4,5624,187.467,,,,,,,,,,
fiep.mp4,5625,187.500,,,,,,,,,,
fiep.mp4,5626,187.533,,,,,,,,,,
fiep.mp4,5627,187.567,,,,,,,,,,
fiep.mp4,5628,187.600,,,,,,,,,,
fiep.mp4,5629,187.633,,,,,,,,,,
fiep.mp4,5630,187.667,,,,,,,,,,
fiep.mp4,5631,187.700,,,,,,,,,,
fiep.mp4,5632,187.733,,,,,,,,,,
fiep.mp4,5633,187.767,,,,,,,,,,
fiep.mp4,5634,187.800,,,,,,,,,,
fiep.mp4,5635,187.833,,,,,,,,,,
fiep.mp4,5636,187.867,,,,,,,,,,
fiep.mp4,5637,187.900,,,,,,,,,,
fiep.mp4,5638,187.933,,,,,,,,,,
fiep.mp4,5639,187.967,,,,,,,,,,
fiep.mp4,5640,188.000,,,,,,,,,,
fiep.mp4,5641,188.033,,,,,,,,,,
fiep.mp4,5642,188.067,,,,,,,,,,
fiep.mp4,5643,188.100,,,,,,,,,,
fiep.mp4,5644,188.133,,,,,,,,,,
fiep.mp4,5645,188.167,,,,,,,,,,
fiep.mp4,5646,188.200,,,,,,,,,,
fiep.mp4,5647,188.233,,,,,,,,,,
fiep.mp4,5648,188.267,,,,,,,,,,
fiep.mp4,5649,188.300,,,,,,,,,,
fiep.mp4,5650,188.333,,,,,,,,,,
fiep.mp4,5651,188.367,,,,,,,,,,
fiep.mp4,5652,188.400,,,,,,,,,,
fiep.mp4,5653,188.433,,,,,,,,,,
fiep.mp4,5654,188.467,,,,,,,,,,
fiep.mp4,5655,188.500,,,,,,,,,,
fiep.mp4,5656,188.533,,,,,,,,,,
fiep.mp4,5657,188.567,,,,,,,,,,
fiep.mp4,5658,188.600,,,,,,,,,,
fiep.mp4,5659,188.633,,,,,,,,,,
fiep.mp4,5660,188.667,,,,,,,,,,
fiep.mp4,5661,188.700,,,,,,,,,,
fiep.mp4,5662,188.733,,,,,,,,,,
fiep.mp4,5663,188.767,869.415,807.145,734.705,648.744,1004.124,965.545,0.354,,,
fiep.mp4,5664,188.800,,,,,,,,,,
fiep.mp4,5665,188.833,,,,,,,,,,
fiep.mp4,5666,188.867,,,,,,,,,,
fiep.mp4,5667,188.900,,,,,,,,,,
fiep.mp4,5668,188.933,,,,,,,,,,
fiep.mp4,5669,188.967,,,,,,,,,,
fiep.mp4,5670,189.000,,,,,,,,,,
fiep.mp4,5671,189.033,,,,,,,,,,
fiep.mp4,5672,189.067,,,,,,,,,,
fiep.mp4,5673,189.100,,,,,,,,,,
fiep.mp4,5674,189.133,,,,,,,,,,
fiep.mp4,5675,189.167,,,,,,,,,,
fiep.mp4,5676,189.200,871.628,806.166,735.737,645.779,1007.519,966.553,0.344,,,
fiep.mp4,5677,189.233,871.654,807.930,736.528,648.462,1006.780,967.398,0.420,108.000,,
fiep.mp4,5678,189.267,871.809,808.136,736.707,648.724,1006.910,967.549,0.392,108.000,,
fiep.mp4,5679,189.300,872.771,808.317,738.293,649.663,1007.250,966.971,0.304,108.000,,
fiep.mp4,5680,189.333,,,,,,,,,,
fiep.mp4,5681,189.367,872.806,806.441,736.692,645.838,1008.920,967.045,0.343,108.000,,
fiep.mp4,5682,189.400,872.850,807.194,737.513,647.579,1008.187,966.808,0.310,108.000,,
fiep.mp4,5683,189.433,872.252,807.564,736.504,647.517,1007.999,967.612,0.440,108.000,,
fiep.mp4,5684,189.467,872.313,807.783,736.258,647.379,1008.367,968.186,0.430,108.000,,
fiep.mp4,5685,189.500,872.085,807.783,735.754,647.055,1008.416,968.511,0.390,108.000,,
fiep.mp4,5686,189.533,872.346,807.542,736.158,646.927,1008.533,968.157,0.310,108.000,,
fiep.mp4,5687,189.567,872.380,807.910,735.988,647.163,1008.772,968.656,0.339,108.000,,
fiep.mp4,5688,189.600,872.452,808.188,735.907,647.361,1008.997,969.015,0.329,108.000,,
fiep.mp4,5689,189.633,871.977,808.389,734.886,646.846,1009.067,969.932,0.415,108.000,,
fiep.mp4,5690,189.667,871.433,808.445,734.087,646.576,1008.780,970.314,0.386,108.000,,
fiep.mp4,5691,189.700,871.726,808.229,734.408,646.522,1009.045,969.936,0.320,108.000,,
fiep.mp4,5692,189.733,871.783,807.939,734.365,646.228,1009.201,969.650,0.321,108.000,,
fiep.mp4,5693,189.767,,,,,,,,,,
fiep.mp4,5694,189.800,,,,,,,,,,
fiep.mp4,5695,189.833,872.441,807.418,734.920,645.387,1009.962,969.449,0.310,108.000,,
fiep.mp4,5696,189.867,,,,,,,,,,
fiep.mp4,5697,189.900,,,,,,,,,,
fiep.mp4,5698,189.933,,,,,,,,,,
fiep.mp4,5699,189.967,,,,,,,,,,
fiep.mp4,5700,190.000,,,,,,,,,,
fiep.mp4,5701,190.033,,,,,,,,,,
fiep.mp4,5702,190.067,,,,,,,,,,
fiep.mp4,5703,190.100,,,,,,,,,,
fiep.mp4,5704,190.133,,,,,,,,,,
fiep.mp4,5705,190.167,,,,,,,,,,
fiep.mp4,5706,190.200,,,,,,,,,,
fiep.mp4,5707,190.233,,,,,,,,,,
fiep.mp4,5708,190.267,,,,,,,,,,
fiep.mp4,5709,190.300,876.583,807.223,740.710,645.633,1012.457,968.813,0.299,108.000,,
fiep.mp4,5710,190.333,876.858,807.331,741.993,645.903,1011.723,968.759,0.318,108.000,,
fiep.mp4,5711,190.367,,,,,,,,,,
fiep.mp4,5712,190.400,,,,,,,,,,
fiep.mp4,5713,190.433,,,,,,,,,,
fiep.mp4,5714,190.467,,,,,,,,,,
fiep.mp4,5715,190.500,876.730,806.492,742.478,644.954,1010.982,968.030,0.308,108.000,,
fiep.mp4,5716,190.533,876.556,806.384,742.894,644.958,1010.217,967.810,0.290,108.000,,
fiep.mp4,5717,190.567,876.172,806.350,742.728,644.742,1009.615,967.958,0.302,108.000,,
fiep.mp4,5718,190.600,,,,,,,,,,
fiep.mp4,5719,190.633,,,,,,,,,,
fiep.mp4,5720,190.667,,,,,,,,,,
fiep.mp4,5721,190.700,872.022,806.873,737.232,643.934,1006.813,969.812,0.268,108.000,,
fiep.mp4,5722,190.733,869.455,806.190,732.891,641.586,1006.020,970.793,0.309,108.000,,
fiep.mp4,5723,190.767,867.911,805.846,729.929,640.119,1005.893,971.573,0.371,108.000,,
fiep.mp4,5724,190.800,,,,,,,,,,
fiep.mp4,5725,190.833,,,,,,,,,,
fiep.mp4,5726,190.867,,,,,,,,,,
fiep.mp4,5727,190.900,,,,,,,,,,
fiep.mp4,5728,190.933,,,,,,,,,,
fiep.mp4,5729,190.967,,,,,,,,,,
fiep.mp4,5730,191.000,,,,,,,,,,
fiep.mp4,5731,191.033,,,,,,,,,,
fiep.mp4,5732,191.067,,,,,,,,,,
fiep.mp4,5733,191.100,,,,,,,,,,
fiep.mp4,5734,191.133,,,,,,,,,,
fiep.mp4,5735,191.167,,,,,,,,,,
fiep.mp4,5736,191.200,,,,,,,,,,
fiep.mp4,5737,191.233,,,,,,,,,,
fiep.mp4,5738,191.267,,,,,,,,,,
fiep.mp4,5739,191.300,,,,,,,,,,
fiep.mp4,5740,191.333,,,,,,,,,,
fiep.mp4,5741,191.367,,,,,,,,,,
fiep.mp4,5742,191.400,,,,,,,,,,
fiep.mp4,5743,191.433,,,,,,,,,,
fiep.mp4,5744,191.467,,,,,,,,,,
fiep.mp4,5745,191.500,,,,,,,,,,
fiep.mp4,5746,191.533,,,,,,,,,,
fiep.mp4,5747,191.567,,,,,,,,,,
fiep.mp4,5748,191.600,,,,,,,,,,
fiep.mp4,5749,191.633,,,,,,,,,,
fiep.mp4,5750,191.667,,,,,,,,,,
fiep.mp4,5751,191.700,,,,,,,,,,
fiep.mp4,5752,191.733,,,,,,,,,,
fiep.mp4,5753,191.767,,,,,,,,,,
fiep.mp4,5754,191.800,863.579,802.157,723.165,632.525,1003.994,971.790,0.342,108.000,,
fiep.mp4,5755,191.833,864.876,801.934,725.398,632.385,1004.353,971.482,0.341,108.000,,
fiep.mp4,5756,191.867,,,,,,,,,,
fiep.mp4,5757,191.900,,,,,,,,,,
fiep.mp4,5758,191.933,866.661,800.626,728.571,632.023,1004.750,969.229,0.353,108.000,,
fiep.mp4,5759,191.967,866.993,800.784,729.624,632.574,1004.362,968.993,0.347,108.000,,
fiep.mp4,5760,192.000,,,,,,,,,,
fiep.mp4,5761,192.033,,,,,,,,,,
fiep.mp4,5762,192.067,,,,,,,,,,
fiep.mp4,5763,192.100,869.427,804.273,734.333,638.724,1004.520,969.822,0.344,108.000,,
fiep.mp4,5764,192.133,869.990,805.811,735.374,640.744,1004.606,970.878,0.343,108.000,,
fiep.mp4,5765,192.167,869.850,806.201,734.569,640.091,1005.132,972.311,0.407,108.000,,
fiep.mp4,5766,192.200,869.830,806.629,734.439,640.259,1005.221,972.999,0.420,108.000,,
fiep.mp4,5767,192.233,870.166,806.956,734.793,640.509,1005.539,973.403,0.428,108.000,,
fiep.mp4,5768,192.267,870.199,807.226,734.840,640.775,1005.559,973.676,0.420,108.000,,
fiep.mp4,5769,192.300,870.893,807.518,735.665,641.126,1006.121,973.911,0.435,108.000,,
fiep.mp4,5770,192.333,871.547,808.084,736.428,641.666,1006.667,974.502,0.452,108.000,,
fiep.mp4,5771,192.367,871.904,808.765,736.572,641.866,1007.236,975.665,0.476,108.000,,
fiep.mp4,5772,192.400,872.465,809.432,737.018,642.164,1007.913,976.700,0.480,108.000,,
fiep.mp4,5773,192.433,872.862,810.084,737.332,642.466,1008.393,977.702,0.487,108.000,,
fiep.mp4,5774,192.467,873.060,810.679,737.321,642.529,1008.799,978.828,0.459,108.000,,
fiep.mp4,5775,192.500,872.754,810.900,737.118,642.795,1008.390,979.005,0.479,108.000,,
fiep.mp4,5776,192.533,872.330,811.240,736.599,643.085,1008.062,979.395,0.490,108.000,,
fiep.mp4,5777,192.567,872.164,811.216,736.385,643.068,1007.944,979.363,0.526,108.000,,
fiep.mp4,5778,192.600,871.577,811.245,735.742,643.264,1007.412,979.225,0.460,108.000,,
fiep.mp4,5779,192.633,871.388,811.441,735.241,643.291,1007.536,979.591,0.449,108.000,,
fiep.mp4,5780,192.667,870.863,811.478,734.373,643.189,1007.353,979.766,0.434,108.000,,
fiep.mp4,5781,192.700,,,,,,,,,,
fiep.mp4,5782,192.733,,,,,,,,,,
fiep.mp4,5783,192.767,,,,,,,,,,
fiep.mp4,5784,192.800,871.833,811.780,736.029,644.560,1007.637,978.999,0.419,108.000,,
fiep.mp4,5785,192.833,872.768,812.488,738.191,647.266,1007.346,977.711,0.283,108.000,,
fiep.mp4,5786,192.867,872.501,811.894,738.187,647.522,1006.814,976.265,0.305,108.000,,
fiep.mp4,5787,192.900,,,,,,,,,,
fiep.mp4,5788,192.933,869.334,812.118,734.440,648.197,1004.228,976.040,0.322,108.000,,
fiep.mp4,5789,192.967,869.146,811.580,734.017,648.367,1004.275,974.793,0.267,108.000,,
fiep.mp4,5790,193.000,,,,,,,,,,
fiep.mp4,5791,193.033,,,,,,,,,,
fiep.mp4,5792,193.067,,,,,,,,,,
fiep.mp4,5793,193.100,,,,,,,,,,
fiep.mp4,5794,193.133,,,,,,,,,,
fiep.mp4,5795,193.167,,,,,,,,,,
fiep.mp4,5796,193.200,,,,,,,,,,
fiep.mp4,5797,193.233,866.295,808.782,731.005,647.966,1001.584,969.597,0.337,108.000,,
fiep.mp4,5798,193.267,867.842,808.587,731.448,648.022,1004.237,969.152,0.292,108.000,,
fiep.mp4,5799,193.300,868.377,809.035,730.770,648.131,1005.984,969.938,0.300,108.000,,
fiep.mp4,5800,193.333,869.108,820.889,721.334,646.641,1016.882,995.136,0.288,108.000,,
fiep.mp4,5801,193.367,,,,,,,,,,
fiep.mp4,5802,193.400,,,,,,,,,,
fiep.mp4,5803,193.433,,,,,,,,,,
fiep.mp4,5804,193.467,869.992,812.272,729.951,649.027,1010.034,975.518,0.292,108.000,,
fiep.mp4,5805,193.500,,,,,,,,,,
fiep.mp4,5806,193.533,,,,,,,,,,
fiep.mp4,5807,193.567,,,,,,,,,,
fiep.mp4,5808,193.600,,,,,,,,,,
fiep.mp4,5809,193.633,,,,,,,,,,
fiep.mp4,5810,193.667,,,,,,,,,,
fiep.mp4,5811,193.700,,,,,,,,,,
fiep.mp4,5812,193.733,,,,,,,,,,
fiep.mp4,5813,193.767,,,,,,,,,,
fiep.mp4,5814,193.800,861.381,861.022,685.257,646.218,1037.505,1075.826,0.415,108.000,,
fiep.mp4,5815,193.833,859.895,862.743,687.977,645.950,1031.814,1079.537,0.395,108.000,,
fiep.mp4,5816,193.867,,,,,,,,,,
fiep.mp4,5817,193.900,,,,,,,,,,
fiep.mp4,5818,193.933,855.004,863.786,688.221,647.572,1021.786,1080.000,0.370,108.000,,
fiep.mp4,5819,193.967,854.720,862.953,692.528,647.689,1016.913,1078.216,0.459,108.000,,
fiep.mp4,5820,194.000,853.534,863.773,693.648,647.546,1013.420,1080.000,0.434,108.000,,
fiep.mp4,5821,194.033,852.987,863.630,695.299,647.260,1010.676,1080.000,0.452,108.000,,
fiep.mp4,5822,194.067,852.536,863.514,696.665,647.029,1008.407,1080.000,0.477,108.000,,
fiep.mp4,5823,194.100,851.881,863.387,697.552,646.773,1006.209,1080.000,0.478,108.000,,
fiep.mp4,5824,194.133,852.985,862.413,700.714,646.397,1005.255,1078.428,0.545,108.000,,
fiep.mp4,5825,194.167,852.327,862.764,700.964,646.354,1003.689,1079.174,0.560,108.000,,
fiep.mp4,5826,194.200,852.410,863.083,701.858,646.180,1002.962,1079.987,0.558,108.000,,
fiep.mp4,5827,194.233,852.988,862.998,703.364,645.996,1002.612,1080.000,0.519,108.000,,
fiep.mp4,5828,194.267,853.595,862.640,704.983,645.821,1002.206,1079.460,0.489,108.000,,
fiep.mp4,5829,194.300,854.119,862.269,706.401,645.712,1001.837,1078.826,0.502,108.000,,
fiep.mp4,5830,194.333,854.442,862.452,707.156,645.539,1001.728,1079.365,0.443,108.000,,
fiep.mp4,5831,194.367,854.905,862.007,708.132,644.877,1001.678,1079.136,0.486,108.000,,
fiep.mp4,5832,194.400,856.024,860.959,710.489,644.743,1001.559,1077.176,0.478,108.000,,
fiep.mp4,5833,194.433,857.848,859.806,713.726,644.688,1001.970,1074.925,0.457,108.000,,
fiep.mp4,5834,194.467,858.893,856.155,717.662,644.872,1000.125,1067.438,0.454,108.000,,
fiep.mp4,5835,194.500,859.660,857.657,718.118,645.022,1001.201,1070.291,0.502,108.000,,
fiep.mp4,5836,194.533,860.106,858.399,718.897,645.451,1001.315,1071.347,0.551,108.000,,
fiep.mp4,5837,194.567,860.538,860.070,718.847,645.307,1002.228,1074.833,0.573,108.000,,
fiep.mp4,5838,194.600,860.779,860.374,719.749,645.502,1001.808,1075.246,0.570,108.000,,
fiep.mp4,5839,194.633,861.070,860.838,720.592,645.633,1001.548,1076.042,0.567,108.000,,
fiep.mp4,5840,194.667,860.256,861.784,719.996,645.814,1000.516,1077.755,0.523,108.000,,
fiep.mp4,5841,194.700,859.790,840.054,732.047,645.646,987.533,1034.463,0.508,108.000,,
fiep.mp4,5842,194.733,858.975,829.803,736.295,645.368,981.655,1014.237,0.602,108.000,,
fiep.mp4,5843,194.767,858.347,825.674,736.748,644.895,979.947,1006.453,0.526,108.000,,
fiep.mp4,5844,194.800,857.281,823.995,735.440,644.882,979.123,1003.107,0.522,108.000,,
fiep.mp4,5845,194.833,855.803,823.132,733.064,644.755,978.542,1001.509,0.533,108.000,,
fiep.mp4,5846,194.867,854.772,822.050,731.334,644.675,978.210,999.426,0.599,108.000,,
fiep.mp4,5847,194.900,855.309,821.570,730.917,644.556,979.700,998.585,0.619,108.000,,
fiep.mp4,5848,194.933,856.954,821.775,731.589,645.332,982.319,998.219,0.675,108.000,,
fiep.mp4,5849,194.967,856.055,820.428,729.631,644.115,982.480,996.740,0.589,108.000,,
fiep.mp4,5850,195.000,855.272,819.898,727.727,643.664,982.818,996.133,0.568,108.000,,
fiep.mp4,5851,195.033,857.466,818.824,729.760,643.588,985.172,994.060,0.590,108.000,,
fiep.mp4,5852,195.067,859.403,817.715,731.484,643.266,987.323,992.164,0.471,108.000,,
fiep.mp4,5853,195.100,861.736,817.670,733.200,643.077,990.273,992.263,0.606,108.000,,
fiep.mp4,5854,195.133,863.312,817.373,734.582,643.213,992.042,991.534,0.618,108.000,,
fiep.mp4,5855,195.167,864.859,817.808,736.205,644.387,993.514,991.228,0.449,108.000,,
fiep.mp4,5856,195.200,866.323,816.862,738.081,644.729,994.564,988.995,0.386,108.000,,
fiep.mp4,5857,195.233,866.899,815.266,738.415,643.556,995.383,986.975,0.406,108.000,,
fiep.mp4,5858,195.267,867.379,814.342,738.649,643.068,996.109,985.615,0.442,108.000,,
fiep.mp4,5859,195.300,867.715,813.911,738.752,643.068,996.678,984.755,0.435,108.000,,
fiep.mp4,5860,195.333,868.813,813.596,739.570,642.896,998.057,984.295,0.386,108.000,,
fiep.mp4,5861,195.367,869.583,812.183,740.577,642.334,998.589,982.031,0.390,108.000,,
fiep.mp4,5862,195.400,870.222,811.247,741.379,642.075,999.064,980.418,0.422,108.000,,
fiep.mp4,5863,195.433,870.658,811.159,741.406,641.795,999.910,980.523,0.442,108.000,,
fiep.mp4,5864,195.467,870.833,810.446,741.663,641.603,1000.002,979.288,0.441,108.000,,
fiep.mp4,5865,195.500,870.645,809.610,741.645,641.468,999.645,977.753,0.390,108.000,,
fiep.mp4,5866,195.533,870.973,809.364,742.948,643.079,998.997,975.650,0.379,108.000,,
fiep.mp4,5867,195.567,871.188,808.817,743.631,643.777,998.744,973.858,0.359,108.000,,
fiep.mp4,5868,195.600,871.088,808.318,743.316,643.712,998.859,972.923,0.318,108.000,,
fiep.mp4,5869,195.633,871.148,807.954,743.227,643.739,999.068,972.169,0.261,108.000,,
fiep.mp4,5870,195.667,,,,,,,,,,
fiep.mp4,5871,195.700,,,,,,,,,,
fiep.mp4,5872,195.733,,,,,,,,,,
fiep.mp4,5873,195.767,,,,,,,,,,
fiep.mp4,5874,195.800,,,,,,,,,,
fiep.mp4,5875,195.833,,,,,,,,,,
fiep.mp4,5876,195.867,,,,,,,,,,
fiep.mp4,5877,195.900,,,,,,,,,,
fiep.mp4,5878,195.933,,,,,,,,,,
fiep.mp4,5879,195.967,,,,,,,,,,
fiep.mp4,5880,196.000,,,,,,,,,,
fiep.mp4,5881,196.033,,,,,,,,,,
fiep.mp4,5882,196.067,,,,,,,,,,
fiep.mp4,5883,196.100,,,,,,,,,,
fiep.mp4,5884,196.133,868.424,800.203,737.473,633.955,999.375,966.451,0.300,108.000,,
fiep.mp4,5885,196.167,868.234,800.815,736.242,634.966,1000.227,966.664,0.288,108.000,,
fiep.mp4,5886,196.200,,,,,,,,,,
fiep.mp4,5887,196.233,,,,,,,,,,
fiep.mp4,5888,196.267,,,,,,,,,,
fiep.mp4,5889,196.300,867.139,800.370,734.010,634.597,1000.268,966.142,0.335,108.000,,
fiep.mp4,5890,196.333,867.898,800.298,734.648,635.287,1001.149,965.310,0.292,108.000,,
fiep.mp4,5891,196.367,867.153,801.485,733.512,637.246,1000.795,965.723,0.357,108.000,,
fiep.mp4,5892,196.400,866.994,802.235,733.012,638.616,1000.975,965.854,0.356,108.000,,
fiep.mp4,5893,196.433,866.826,802.910,732.526,639.813,1001.126,966.006,0.327,108.000,,
fiep.mp4,5894,196.467,867.477,803.001,733.390,640.877,1001.564,965.125,0.254,108.000,,
fiep.mp4,5895,196.500,,,,,,,,,,
fiep.mp4,5896,196.533,,,,,,,,,,
fiep.mp4,5897,196.567,,,,,,,,,,
fiep.mp4,5898,196.600,,,,,,,,,,
fiep.mp4,5899,196.633,,,,,,,,,,
fiep.mp4,5900,196.667,,,,,,,,,,
fiep.mp4,5901,196.700,,,,,,,,,,
fiep.mp4,5902,196.733,,,,,,,,,,
fiep.mp4,5903,196.767,,,,,,,,,,
fiep.mp4,5904,196.800,,,,,,,,,,
fiep.mp4,5905,196.833,,,,,,,,,,
fiep.mp4,5906,196.867,,,,,,,,,,
fiep.mp4,5907,196.900,,,,,,,,,,
fiep.mp4,5908,196.933,,,,,,,,,,
fiep.mp4,5909,196.967,,,,,,,,,,
fiep.mp4,5910,197.000,,,,,,,,,,
fiep.mp4,5911,197.033,,,,,,,,,,
fiep.mp4,5912,197.067,,,,,,,,,,
fiep.mp4,5913,197.100,,,,,,,,,,
fiep.mp4,5914,197.133,,,,,,,,,,
fiep.mp4,5915,197.167,,,,,,,,,,
fiep.mp4,5916,197.200,,,,,,,,,,
fiep.mp4,5917,197.233,,,,,,,,,,
fiep.mp4,5918,197.267,,,,,,,,,,
fiep.mp4,5919,197.300,,,,,,,,,,
fiep.mp4,5920,197.333,,,,,,,,,,
fiep.mp4,5921,197.367,,,,,,,,,,
fiep.mp4,5922,197.400,,,,,,,,,,
fiep.mp4,5923,197.433,,,,,,,,,,
fiep.mp4,5924,197.467,,,,,,,,,,
fiep.mp4,5925,197.500,,,,,,,,,,
fiep.mp4,5926,197.533,,,,,,,,,,
fiep.mp4,5927,197.567,,,,,,,,,,
fiep.mp4,5928,197.600,,,,,,,,,,
fiep.mp4,5929,197.633,,,,,,,,,,
fiep.mp4,5930,197.667,,,,,,,,,,
fiep.mp4,5931,197.700,,,,,,,,,,
fiep.mp4,5932,197.733,857.396,856.261,711.737,634.647,1003.055,1077.875,0.339,,,
fiep.mp4,5933,197.767,857.121,856.267,710.686,633.452,1003.555,1079.082,0.450,111.000,,
fiep.mp4,5934,197.800,857.194,855.710,710.842,632.993,1003.545,1078.428,0.450,111.000,,
fiep.mp4,5935,197.833,857.194,855.250,711.090,632.910,1003.298,1077.591,0.488,111.000,,
fiep.mp4,5936,197.867,857.932,854.574,712.131,632.683,1003.732,1076.465,0.515,111.000,,
fiep.mp4,5937,197.900,858.473,852.875,713.680,632.588,1003.266,1073.162,0.567,111.000,,
fiep.mp4,5938,197.933,860.404,846.538,721.163,635.436,999.644,1057.641,0.585,111.000,,
fiep.mp4,5939,197.967,861.036,849.421,718.735,633.633,1003.337,1065.208,0.493,111.000,,
fiep.mp4,5940,198.000,863.454,851.805,719.670,633.440,1007.238,1070.170,0.438,111.000,,
fiep.mp4,5941,198.033,865.214,852.017,721.585,633.528,1008.842,1070.505,0.450,111.000,,
fiep.mp4,5942,198.067,867.123,831.800,735.616,633.594,998.630,1030.006,0.345,111.000,,
fiep.mp4,5943,198.100,868.652,837.911,732.987,633.800,1004.318,1042.022,0.271,111.000,,
fiep.mp4,5944,198.133,870.313,820.337,744.302,633.487,996.324,1007.186,0.315,111.000,,
fiep.mp4,5945,198.167,,,,,,,,,,
fiep.mp4,5946,198.200,872.302,815.575,746.551,631.436,998.053,999.715,0.341,111.000,,
fiep.mp4,5947,198.233,873.070,813.398,748.611,633.926,997.529,992.869,0.581,111.000,,
fiep.mp4,5948,198.267,874.572,810.022,749.237,631.495,999.907,988.548,0.330,111.000,,
fiep.mp4,5949,198.300,875.602,808.123,751.378,633.494,999.826,982.752,0.636,111.000,,
fiep.mp4,5950,198.333,876.215,811.911,748.268,633.169,1004.161,990.653,0.423,111.000,,
fiep.mp4,5951,198.367,876.980,819.037,742.206,630.435,1011.755,1007.639,0.323,111.000,,
fiep.mp4,5952,198.400,876.640,839.190,728.705,629.428,1024.575,1048.953,0.303,111.000,,
fiep.mp4,5953,198.433,876.374,822.898,739.343,629.624,1013.405,1016.172,0.387,111.000,,
fiep.mp4,5954,198.467,874.364,816.334,741.580,629.869,1007.149,1002.798,0.502,111.000,,
fiep.mp4,5955,198.500,871.604,811.719,740.541,628.669,1002.666,994.768,0.589,111.000,,
fiep.mp4,5956,198.533,869.316,810.225,738.263,628.144,1000.370,992.307,0.520,111.000,,
fiep.mp4,5957,198.567,867.851,809.499,736.379,627.600,999.323,991.398,0.581,111.000,,
fiep.mp4,5958,198.600,866.707,808.702,735.015,627.127,998.400,990.278,0.564,111.000,,
fiep.mp4,5959,198.633,866.512,808.760,735.341,628.560,997.682,988.961,0.493,111.000,,
fiep.mp4,5960,198.667,867.119,807.793,736.595,628.955,997.643,986.630,0.507,111.000,,
fiep.mp4,5961,198.700,867.947,807.045,738.136,629.394,997.757,984.696,0.560,111.000,,
fiep.mp4,5962,198.733,869.433,806.952,739.104,628.539,999.763,985.365,0.468,111.000,,
fiep.mp4,5963,198.767,870.407,806.496,740.141,628.065,1000.674,984.926,0.368,111.000,,
fiep.mp4,5964,198.800,871.107,807.345,741.371,629.346,1000.842,985.344,0.503,111.000,,
fiep.mp4,5965,198.833,,,,,,,,,,
fiep.mp4,5966,198.867,,,,,,,,,,
fiep.mp4,5967,198.900,,,,,,,,,,
fiep.mp4,5968,198.933,874.556,806.864,746.743,630.637,1002.369,983.091,0.435,111.000,,
fiep.mp4,5969,198.967,,,,,,,,,,
fiep.mp4,5970,199.000,,,,,,,,,,
fiep.mp4,5971,199.033,,,,,,,,,,
fiep.mp4,5972,199.067,,,,,,,,,,
fiep.mp4,5973,199.100,,,,,,,,,,
fiep.mp4,5974,199.133,,,,,,,,,,
fiep.mp4,5975,199.167,,,,,,,,,,
fiep.mp4,5976,199.200,,,,,,,,,,
fiep.mp4,5977,199.233,,,,,,,,,,
fiep.mp4,5978,199.267,,,,,,,,,,
fiep.mp4,5979,199.300,,,,,,,,,,
fiep.mp4,5980,199.333,,,,,,,,,,
fiep.mp4,5981,199.367,,,,,,,,,,
fiep.mp4,5982,199.400,,,,,,,,,,
fiep.mp4,5983,199.433,885.328,810.596,764.719,639.801,1005.938,981.390,0.272,111.000,,
fiep.mp4,5984,199.467,1223.365,682.316,1128.632,632.535,1318.099,732.097,0.362,118.000,,
fiep.mp4,5985,199.500,1222.167,682.209,1127.868,632.657,1316.467,731.761,0.394,118.000,,
fiep.mp4,5986,199.533,1221.901,682.197,1127.590,632.635,1316.211,731.759,0.424,118.000,,
fiep.mp4,5987,199.567,,,,,,,,,,
fiep.mp4,5988,199.600,,,,,,,,,,
fiep.mp4,5989,199.633,,,,,,,,,,
fiep.mp4,5990,199.667,,,,,,,,,,
fiep.mp4,5991,199.700,,,,,,,,,,
fiep.mp4,5992,199.733,,,,,,,,,,
fiep.mp4,5993,199.767,,,,,,,,,,
fiep.mp4,5994,199.800,,,,,,,,,,
fiep.mp4,5995,199.833,,,,,,,,,,
fiep.mp4,5996,199.867,,,,,,,,,,
fiep.mp4,5997,199.900,,,,,,,,,,
fiep.mp4,5998,199.933,,,,,,,,,,
fiep.mp4,5999,199.967,,,,,,,,,,
fiep.mp4,6000,200.000,,,,,,,,,,
fiep.mp4,6001,200.033,,,,,,,,,,
fiep.mp4,6002,200.067,,,,,,,,,,
fiep.mp4,6003,200.100,,,,,,,,,,
fiep.mp4,6004,200.133,1221.879,681.710,1127.742,632.261,1316.015,731.160,0.297,118.000,,
fiep.mp4,6005,200.167,1221.913,681.790,1127.830,632.392,1315.995,731.189,0.318,118.000,,
fiep.mp4,6006,200.200,1221.984,681.755,1127.857,632.336,1316.111,731.175,0.302,118.000,,
fiep.mp4,6007,200.233,1222.281,681.778,1128.112,632.361,1316.450,731.194,0.259,118.000,,
fiep.mp4,6008,200.267,1222.193,681.732,1128.187,632.414,1316.200,731.050,0.259,118.000,,
fiep.mp4,6009,200.300,1222.070,681.811,1128.109,632.520,1316.032,731.102,0.355,118.000,,
fiep.mp4,6010,200.333,1222.259,681.873,1128.290,632.591,1316.227,731.156,0.304,118.000,,
fiep.mp4,6011,200.367,,,,,,,,,,
fiep.mp4,6012,200.400,,,,,,,,,,
fiep.mp4,6013,200.433,,,,,,,,,,
fiep.mp4,6014,200.467,1222.224,681.904,1128.376,632.720,1316.072,731.087,0.332,118.000,,
fiep.mp4,6015,200.500,1221.956,681.939,1128.049,632.728,1315.864,731.149,0.384,118.000,,
fiep.mp4,6016,200.533,1221.815,681.947,1127.813,632.674,1315.818,731.220,0.373,118.000,,
fiep.mp4,6017,200.567,1221.775,681.970,1127.687,632.640,1315.863,731.300,0.429,118.000,,
fiep.mp4,6018,200.600,1221.774,681.977,1127.709,632.654,1315.839,731.300,0.448,118.000,,
fiep.mp4,6019,200.633,1221.768,681.950,1127.714,632.622,1315.822,731.278,0.436,118.000,,
fiep.mp4,6020,200.667,1221.712,681.951,1127.728,632.657,1315.697,731.246,0.420,118.000,,
fiep.mp4,6021,200.700,1221.770,681.952,1127.882,632.708,1315.658,731.196,0.374,118.000,,
fiep.mp4,6022,200.733,1221.828,682.004,1127.965,632.781,1315.691,731.228,0.359,118.000,,
fiep.mp4,6023,200.767,1221.803,681.988,1127.932,632.761,1315.675,731.214,0.298,118.000,,
fiep.mp4,6024,200.800,,,,,,,,,,
fiep.mp4,6025,200.833,1221.748,681.859,1127.922,632.663,1315.574,731.055,0.272,118.000,,
fiep.mp4,6026,200.867,1221.652,681.869,1127.887,632.705,1315.418,731.033,0.280,118.000,,
fiep.mp4,6027,200.900,1221.663,681.841,1127.895,632.672,1315.432,731.010,0.298,118.000,,
fiep.mp4,6028,200.933,1222.502,681.959,1128.653,632.761,1316.350,731.158,0.379,118.000,,
fiep.mp4,6029,200.967,1001.347,783.615,871.626,624.186,1131.067,943.043,0.433,120.000,,
fiep.mp4,6030,201.000,1006.308,783.704,875.971,623.570,1136.644,943.839,0.396,120.000,,
fiep.mp4,6031,201.033,1222.034,681.947,1127.982,632.656,1316.086,731.238,0.301,118.000,,
fiep.mp4,6032,201.067,1221.962,681.877,1127.837,632.543,1316.086,731.212,0.326,118.000,,
fiep.mp4,6033,201.100,1222.064,681.814,1127.980,632.497,1316.148,731.132,0.315,118.000,,
fiep.mp4,6034,201.133,1021.191,784.760,894.018,629.780,1148.365,939.741,0.351,120.000,,
fiep.mp4,6035,201.167,1025.024,785.962,897.576,631.499,1152.472,940.425,0.529,120.000,,
fiep.mp4,6036,201.200,1027.261,786.805,899.703,633.103,1154.818,940.507,0.508,120.000,,
fiep.mp4,6037,201.233,1222.467,681.951,1128.209,632.485,1316.724,731.416,0.402,118.000,,
fiep.mp4,6038,201.267,1222.322,681.909,1128.148,632.472,1316.496,731.345,0.364,118.000,,
fiep.mp4,6039,201.300,1032.788,791.171,904.187,639.482,1161.389,942.861,0.456,120.000,,
fiep.mp4,6040,201.333,1222.259,681.807,1128.139,632.370,1316.379,731.245,0.362,118.000,,
fiep.mp4,6041,201.367,1222.207,681.846,1128.068,632.387,1316.346,731.305,0.428,118.000,,
fiep.mp4,6042,201.400,1222.186,681.853,1128.028,632.367,1316.344,731.339,0.410,118.000,,
fiep.mp4,6043,201.433,1223.127,681.966,1128.522,632.212,1317.733,731.720,0.367,118.000,,
fiep.mp4,6044,201.467,1223.240,682.111,1128.880,632.491,1317.600,731.730,0.365,118.000,,
fiep.mp4,6045,201.500,1222.633,681.975,1128.553,632.493,1316.713,731.456,0.362,118.000,,
fiep.mp4,6046,201.533,1222.362,681.968,1128.467,632.582,1316.258,731.354,0.341,118.000,,
fiep.mp4,6047,201.567,1222.490,681.940,1128.582,632.572,1316.398,731.308,0.287,118.000,,
fiep.mp4,6048,201.600,1222.328,681.931,1128.484,632.604,1316.172,731.257,0.299,118.000,,
fiep.mp4,6049,201.633,,,,,,,,,,
fiep.mp4,6050,201.667,,,,,,,,,,
fiep.mp4,6051,201.700,,,,,,,,,,
fiep.mp4,6052,201.733,,,,,,,,,,
fiep.mp4,6053,201.767,,,,,,,,,,
fiep.mp4,6054,201.800,,,,,,,,,,
fiep.mp4,6055,201.833,,,,,,,,,,
fiep.mp4,6056,201.867,,,,,,,,,,
fiep.mp4,6057,201.900,,,,,,,,,,
fiep.mp4,6058,201.933,,,,,,,,,,
fiep.mp4,6059,201.967,,,,,,,,,,
fiep.mp4,6060,202.000,,,,,,,,,,
fiep.mp4,6061,202.033,,,,,,,,,,
fiep.mp4,6062,202.067,,,,,,,,,,
fiep.mp4,6063,202.100,,,,,,,,,,
fiep.mp4,6064,202.133,,,,,,,,,,
fiep.mp4,6065,202.167,,,,,,,,,,
fiep.mp4,6066,202.200,1221.894,681.872,1128.031,632.493,1315.756,731.251,0.312,118.000,,
fiep.mp4,6067,202.233,1221.857,681.824,1127.948,632.385,1315.766,731.263,0.367,118.000,,
fiep.mp4,6068,202.267,1091.156,807.459,943.350,644.135,1238.962,970.784,0.278,120.000,,
fiep.mp4,6069,202.300,,,,,,,,,,
fiep.mp4,6070,202.333,,,,,,,,,,
fiep.mp4,6071,202.367,,,,,,,,,,
fiep.mp4,6072,202.400,,,,,,,,,,
fiep.mp4,6073,202.433,,,,,,,,,,
fiep.mp4,6074,202.467,,,,,,,,,,
fiep.mp4,6075,202.500,,,,,,,,,,
fiep.mp4,6076,202.533,,,,,,,,,,
fiep.mp4,6077,202.567,,,,,,,,,,
fiep.mp4,6078,202.600,,,,,,,,,,
fiep.mp4,6079,202.633,,,,,,,,,,
fiep.mp4,6080,202.667,,,,,,,,,,
fiep.mp4,6081,202.700,,,,,,,,,,
fiep.mp4,6082,202.733,,,,,,,,,,
fiep.mp4,6083,202.767,,,,,,,,,,
fiep.mp4,6084,202.800,,,,,,,,,,
fiep.mp4,6085,202.833,,,,,,,,,,
fiep.mp4,6086,202.867,,,,,,,,,,
fiep.mp4,6087,202.900,,,,,,,,,,
fiep.mp4,6088,202.933,,,,,,,,,,
fiep.mp4,6089,202.967,,,,,,,,,,
fiep.mp4,6090,203.000,,,,,,,,,,
fiep.mp4,6091,203.033,,,,,,,,,,
fiep.mp4,6092,203.067,,,,,,,,,,
fiep.mp4,6093,203.100,1222.666,682.857,1129.308,633.666,1316.023,732.048,0.347,118.000,,
fiep.mp4,6094,203.133,,,,,,,,,,
fiep.mp4,6095,203.167,,,,,,,,,,
fiep.mp4,6096,203.200,,,,,,,,,,
fiep.mp4,6097,203.233,,,,,,,,,,
fiep.mp4,6098,203.267,,,,,,,,,,
fiep.mp4,6099,203.300,,,,,,,,,,
fiep.mp4,6100,203.333,,,,,,,,,,
fiep.mp4,6101,203.367,,,,,,,,,,
fiep.mp4,6102,203.400,,,,,,,,,,
fiep.mp4,6103,203.433,,,,,,,,,,
fiep.mp4,6104,203.467,1258.160,880.115,1093.541,696.500,1422.779,1063.730,0.280,,,
fiep.mp4,6105,203.500,,,,,,,,,,
fiep.mp4,6106,203.533,,,,,,,,,,
fiep.mp4,6107,203.567,,,,,,,,,,
fiep.mp4,6108,203.600,,,,,,,,,,
fiep.mp4,6109,203.633,,,,,,,,,,
fiep.mp4,6110,203.667,,,,,,,,,,
fiep.mp4,6111,203.700,,,,,,,,,,
fiep.mp4,6112,203.733,,,,,,,,,,
fiep.mp4,6113,203.767,,,,,,,,,,
fiep.mp4,6114,203.800,,,,,,,,,,
fiep.mp4,6115,203.833,,,,,,,,,,
fiep.mp4,6116,203.867,,,,,,,,,,
fiep.mp4,6117,203.900,,,,,,,,,,
fiep.mp4,6118,203.933,,,,,,,,,,
fiep.mp4,6119,203.967,,,,,,,,,,
fiep.mp4,6120,204.000,,,,,,,,,,
fiep.mp4,6121,204.033,,,,,,,,,,
fiep.mp4,6122,204.067,,,,,,,,,,
fiep.mp4,6123,204.100,,,,,,,,,,
fiep.mp4,6124,204.133,,,,,,,,,,
fiep.mp4,6125,204.167,,,,,,,,,,
fiep.mp4,6126,204.200,,,,,,,,,,
fiep.mp4,6127,204.233,,,,,,,,,,
fiep.mp4,6128,204.267,,,,,,,,,,
fiep.mp4,6129,204.300,,,,,,,,,,
fiep.mp4,6130,204.333,,,,,,,,,,
fiep.mp4,6131,204.367,,,,,,,,,,
fiep.mp4,6132,204.400,,,,,,,,,,
fiep.mp4,6133,204.433,,,,,,,,,,
fiep.mp4,6134,204.467,,,,,,,,,,
fiep.mp4,6135,204.500,,,,,,,,,,
fiep.mp4,6136,204.533,,,,,,,,,,
fiep.mp4,6137,204.567,1331.338,892.783,1215.393,709.695,1447.282,1075.870,0.267,,,
fiep.mp4,6138,204.600,1332.174,893.963,1216.924,711.912,1447.424,1076.013,0.251,,,
fiep.mp4,6139,204.633,1332.764,893.806,1217.814,711.317,1447.713,1076.295,0.287,,,
fiep.mp4,6140,204.667,,,,,,,,,,
fiep.mp4,6141,204.700,,,,,,,,,,
fiep.mp4,6142,204.733,,,,,,,,,,
fiep.mp4,6143,204.767,,,,,,,,,,
fiep.mp4,6144,204.800,1342.948,891.040,1239.880,706.387,1446.015,1075.693,0.262,,,
fiep.mp4,6145,204.833,1344.307,891.726,1242.536,707.728,1446.078,1075.725,0.252,,,
fiep.mp4,6146,204.867,1344.379,891.540,1242.458,707.240,1446.299,1075.840,0.327,126.000,,
fiep.mp4,6147,204.900,1343.704,890.786,1241.039,705.019,1446.369,1076.553,0.377,126.000,,
fiep.mp4,6148,204.933,,,,,,,,,,
fiep.mp4,6149,204.967,,,,,,,,,,
fiep.mp4,6150,205.000,,,,,,,,,,
fiep.mp4,6151,205.033,,,,,,,,,,
fiep.mp4,6152,205.067,,,,,,,,,,
fiep.mp4,6153,205.100,,,,,,,,,,
fiep.mp4,6154,205.133,1345.622,892.428,1244.307,707.696,1446.936,1077.159,0.334,126.000,,
fiep.mp4,6155,205.167,1346.225,894.326,1246.606,711.545,1445.845,1077.106,0.303,126.000,,
fiep.mp4,6156,205.200,1347.207,896.442,1249.260,715.680,1445.154,1077.203,0.387,126.000,,
fiep.mp4,6157,205.233,1348.004,896.526,1250.789,715.889,1445.219,1077.164,0.374,126.000,,
fiep.mp4,6158,205.267,1348.321,896.546,1251.711,715.773,1444.932,1077.318,0.434,126.000,,
fiep.mp4,6159,205.300,1348.186,896.685,1252.186,715.745,1444.187,1077.625,0.431,126.000,,
fiep.mp4,6160,205.333,1348.205,897.232,1253.007,716.463,1443.402,1078.000,0.361,126.000,,
fiep.mp4,6161,205.367,1347.136,897.489,1252.715,716.735,1441.557,1078.243,0.436,126.000,,
fiep.mp4,6162,205.400,,,,,,,,,,
fiep.mp4,6163,205.433,1346.621,897.577,1253.077,717.110,1440.165,1078.045,0.285,126.000,,
fiep.mp4,6164,205.467,1347.127,897.501,1254.298,717.327,1439.957,1077.675,0.302,126.000,,
fiep.mp4,6165,205.500,,,,,,,,,,
fiep.mp4,6166,205.533,,,,,,,,,,
fiep.mp4,6167,205.567,1348.209,898.098,1256.296,718.863,1440.122,1077.333,0.327,126.000,,
fiep.mp4,6168,205.600,1348.564,898.535,1257.228,719.824,1439.899,1077.246,0.340,126.000,,
fiep.mp4,6169,205.633,1348.756,898.343,1257.586,719.545,1439.925,1077.140,0.306,126.000,,
fiep.mp4,6170,205.667,,,,,,,,,,
fiep.mp4,6171,205.700,,,,,,,,,,
fiep.mp4,6172,205.733,,,,,,,,,,
fiep.mp4,6173,205.767,,,,,,,,,,
fiep.mp4,6174,205.800,,,,,,,,,,
fiep.mp4,6175,205.833,,,,,,,,,,
fiep.mp4,6176,205.867,,,,,,,,,,
fiep.mp4,6177,205.900,,,,,,,,,,
fiep.mp4,6178,205.933,,,,,,,,,,
fiep.mp4,6179,205.967,,,,,,,,,,
fiep.mp4,6180,206.000,,,,,,,,,,
fiep.mp4,6181,206.033,,,,,,,,,,
fiep.mp4,6182,206.067,,,,,,,,,,
fiep.mp4,6183,206.100,,,,,,,,,,
fiep.mp4,6184,206.133,,,,,,,,,,
fiep.mp4,6185,206.167,,,,,,,,,,
fiep.mp4,6186,206.200,,,,,,,,,,
fiep.mp4,6187,206.233,1352.443,890.870,1256.630,702.722,1448.256,1079.018,0.261,126.000,,
fiep.mp4,6188,206.267,1352.846,891.007,1256.859,702.392,1448.833,1079.621,0.268,126.000,,
fiep.mp4,6189,206.300,1352.749,890.450,1256.763,701.942,1448.734,1078.959,0.283,126.000,,
fiep.mp4,6190,206.333,1352.807,890.612,1257.123,702.692,1448.492,1078.532,0.411,126.000,,
fiep.mp4,6191,206.367,1353.045,891.160,1257.739,703.864,1448.351,1078.456,0.459,126.000,,
fiep.mp4,6192,206.400,1352.886,890.881,1257.769,703.876,1448.003,1077.887,0.420,126.000,,
fiep.mp4,6193,206.433,1352.788,890.452,1257.808,703.591,1447.768,1077.313,0.376,126.000,,
fiep.mp4,6194,206.467,1352.838,890.090,1257.890,703.148,1447.785,1077.031,0.375,126.000,,
fiep.mp4,6195,206.500,1353.025,890.421,1258.129,703.430,1447.921,1077.411,0.363,126.000,,
fiep.mp4,6196,206.533,1353.105,890.697,1258.160,703.461,1448.049,1077.932,0.318,126.000,,
fiep.mp4,6197,206.567,,,,,,,,,,
fiep.mp4,6198,206.600,1352.980,891.457,1258.165,704.192,1447.796,1078.721,0.273,126.000,,
fiep.mp4,6199,206.633,1352.831,891.340,1258.145,703.987,1447.517,1078.693,0.382,126.000,,
fiep.mp4,6200,206.667,1352.501,891.127,1257.960,703.849,1447.042,1078.405,0.284,126.000,,
fiep.mp4,6201,206.700,1352.441,891.471,1258.038,704.231,1446.843,1078.712,0.365,126.000,,
fiep.mp4,6202,206.733,1352.504,891.535,1258.083,704.018,1446.926,1079.052,0.433,126.000,,
fiep.mp4,6203,206.767,1352.689,891.321,1258.406,703.878,1446.972,1078.765,0.459,126.000,,
fiep.mp4,6204,206.800,1352.798,891.610,1258.876,704.701,1446.719,1078.520,0.460,126.000,,
fiep.mp4,6205,206.833,1352.755,892.216,1259.215,705.856,1446.295,1078.575,0.512,126.000,,
fiep.mp4,6206,206.867,1352.380,891.975,1259.271,706.310,1445.489,1077.641,0.485,126.000,,
fiep.mp4,6207,206.900,1351.838,891.725,1258.763,705.787,1444.912,1077.663,0.487,126.000,,
fiep.mp4,6208,206.933,1351.582,894.059,1259.976,711.091,1443.187,1077.028,0.395,126.000,,
fiep.mp4,6209,206.967,1351.568,894.751,1260.241,712.335,1442.896,1077.167,0.456,126.000,,
fiep.mp4,6210,207.000,1352.094,896.269,1261.283,714.872,1442.905,1077.665,0.487,126.000,,
fiep.mp4,6211,207.033,1352.627,896.943,1262.072,716.189,1443.182,1077.697,0.440,126.000,,
fiep.mp4,6212,207.067,1355.166,895.948,1264.856,715.153,1445.475,1076.744,0.521,126.000,,
fiep.mp4,6213,207.100,1356.219,894.807,1266.065,713.883,1446.373,1075.731,0.358,126.000,,
fiep.mp4,6214,207.133,1357.846,895.944,1268.414,715.964,1447.279,1075.925,0.302,126.000,,
fiep.mp4,6215,207.167,1224.395,682.607,1129.488,633.003,1319.302,732.211,0.354,128.000,,
fiep.mp4,6216,207.200,1224.471,682.382,1129.820,632.920,1319.122,731.844,0.359,128.000,,
fiep.mp4,6217,207.233,1224.962,682.354,1130.065,632.784,1319.860,731.924,0.380,128.000,,
fiep.mp4,6218,207.267,1225.045,682.329,1130.255,632.849,1319.835,731.809,0.361,128.000,,
fiep.mp4,6219,207.300,1224.989,682.254,1130.184,632.796,1319.794,731.712,0.353,128.000,,
fiep.mp4,6220,207.333,,,,,,,,,,
fiep.mp4,6221,207.367,1223.774,683.706,1126.552,632.873,1320.995,734.539,0.326,128.000,,
fiep.mp4,6222,207.400,1223.260,683.474,1126.500,632.786,1320.021,734.161,0.260,128.000,,
fiep.mp4,6223,207.433,1223.071,683.467,1126.115,632.565,1320.026,734.369,0.323,128.000,,
fiep.mp4,6224,207.467,1223.152,683.294,1126.980,632.746,1319.325,733.842,0.297,128.000,,
fiep.mp4,6225,207.500,1223.134,683.169,1127.238,632.710,1319.030,733.628,0.312,128.000,,
fiep.mp4,6226,207.533,1223.021,682.773,1127.869,632.686,1318.174,732.859,0.263,128.000,,
fiep.mp4,6227,207.567,1222.556,682.409,1127.735,632.441,1317.377,732.377,0.252,128.000,,
fiep.mp4,6228,207.600,1222.079,682.445,1127.239,632.379,1316.919,732.512,0.271,128.000,,
fiep.mp4,6229,207.633,1346.639,881.180,1253.799,686.351,1439.479,1076.009,0.253,126.000,,
fiep.mp4,6230,207.667,1222.724,681.873,1129.121,632.506,1316.327,731.239,0.262,128.000,,
fiep.mp4,6231,207.700,1222.863,681.889,1129.307,632.536,1316.419,731.241,0.260,128.000,,
fiep.mp4,6232,207.733,,,,,,,,,,
fiep.mp4,6233,207.767,,,,,,,,,,
fiep.mp4,6234,207.800,,,,,,,,,,
fiep.mp4,6235,207.833,,,,,,,,,,
fiep.mp4,6236,207.867,,,,,,,,,,
fiep.mp4,6237,207.900,,,,,,,,,,
fiep.mp4,6238,207.933,,,,,,,,,,
fiep.mp4,6239,207.967,,,,,,,,,,
fiep.mp4,6240,208.000,1224.996,681.249,1133.424,633.423,1316.567,729.076,0.347,128.000,,
fiep.mp4,6241,208.033,1224.938,681.180,1132.790,633.410,1317.085,728.950,0.364,128.000,,
fiep.mp4,6242,208.067,1224.879,681.162,1132.249,633.422,1317.509,728.902,0.393,128.000,,
fiep.mp4,6243,208.100,1225.006,681.096,1131.976,633.408,1318.035,728.783,0.388,128.000,,
fiep.mp4,6244,208.133,1225.402,681.157,1131.873,633.456,1318.931,728.858,0.358,128.000,,
fiep.mp4,6245,208.167,1225.992,681.201,1131.894,633.444,1320.091,728.957,0.418,128.000,,
fiep.mp4,6246,208.200,1225.821,681.273,1131.327,633.475,1320.315,729.072,0.423,128.000,,
fiep.mp4,6247,208.233,1225.890,681.277,1131.095,633.466,1320.685,729.088,0.408,128.000,,
fiep.mp4,6248,208.267,1225.610,681.216,1130.837,633.526,1320.383,728.905,0.346,128.000,,
fiep.mp4,6249,208.300,,,,,,,,,,
fiep.mp4,6250,208.333,,,,,,,,,,
fiep.mp4,6251,208.367,,,,,,,,,,
fiep.mp4,6252,208.400,,,,,,,,,,
fiep.mp4,6253,208.433,,,,,,,,,,
fiep.mp4,6254,208.467,,,,,,,,,,
fiep.mp4,6255,208.500,1222.457,681.948,1125.641,632.900,1319.274,730.996,0.269,128.000,,
fiep.mp4,6256,208.533,,,,,,,,,,
fiep.mp4,6257,208.567,,,,,,,,,,
fiep.mp4,6258,208.600,,,,,,,,,,
fiep.mp4,6259,208.633,,,,,,,,,,
fiep.mp4,6260,208.667,,,,,,,,,,
fiep.mp4,6261,208.700,,,,,,,,,,
fiep.mp4,6262,208.733,,,,,,,,,,
fiep.mp4,6263,208.767,,,,,,,,,,
fiep.mp4,6264,208.800,,,,,,,,,,
fiep.mp4,6265,208.833,,,,,,,,,,
fiep.mp4,6266,208.867,,,,,,,,,,
fiep.mp4,6267,208.900,,,,,,,,,,
fiep.mp4,6268,208.933,,,,,,,,,,
fiep.mp4,6269,208.967,,,,,,,,,,
fiep.mp4,6270,209.000,,,,,,,,,,
fiep.mp4,6271,209.033,1222.533,682.819,1125.169,633.019,1319.896,732.618,0.313,128.000,,
fiep.mp4,6272,209.067,1222.677,682.965,1125.977,633.238,1319.378,732.691,0.294,128.000,,
fiep.mp4,6273,209.100,,,,,,,,,,
fiep.mp4,6274,209.133,,,,,,,,,,
fiep.mp4,6275,209.167,,,,,,,,,,
fiep.mp4,6276,209.200,1333.491,898.550,1264.017,720.202,1402.966,1076.898,0.323,,,
fiep.mp4,6277,209.233,,,,,,,,,,
fiep.mp4,6278,209.267,,,,,,,,,,
fiep.mp4,6279,209.300,,,,,,,,,,
fiep.mp4,6280,209.333,,,,,,,,,,
fiep.mp4,6281,209.367,,,,,,,,,,
fiep.mp4,6282,209.400,,,,,,,,,,
fiep.mp4,6283,209.433,,,,,,,,,,
fiep.mp4,6284,209.467,,,,,,,,,,
fiep.mp4,6285,209.500,,,,,,,,,,
fiep.mp4,6286,209.533,,,,,,,,,,
fiep.mp4,6287,209.567,1331.910,903.061,1263.283,727.480,1400.536,1078.643,0.250,,,
fiep.mp4,6288,209.600,,,,,,,,,,
fiep.mp4,6289,209.633,,,,,,,,,,
fiep.mp4,6290,209.667,,,,,,,,,,
fiep.mp4,6291,209.700,,,,,,,,,,
fiep.mp4,6292,209.733,,,,,,,,,,
fiep.mp4,6293,209.767,,,,,,,,,,
fiep.mp4,6294,209.800,,,,,,,,,,
fiep.mp4,6295,209.833,,,,,,,,,,
fiep.mp4,6296,209.867,,,,,,,,,,
fiep.mp4,6297,209.900,,,,,,,,,,
fiep.mp4,6298,209.933,,,,,,,,,,
fiep.mp4,6299,209.967,,,,,,,,,,
fiep.mp4,6300,210.000,,,,,,,,,,
fiep.mp4,6301,210.033,,,,,,,,,,
fiep.mp4,6302,210.067,,,,,,,,,,
fiep.mp4,6303,210.100,1223.142,682.573,1127.344,632.823,1318.940,732.323,0.330,128.000,,
fiep.mp4,6304,210.133,,,,,,,,,,
fiep.mp4,6305,210.167,,,,,,,,,,
fiep.mp4,6306,210.200,,,,,,,,,,
fiep.mp4,6307,210.233,,,,,,,,,,
fiep.mp4,6308,210.267,,,,,,,,,,
fiep.mp4,6309,210.300,,,,,,,,,,
fiep.mp4,6310,210.333,,,,,,,,,,
fiep.mp4,6311,210.367,1222.949,682.551,1127.537,632.716,1318.361,732.387,0.311,128.000,,
fiep.mp4,6312,210.400,1223.079,682.556,1128.130,632.832,1318.028,732.281,0.300,128.000,,
fiep.mp4,6313,210.433,1223.123,682.509,1128.397,632.802,1317.849,732.216,0.294,128.000,,
fiep.mp4,6314,210.467,,,,,,,,,,
fiep.mp4,6315,210.500,,,,,,,,,,
fiep.mp4,6316,210.533,,,,,,,,,,
fiep.mp4,6317,210.567,,,,,,,,,,
fiep.mp4,6318,210.600,1222.948,682.326,1128.749,632.865,1317.147,731.787,0.261,128.000,,
fiep.mp4,6319,210.633,,,,,,,,,,
fiep.mp4,6320,210.667,1222.842,682.332,1128.732,632.890,1316.952,731.775,0.261,128.000,,
fiep.mp4,6321,210.700,,,,,,,,,,
fiep.mp4,6322,210.733,,,,,,,,,,
fiep.mp4,6323,210.767,,,,,,,,,,
fiep.mp4,6324,210.800,,,,,,,,,,
fiep.mp4,6325,210.833,1222.831,682.279,1128.387,632.578,1317.275,731.979,0.253,128.000,,
fiep.mp4,6326,210.867,1222.855,682.285,1128.422,632.525,1317.288,732.045,0.276,128.000,,
fiep.mp4,6327,210.900,1222.840,682.314,1128.477,632.544,1317.204,732.084,0.288,128.000,,
fiep.mp4,6328,210.933,1222.828,682.362,1128.483,632.556,1317.174,732.168,0.286,128.000,,
fiep.mp4,6329,210.967,1222.791,682.367,1128.491,632.545,1317.092,732.188,0.273,128.000,,
fiep.mp4,6330,211.000,1222.777,682.369,1128.566,632.569,1316.987,732.169,0.261,128.000,,
fiep.mp4,6331,211.033,1222.756,682.335,1128.713,632.617,1316.800,732.053,0.251,128.000,,
fiep.mp4,6332,211.067,1222.835,682.357,1128.721,632.580,1316.948,732.134,0.300,128.000,,
fiep.mp4,6333,211.100,1222.821,682.341,1128.711,632.552,1316.930,732.130,0.286,128.000,,
fiep.mp4,6334,211.133,,,,,,,,,,
fiep.mp4,6335,211.167,1332.053,907.307,1264.359,735.308,1399.746,1079.307,0.284,,,
fiep.mp4,6336,211.200,,,,,,,,,,
fiep.mp4,6337,211.233,,,,,,,,,,
fiep.mp4,6338,211.267,,,,,,,,,,
fiep.mp4,6339,211.300,,,,,,,,,,
fiep.mp4,6340,211.333,,,,,,,,,,
fiep.mp4,6341,211.367,,,,,,,,,,
fiep.mp4,6342,211.400,,,,,,,,,,
fiep.mp4,6343,211.433,,,,,,,,,,
fiep.mp4,6344,211.467,,,,,,,,,,
fiep.mp4,6345,211.500,,,,,,,,,,
fiep.mp4,6346,211.533,,,,,,,,,,
fiep.mp4,6347,211.567,,,,,,,,,,
fiep.mp4,6348,211.600,,,,,,,,,,
fiep.mp4,6349,211.633,,,,,,,,,,
fiep.mp4,6350,211.667,,,,,,,,,,
fiep.mp4,6351,211.700,,,,,,,,,,
fiep.mp4,6352,211.733,,,,,,,,,,
fiep.mp4,6353,211.767,,,,,,,,,,
fiep.mp4,6354,211.800,,,,,,,,,,
fiep.mp4,6355,211.833,,,,,,,,,,
fiep.mp4,6356,211.867,,,,,,,,,,
fiep.mp4,6357,211.900,,,,,,,,,,
fiep.mp4,6358,211.933,,,,,,,,,,
fiep.mp4,6359,211.967,,,,,,,,,,
fiep.mp4,6360,212.000,,,,,,,,,,
fiep.mp4,6361,212.033,,,,,,,,,,
fiep.mp4,6362,212.067,,,,,,,,,,
fiep.mp4,6363,212.100,,,,,,,,,,
fiep.mp4,6364,212.133,,,,,,,,,,
fiep.mp4,6365,212.167,,,,,,,,,,
fiep.mp4,6366,212.200,,,,,,,,,,
fiep.mp4,6367,212.233,,,,,,,,,,
fiep.mp4,6368,212.267,,,,,,,,,,
fiep.mp4,6369,212.300,,,,,,,,,,
fiep.mp4,6370,212.333,,,,,,,,,,
fiep.mp4,6371,212.367,,,,,,,,,,
fiep.mp4,6372,212.400,,,,,,,,,,
fiep.mp4,6373,212.433,,,,,,,,,,
fiep.mp4,6374,212.467,,,,,,,,,,
fiep.mp4,6375,212.500,,,,,,,,,,
fiep.mp4,6376,212.533,,,,,,,,,,
fiep.mp4,6377,212.567,,,,,,,,,,
fiep.mp4,6378,212.600,,,,,,,,,,
fiep.mp4,6379,212.633,,,,,,,,,,
fiep.mp4,6380,212.667,,,,,,,,,,
fiep.mp4,6381,212.700,,,,,,,,,,
fiep.mp4,6382,212.733,,,,,,,,,,
fiep.mp4,6383,212.767,,,,,,,,,,
fiep.mp4,6384,212.800,,,,,,,,,,
fiep.mp4,6385,212.833,,,,,,,,,,
fiep.mp4,6386,212.867,,,,,,,,,,
fiep.mp4,6387,212.900,,,,,,,,,,
fiep.mp4,6388,212.933,,,,,,,,,,
fiep.mp4,6389,212.967,,,,,,,,,,
fiep.mp4,6390,213.000,,,,,,,,,,
fiep.mp4,6391,213.033,,,,,,,,,,
fiep.mp4,6392,213.067,,,,,,,,,,
fiep.mp4,6393,213.100,,,,,,,,,,
fiep.mp4,6394,213.133,,,,,,,,,,
fiep.mp4,6395,213.167,,,,,,,,,,
fiep.mp4,6396,213.200,,,,,,,,,,
fiep.mp4,6397,213.233,,,,,,,,,,
fiep.mp4,6398,213.267,,,,,,,,,,
fiep.mp4,6399,213.300,,,,,,,,,,
fiep.mp4,6400,213.333,,,,,,,,,,
fiep.mp4,6401,213.367,,,,,,,,,,
fiep.mp4,6402,213.400,,,,,,,,,,
fiep.mp4,6403,213.433,,,,,,,,,,
fiep.mp4,6404,213.467,,,,,,,,,,
fiep.mp4,6405,213.500,,,,,,,,,,
fiep.mp4,6406,213.533,,,,,,,,,,
fiep.mp4,6407,213.567,,,,,,,,,,
fiep.mp4,6408,213.600,,,,,,,,,,
fiep.mp4,6409,213.633,,,,,,,,,,
fiep.mp4,6410,213.667,,,,,,,,,,
fiep.mp4,6411,213.700,,,,,,,,,,
fiep.mp4,6412,213.733,,,,,,,,,,
fiep.mp4,6413,213.767,,,,,,,,,,
fiep.mp4,6414,213.800,,,,,,,,,,
fiep.mp4,6415,213.833,,,,,,,,,,
fiep.mp4,6416,213.867,,,,,,,,,,
fiep.mp4,6417,213.900,,,,,,,,,,
fiep.mp4,6418,213.933,,,,,,,,,,
fiep.mp4,6419,213.967,,,,,,,,,,
fiep.mp4,6420,214.000,,,,,,,,,,
fiep.mp4,6421,214.033,,,,,,,,,,
fiep.mp4,6422,214.067,,,,,,,,,,
fiep.mp4,6423,214.100,,,,,,,,,,
fiep.mp4,6424,214.133,,,,,,,,,,
fiep.mp4,6425,214.167,,,,,,,,,,
fiep.mp4,6426,214.200,,,,,,,,,,
fiep.mp4,6427,214.233,,,,,,,,,,
fiep.mp4,6428,214.267,,,,,,,,,,
fiep.mp4,6429,214.300,,,,,,,,,,
fiep.mp4,6430,214.333,,,,,,,,,,
fiep.mp4,6431,214.367,,,,,,,,,,
fiep.mp4,6432,214.400,,,,,,,,,,
fiep.mp4,6433,214.433,,,,,,,,,,
fiep.mp4,6434,214.467,1222.038,683.856,1127.669,634.331,1316.407,733.381,0.300,,,
fiep.mp4,6435,214.500,1222.330,684.130,1127.906,634.575,1316.753,733.684,0.304,134.000,,
fiep.mp4,6436,214.533,1222.427,684.032,1127.991,634.466,1316.863,733.597,0.312,134.000,,
fiep.mp4,6437,214.567,1222.712,683.661,1128.128,634.016,1317.295,733.306,0.268,134.000,,
fiep.mp4,6438,214.600,,,,,,,,,,
fiep.mp4,6439,214.633,,,,,,,,,,
fiep.mp4,6440,214.667,,,,,,,,,,
fiep.mp4,6441,214.700,,,,,,,,,,
fiep.mp4,6442,214.733,,,,,,,,,,
fiep.mp4,6443,214.767,1222.886,683.686,1127.843,633.768,1317.929,733.605,0.258,134.000,,
fiep.mp4,6444,214.800,,,,,,,,,,
fiep.mp4,6445,214.833,,,,,,,,,,
fiep.mp4,6446,214.867,,,,,,,,,,
fiep.mp4,6447,214.900,,,,,,,,,,
fiep.mp4,6448,214.933,,,,,,,,,,
fiep.mp4,6449,214.967,,,,,,,,,,
fiep.mp4,6450,215.000,,,,,,,,,,
fiep.mp4,6451,215.033,,,,,,,,,,
fiep.mp4,6452,215.067,,,,,,,,,,
fiep.mp4,6453,215.100,,,,,,,,,,
fiep.mp4,6454,215.133,,,,,,,,,,
fiep.mp4,6455,215.167,,,,,,,,,,
fiep.mp4,6456,215.200,,,,,,,,,,
fiep.mp4,6457,215.233,,,,,,,,,,
fiep.mp4,6458,215.267,,,,,,,,,,
fiep.mp4,6459,215.300,,,,,,,,,,
fiep.mp4,6460,215.333,,,,,,,,,,
fiep.mp4,6461,215.367,1222.474,683.961,1128.389,634.562,1316.559,733.360,0.310,134.000,,
fiep.mp4,6462,215.400,1222.442,684.214,1128.346,634.808,1316.538,733.620,0.321,134.000,,
fiep.mp4,6463,215.433,1222.424,684.257,1128.172,634.734,1316.676,733.780,0.321,134.000,,
fiep.mp4,6464,215.467,1222.336,684.223,1128.172,634.732,1316.499,733.715,0.258,134.000,,
fiep.mp4,6465,215.500,1222.234,684.270,1128.090,634.770,1316.379,733.769,0.277,134.000,,
fiep.mp4,6466,215.533,1222.172,684.138,1128.011,634.601,1316.332,733.675,0.305,134.000,,
fiep.mp4,6467,215.567,1222.111,684.117,1127.884,634.504,1316.338,733.731,0.283,134.000,,
fiep.mp4,6468,215.600,1222.063,684.101,1128.038,634.575,1316.088,733.627,0.252,134.000,,
fiep.mp4,6469,215.633,,,,,,,,,,
fiep.mp4,6470,215.667,,,,,,,,,,
fiep.mp4,6471,215.700,,,,,,,,,,
fiep.mp4,6472,215.733,,,,,,,,,,
fiep.mp4,6473,215.767,,,,,,,,,,
fiep.mp4,6474,215.800,,,,,,,,,,
fiep.mp4,6475,215.833,,,,,,,,,,
fiep.mp4,6476,215.867,,,,,,,,,,
fiep.mp4,6477,215.900,,,,,,,,,,
fiep.mp4,6478,215.933,,,,,,,,,,
fiep.mp4,6479,215.967,,,,,,,,,,
fiep.mp4,6480,216.000,,,,,,,,,,
fiep.mp4,6481,216.033,,,,,,,,,,
fiep.mp4,6482,216.067,,,,,,,,,,
fiep.mp4,6483,216.100,,,,,,,,,,
fiep.mp4,6484,216.133,,,,,,,,,,
fiep.mp4,6485,216.167,,,,,,,,,,
fiep.mp4,6486,216.200,,,,,,,,,,
fiep.mp4,6487,216.233,,,,,,,,,,
fiep.mp4,6488,216.267,,,,,,,,,,
fiep.mp4,6489,216.300,,,,,,,,,,
fiep.mp4,6490,216.333,1303.161,897.665,1210.717,720.641,1395.604,1074.688,0.316,,,
fiep.mp4,6491,216.367,1304.951,894.726,1214.702,714.969,1395.199,1074.484,0.256,,,
fiep.mp4,6492,216.400,,,,,,,,,,
fiep.mp4,6493,216.433,,,,,,,,,,
fiep.mp4,6494,216.467,,,,,,,,,,
fiep.mp4,6495,216.500,,,,,,,,,,
fiep.mp4,6496,216.533,,,,,,,,,,
fiep.mp4,6497,216.567,,,,,,,,,,
fiep.mp4,6498,216.600,,,,,,,,,,
fiep.mp4,6499,216.633,,,,,,,,,,
fiep.mp4,6500,216.667,,,,,,,,,,
fiep.mp4,6501,216.700,,,,,,,,,,
fiep.mp4,6502,216.733,,,,,,,,,,
fiep.mp4,6503,216.767,,,,,,,,,,
fiep.mp4,6504,216.800,,,,,,,,,,
fiep.mp4,6505,216.833,,,,,,,,,,
fiep.mp4,6506,216.867,,,,,,,,,,
fiep.mp4,6507,216.900,,,,,,,,,,
fiep.mp4,6508,216.933,,,,,,,,,,
fiep.mp4,6509,216.967,,,,,,,,,,
fiep.mp4,6510,217.000,,,,,,,,,,
fiep.mp4,6511,217.033,,,,,,,,,,
fiep.mp4,6512,217.067,,,,,,,,,,
fiep.mp4,6513,217.100,,,,,,,,,,
fiep.mp4,6514,217.133,,,,,,,,,,
fiep.mp4,6515,217.167,,,,,,,,,,
fiep.mp4,6516,217.200,,,,,,,,,,
fiep.mp4,6517,217.233,,,,,,,,,,
fiep.mp4,6518,217.267,,,,,,,,,,
fiep.mp4,6519,217.300,,,,,,,,,,
fiep.mp4,6520,217.333,,,,,,,,,,
fiep.mp4,6521,217.367,,,,,,,,,,
fiep.mp4,6522,217.400,,,,,,,,,,
fiep.mp4,6523,217.433,,,,,,,,,,
fiep.mp4,6524,217.467,,,,,,,,,,
fiep.mp4,6525,217.500,,,,,,,,,,
fiep.mp4,6526,217.533,,,,,,,,,,
fiep.mp4,6527,217.567,,,,,,,,,,
fiep.mp4,6528,217.600,,,,,,,,,,
fiep.mp4,6529,217.633,,,,,,,,,,
fiep.mp4,6530,217.667,,,,,,,,,,
fiep.mp4,6531,217.700,,,,,,,,,,
fiep.mp4,6532,217.733,,,,,,,,,,
fiep.mp4,6533,217.767,,,,,,,,,,
fiep.mp4,6534,217.800,,,,,,,,,,
fiep.mp4,6535,217.833,,,,,,,,,,
fiep.mp4,6536,217.867,,,,,,,,,,
fiep.mp4,6537,217.900,,,,,,,,,,
fiep.mp4,6538,217.933,,,,,,,,,,
fiep.mp4,6539,217.967,,,,,,,,,,
fiep.mp4,6540,218.000,,,,,,,,,,
fiep.mp4,6541,218.033,,,,,,,,,,
fiep.mp4,6542,218.067,,,,,,,,,,
fiep.mp4,6543,218.100,,,,,,,,,,
fiep.mp4,6544,218.133,,,,,,,,,,
fiep.mp4,6545,218.167,,,,,,,,,,
fiep.mp4,6546,218.200,,,,,,,,,,
fiep.mp4,6547,218.233,,,,,,,,,,
fiep.mp4,6548,218.267,,,,,,,,,,
fiep.mp4,6549,218.300,,,,,,,,,,
fiep.mp4,6550,218.333,,,,,,,,,,
fiep.mp4,6551,218.367,,,,,,,,,,
fiep.mp4,6552,218.400,,,,,,,,,,
fiep.mp4,6553,218.433,,,,,,,,,,
fiep.mp4,6554,218.467,,,,,,,,,,
fiep.mp4,6555,218.500,,,,,,,,,,
fiep.mp4,6556,218.533,,,,,,,,,,
fiep.mp4,6557,218.567,,,,,,,,,,
fiep.mp4,6558,218.600,,,,,,,,,,
fiep.mp4,6559,218.633,1222.450,684.119,1128.290,634.428,1316.610,733.810,0.284,,,
fiep.mp4,6560,218.667,1222.504,684.078,1127.984,634.196,1317.023,733.960,0.413,137.000,,
fiep.mp4,6561,218.700,1331.754,898.523,1262.204,771.802,1401.304,1025.244,0.555,138.000,,
fiep.mp4,6562,218.733,1331.698,898.443,1262.541,772.470,1400.855,1024.415,0.442,138.000,,
fiep.mp4,6563,218.767,1222.348,684.146,1127.584,634.124,1317.113,734.167,0.337,137.000,,
fiep.mp4,6564,218.800,1222.340,684.135,1127.700,634.177,1316.980,734.093,0.291,137.000,,
fiep.mp4,6565,218.833,1222.398,684.206,1127.902,634.328,1316.894,734.084,0.298,137.000,,
fiep.mp4,6566,218.867,,,,,,,,,,
fiep.mp4,6567,218.900,,,,,,,,,,
fiep.mp4,6568,218.933,1222.362,684.324,1127.891,634.461,1316.834,734.186,0.300,137.000,,
fiep.mp4,6569,218.967,,,,,,,,,,
fiep.mp4,6570,219.000,,,,,,,,,,
fiep.mp4,6571,219.033,,,,,,,,,,
fiep.mp4,6572,219.067,,,,,,,,,,
fiep.mp4,6573,219.100,1222.538,684.151,1128.045,634.281,1317.030,734.021,0.269,137.000,,
fiep.mp4,6574,219.133,,,,,,,,,,
fiep.mp4,6575,219.167,,,,,,,,,,
fiep.mp4,6576,219.200,1327.812,893.499,1255.410,761.414,1400.214,1025.585,0.467,138.000,,
fiep.mp4,6577,219.233,1327.698,892.296,1254.871,759.154,1400.524,1025.438,0.272,138.000,,
fiep.mp4,6578,219.267,1328.074,891.455,1255.311,758.089,1400.836,1024.820,0.388,138.000,,
fiep.mp4,6579,219.300,,,,,,,,,,
fiep.mp4,6580,219.333,,,,,,,,,,
fiep.mp4,6581,219.367,,,,,,,,,,
fiep.mp4,6582,219.400,1222.740,683.647,1128.798,634.063,1316.682,733.231,0.274,137.000,,
fiep.mp4,6583,219.433,1331.676,892.538,1259.920,759.761,1403.433,1025.315,0.588,138.000,,
fiep.mp4,6584,219.467,1331.197,891.843,1260.034,759.561,1402.361,1024.124,0.688,138.000,,
fiep.mp4,6585,219.500,1331.576,892.524,1260.822,760.431,1402.330,1024.617,0.724,138.000,,
fiep.mp4,6586,219.533,1331.934,894.228,1261.951,763.257,1401.917,1025.199,0.607,138.000,,
fiep.mp4,6587,219.567,1331.930,897.389,1262.169,766.517,1401.692,1028.262,0.499,138.000,,
fiep.mp4,6588,219.600,,,,,,,,,,
fiep.mp4,6589,219.633,,,,,,,,,,
fiep.mp4,6590,219.667,,,,,,,,,,
fiep.mp4,6591,219.700,,,,,,,,,,
fiep.mp4,6592,219.733,,,,,,,,,,
fiep.mp4,6593,219.767,,,,,,,,,,
fiep.mp4,6594,219.800,,,,,,,,,,
fiep.mp4,6595,219.833,,,,,,,,,,
fiep.mp4,6596,219.867,,,,,,,,,,
fiep.mp4,6597,219.900,,,,,,,,,,
fiep.mp4,6598,219.933,,,,,,,,,,
fiep.mp4,6599,219.967,,,,,,,,,,
fiep.mp4,6600,220.000,,,,,,,,,,
fiep.mp4,6601,220.033,,,,,,,,,,
fiep.mp4,6602,220.067,,,,,,,,,,
fiep.mp4,6603,220.100,,,,,,,,,,
fiep.mp4,6604,220.133,,,,,,,,,,
fiep.mp4,6605,220.167,1332.243,908.482,1262.037,775.861,1402.449,1041.103,0.434,138.000,,
fiep.mp4,6606,220.200,,,,,,,,,,
fiep.mp4,6607,220.233,,,,,,,,,,
fiep.mp4,6608,220.267,,,,,,,,,,
fiep.mp4,6609,220.300,,,,,,,,,,
fiep.mp4,6610,220.333,,,,,,,,,,
fiep.mp4,6611,220.367,1330.254,905.822,1259.729,771.061,1400.778,1040.584,0.443,138.000,,
fiep.mp4,6612,220.400,1329.895,905.911,1259.903,771.302,1399.887,1040.521,0.425,138.000,,
fiep.mp4,6613,220.433,1329.804,907.531,1260.795,774.635,1398.812,1040.427,0.665,138.000,,
fiep.mp4,6614,220.467,1329.811,909.480,1261.611,778.447,1398.011,1040.514,0.719,138.000,,
fiep.mp4,6615,220.500,1330.397,912.112,1263.128,783.710,1397.665,1040.513,0.715,138.000,,
fiep.mp4,6616,220.533,1331.455,915.666,1265.339,791.002,1397.570,1040.330,0.654,138.000,,
fiep.mp4,6617,220.567,,,,,,,,,,
fiep.mp4,6618,220.600,,,,,,,,,,
fiep.mp4,6619,220.633,,,,,,,,,,
fiep.mp4,6620,220.667,,,,,,,,,,
fiep.mp4,6621,220.700,,,,,,,,,,
fiep.mp4,6622,220.733,,,,,,,,,,
fiep.mp4,6623,220.767,,,,,,,,,,
fiep.mp4,6624,220.800,,,,,,,,,,
fiep.mp4,6625,220.833,1222.497,683.680,1128.267,633.744,1316.727,733.615,0.318,137.000,,
fiep.mp4,6626,220.867,1222.486,683.558,1128.512,633.787,1316.460,733.328,0.297,137.000,,
fiep.mp4,6627,220.900,,,,,,,,,,
fiep.mp4,6628,220.933,,,,,,,,,,
fiep.mp4,6629,220.967,,,,,,,,,,
fiep.mp4,6630,221.000,,,,,,,,,,
fiep.mp4,6631,221.033,,,,,,,,,,
fiep.mp4,6632,221.067,,,,,,,,,,
fiep.mp4,6633,221.100,,,,,,,,,,
fiep.mp4,6634,221.133,,,,,,,,,,
fiep.mp4,6635,221.167,,,,,,,,,,
fiep.mp4,6636,221.200,,,,,,,,,,
fiep.mp4,6637,221.233,,,,,,,,,,
fiep.mp4,6638,221.267,,,,,,,,,,
fiep.mp4,6639,221.300,,,,,,,,,,
fiep.mp4,6640,221.333,,,,,,,,,,
fiep.mp4,6641,221.367,,,,,,,,,,
fiep.mp4,6642,221.400,,,,,,,,,,
fiep.mp4,6643,221.433,,,,,,,,,,
fiep.mp4,6644,221.467,,,,,,,,,,
fiep.mp4,6645,221.500,,,,,,,,,,
fiep.mp4,6646,221.533,,,,,,,,,,
fiep.mp4,6647,221.567,,,,,,,,,,
fiep.mp4,6648,221.600,,,,,,,,,,
fiep.mp4,6649,221.633,,,,,,,,,,
fiep.mp4,6650,221.667,,,,,,,,,,
fiep.mp4,6651,221.700,,,,,,,,,,
fiep.mp4,6652,221.733,,,,,,,,,,
fiep.mp4,6653,221.767,,,,,,,,,,
fiep.mp4,6654,221.800,,,,,,,,,,
fiep.mp4,6655,221.833,,,,,,,,,,
fiep.mp4,6656,221.867,,,,,,,,,,
fiep.mp4,6657,221.900,,,,,,,,,,
fiep.mp4,6658,221.933,,,,,,,,,,
fiep.mp4,6659,221.967,,,,,,,,,,
fiep.mp4,6660,222.000,,,,,,,,,,
fiep.mp4,6661,222.033,,,,,,,,,,
fiep.mp4,6662,222.067,1222.051,683.988,1128.313,634.900,1315.789,733.076,0.251,,,
fiep.mp4,6663,222.100,,,,,,,,,,
fiep.mp4,6664,222.133,,,,,,,,,,
fiep.mp4,6665,222.167,,,,,,,,,,
fiep.mp4,6666,222.200,,,,,,,,,,
fiep.mp4,6667,222.233,,,,,,,,,,
fiep.mp4,6668,222.267,,,,,,,,,,
fiep.mp4,6669,222.300,,,,,,,,,,
fiep.mp4,6670,222.333,,,,,,,,,,
fiep.mp4,6671,222.367,1222.756,683.637,1128.067,633.665,1317.445,733.608,0.253,,,
fiep.mp4,6672,222.400,,,,,,,,,,
fiep.mp4,6673,222.433,,,,,,,,,,
fiep.mp4,6674,222.467,,,,,,,,,,
fiep.mp4,6675,222.500,,,,,,,,,,
fiep.mp4,6676,222.533,,,,,,,,,,
fiep.mp4,6677,222.567,,,,,,,,,,
fiep.mp4,6678,222.600,,,,,,,,,,
fiep.mp4,6679,222.633,,,,,,,,,,
fiep.mp4,6680,222.667,,,,,,,,,,
fiep.mp4,6681,222.700,,,,,,,,,,
fiep.mp4,6682,222.733,,,,,,,,,,
fiep.mp4,6683,222.767,,,,,,,,,,
fiep.mp4,6684,222.800,,,,,,,,,,
fiep.mp4,6685,222.833,,,,,,,,,,
fiep.mp4,6686,222.867,,,,,,,,,,
fiep.mp4,6687,222.900,,,,,,,,,,
fiep.mp4,6688,222.933,,,,,,,,,,
fiep.mp4,6689,222.967,,,,,,,,,,
fiep.mp4,6690,223.000,,,,,,,,,,
fiep.mp4,6691,223.033,,,,,,,,,,
fiep.mp4,6692,223.067,,,,,,,,,,
fiep.mp4,6693,223.100,,,,,,,,,,
fiep.mp4,6694,223.133,,,,,,,,,,
fiep.mp4,6695,223.167,,,,,,,,,,
fiep.mp4,6696,223.200,,,,,,,,,,
fiep.mp4,6697,223.233,,,,,,,,,,
fiep.mp4,6698,223.267,,,,,,,,,,
fiep.mp4,6699,223.300,,,,,,,,,,
fiep.mp4,6700,223.333,,,,,,,,,,
fiep.mp4,6701,223.367,,,,,,,,,,
fiep.mp4,6702,223.400,,,,,,,,,,
fiep.mp4,6703,223.433,,,,,,,,,,
fiep.mp4,6704,223.467,,,,,,,,,,
fiep.mp4,6705,223.500,,,,,,,,,,
fiep.mp4,6706,223.533,,,,,,,,,,
fiep.mp4,6707,223.567,1331.693,901.873,1260.850,766.679,1402.535,1037.068,0.260,,,
fiep.mp4,6708,223.600,,,,,,,,,,
fiep.mp4,6709,223.633,,,,,,,,,,
fiep.mp4,6710,223.667,,,,,,,,,,
fiep.mp4,6711,223.700,,,,,,,,,,
fiep.mp4,6712,223.733,,,,,,,,,,
fiep.mp4,6713,223.767,,,,,,,,,,
fiep.mp4,6714,223.800,,,,,,,,,,
fiep.mp4,6715,223.833,,,,,,,,,,
fiep.mp4,6716,223.867,,,,,,,,,,
fiep.mp4,6717,223.900,,,,,,,,,,
fiep.mp4,6718,223.933,,,,,,,,,,
fiep.mp4,6719,223.967,,,,,,,,,,
fiep.mp4,6720,224.000,,,,,,,,,,
fiep.mp4,6721,224.033,1330.462,920.446,1262.099,766.066,1398.825,1074.827,0.410,,,
fiep.mp4,6722,224.067,1330.641,918.709,1263.823,767.858,1397.459,1069.561,0.449,144.000,,
fiep.mp4,6723,224.100,1330.545,915.908,1265.395,768.974,1395.694,1062.841,0.580,144.000,,
fiep.mp4,6724,224.133,1330.166,915.590,1265.261,769.371,1395.071,1061.810,0.555,144.000,,
fiep.mp4,6725,224.167,1329.972,916.801,1264.649,769.737,1395.295,1063.866,0.583,144.000,,
fiep.mp4,6726,224.200,1330.227,918.426,1264.442,770.387,1396.011,1066.465,0.641,144.000,,
fiep.mp4,6727,224.233,1330.525,920.439,1264.217,771.284,1396.833,1069.595,0.621,144.000,,
fiep.mp4,6728,224.267,1330.681,922.853,1263.995,772.877,1397.368,1072.830,0.621,144.000,,
fiep.mp4,6729,224.300,1330.985,922.600,1265.135,774.661,1396.836,1070.539,0.647,144.000,,
fiep.mp4,6730,224.333,1331.221,924.826,1265.163,776.427,1397.279,1073.226,0.642,144.000,,
fiep.mp4,6731,224.367,1331.388,926.859,1265.012,777.546,1397.764,1076.172,0.598,144.000,,
fiep.mp4,6732,224.400,1331.711,928.162,1265.264,778.434,1398.157,1077.889,0.569,144.000,,
fiep.mp4,6733,224.433,1332.528,928.703,1265.934,778.343,1399.122,1079.063,0.562,144.000,,
fiep.mp4,6734,224.467,1333.087,929.094,1266.400,778.231,1399.773,1079.958,0.443,144.000,,
fiep.mp4,6735,224.500,1333.810,928.721,1267.104,777.526,1400.516,1079.915,0.512,144.000,,
fiep.mp4,6736,224.533,1334.484,927.987,1267.696,776.423,1401.271,1079.552,0.577,144.000,,
fiep.mp4,6737,224.567,1334.431,927.082,1267.885,776.107,1400.977,1078.057,0.600,144.000,,
fiep.mp4,6738,224.600,1334.584,926.670,1268.106,775.898,1401.062,1077.441,0.635,144.000,,
fiep.mp4,6739,224.633,1334.552,926.524,1268.352,776.462,1400.751,1076.587,0.660,144.000,,
fiep.mp4,6740,224.667,1334.492,927.013,1268.553,777.599,1400.432,1076.426,0.641,144.000,,
fiep.mp4,6741,224.700,1334.077,926.257,1268.687,778.070,1399.467,1074.443,0.604,144.000,,
fiep.mp4,6742,224.733,1333.014,924.850,1268.074,777.840,1397.955,1071.860,0.377,144.000,,
fiep.mp4,6743,224.767,1332.313,923.891,1267.328,776.897,1397.299,1070.885,0.601,144.000,,
fiep.mp4,6744,224.800,1328.670,922.926,1262.808,775.221,1394.532,1070.631,0.438,144.000,,
fiep.mp4,6745,224.833,1222.056,684.154,1127.862,634.468,1316.250,733.840,0.334,147.000,,
fiep.mp4,6746,224.867,,,,,,,,,,
fiep.mp4,6747,224.900,,,,,,,,,,
fiep.mp4,6748,224.933,,,,,,,,,,
fiep.mp4,6749,224.967,1319.691,919.391,1252.800,773.610,1386.581,1065.172,0.456,144.000,,
fiep.mp4,6750,225.000,1321.287,919.401,1253.413,774.584,1389.160,1064.218,0.679,144.000,,
fiep.mp4,6751,225.033,1324.124,918.953,1255.918,775.928,1392.329,1061.979,0.727,144.000,,
fiep.mp4,6752,225.067,1327.574,916.302,1260.672,778.121,1394.476,1054.483,0.679,144.000,,
fiep.mp4,6753,225.100,1330.376,912.477,1265.591,780.799,1395.161,1044.156,0.626,144.000,,
fiep.mp4,6754,225.133,1332.213,913.567,1269.645,788.749,1394.781,1038.385,0.404,144.000,,
fiep.mp4,6755,225.167,,,,,,,,,,
fiep.mp4,6756,225.200,,,,,,,,,,
fiep.mp4,6757,225.233,,,,,,,,,,
fiep.mp4,6758,225.267,,,,,,,,,,
fiep.mp4,6759,225.300,,,,,,,,,,
fiep.mp4,6760,225.333,,,,,,,,,,
fiep.mp4,6761,225.367,,,,,,,,,,
fiep.mp4,6762,225.400,,,,,,,,,,
fiep.mp4,6763,225.433,,,,,,,,,,
fiep.mp4,6764,225.467,,,,,,,,,,
fiep.mp4,6765,225.500,,,,,,,,,,
fiep.mp4,6766,225.533,,,,,,,,,,
fiep.mp4,6767,225.567,,,,,,,,,,
fiep.mp4,6768,225.600,,,,,,,,,,
fiep.mp4,6769,225.633,,,,,,,,,,
fiep.mp4,6770,225.667,,,,,,,,,,
fiep.mp4,6771,225.700,1337.602,915.209,1273.675,795.141,1401.530,1035.277,0.624,144.000,,
fiep.mp4,6772,225.733,,,,,,,,,,
fiep.mp4,6773,225.767,,,,,,,,,,
fiep.mp4,6774,225.800,,,,,,,,,,
fiep.mp4,6775,225.833,1222.500,684.329,1127.659,634.345,1317.340,734.312,0.251,147.000,,
fiep.mp4,6776,225.867,,,,,,,,,,
fiep.mp4,6777,225.900,,,,,,,,,,
fiep.mp4,6778,225.933,,,,,,,,,,
fiep.mp4,6779,225.967,,,,,,,,,,
fiep.mp4,6780,226.000,,,,,,,,,,
fiep.mp4,6781,226.033,,,,,,,,,,
fiep.mp4,6782,226.067,1361.301,918.954,1268.337,765.653,1454.266,1072.255,0.267,,,
fiep.mp4,6783,226.100,1365.168,917.812,1269.724,763.558,1460.612,1072.065,0.266,,,
fiep.mp4,6784,226.133,,,,,,,,,,
fiep.mp4,6785,226.167,,,,,,,,,,
fiep.mp4,6786,226.200,,,,,,,,,,
fiep.mp4,6787,226.233,,,,,,,,,,
fiep.mp4,6788,226.267,,,,,,,,,,
fiep.mp4,6789,226.300,,,,,,,,,,
fiep.mp4,6790,226.333,,,,,,,,,,
fiep.mp4,6791,226.367,,,,,,,,,,
fiep.mp4,6792,226.400,,,,,,,,,,
fiep.mp4,6793,226.433,,,,,,,,,,
fiep.mp4,6794,226.467,,,,,,,,,,
fiep.mp4,6795,226.500,,,,,,,,,,
fiep.mp4,6796,226.533,,,,,,,,,,
fiep.mp4,6797,226.567,1362.457,914.730,1273.496,757.562,1451.418,1071.898,0.343,,,
fiep.mp4,6798,226.600,1362.576,914.736,1273.743,757.795,1451.410,1071.677,0.319,151.000,,
fiep.mp4,6799,226.633,1362.817,914.722,1274.007,757.819,1451.627,1071.626,0.342,151.000,,
fiep.mp4,6800,226.667,1363.232,914.736,1274.357,757.727,1452.107,1071.745,0.340,151.000,,
fiep.mp4,6801,226.700,1363.576,914.724,1274.601,757.563,1452.550,1071.884,0.381,151.000,,
fiep.mp4,6802,226.733,1363.817,914.659,1274.820,757.483,1452.814,1071.836,0.375,151.000,,
fiep.mp4,6803,226.767,1363.782,914.700,1274.411,756.863,1453.153,1072.538,0.449,151.000,,
fiep.mp4,6804,226.800,1362.601,914.685,1273.134,756.591,1452.068,1072.778,0.439,151.000,,
fiep.mp4,6805,226.833,1361.228,915.266,1271.670,756.670,1450.785,1073.861,0.574,151.000,,
fiep.mp4,6806,226.867,1359.906,915.844,1270.206,756.523,1449.607,1075.166,0.439,151.000,,
fiep.mp4,6807,226.900,1358.761,915.834,1269.185,755.966,1448.337,1075.703,0.472,151.000,,
fiep.mp4,6808,226.933,1357.335,915.970,1268.527,756.802,1446.143,1075.137,0.457,151.000,,
fiep.mp4,6809,226.967,1356.236,916.533,1267.548,756.586,1444.924,1076.480,0.461,151.000,,
fiep.mp4,6810,227.000,1354.147,917.253,1266.276,757.627,1442.018,1076.880,0.467,151.000,,
fiep.mp4,6811,227.033,1352.238,917.737,1265.358,758.695,1439.117,1076.779,0.527,151.000,,
fiep.mp4,6812,227.067,1349.843,917.781,1263.700,758.685,1435.985,1076.877,0.501,151.000,,
fiep.mp4,6813,227.100,1348.386,917.413,1263.120,758.497,1433.651,1076.329,0.433,151.000,,
fiep.mp4,6814,227.133,1347.040,917.731,1262.470,758.664,1431.609,1076.798,0.548,151.000,,
fiep.mp4,6815,227.167,1346.078,918.137,1262.179,759.034,1429.976,1077.240,0.519,151.000,,
fiep.mp4,6816,227.200,1345.681,918.311,1262.729,759.862,1428.633,1076.759,0.512,151.000,,
fiep.mp4,6817,227.233,1344.653,918.728,1263.049,761.986,1426.258,1075.470,0.484,151.000,,
fiep.mp4,6818,227.267,1344.934,920.199,1263.818,763.609,1426.049,1076.789,0.546,151.000,,
fiep.mp4,6819,227.300,1344.710,919.697,1264.192,763.180,1425.227,1076.215,0.436,151.000,,
fiep.mp4,6820,227.333,1344.045,919.966,1264.144,763.400,1423.945,1076.532,0.432,151.000,,
fiep.mp4,6821,227.367,,,,,,,,,,
fiep.mp4,6822,227.400,1015.028,1001.636,838.100,924.879,1191.955,1078.393,0.313,,,
fiep.mp4,6823,227.433,1340.305,920.086,1260.826,763.466,1419.784,1076.706,0.519,151.000,,
fiep.mp4,6824,227.467,,,,,,,,,,
fiep.mp4,6825,227.500,1338.446,921.257,1260.135,765.809,1416.756,1076.704,0.648,151.000,,
fiep.mp4,6826,227.533,1336.853,922.140,1258.960,766.489,1414.745,1077.791,0.749,151.000,,
fiep.mp4,6827,227.567,1336.372,921.532,1259.337,766.474,1413.407,1076.589,0.735,151.000,,
fiep.mp4,6828,227.600,1335.539,922.946,1259.457,768.711,1411.620,1077.180,0.685,151.000,,
fiep.mp4,6829,227.633,1334.602,924.241,1259.442,770.766,1409.763,1077.715,0.658,151.000,,
fiep.mp4,6830,227.667,1333.000,925.266,1258.562,772.212,1407.439,1078.319,0.675,151.000,,
fiep.mp4,6831,227.700,1332.211,926.159,1258.526,773.758,1405.896,1078.560,0.605,151.000,,
fiep.mp4,6832,227.733,1331.901,927.679,1259.327,776.968,1404.474,1078.389,0.502,151.000,,
fiep.mp4,6833,227.767,1331.076,928.033,1258.928,777.597,1403.223,1078.469,0.578,151.000,,
fiep.mp4,6834,227.800,1330.476,928.460,1259.016,779.027,1401.936,1077.894,0.630,151.000,,
fiep.mp4,6835,227.833,1328.856,928.740,1257.682,779.769,1400.030,1077.711,0.480,151.000,,
fiep.mp4,6836,227.867,,,,,,,,,,
fiep.mp4,6837,227.900,,,,,,,,,,
fiep.mp4,6838,227.933,,,,,,,,,,
fiep.mp4,6839,227.967,,,,,,,,,,
fiep.mp4,6840,228.000,,,,,,,,,,
fiep.mp4,6841,228.033,,,,,,,,,,
fiep.mp4,6842,228.067,,,,,,,,,,
fiep.mp4,6843,228.100,,,,,,,,,,
fiep.mp4,6844,228.133,,,,,,,,,,
fiep.mp4,6845,228.167,,,,,,,,,,
fiep.mp4,6846,228.200,,,,,,,,,,
fiep.mp4,6847,228.233,,,,,,,,,,
fiep.mp4,6848,228.267,,,,,,,,,,
fiep.mp4,6849,228.300,,,,,,,,,,
fiep.mp4,6850,228.333,,,,,,,,,,
fiep.mp4,6851,228.367,,,,,,,,,,
fiep.mp4,6852,228.400,,,,,,,,,,
fiep.mp4,6853,228.433,,,,,,,,,,
fiep.mp4,6854,228.467,,,,,,,,,,
fiep.mp4,6855,228.500,1327.803,903.778,1265.055,774.963,1390.552,1032.593,0.337,151.000,,
fiep.mp4,6856,228.533,,,,,,,,,,
fiep.mp4,6857,228.567,1327.878,900.731,1264.209,771.677,1391.547,1029.784,0.402,151.000,,
fiep.mp4,6858,228.600,,,,,,,,,,
fiep.mp4,6859,228.633,,,,,,,,,,
fiep.mp4,6860,228.667,,,,,,,,,,
fiep.mp4,6861,228.700,,,,,,,,,,
fiep.mp4,6862,228.733,,,,,,,,,,
fiep.mp4,6863,228.767,,,,,,,,,,
fiep.mp4,6864,228.800,,,,,,,,,,
fiep.mp4,6865,228.833,,,,,,,,,,
fiep.mp4,6866,228.867,,,,,,,,,,
fiep.mp4,6867,228.900,,,,,,,,,,
fiep.mp4,6868,228.933,,,,,,,,,,
fiep.mp4,6869,228.967,,,,,,,,,,
fiep.mp4,6870,229.000,,,,,,,,,,
fiep.mp4,6871,229.033,,,,,,,,,,
fiep.mp4,6872,229.067,,,,,,,,,,
fiep.mp4,6873,229.100,,,,,,,,,,
fiep.mp4,6874,229.133,,,,,,,,,,
fiep.mp4,6875,229.167,,,,,,,,,,
fiep.mp4,6876,229.200,,,,,,,,,,
fiep.mp4,6877,229.233,,,,,,,,,,
fiep.mp4,6878,229.267,,,,,,,,,,
fiep.mp4,6879,229.300,,,,,,,,,,
fiep.mp4,6880,229.333,,,,,,,,,,
fiep.mp4,6881,229.367,,,,,,,,,,
fiep.mp4,6882,229.400,,,,,,,,,,
fiep.mp4,6883,229.433,,,,,,,,,,
fiep.mp4,6884,229.467,,,,,,,,,,
fiep.mp4,6885,229.500,,,,,,,,,,
fiep.mp4,6886,229.533,,,,,,,,,,
fiep.mp4,6887,229.567,,,,,,,,,,
fiep.mp4,6888,229.600,,,,,,,,,,
fiep.mp4,6889,229.633,,,,,,,,,,
fiep.mp4,6890,229.667,,,,,,,,,,
fiep.mp4,6891,229.700,,,,,,,,,,
fiep.mp4,6892,229.733,,,,,,,,,,
fiep.mp4,6893,229.767,,,,,,,,,,
fiep.mp4,6894,229.800,,,,,,,,,,
fiep.mp4,6895,229.833,,,,,,,,,,
fiep.mp4,6896,229.867,,,,,,,,,,
fiep.mp4,6897,229.900,,,,,,,,,,
fiep.mp4,6898,229.933,,,,,,,,,,
fiep.mp4,6899,229.967,,,,,,,,,,
fiep.mp4,6900,230.000,,,,,,,,,,
fiep.mp4,6901,230.033,,,,,,,,,,
fiep.mp4,6902,230.067,,,,,,,,,,
fiep.mp4,6903,230.100,,,,,,,,,,
fiep.mp4,6904,230.133,,,,,,,,,,
fiep.mp4,6905,230.167,,,,,,,,,,
fiep.mp4,6906,230.200,1322.504,899.165,1249.462,772.159,1395.547,1026.171,0.389,,,
fiep.mp4,6907,230.233,1322.248,898.219,1250.348,773.234,1394.148,1023.204,0.326,155.000,,
fiep.mp4,6908,230.267,,,,,,,,,,
fiep.mp4,6909,230.300,,,,,,,,,,
fiep.mp4,6910,230.333,,,,,,,,,,
fiep.mp4,6911,230.367,1325.125,893.346,1256.063,773.387,1394.186,1013.304,0.293,155.000,,
fiep.mp4,6912,230.400,1325.306,892.356,1256.770,773.470,1393.842,1011.242,0.302,155.000,,
fiep.mp4,6913,230.433,1325.572,891.880,1257.365,773.721,1393.780,1010.039,0.326,155.000,,
fiep.mp4,6914,230.467,1326.040,891.324,1258.096,773.720,1393.985,1008.928,0.335,155.000,,
fiep.mp4,6915,230.500,1326.079,890.498,1257.883,772.524,1394.274,1008.472,0.350,155.000,,
fiep.mp4,6916,230.533,1326.531,889.415,1258.037,770.809,1395.026,1008.021,0.339,155.000,,
fiep.mp4,6917,230.567,1326.859,889.507,1258.565,771.221,1395.153,1007.793,0.289,155.000,,
fiep.mp4,6918,230.600,1327.479,889.460,1259.331,771.396,1395.626,1007.523,0.287,155.000,,
fiep.mp4,6919,230.633,1327.505,889.195,1259.142,770.717,1395.867,1007.672,0.446,155.000,,
fiep.mp4,6920,230.667,1327.504,888.509,1259.058,769.801,1395.951,1007.218,0.406,155.000,,
fiep.mp4,6921,230.700,,,,,,,,,,
fiep.mp4,6922,230.733,1328.125,889.391,1260.009,771.132,1396.242,1007.650,0.257,155.000,,
fiep.mp4,6923,230.767,1327.601,890.163,1259.723,772.239,1395.478,1008.086,0.421,155.000,,
fiep.mp4,6924,230.800,1327.543,893.533,1260.374,776.809,1394.712,1010.257,0.382,155.000,,
fiep.mp4,6925,230.833,1327.752,897.541,1260.315,780.475,1395.189,1014.608,0.636,155.000,,
fiep.mp4,6926,230.867,1222.547,683.779,1129.452,634.434,1315.642,733.123,0.389,156.000,,
fiep.mp4,6927,230.900,1222.580,683.618,1129.588,634.334,1315.572,732.902,0.327,156.000,,
fiep.mp4,6928,230.933,,,,,,,,,,
fiep.mp4,6929,230.967,,,,,,,,,,
fiep.mp4,6930,231.000,,,,,,,,,,
fiep.mp4,6931,231.033,,,,,,,,,,
fiep.mp4,6932,231.067,,,,,,,,,,
fiep.mp4,6933,231.100,,,,,,,,,,
fiep.mp4,6934,231.133,,,,,,,,,,
fiep.mp4,6935,231.167,,,,,,,,,,
fiep.mp4,6936,231.200,,,,,,,,,,
fiep.mp4,6937,231.233,,,,,,,,,,
fiep.mp4,6938,231.267,,,,,,,,,,
fiep.mp4,6939,231.300,,,,,,,,,,
fiep.mp4,6940,231.333,,,,,,,,,,
fiep.mp4,6941,231.367,,,,,,,,,,
fiep.mp4,6942,231.400,,,,,,,,,,
fiep.mp4,6943,231.433,,,,,,,,,,
fiep.mp4,6944,231.467,,,,,,,,,,
fiep.mp4,6945,231.500,,,,,,,,,,
fiep.mp4,6946,231.533,,,,,,,,,,
fiep.mp4,6947,231.567,,,,,,,,,,
fiep.mp4,6948,231.600,,,,,,,,,,
fiep.mp4,6949,231.633,,,,,,,,,,
fiep.mp4,6950,231.667,,,,,,,,,,
fiep.mp4,6951,231.700,,,,,,,,,,
fiep.mp4,6952,231.733,,,,,,,,,,
fiep.mp4,6953,231.767,,,,,,,,,,
fiep.mp4,6954,231.800,1222.532,683.220,1129.065,633.771,1315.998,732.670,0.305,156.000,,
fiep.mp4,6955,231.833,,,,,,,,,,
fiep.mp4,6956,231.867,,,,,,,,,,
fiep.mp4,6957,231.900,,,,,,,,,,
fiep.mp4,6958,231.933,,,,,,,,,,
fiep.mp4,6959,231.967,,,,,,,,,,
fiep.mp4,6960,232.000,,,,,,,,,,
fiep.mp4,6961,232.033,,,,,,,,,,
fiep.mp4,6962,232.067,,,,,,,,,,
fiep.mp4,6963,232.100,,,,,,,,,,
fiep.mp4,6964,232.133,,,,,,,,,,
fiep.mp4,6965,232.167,,,,,,,,,,
fiep.mp4,6966,232.200,,,,,,,,,,
fiep.mp4,6967,232.233,,,,,,,,,,
fiep.mp4,6968,232.267,1222.347,683.054,1128.411,633.333,1316.283,732.774,0.309,156.000,,
fiep.mp4,6969,232.300,1327.652,915.014,1261.883,773.910,1393.422,1056.117,0.523,158.000,,
fiep.mp4,6970,232.333,1327.775,911.497,1264.037,774.909,1391.512,1048.085,0.630,158.000,,
fiep.mp4,6971,232.367,1328.107,908.023,1266.488,776.318,1389.725,1039.728,0.580,158.000,,
fiep.mp4,6972,232.400,1328.130,905.043,1267.882,776.822,1388.379,1033.264,0.593,158.000,,
fiep.mp4,6973,232.433,1327.899,902.980,1268.366,777.064,1387.432,1028.895,0.563,158.000,,
fiep.mp4,6974,232.467,1327.987,900.955,1268.986,777.124,1386.988,1024.786,0.569,158.000,,
fiep.mp4,6975,232.500,1327.944,900.158,1268.924,777.339,1386.964,1022.976,0.608,158.000,,
fiep.mp4,6976,232.533,1327.701,900.380,1268.174,777.590,1387.229,1023.171,0.605,158.000,,
fiep.mp4,6977,232.567,1327.585,901.376,1267.516,778.549,1387.655,1024.204,0.577,158.000,,
fiep.mp4,6978,232.600,1327.625,902.147,1267.108,779.437,1388.142,1024.857,0.562,158.000,,
fiep.mp4,6979,232.633,1327.600,902.503,1266.987,780.692,1388.213,1024.315,0.573,158.000,,
fiep.mp4,6980,232.667,1327.435,902.120,1266.952,781.745,1387.918,1022.496,0.492,158.000,,
fiep.mp4,6981,232.700,1327.222,901.444,1266.878,782.548,1387.567,1020.340,0.488,158.000,,
fiep.mp4,6982,232.733,1326.942,901.039,1266.369,782.855,1387.516,1019.223,0.536,158.000,,
fiep.mp4,6983,232.767,1326.749,900.813,1265.891,783.237,1387.608,1018.388,0.500,158.000,,
fiep.mp4,6984,232.800,1222.487,682.481,1128.625,632.812,1316.349,732.150,0.306,156.000,,
fiep.mp4,6985,232.833,,,,,,,,,,
fiep.mp4,6986,232.867,1222.616,682.577,1128.699,632.891,1316.533,732.262,0.360,156.000,,
fiep.mp4,6987,232.900,1326.901,903.826,1264.460,784.411,1389.342,1023.241,0.390,158.000,,
fiep.mp4,6988,232.933,,,,,,,,,,
fiep.mp4,6989,232.967,1327.320,902.407,1264.391,783.263,1390.249,1021.551,0.508,158.000,,
fiep.mp4,6990,233.000,1327.355,902.365,1264.278,784.221,1390.432,1020.510,0.296,158.000,,
fiep.mp4,6991,233.033,1327.300,900.690,1263.395,781.845,1391.205,1019.534,0.430,158.000,,
fiep.mp4,6992,233.067,,,,,,,,,,
fiep.mp4,6993,233.100,1327.704,899.617,1262.807,779.410,1392.600,1019.825,0.373,158.000,,
fiep.mp4,6994,233.133,,,,,,,,,,
fiep.mp4,6995,233.167,1325.198,901.196,1257.730,776.919,1392.666,1025.473,0.407,158.000,,
fiep.mp4,6996,233.200,,,,,,,,,,
fiep.mp4,6997,233.233,1336.860,901.164,1263.370,767.262,1410.350,1035.067,0.310,158.000,,
fiep.mp4,6998,233.267,1346.366,904.432,1267.422,762.991,1425.309,1045.873,0.346,158.000,,
fiep.mp4,6999,233.300,,,,,,,,,,
fiep.mp4,7000,233.333,,,,,,,,,,
fiep.mp4,7001,233.367,,,,,,,,,,
fiep.mp4,7002,233.400,,,,,,,,,,
fiep.mp4,7003,233.433,,,,,,,,,,
fiep.mp4,7004,233.467,,,,,,,,,,
fiep.mp4,7005,233.500,,,,,,,,,,
fiep.mp4,7006,233.533,,,,,,,,,,
fiep.mp4,7007,233.567,,,,,,,,,,
fiep.mp4,7008,233.600,,,,,,,,,,
fiep.mp4,7009,233.633,,,,,,,,,,
fiep.mp4,7010,233.667,,,,,,,,,,
fiep.mp4,7011,233.700,,,,,,,,,,
fiep.mp4,7012,233.733,,,,,,,,,,
fiep.mp4,7013,233.767,,,,,,,,,,
fiep.mp4,7014,233.800,,,,,,,,,,
fiep.mp4,7015,233.833,,,,,,,,,,
fiep.mp4,7016,233.867,,,,,,,,,,
fiep.mp4,7017,233.900,,,,,,,,,,
fiep.mp4,7018,233.933,,,,,,,,,,
fiep.mp4,7019,233.967,,,,,,,,,,
fiep.mp4,7020,234.000,,,,,,,,,,
fiep.mp4,7021,234.033,,,,,,,,,,
fiep.mp4,7022,234.067,,,,,,,,,,
fiep.mp4,7023,234.100,,,,,,,,,,
fiep.mp4,7024,234.133,,,,,,,,,,
fiep.mp4,7025,234.167,,,,,,,,,,
fiep.mp4,7026,234.200,,,,,,,,,,
fiep.mp4,7027,234.233,,,,,,,,,,
fiep.mp4,7028,234.267,,,,,,,,,,
fiep.mp4,7029,234.300,,,,,,,,,,
fiep.mp4,7030,234.333,,,,,,,,,,
fiep.mp4,7031,234.367,,,,,,,,,,
fiep.mp4,7032,234.400,1328.546,899.235,1259.311,761.625,1397.782,1036.845,0.485,,,
fiep.mp4,7033,234.433,1328.626,901.097,1260.385,765.479,1396.868,1036.715,0.502,161.000,,
fiep.mp4,7034,234.467,1329.103,900.388,1262.124,767.347,1396.081,1033.430,0.472,161.000,,
fiep.mp4,7035,234.500,1329.307,899.382,1263.670,769.153,1394.944,1029.611,0.402,161.000,,
fiep.mp4,7036,234.533,,,,,,,,,,
fiep.mp4,7037,234.567,,,,,,,,,,
fiep.mp4,7038,234.600,1329.414,894.190,1266.777,770.540,1392.050,1017.840,0.263,161.000,,
fiep.mp4,7039,234.633,,,,,,,,,,
fiep.mp4,7040,234.667,,,,,,,,,,
fiep.mp4,7041,234.700,,,,,,,,,,
fiep.mp4,7042,234.733,,,,,,,,,,
fiep.mp4,7043,234.767,,,,,,,,,,
fiep.mp4,7044,234.800,,,,,,,,,,
fiep.mp4,7045,234.833,,,,,,,,,,
fiep.mp4,7046,234.867,,,,,,,,,,
fiep.mp4,7047,234.900,,,,,,,,,,
fiep.mp4,7048,234.933,,,,,,,,,,
fiep.mp4,7049,234.967,,,,,,,,,,
fiep.mp4,7050,235.000,,,,,,,,,,
fiep.mp4,7051,235.033,,,,,,,,,,
fiep.mp4,7052,235.067,1328.315,892.352,1266.051,771.573,1390.579,1013.132,0.438,161.000,,
fiep.mp4,7053,235.100,,,,,,,,,,
fiep.mp4,7054,235.133,1328.275,892.227,1264.309,769.346,1392.241,1015.108,0.284,161.000,,
fiep.mp4,7055,235.167,,,,,,,,,,
fiep.mp4,7056,235.200,,,,,,,,,,
fiep.mp4,7057,235.233,1222.691,682.330,1128.107,632.279,1317.275,732.380,0.306,,,
fiep.mp4,7058,235.267,1222.744,682.263,1128.180,632.395,1317.309,732.132,0.294,,,
fiep.mp4,7059,235.300,,,,,,,,,,
fiep.mp4,7060,235.333,1222.068,682.189,1127.838,632.525,1316.297,731.854,0.282,,,
fiep.mp4,7061,235.367,1222.221,682.460,1127.937,632.722,1316.505,732.198,0.268,,,
fiep.mp4,7062,235.400,,,,,,,,,,
fiep.mp4,7063,235.433,,,,,,,,,,
fiep.mp4,7064,235.467,,,,,,,,,,
fiep.mp4,7065,235.500,1328.293,895.501,1264.821,776.262,1391.765,1014.741,0.657,161.000,,
fiep.mp4,7066,235.533,1330.473,898.783,1266.833,782.797,1394.114,1014.770,0.774,161.000,,
fiep.mp4,7067,235.567,1332.987,903.054,1269.511,791.704,1396.464,1014.404,0.727,161.000,,
fiep.mp4,7068,235.600,1336.009,909.200,1273.068,803.398,1398.949,1015.002,0.621,161.000,,
fiep.mp4,7069,235.633,1339.293,912.167,1275.405,809.143,1403.181,1015.191,0.640,161.000,,
fiep.mp4,7070,235.667,1343.007,914.137,1277.670,813.181,1408.344,1015.092,0.521,161.000,,
fiep.mp4,7071,235.700,1345.029,914.683,1277.822,814.590,1412.237,1014.775,0.477,161.000,,
fiep.mp4,7072,235.733,1345.478,915.035,1276.680,815.623,1414.276,1014.446,0.427,161.000,,
fiep.mp4,7073,235.767,1346.798,915.132,1276.328,816.146,1417.267,1014.117,0.379,161.000,,
fiep.mp4,7074,235.800,1347.669,915.151,1275.515,816.338,1419.822,1013.964,0.387,161.000,,
fiep.mp4,7075,235.833,1348.122,915.387,1274.288,816.516,1421.957,1014.258,0.427,161.000,,
fiep.mp4,7076,235.867,1346.714,914.705,1271.579,815.739,1421.849,1013.671,0.445,161.000,,
fiep.mp4,7077,235.900,1344.429,914.640,1268.404,815.595,1420.453,1013.684,0.413,161.000,,
fiep.mp4,7078,235.933,1342.181,914.895,1265.693,815.930,1418.669,1013.860,0.430,161.000,,
fiep.mp4,7079,235.967,1339.954,915.002,1263.478,816.495,1416.429,1013.510,0.408,161.000,,
fiep.mp4,7080,236.000,1337.999,914.835,1260.942,815.617,1415.057,1014.053,0.351,161.000,,
fiep.mp4,7081,236.033,1335.447,913.979,1258.079,814.050,1412.816,1013.908,0.360,161.000,,
fiep.mp4,7082,236.067,,,,,,,,,,
fiep.mp4,7083,236.100,1329.771,912.857,1251.911,811.017,1407.631,1014.696,0.255,161.000,,
fiep.mp4,7084,236.133,1327.965,912.067,1250.331,809.127,1405.600,1015.007,0.253,161.000,,
fiep.mp4,7085,236.167,,,,,,,,,,
fiep.mp4,7086,236.200,,,,,,,,,,
fiep.mp4,7087,236.233,,,,,,,,,,
fiep.mp4,7088,236.267,,,,,,,,,,
fiep.mp4,7089,236.300,,,,,,,,,,
fiep.mp4,7090,236.333,,,,,,,,,,
fiep.mp4,7091,236.367,,,,,,,,,,
fiep.mp4,7092,236.400,,,,,,,,,,
fiep.mp4,7093,236.433,,,,,,,,,,
fiep.mp4,7094,236.467,,,,,,,,,,
fiep.mp4,7095,236.500,,,,,,,,,,
fiep.mp4,7096,236.533,,,,,,,,,,
fiep.mp4,7097,236.567,,,,,,,,,,
fiep.mp4,7098,236.600,,,,,,,,,,
fiep.mp4,7099,236.633,,,,,,,,,,
fiep.mp4,7100,236.667,,,,,,,,,,
fiep.mp4,7101,236.700,,,,,,,,,,
fiep.mp4,7102,236.733,,,,,,,,,,
fiep.mp4,7103,236.767,,,,,,,,,,
fiep.mp4,7104,236.800,,,,,,,,,,
fiep.mp4,7105,236.833,,,,,,,,,,
fiep.mp4,7106,236.867,,,,,,,,,,
fiep.mp4,7107,236.900,,,,,,,,,,
fiep.mp4,7108,236.933,,,,,,,,,,
fiep.mp4,7109,236.967,,,,,,,,,,
fiep.mp4,7110,237.000,,,,,,,,,,
fiep.mp4,7111,237.033,,,,,,,,,,
fiep.mp4,7112,237.067,1326.763,917.173,1256.576,757.092,1396.951,1077.253,0.253,,,
fiep.mp4,7113,237.100,1326.499,917.637,1256.367,757.837,1396.631,1077.437,0.268,,,
fiep.mp4,7114,237.133,1325.816,918.188,1255.480,757.929,1396.152,1078.448,0.331,170.000,,
fiep.mp4,7115,237.167,,,,,,,,,,
fiep.mp4,7116,237.200,,,,,,,,,,
fiep.mp4,7117,237.233,1322.910,920.209,1253.111,761.374,1392.709,1079.045,0.290,170.000,,
fiep.mp4,7118,237.267,,,,,,,,,,
fiep.mp4,7119,237.300,,,,,,,,,,
fiep.mp4,7120,237.333,,,,,,,,,,
fiep.mp4,7121,237.367,,,,,,,,,,
fiep.mp4,7122,237.400,,,,,,,,,,
fiep.mp4,7123,237.433,,,,,,,,,,
fiep.mp4,7124,237.467,,,,,,,,,,
fiep.mp4,7125,237.500,1222.506,682.662,1128.430,632.388,1316.583,732.936,0.291,,,
fiep.mp4,7126,237.533,,,,,,,,,,
fiep.mp4,7127,237.567,,,,,,,,,,
fiep.mp4,7128,237.600,,,,,,,,,,
fiep.mp4,7129,237.633,,,,,,,,,,
fiep.mp4,7130,237.667,,,,,,,,,,
fiep.mp4,7131,237.700,,,,,,,,,,
fiep.mp4,7132,237.733,,,,,,,,,,
fiep.mp4,7133,237.767,1314.706,906.806,1248.476,761.791,1380.936,1051.822,0.305,170.000,,
fiep.mp4,7134,237.800,,,,,,,,,,
fiep.mp4,7135,237.833,,,,,,,,,,
fiep.mp4,7136,237.867,,,,,,,,,,
fiep.mp4,7137,237.900,,,,,,,,,,
fiep.mp4,7138,237.933,,,,,,,,,,
fiep.mp4,7139,237.967,,,,,,,,,,
fiep.mp4,7140,238.000,,,,,,,,,,
fiep.mp4,7141,238.033,,,,,,,,,,
fiep.mp4,7142,238.067,,,,,,,,,,
fiep.mp4,7143,238.100,,,,,,,,,,
fiep.mp4,7144,238.133,,,,,,,,,,
fiep.mp4,7145,238.167,,,,,,,,,,
fiep.mp4,7146,238.200,,,,,,,,,,
fiep.mp4,7147,238.233,,,,,,,,,,
fiep.mp4,7148,238.267,,,,,,,,,,
fiep.mp4,7149,238.300,,,,,,,,,,
fiep.mp4,7150,238.333,,,,,,,,,,
fiep.mp4,7151,238.367,1322.315,891.271,1262.021,769.324,1382.610,1013.218,0.312,170.000,,
fiep.mp4,7152,238.400,,,,,,,,,,
fiep.mp4,7153,238.433,,,,,,,,,,
fiep.mp4,7154,238.467,1323.774,890.482,1262.319,771.923,1385.229,1009.040,0.399,170.000,,
fiep.mp4,7155,238.500,1222.402,682.544,1128.470,632.617,1316.334,732.471,0.299,,,
fiep.mp4,7156,238.533,1222.323,682.570,1128.347,632.730,1316.299,732.409,0.293,,,
fiep.mp4,7157,238.567,1325.295,891.056,1262.969,774.446,1387.620,1007.667,0.400,170.000,,
fiep.mp4,7158,238.600,1325.996,891.681,1262.802,775.875,1389.190,1007.486,0.476,170.000,,
fiep.mp4,7159,238.633,1326.337,892.469,1262.734,777.790,1389.941,1007.148,0.633,170.000,,
fiep.mp4,7160,238.667,1326.485,894.301,1262.800,781.199,1390.171,1007.403,0.663,170.000,,
fiep.mp4,7161,238.700,1326.870,895.535,1263.310,784.111,1390.430,1006.959,0.704,170.000,,
fiep.mp4,7162,238.733,1327.158,897.044,1263.756,787.248,1390.560,1006.839,0.686,170.000,,
fiep.mp4,7163,238.767,1327.286,898.866,1264.091,790.760,1390.482,1006.972,0.708,170.000,,
fiep.mp4,7164,238.800,1327.330,900.166,1264.179,793.424,1390.480,1006.908,0.681,170.000,,
fiep.mp4,7165,238.833,1327.593,900.959,1264.238,794.997,1390.948,1006.920,0.621,170.000,,
fiep.mp4,7166,238.867,1327.619,903.257,1264.699,799.255,1390.538,1007.260,0.563,170.000,,
fiep.mp4,7167,238.900,,,,,,,,,,
fiep.mp4,7168,238.933,,,,,,,,,,
fiep.mp4,7169,238.967,,,,,,,,,,
fiep.mp4,7170,239.000,1332.653,931.084,1251.559,794.483,1413.747,1067.684,0.559,170.000,,
fiep.mp4,7171,239.033,1346.089,913.754,1270.162,792.198,1422.017,1035.311,0.674,170.000,,
fiep.mp4,7172,239.067,1222.572,682.549,1128.803,632.723,1316.341,732.376,0.291,175.000,,
fiep.mp4,7173,239.100,,,,,,,,,,
fiep.mp4,7174,239.133,,,,,,,,,,
fiep.mp4,7175,239.167,,,,,,,,,,
fiep.mp4,7176,239.200,,,,,,,,,,
fiep.mp4,7177,239.233,,,,,,,,,,
fiep.mp4,7178,239.267,,,,,,,,,,
fiep.mp4,7179,239.300,,,,,,,,,,
fiep.mp4,7180,239.333,,,,,,,,,,
fiep.mp4,7181,239.367,,,,,,,,,,
fiep.mp4,7182,239.400,,,,,,,,,,
fiep.mp4,7183,239.433,,,,,,,,,,
fiep.mp4,7184,239.467,,,,,,,,,,
fiep.mp4,7185,239.500,,,,,,,,,,
fiep.mp4,7186,239.533,,,,,,,,,,
fiep.mp4,7187,239.567,,,,,,,,,,
fiep.mp4,7188,239.600,,,,,,,,,,
fiep.mp4,7189,239.633,,,,,,,,,,
fiep.mp4,7190,239.667,,,,,,,,,,
fiep.mp4,7191,239.700,,,,,,,,,,
fiep.mp4,7192,239.733,,,,,,,,,,
fiep.mp4,7193,239.767,,,,,,,,,,
fiep.mp4,7194,239.800,,,,,,,,,,
fiep.mp4,7195,239.833,,,,,,,,,,
fiep.mp4,7196,239.867,1326.177,888.401,1257.823,768.999,1394.531,1007.803,0.267,,,
fiep.mp4,7197,239.900,1326.446,888.607,1258.124,769.250,1394.767,1007.965,0.428,177.000,,
fiep.mp4,7198,239.933,1326.284,888.357,1257.614,768.373,1394.955,1008.341,0.489,177.000,,
fiep.mp4,7199,239.967,1326.354,887.687,1258.080,768.336,1394.628,1007.039,0.612,177.000,,
fiep.mp4,7200,240.000,1326.659,886.441,1258.926,768.068,1394.392,1004.814,0.723,177.000,,
fiep.mp4,7201,240.033,1326.825,886.367,1259.338,768.458,1394.312,1004.276,0.620,177.000,,
fiep.mp4,7202,240.067,1327.145,886.694,1259.731,769.005,1394.559,1004.383,0.662,177.000,,
fiep.mp4,7203,240.100,1327.431,886.615,1260.035,769.075,1394.828,1004.154,0.563,177.000,,
fiep.mp4,7204,240.133,1327.617,886.208,1259.950,768.315,1395.284,1004.100,0.584,177.000,,
fiep.mp4,7205,240.167,,,,,,,,,,
fiep.mp4,7206,240.200,1327.265,889.698,1260.526,773.890,1394.005,1005.505,0.554,177.000,,
fiep.mp4,7207,240.233,1327.670,891.398,1261.555,777.219,1393.785,1005.577,0.685,177.000,,
fiep.mp4,7208,240.267,1327.712,890.999,1261.043,776.288,1394.382,1005.710,0.713,177.000,,
fiep.mp4,7209,240.300,1327.555,892.245,1260.922,778.058,1394.188,1006.433,0.712,177.000,,
fiep.mp4,7210,240.333,1327.595,892.088,1260.083,776.620,1395.106,1007.557,0.724,177.000,,
fiep.mp4,7211,240.367,1327.783,891.816,1258.133,772.464,1397.433,1011.168,0.706,177.000,,
fiep.mp4,7212,240.400,1327.860,892.474,1256.782,770.263,1398.938,1014.686,0.655,177.000,,
fiep.mp4,7213,240.433,1328.057,892.690,1256.548,769.236,1399.566,1016.145,0.648,177.000,,
fiep.mp4,7214,240.467,1328.125,892.566,1256.649,768.724,1399.601,1016.408,0.588,177.000,,
fiep.mp4,7215,240.500,1328.116,892.606,1256.694,768.455,1399.538,1016.758,0.579,177.000,,
fiep.mp4,7216,240.533,1328.046,892.531,1256.894,768.484,1399.199,1016.578,0.638,177.000,,
fiep.mp4,7217,240.567,1327.865,892.420,1256.859,768.270,1398.872,1016.570,0.642,177.000,,
fiep.mp4,7218,240.600,1327.516,892.145,1256.710,768.070,1398.323,1016.219,0.593,177.000,,
fiep.mp4,7219,240.633,1327.129,891.943,1256.559,768.139,1397.699,1015.746,0.455,177.000,,
fiep.mp4,7220,240.667,1327.030,891.638,1256.566,767.852,1397.494,1015.424,0.433,177.000,,
fiep.mp4,7221,240.700,1327.249,891.667,1256.981,768.049,1397.517,1015.285,0.436,177.000,,
fiep.mp4,7222,240.733,1222.433,682.494,1128.836,632.634,1316.030,732.354,0.376,175.000,,
fiep.mp4,7223,240.767,1222.493,682.573,1129.061,632.823,1315.926,732.322,0.358,175.000,,
fiep.mp4,7224,240.800,1328.180,891.298,1257.801,767.021,1398.560,1015.574,0.587,177.000,,
fiep.mp4,7225,240.833,1328.549,891.014,1258.478,766.888,1398.619,1015.140,0.463,177.000,,
fiep.mp4,7226,240.867,1328.197,891.031,1258.290,766.780,1398.105,1015.281,0.517,177.000,,
fiep.mp4,7227,240.900,1327.990,891.556,1258.485,767.678,1397.495,1015.434,0.575,177.000,,
fiep.mp4,7228,240.933,1327.095,891.822,1258.170,768.750,1396.020,1014.893,0.558,177.000,,
fiep.mp4,7229,240.967,1326.579,892.395,1258.227,770.204,1394.931,1014.586,0.739,177.000,,
fiep.mp4,7230,241.000,1326.612,895.357,1259.706,776.126,1393.517,1014.588,0.793,177.000,,
fiep.mp4,7231,241.033,1328.130,899.437,1263.089,784.518,1393.172,1014.355,0.686,177.000,,
fiep.mp4,7232,241.067,1221.350,683.401,1125.177,632.439,1317.522,734.364,0.434,175.000,,
fiep.mp4,7233,241.100,1323.228,906.540,1254.552,788.647,1391.905,1024.432,0.561,177.000,,
fiep.mp4,7234,241.133,1328.901,906.345,1259.413,787.860,1398.389,1024.830,0.431,177.000,,
fiep.mp4,7235,241.167,,,,,,,,,,
fiep.mp4,7236,241.200,,,,,,,,,,
fiep.mp4,7237,241.233,,,,,,,,,,
fiep.mp4,7238,241.267,,,,,,,,,,
fiep.mp4,7239,241.300,,,,,,,,,,
fiep.mp4,7240,241.333,,,,,,,,,,
fiep.mp4,7241,241.367,,,,,,,,,,
fiep.mp4,7242,241.400,,,,,,,,,,
fiep.mp4,7243,241.433,,,,,,,,,,
fiep.mp4,7244,241.467,,,,,,,,,,
fiep.mp4,7245,241.500,,,,,,,,,,
fiep.mp4,7246,241.533,,,,,,,,,,
fiep.mp4,7247,241.567,,,,,,,,,,
fiep.mp4,7248,241.600,,,,,,,,,,
fiep.mp4,7249,241.633,,,,,,,,,,
fiep.mp4,7250,241.667,,,,,,,,,,
fiep.mp4,7251,241.700,,,,,,,,,,
fiep.mp4,7252,241.733,,,,,,,,,,
fiep.mp4,7253,241.767,,,,,,,,,,
fiep.mp4,7254,241.800,,,,,,,,,,
fiep.mp4,7255,241.833,,,,,,,,,,
fiep.mp4,7256,241.867,,,,,,,,,,
fiep.mp4,7257,241.900,,,,,,,,,,
fiep.mp4,7258,241.933,,,,,,,,,,
fiep.mp4,7259,241.967,,,,,,,,,,
fiep.mp4,7260,242.000,,,,,,,,,,
fiep.mp4,7261,242.033,,,,,,,,,,
fiep.mp4,7262,242.067,,,,,,,,,,
fiep.mp4,7263,242.100,,,,,,,,,,
fiep.mp4,7264,242.133,,,,,,,,,,
fiep.mp4,7265,242.167,,,,,,,,,,
fiep.mp4,7266,242.200,,,,,,,,,,
fiep.mp4,7267,242.233,,,,,,,,,,
fiep.mp4,7268,242.267,,,,,,,,,,
fiep.mp4,7269,242.300,,,,,,,,,,
fiep.mp4,7270,242.333,,,,,,,,,,
fiep.mp4,7271,242.367,,,,,,,,,,
fiep.mp4,7272,242.400,,,,,,,,,,
fiep.mp4,7273,242.433,,,,,,,,,,
fiep.mp4,7274,242.467,,,,,,,,,,
fiep.mp4,7275,242.500,,,,,,,,,,
fiep.mp4,7276,242.533,,,,,,,,,,
fiep.mp4,7277,242.567,,,,,,,,,,
fiep.mp4,7278,242.600,,,,,,,,,,
fiep.mp4,7279,242.633,,,,,,,,,,
fiep.mp4,7280,242.667,,,,,,,,,,
fiep.mp4,7281,242.700,,,,,,,,,,
fiep.mp4,7282,242.733,,,,,,,,,,
fiep.mp4,7283,242.767,,,,,,,,,,
fiep.mp4,7284,242.800,,,,,,,,,,
fiep.mp4,7285,242.833,,,,,,,,,,
fiep.mp4,7286,242.867,,,,,,,,,,
fiep.mp4,7287,242.900,,,,,,,,,,
fiep.mp4,7288,242.933,,,,,,,,,,
fiep.mp4,7289,242.967,,,,,,,,,,
fiep.mp4,7290,243.000,,,,,,,,,,
fiep.mp4,7291,243.033,,,,,,,,,,
fiep.mp4,7292,243.067,,,,,,,,,,
fiep.mp4,7293,243.100,,,,,,,,,,
fiep.mp4,7294,243.133,,,,,,,,,,
fiep.mp4,7295,243.167,1324.147,911.528,1250.983,748.120,1397.311,1074.937,0.253,,,
fiep.mp4,7296,243.200,,,,,,,,,,
fiep.mp4,7297,243.233,,,,,,,,,,
fiep.mp4,7298,243.267,,,,,,,,,,
fiep.mp4,7299,243.300,,,,,,,,,,
fiep.mp4,7300,243.333,1327.769,908.809,1259.104,751.346,1396.434,1066.271,0.358,,,
fiep.mp4,7301,243.367,1327.028,907.243,1260.937,755.775,1393.119,1058.712,0.371,179.000,,
fiep.mp4,7302,243.400,1326.135,905.383,1261.701,757.974,1390.569,1052.791,0.355,179.000,,
fiep.mp4,7303,243.433,,,,,,,,,,
fiep.mp4,7304,243.467,,,,,,,,,,
fiep.mp4,7305,243.500,,,,,,,,,,
fiep.mp4,7306,243.533,,,,,,,,,,
fiep.mp4,7307,243.567,,,,,,,,,,
fiep.mp4,7308,243.600,,,,,,,,,,
fiep.mp4,7309,243.633,,,,,,,,,,
fiep.mp4,7310,243.667,,,,,,,,,,
fiep.mp4,7311,243.700,,,,,,,,,,
fiep.mp4,7312,243.733,,,,,,,,,,
fiep.mp4,7313,243.767,,,,,,,,,,
fiep.mp4,7314,243.800,,,,,,,,,,
fiep.mp4,7315,243.833,,,,,,,,,,
fiep.mp4,7316,243.867,1322.131,894.299,1267.427,774.520,1376.836,1014.079,0.457,179.000,,
fiep.mp4,7317,243.900,1322.427,894.059,1266.314,775.097,1378.541,1013.021,0.505,179.000,,
fiep.mp4,7318,243.933,1322.813,893.955,1265.419,775.208,1380.208,1012.702,0.434,179.000,,
fiep.mp4,7319,243.967,1323.182,893.404,1264.396,774.033,1381.968,1012.775,0.474,179.000,,
fiep.mp4,7320,244.000,1323.268,895.324,1264.095,777.325,1382.441,1013.323,0.418,179.000,,
fiep.mp4,7321,244.033,1323.390,895.409,1263.491,777.751,1383.289,1013.067,0.410,179.000,,
fiep.mp4,7322,244.067,1323.509,893.448,1262.131,774.166,1384.887,1012.730,0.389,179.000,,
fiep.mp4,7323,244.100,1222.547,682.573,1128.351,632.923,1316.744,732.224,0.350,180.000,,
fiep.mp4,7324,244.133,,,,,,,,,,
fiep.mp4,7325,244.167,1222.253,682.620,1128.043,632.936,1316.463,732.305,0.361,180.000,,
fiep.mp4,7326,244.200,1329.383,903.087,1269.724,793.424,1389.043,1012.749,0.490,179.000,,
fiep.mp4,7327,244.233,1333.792,907.691,1273.827,802.020,1393.757,1013.363,0.424,179.000,,
fiep.mp4,7328,244.267,1222.139,682.516,1128.495,633.101,1315.783,731.930,0.321,180.000,,
fiep.mp4,7329,244.300,1336.249,910.298,1275.260,807.217,1397.238,1013.380,0.341,179.000,,
fiep.mp4,7330,244.333,1329.360,910.468,1267.466,807.270,1391.254,1013.666,0.306,179.000,,
fiep.mp4,7331,244.367,1343.060,908.618,1256.878,803.249,1429.242,1013.988,0.283,,,
fiep.mp4,7332,244.400,1343.381,908.090,1277.576,803.006,1409.187,1013.173,0.427,179.000,,
fiep.mp4,7333,244.433,,,,,,,,,,
fiep.mp4,7334,244.467,1222.190,682.264,1128.567,632.867,1315.814,731.661,0.352,180.000,,
fiep.mp4,7335,244.500,1342.076,908.671,1273.542,802.690,1410.610,1014.652,0.722,179.000,,
fiep.mp4,7336,244.533,,,,,,,,,,
fiep.mp4,7337,244.567,,,,,,,,,,
fiep.mp4,7338,244.600,,,,,,,,,,
fiep.mp4,7339,244.633,,,,,,,,,,
fiep.mp4,7340,244.667,,,,,,,,,,
fiep.mp4,7341,244.700,,,,,,,,,,
fiep.mp4,7342,244.733,,,,,,,,,,
fiep.mp4,7343,244.767,,,,,,,,,,
fiep.mp4,7344,244.800,,,,,,,,,,
fiep.mp4,7345,244.833,,,,,,,,,,
fiep.mp4,7346,244.867,,,,,,,,,,
fiep.mp4,7347,244.900,,,,,,,,,,
fiep.mp4,7348,244.933,,,,,,,,,,
fiep.mp4,7349,244.967,,,,,,,,,,
fiep.mp4,7350,245.000,,,,,,,,,,
fiep.mp4,7351,245.033,,,,,,,,,,
fiep.mp4,7352,245.067,,,,,,,,,,
fiep.mp4,7353,245.100,,,,,,,,,,
fiep.mp4,7354,245.133,,,,,,,,,,
fiep.mp4,7355,245.167,,,,,,,,,,
fiep.mp4,7356,245.200,,,,,,,,,,
fiep.mp4,7357,245.233,,,,,,,,,,
fiep.mp4,7358,245.267,,,,,,,,,,
fiep.mp4,7359,245.300,,,,,,,,,,
fiep.mp4,7360,245.333,,,,,,,,,,
fiep.mp4,7361,245.367,,,,,,,,,,
fiep.mp4,7362,245.400,,,,,,,,,,
fiep.mp4,7363,245.433,,,,,,,,,,
fiep.mp4,7364,245.467,,,,,,,,,,
fiep.mp4,7365,245.500,,,,,,,,,,
fiep.mp4,7366,245.533,,,,,,,,,,
fiep.mp4,7367,245.567,,,,,,,,,,
fiep.mp4,7368,245.600,,,,,,,,,,
fiep.mp4,7369,245.633,,,,,,,,,,
fiep.mp4,7370,245.667,1332.213,892.571,1240.625,746.306,1423.800,1038.836,0.327,,,
fiep.mp4,7371,245.700,,,,,,,,,,
fiep.mp4,7372,245.733,,,,,,,,,,
fiep.mp4,7373,245.767,1337.940,899.515,1242.650,750.565,1433.230,1048.464,0.351,,,
fiep.mp4,7374,245.800,1222.848,682.913,1128.538,632.731,1317.158,733.094,0.383,,,
fiep.mp4,7375,245.833,1222.675,682.714,1128.870,632.804,1316.481,732.624,0.386,185.000,,
fiep.mp4,7376,245.867,,,,,,,,,,
fiep.mp4,7377,245.900,,,,,,,,,,
fiep.mp4,7378,245.933,,,,,,,,,,
fiep.mp4,7379,245.967,,,,,,,,,,
fiep.mp4,7380,246.000,,,,,,,,,,
fiep.mp4,7381,246.033,,,,,,,,,,
fiep.mp4,7382,246.067,,,,,,,,,,
fiep.mp4,7383,246.100,,,,,,,,,,
fiep.mp4,7384,246.133,1222.438,682.573,1128.167,632.401,1316.709,732.745,0.414,185.000,,
fiep.mp4,7385,246.167,1222.464,682.517,1128.314,632.400,1316.614,732.634,0.446,185.000,,
fiep.mp4,7386,246.200,1222.371,682.422,1128.208,632.283,1316.534,732.561,0.406,185.000,,
fiep.mp4,7387,246.233,1222.376,682.395,1128.249,632.273,1316.503,732.517,0.461,185.000,,
fiep.mp4,7388,246.267,,,,,,,,,,
fiep.mp4,7389,246.300,1222.442,682.523,1127.907,632.162,1316.977,732.884,0.495,185.000,,
fiep.mp4,7390,246.333,1222.498,682.638,1127.888,632.217,1317.107,733.059,0.507,185.000,,
fiep.mp4,7391,246.367,1222.485,682.670,1127.777,632.165,1317.192,733.175,0.486,185.000,,
fiep.mp4,7392,246.400,1222.501,682.800,1127.669,632.180,1317.334,733.419,0.456,185.000,,
fiep.mp4,7393,246.433,1222.428,682.810,1127.656,632.178,1317.200,733.443,0.454,185.000,,
fiep.mp4,7394,246.467,1222.356,682.714,1127.767,632.148,1316.945,733.280,0.463,185.000,,
fiep.mp4,7395,246.500,1222.334,682.667,1127.861,632.136,1316.806,733.198,0.461,185.000,,
fiep.mp4,7396,246.533,1222.330,682.717,1128.027,632.262,1316.633,733.172,0.473,185.000,,
fiep.mp4,7397,246.567,1222.295,682.623,1128.155,632.250,1316.436,732.996,0.463,185.000,,
fiep.mp4,7398,246.600,1344.185,904.073,1250.730,759.028,1437.639,1049.117,0.507,187.000,,
fiep.mp4,7399,246.633,1222.359,682.688,1128.514,632.477,1316.204,732.899,0.446,185.000,,
fiep.mp4,7400,246.667,1222.356,682.766,1128.418,632.494,1316.294,733.038,0.445,185.000,,
fiep.mp4,7401,246.700,1222.251,682.872,1128.056,632.439,1316.446,733.305,0.431,185.000,,
fiep.mp4,7402,246.733,1342.783,902.169,1247.840,754.663,1437.727,1049.674,0.450,187.000,,
fiep.mp4,7403,246.767,1343.561,900.875,1247.854,751.540,1439.268,1050.210,0.326,187.000,,
fiep.mp4,7404,246.800,1341.007,898.649,1244.554,748.035,1437.460,1049.263,0.482,187.000,,
fiep.mp4,7405,246.833,1342.720,897.656,1246.048,745.815,1439.392,1049.496,0.431,187.000,,
fiep.mp4,7406,246.867,1341.950,897.320,1244.928,743.802,1438.972,1050.837,0.410,187.000,,
fiep.mp4,7407,246.900,1342.609,896.881,1246.263,742.732,1438.955,1051.031,0.421,187.000,,
fiep.mp4,7408,246.933,,,,,,,,,,
fiep.mp4,7409,246.967,,,,,,,,,,
fiep.mp4,7410,247.000,,,,,,,,,,
fiep.mp4,7411,247.033,,,,,,,,,,
fiep.mp4,7412,247.067,,,,,,,,,,
fiep.mp4,7413,247.100,,,,,,,,,,
fiep.mp4,7414,247.133,,,,,,,,,,
fiep.mp4,7415,247.167,,,,,,,,,,
fiep.mp4,7416,247.200,,,,,,,,,,
fiep.mp4,7417,247.233,,,,,,,,,,
fiep.mp4,7418,247.267,,,,,,,,,,
fiep.mp4,7419,247.300,,,,,,,,,,
fiep.mp4,7420,247.333,,,,,,,,,,
fiep.mp4,7421,247.367,,,,,,,,,,
fiep.mp4,7422,247.400,,,,,,,,,,
fiep.mp4,7423,247.433,,,,,,,,,,
fiep.mp4,7424,247.467,,,,,,,,,,
fiep.mp4,7425,247.500,,,,,,,,,,
fiep.mp4,7426,247.533,,,,,,,,,,
fiep.mp4,7427,247.567,,,,,,,,,,
fiep.mp4,7428,247.600,,,,,,,,,,
fiep.mp4,7429,247.633,,,,,,,,,,
fiep.mp4,7430,247.667,1336.994,912.678,1242.096,750.748,1431.892,1074.608,0.331,187.000,,
fiep.mp4,7431,247.700,1338.576,911.808,1246.631,748.732,1430.521,1074.883,0.273,187.000,,
fiep.mp4,7432,247.733,,,,,,,,,,
fiep.mp4,7433,247.767,,,,,,,,,,
fiep.mp4,7434,247.800,,,,,,,,,,
fiep.mp4,7435,247.833,,,,,,,,,,
fiep.mp4,7436,247.867,,,,,,,,,,
fiep.mp4,7437,247.900,,,,,,,,,,
fiep.mp4,7438,247.933,,,,,,,,,,
fiep.mp4,7439,247.967,,,,,,,,,,
fiep.mp4,7440,248.000,,,,,,,,,,
fiep.mp4,7441,248.033,,,,,,,,,,
fiep.mp4,7442,248.067,,,,,,,,,,
fiep.mp4,7443,248.100,,,,,,,,,,
fiep.mp4,7444,248.133,,,,,,,,,,
fiep.mp4,7445,248.167,,,,,,,,,,
fiep.mp4,7446,248.200,,,,,,,,,,
fiep.mp4,7447,248.233,,,,,,,,,,
fiep.mp4,7448,248.267,,,,,,,,,,
fiep.mp4,7449,248.300,,,,,,,,,,
fiep.mp4,7450,248.333,,,,,,,,,,
fiep.mp4,7451,248.367,,,,,,,,,,
fiep.mp4,7452,248.400,,,,,,,,,,
fiep.mp4,7453,248.433,,,,,,,,,,
fiep.mp4,7454,248.467,,,,,,,,,,
fiep.mp4,7455,248.500,,,,,,,,,,
fiep.mp4,7456,248.533,1222.284,682.532,1128.551,632.714,1316.016,732.350,0.407,,,
fiep.mp4,7457,248.567,1222.396,682.430,1128.654,632.607,1316.137,732.254,0.459,188.000,,
fiep.mp4,7458,248.600,1222.483,682.563,1128.701,632.719,1316.265,732.407,0.466,188.000,,
fiep.mp4,7459,248.633,1222.578,682.590,1128.603,632.643,1316.554,732.537,0.456,188.000,,
fiep.mp4,7460,248.667,,,,,,,,,,
fiep.mp4,7461,248.700,,,,,,,,,,
fiep.mp4,7462,248.733,,,,,,,,,,
fiep.mp4,7463,248.767,,,,,,,,,,
fiep.mp4,7464,248.800,,,,,,,,,,
fiep.mp4,7465,248.833,,,,,,,,,,
fiep.mp4,7466,248.867,1223.151,682.614,1128.464,632.256,1317.838,732.971,0.383,188.000,,
fiep.mp4,7467,248.900,1223.172,682.642,1128.398,632.196,1317.945,733.088,0.379,188.000,,
fiep.mp4,7468,248.933,1223.110,682.718,1128.270,632.192,1317.950,733.244,0.390,188.000,,
fiep.mp4,7469,248.967,1222.847,683.088,1128.035,632.526,1317.659,733.650,0.462,188.000,,
fiep.mp4,7470,249.000,1341.175,889.851,1256.434,760.521,1425.917,1019.181,0.546,187.000,,
fiep.mp4,7471,249.033,1341.760,888.432,1255.602,757.986,1427.917,1018.878,0.666,187.000,,
fiep.mp4,7472,249.067,1342.883,885.623,1255.340,753.409,1430.426,1017.836,0.731,187.000,,
fiep.mp4,7473,249.100,1344.144,884.484,1255.605,751.043,1432.682,1017.925,0.704,187.000,,
fiep.mp4,7474,249.133,1344.677,883.979,1255.504,749.900,1433.851,1018.057,0.794,187.000,,
fiep.mp4,7475,249.167,1345.537,883.656,1256.030,749.267,1435.044,1018.046,0.779,187.000,,
fiep.mp4,7476,249.200,1346.005,885.062,1257.004,751.870,1435.005,1018.254,0.803,187.000,,
fiep.mp4,7477,249.233,1345.611,887.657,1257.754,757.131,1433.468,1018.183,0.775,187.000,,
fiep.mp4,7478,249.267,1346.045,890.315,1259.376,762.457,1432.714,1018.173,0.780,187.000,,
fiep.mp4,7479,249.300,1346.570,892.819,1260.933,767.483,1432.208,1018.154,0.762,187.000,,
fiep.mp4,7480,249.333,1346.818,895.159,1262.041,772.137,1431.596,1018.181,0.651,187.000,,
fiep.mp4,7481,249.367,1347.010,896.585,1262.484,774.946,1431.536,1018.224,0.705,187.000,,
fiep.mp4,7482,249.400,1347.056,897.066,1262.222,775.861,1431.891,1018.271,0.712,187.000,,
fiep.mp4,7483,249.433,1347.218,896.923,1261.775,775.493,1432.660,1018.353,0.731,187.000,,
fiep.mp4,7484,249.467,1347.336,897.010,1261.535,775.657,1433.136,1018.363,0.702,187.000,,
fiep.mp4,7485,249.500,1347.139,896.926,1260.907,775.504,1433.370,1018.347,0.737,187.000,,
fiep.mp4,7486,249.533,1346.541,896.856,1259.938,775.394,1433.144,1018.319,0.766,187.000,,
fiep.mp4,7487,249.567,1346.197,896.923,1259.277,775.386,1433.118,1018.459,0.648,187.000,,
fiep.mp4,7488,249.600,1345.643,897.356,1258.553,775.951,1432.734,1018.761,0.681,187.000,,
fiep.mp4,7489,249.633,1344.818,897.627,1257.535,776.307,1432.101,1018.947,0.615,187.000,,
fiep.mp4,7490,249.667,1222.419,682.616,1128.789,632.887,1316.049,732.344,0.493,188.000,,
fiep.mp4,7491,249.700,1343.029,897.754,1255.462,776.765,1430.595,1018.743,0.575,187.000,,
fiep.mp4,7492,249.733,1342.308,897.678,1254.303,776.330,1430.313,1019.026,0.670,187.000,,
fiep.mp4,7493,249.767,1341.276,897.006,1253.343,776.073,1429.210,1017.939,0.708,187.000,,
fiep.mp4,7494,249.800,1340.660,896.641,1252.689,775.962,1428.632,1017.320,0.644,187.000,,
fiep.mp4,7495,249.833,,,,,,,,,,
fiep.mp4,7496,249.867,1222.335,682.599,1128.589,632.951,1316.082,732.248,0.354,188.000,,
fiep.mp4,7497,249.900,1222.239,682.630,1128.460,632.997,1316.019,732.263,0.465,188.000,,
fiep.mp4,7498,249.933,1222.352,682.698,1128.490,633.043,1316.215,732.353,0.438,188.000,,
fiep.mp4,7499,249.967,1337.718,896.293,1247.511,773.052,1427.924,1019.534,0.651,187.000,,
fiep.mp4,7500,250.000,1332.713,907.161,1235.476,773.885,1429.950,1040.437,0.630,187.000,,
fiep.mp4,7501,250.033,1222.584,682.779,1128.259,632.889,1316.909,732.669,0.533,188.000,,
fiep.mp4,7502,250.067,,,,,,,,,,
fiep.mp4,7503,250.100,,,,,,,,,,
fiep.mp4,7504,250.133,,,,,,,,,,
fiep.mp4,7505,250.167,,,,,,,,,,
fiep.mp4,7506,250.200,,,,,,,,,,
fiep.mp4,7507,250.233,1222.448,683.237,1127.330,632.858,1317.565,733.617,0.409,188.000,,
fiep.mp4,7508,250.267,,,,,,,,,,
fiep.mp4,7509,250.300,,,,,,,,,,
fiep.mp4,7510,250.333,1398.934,917.660,1274.902,760.230,1522.965,1075.090,0.361,,,
fiep.mp4,7511,250.367,1404.791,920.382,1281.573,763.989,1528.009,1076.775,0.392,190.000,,
fiep.mp4,7512,250.400,,,,,,,,,,
fiep.mp4,7513,250.433,,,,,,,,,,
fiep.mp4,7514,250.467,,,,,,,,,,
fiep.mp4,7515,250.500,,,,,,,,,,
fiep.mp4,7516,250.533,,,,,,,,,,
fiep.mp4,7517,250.567,,,,,,,,,,
fiep.mp4,7518,250.600,,,,,,,,,,
fiep.mp4,7519,250.633,1417.320,912.850,1290.179,751.648,1544.461,1074.051,0.306,190.000,,
fiep.mp4,7520,250.667,1222.237,682.093,1128.517,632.532,1315.958,731.654,0.323,188.000,,
fiep.mp4,7521,250.700,,,,,,,,,,
fiep.mp4,7522,250.733,1418.970,913.123,1289.962,749.980,1547.977,1076.267,0.301,190.000,,
fiep.mp4,7523,250.767,,,,,,,,,,
fiep.mp4,7524,250.800,,,,,,,,,,
fiep.mp4,7525,250.833,,,,,,,,,,
fiep.mp4,7526,250.867,1421.903,910.163,1292.684,747.286,1551.122,1073.040,0.339,190.000,,
fiep.mp4,7527,250.900,1421.991,909.817,1292.687,747.404,1551.295,1072.231,0.368,190.000,,
fiep.mp4,7528,250.933,1422.330,909.200,1293.026,747.334,1551.634,1071.065,0.435,190.000,,
fiep.mp4,7529,250.967,1421.610,908.858,1291.393,746.101,1551.828,1071.614,0.303,190.000,,
fiep.mp4,7530,251.000,1420.430,908.802,1290.078,745.944,1550.782,1071.661,0.281,190.000,,
fiep.mp4,7531,251.033,1420.979,908.676,1290.827,746.333,1551.131,1071.018,0.326,190.000,,
fiep.mp4,7532,251.067,,,,,,,,,,
fiep.mp4,7533,251.100,,,,,,,,,,
fiep.mp4,7534,251.133,,,,,,,,,,
fiep.mp4,7535,251.167,,,,,,,,,,
fiep.mp4,7536,251.200,,,,,,,,,,
fiep.mp4,7537,251.233,,,,,,,,,,
fiep.mp4,7538,251.267,,,,,,,,,,
fiep.mp4,7539,251.300,,,,,,,,,,
fiep.mp4,7540,251.333,,,,,,,,,,
fiep.mp4,7541,251.367,,,,,,,,,,
fiep.mp4,7542,251.400,,,,,,,,,,
fiep.mp4,7543,251.433,1374.987,894.120,1246.093,715.187,1503.882,1073.053,0.323,,,
fiep.mp4,7544,251.467,,,,,,,,,,
fiep.mp4,7545,251.500,,,,,,,,,,
fiep.mp4,7546,251.533,,,,,,,,,,
fiep.mp4,7547,251.567,,,,,,,,,,
fiep.mp4,7548,251.600,,,,,,,,,,
fiep.mp4,7549,251.633,,,,,,,,,,
fiep.mp4,7550,251.667,,,,,,,,,,
fiep.mp4,7551,251.700,1222.705,681.267,1130.391,632.828,1315.018,729.706,0.286,188.000,,
fiep.mp4,7552,251.733,,,,,,,,,,
fiep.mp4,7553,251.767,,,,,,,,,,
fiep.mp4,7554,251.800,,,,,,,,,,
fiep.mp4,7555,251.833,,,,,,,,,,
fiep.mp4,7556,251.867,,,,,,,,,,
fiep.mp4,7557,251.900,,,,,,,,,,
fiep.mp4,7558,251.933,,,,,,,,,,
fiep.mp4,7559,251.967,,,,,,,,,,
fiep.mp4,7560,252.000,,,,,,,,,,
fiep.mp4,7561,252.033,,,,,,,,,,
fiep.mp4,7562,252.067,,,,,,,,,,
fiep.mp4,7563,252.100,,,,,,,,,,
fiep.mp4,7564,252.133,,,,,,,,,,
fiep.mp4,7565,252.167,,,,,,,,,,
fiep.mp4,7566,252.200,,,,,,,,,,
fiep.mp4,7567,252.233,,,,,,,,,,
fiep.mp4,7568,252.267,,,,,,,,,,
fiep.mp4,7569,252.300,,,,,,,,,,
fiep.mp4,7570,252.333,1335.826,904.319,1255.528,736.554,1416.124,1072.084,0.389,,,
fiep.mp4,7571,252.367,,,,,,,,,,
fiep.mp4,7572,252.400,,,,,,,,,,
fiep.mp4,7573,252.433,,,,,,,,,,
fiep.mp4,7574,252.467,,,,,,,,,,
fiep.mp4,7575,252.500,,,,,,,,,,
fiep.mp4,7576,252.533,,,,,,,,,,
fiep.mp4,7577,252.567,,,,,,,,,,
fiep.mp4,7578,252.600,,,,,,,,,,
fiep.mp4,7579,252.633,,,,,,,,,,
fiep.mp4,7580,252.667,,,,,,,,,,
fiep.mp4,7581,252.700,,,,,,,,,,
fiep.mp4,7582,252.733,,,,,,,,,,
fiep.mp4,7583,252.767,,,,,,,,,,
fiep.mp4,7584,252.800,,,,,,,,,,
fiep.mp4,7585,252.833,1222.713,682.462,1128.883,632.741,1316.543,732.183,0.255,,,
fiep.mp4,7586,252.867,,,,,,,,,,
fiep.mp4,7587,252.900,,,,,,,,,,
fiep.mp4,7588,252.933,1222.731,682.666,1128.670,632.738,1316.792,732.594,0.265,,,
fiep.mp4,7589,252.967,1222.647,682.735,1128.580,632.676,1316.715,732.793,0.276,,,
fiep.mp4,7590,253.000,1222.377,682.480,1128.288,632.520,1316.465,732.439,0.257,,,
fiep.mp4,7591,253.033,1222.628,682.495,1128.837,632.518,1316.419,732.472,0.264,,,
fiep.mp4,7592,253.067,1222.582,682.508,1128.844,632.616,1316.320,732.399,0.274,,,
fiep.mp4,7593,253.100,1222.450,682.463,1128.819,632.684,1316.081,732.241,0.280,,,
fiep.mp4,7594,253.133,1326.939,879.363,1258.195,751.938,1395.682,1006.788,0.288,,,
fiep.mp4,7595,253.167,1222.422,682.363,1128.900,632.623,1315.944,732.104,0.295,,,
fiep.mp4,7596,253.200,1222.571,682.440,1128.908,632.493,1316.234,732.386,0.281,,,
fiep.mp4,7597,253.233,,,,,,,,,,
fiep.mp4,7598,253.267,,,,,,,,,,
fiep.mp4,7599,253.300,,,,,,,,,,
fiep.mp4,7600,253.333,,,,,,,,,,
fiep.mp4,7601,253.367,,,,,,,,,,
fiep.mp4,7602,253.400,,,,,,,,,,
fiep.mp4,7603,253.433,,,,,,,,,,
fiep.mp4,7604,253.467,,,,,,,,,,
fiep.mp4,7605,253.500,,,,,,,,,,
fiep.mp4,7606,253.533,,,,,,,,,,
fiep.mp4,7607,253.567,,,,,,,,,,
fiep.mp4,7608,253.600,,,,,,,,,,
fiep.mp4,7609,253.633,,,,,,,,,,
fiep.mp4,7610,253.667,,,,,,,,,,
fiep.mp4,7611,253.700,1334.448,894.140,1258.700,783.291,1410.196,1004.990,0.585,,,
fiep.mp4,7612,253.733,1333.626,898.224,1261.046,792.077,1406.207,1004.371,0.679,204.000,,
fiep.mp4,7613,253.767,1334.436,904.005,1265.545,803.535,1403.328,1004.476,0.540,204.000,,
fiep.mp4,7614,253.800,1335.971,906.845,1268.677,809.234,1403.265,1004.456,0.541,204.000,,
fiep.mp4,7615,253.833,1337.076,907.687,1269.399,810.157,1404.754,1005.216,0.538,204.000,,
fiep.mp4,7616,253.867,1337.603,908.022,1269.752,811.087,1405.453,1004.957,0.597,204.000,,
fiep.mp4,7617,253.900,,,,,,,,,,
fiep.mp4,7618,253.933,1337.147,908.128,1268.200,810.572,1406.093,1005.683,0.402,204.000,,
fiep.mp4,7619,253.967,,,,,,,,,,
fiep.mp4,7620,254.000,1334.867,907.372,1265.400,809.944,1404.335,1004.801,0.560,204.000,,
fiep.mp4,7621,254.033,1333.221,907.202,1263.277,809.774,1403.165,1004.630,0.619,204.000,,
fiep.mp4,7622,254.067,1331.291,907.371,1260.969,809.815,1401.612,1004.927,0.568,204.000,,
fiep.mp4,7623,254.100,1329.848,907.599,1259.381,810.133,1400.314,1005.066,0.391,204.000,,
fiep.mp4,7624,254.133,1329.463,907.117,1258.406,809.008,1400.520,1005.227,0.480,204.000,,
fiep.mp4,7625,254.167,1328.072,907.018,1256.518,808.213,1399.626,1005.823,0.320,204.000,,
fiep.mp4,7626,254.200,1327.507,906.085,1255.667,806.801,1399.347,1005.370,0.387,204.000,,
fiep.mp4,7627,254.233,1326.783,905.568,1254.782,805.899,1398.785,1005.237,0.334,204.000,,
fiep.mp4,7628,254.267,1326.479,905.521,1254.556,805.777,1398.401,1005.265,0.353,204.000,,
fiep.mp4,7629,254.300,1326.479,905.472,1254.221,804.984,1398.736,1005.961,0.424,204.000,,
fiep.mp4,7630,254.333,1326.462,904.973,1253.943,803.817,1398.981,1006.130,0.462,204.000,,
fiep.mp4,7631,254.367,1326.464,904.301,1253.579,802.298,1399.349,1006.305,0.444,204.000,,
fiep.mp4,7632,254.400,1326.518,904.088,1253.699,801.894,1399.338,1006.283,0.381,204.000,,
fiep.mp4,7633,254.433,,,,,,,,,,
fiep.mp4,7634,254.467,,,,,,,,,,
fiep.mp4,7635,254.500,,,,,,,,,,
fiep.mp4,7636,254.533,,,,,,,,,,
fiep.mp4,7637,254.567,,,,,,,,,,
fiep.mp4,7638,254.600,,,,,,,,,,
fiep.mp4,7639,254.633,,,,,,,,,,
fiep.mp4,7640,254.667,1327.066,903.079,1253.896,799.901,1400.236,1006.257,0.426,204.000,,
fiep.mp4,7641,254.700,1327.136,902.341,1253.862,798.483,1400.409,1006.200,0.451,204.000,,
fiep.mp4,7642,254.733,1327.307,901.842,1254.062,797.503,1400.552,1006.181,0.475,204.000,,
fiep.mp4,7643,254.767,1327.298,900.969,1253.842,795.812,1400.753,1006.126,0.533,204.000,,
fiep.mp4,7644,254.800,1327.328,900.130,1253.655,794.136,1401.002,1006.124,0.619,204.000,,
fiep.mp4,7645,254.833,1327.362,899.490,1253.557,792.791,1401.167,1006.188,0.458,204.000,,
fiep.mp4,7646,254.867,,,,,,,,,,
fiep.mp4,7647,254.900,,,,,,,,,,
fiep.mp4,7648,254.933,1327.425,898.726,1253.589,791.443,1401.261,1006.009,0.440,204.000,,
fiep.mp4,7649,254.967,1327.555,898.181,1253.795,790.409,1401.314,1005.952,0.448,204.000,,
fiep.mp4,7650,255.000,1327.430,897.864,1253.773,789.704,1401.088,1006.024,0.414,204.000,,
fiep.mp4,7651,255.033,1327.313,896.956,1253.516,787.986,1401.110,1005.927,0.487,204.000,,
fiep.mp4,7652,255.067,1327.192,895.555,1253.030,785.329,1401.353,1005.781,0.484,204.000,,
fiep.mp4,7653,255.100,1327.211,895.056,1253.177,784.356,1401.246,1005.756,0.467,204.000,,
fiep.mp4,7654,255.133,1326.977,894.735,1253.095,783.681,1400.858,1005.790,0.451,204.000,,
fiep.mp4,7655,255.167,1326.826,894.554,1253.075,783.174,1400.577,1005.933,0.363,204.000,,
fiep.mp4,7656,255.200,1326.586,894.798,1253.287,783.718,1399.884,1005.877,0.308,204.000,,
fiep.mp4,7657,255.233,1326.501,894.379,1253.190,782.839,1399.813,1005.919,0.334,204.000,,
fiep.mp4,7658,255.267,1326.469,893.640,1252.988,781.369,1399.951,1005.911,0.370,204.000,,
fiep.mp4,7659,255.300,1326.558,892.716,1252.991,779.824,1400.125,1005.608,0.324,204.000,,
fiep.mp4,7660,255.333,1326.507,891.797,1252.773,778.111,1400.241,1005.483,0.342,204.000,,
fiep.mp4,7661,255.367,1326.478,890.530,1252.351,775.602,1400.606,1005.458,0.325,204.000,,
fiep.mp4,7662,255.400,1326.334,889.582,1251.976,773.639,1400.692,1005.525,0.348,204.000,,
fiep.mp4,7663,255.433,1326.446,889.854,1252.479,774.001,1400.414,1005.708,0.369,204.000,,
fiep.mp4,7664,255.467,1326.564,889.641,1252.821,773.659,1400.307,1005.623,0.438,204.000,,
fiep.mp4,7665,255.500,1326.642,889.859,1253.185,773.911,1400.100,1005.806,0.385,204.000,,
fiep.mp4,7666,255.533,1326.647,890.003,1253.433,774.021,1399.861,1005.984,0.355,204.000,,
fiep.mp4,7667,255.567,1326.892,890.342,1254.053,774.603,1399.730,1006.081,0.360,204.000,,
fiep.mp4,7668,255.600,1327.036,890.429,1254.454,774.796,1399.617,1006.061,0.352,204.000,,
fiep.mp4,7669,255.633,1327.132,890.466,1254.722,774.838,1399.543,1006.094,0.368,204.000,,
fiep.mp4,7670,255.667,1327.069,890.530,1254.854,774.984,1399.285,1006.076,0.354,204.000,,
fiep.mp4,7671,255.700,1327.128,890.504,1255.037,774.900,1399.219,1006.107,0.362,204.000,,
fiep.mp4,7672,255.733,1327.204,890.408,1255.252,774.763,1399.156,1006.052,0.345,204.000,,
fiep.mp4,7673,255.767,1327.002,889.987,1255.015,774.056,1398.990,1005.919,0.333,204.000,,
fiep.mp4,7674,255.800,1326.835,889.755,1254.893,773.701,1398.776,1005.808,0.401,204.000,,
fiep.mp4,7675,255.833,1326.954,889.935,1255.157,773.892,1398.752,1005.978,0.409,204.000,,
fiep.mp4,7676,255.867,1326.739,889.555,1254.888,773.207,1398.590,1005.903,0.396,204.000,,
fiep.mp4,7677,255.900,1326.898,889.085,1254.954,772.359,1398.842,1005.811,0.405,204.000,,
fiep.mp4,7678,255.933,1326.944,888.803,1255.048,771.922,1398.840,1005.684,0.521,204.000,,
fiep.mp4,7679,255.967,1326.773,888.668,1255.054,771.881,1398.493,1005.455,0.625,204.000,,
fiep.mp4,7680,256.000,1326.392,888.726,1254.854,772.054,1397.929,1005.398,0.599,204.000,,
fiep.mp4,7681,256.033,1325.802,888.672,1254.397,772.079,1397.207,1005.264,0.390,204.000,,
fiep.mp4,7682,256.067,1325.393,889.307,1254.051,772.743,1396.736,1005.871,0.502,204.000,,
fiep.mp4,7683,256.100,1324.756,910.821,1242.014,772.891,1407.499,1048.752,0.507,204.000,,
fiep.mp4,7684,256.133,,,,,,,,,,
fiep.mp4,7685,256.167,,,,,,,,,,
fiep.mp4,7686,256.200,1221.969,682.528,1127.767,632.562,1316.171,732.494,0.345,208.000,,
fiep.mp4,7687,256.233,,,,,,,,,,
fiep.mp4,7688,256.267,,,,,,,,,,
fiep.mp4,7689,256.300,,,,,,,,,,
fiep.mp4,7690,256.333,,,,,,,,,,
fiep.mp4,7691,256.367,,,,,,,,,,
fiep.mp4,7692,256.400,,,,,,,,,,
fiep.mp4,7693,256.433,,,,,,,,,,
fiep.mp4,7694,256.467,,,,,,,,,,
fiep.mp4,7695,256.500,,,,,,,,,,
fiep.mp4,7696,256.533,,,,,,,,,,
fiep.mp4,7697,256.567,,,,,,,,,,
fiep.mp4,7698,256.600,,,,,,,,,,
fiep.mp4,7699,256.633,,,,,,,,,,
fiep.mp4,7700,256.667,,,,,,,,,,
fiep.mp4,7701,256.700,,,,,,,,,,
fiep.mp4,7702,256.733,,,,,,,,,,
fiep.mp4,7703,256.767,,,,,,,,,,
fiep.mp4,7704,256.800,,,,,,,,,,
fiep.mp4,7705,256.833,,,,,,,,,,
fiep.mp4,7706,256.867,,,,,,,,,,
fiep.mp4,7707,256.900,,,,,,,,,,
fiep.mp4,7708,256.933,1306.352,895.364,1229.092,771.092,1383.613,1019.635,0.482,204.000,,
fiep.mp4,7709,256.967,1305.477,893.996,1226.670,769.738,1384.284,1018.254,0.463,204.000,,
fiep.mp4,7710,257.000,,,,,,,,,,
fiep.mp4,7711,257.033,,,,,,,,,,
fiep.mp4,7712,257.067,,,,,,,,,,
fiep.mp4,7713,257.100,,,,,,,,,,
fiep.mp4,7714,257.133,,,,,,,,,,
fiep.mp4,7715,257.167,,,,,,,,,,
fiep.mp4,7716,257.200,,,,,,,,,,
fiep.mp4,7717,257.233,,,,,,,,,,
fiep.mp4,7718,257.267,,,,,,,,,,
fiep.mp4,7719,257.300,,,,,,,,,,
fiep.mp4,7720,257.333,,,,,,,,,,
fiep.mp4,7721,257.367,,,,,,,,,,
fiep.mp4,7722,257.400,,,,,,,,,,
fiep.mp4,7723,257.433,1311.427,889.301,1237.124,773.517,1385.730,1005.085,0.358,204.000,,
fiep.mp4,7724,257.467,1222.353,682.754,1127.961,632.693,1316.746,732.815,0.406,208.000,,
fiep.mp4,7725,257.500,1222.381,682.855,1127.995,632.773,1316.768,732.937,0.396,208.000,,
fiep.mp4,7726,257.533,1222.409,682.903,1128.106,632.867,1316.711,732.938,0.400,208.000,,
fiep.mp4,7727,257.567,1222.422,682.869,1128.188,632.867,1316.657,732.871,0.390,208.000,,
fiep.mp4,7728,257.600,1222.469,682.882,1128.299,632.915,1316.639,732.848,0.361,208.000,,
fiep.mp4,7729,257.633,1222.478,682.926,1128.417,633.035,1316.540,732.817,0.378,208.000,,
fiep.mp4,7730,257.667,1222.494,682.929,1128.460,633.070,1316.527,732.788,0.372,208.000,,
fiep.mp4,7731,257.700,,,,,,,,,,
fiep.mp4,7732,257.733,,,,,,,,,,
fiep.mp4,7733,257.767,,,,,,,,,,
fiep.mp4,7734,257.800,1317.821,890.052,1243.708,775.931,1391.935,1004.172,0.271,204.000,,
fiep.mp4,7735,257.833,1222.331,682.775,1128.178,632.868,1316.484,732.682,0.386,208.000,,
fiep.mp4,7736,257.867,1222.411,682.786,1128.133,632.823,1316.689,732.749,0.351,208.000,,
fiep.mp4,7737,257.900,1316.530,890.633,1242.005,778.057,1391.055,1003.208,0.281,204.000,,
fiep.mp4,7738,257.933,1316.612,890.750,1241.240,777.522,1391.985,1003.978,0.472,204.000,,
fiep.mp4,7739,257.967,1222.415,682.766,1128.045,632.748,1316.785,732.783,0.382,208.000,,
fiep.mp4,7740,258.000,1316.389,890.517,1239.814,776.614,1392.963,1004.420,0.437,204.000,,
fiep.mp4,7741,258.033,1316.754,891.014,1239.903,777.166,1393.604,1004.862,0.259,204.000,,
fiep.mp4,7742,258.067,1317.524,891.196,1240.452,777.416,1394.597,1004.976,0.464,204.000,,
fiep.mp4,7743,258.100,1317.854,890.824,1240.304,776.605,1395.404,1005.043,0.604,204.000,,
fiep.mp4,7744,258.133,1318.407,890.597,1240.662,776.312,1396.152,1004.882,0.525,204.000,,
fiep.mp4,7745,258.167,1317.341,890.326,1239.272,776.097,1395.409,1004.554,0.630,204.000,,
fiep.mp4,7746,258.200,1222.925,683.395,1127.804,632.861,1318.045,733.929,0.488,208.000,,
fiep.mp4,7747,258.233,1319.563,892.413,1242.624,780.023,1396.502,1004.804,0.671,204.000,,
fiep.mp4,7748,258.267,1319.781,890.884,1239.731,773.446,1399.832,1008.322,0.580,204.000,,
fiep.mp4,7749,258.300,1319.930,888.655,1240.742,772.526,1399.119,1004.784,0.454,204.000,,
fiep.mp4,7750,258.333,1320.490,888.400,1241.040,771.974,1399.939,1004.825,0.517,204.000,,
fiep.mp4,7751,258.367,,,,,,,,,,
fiep.mp4,7752,258.400,,,,,,,,,,
fiep.mp4,7753,258.433,,,,,,,,,,
fiep.mp4,7754,258.467,1222.213,682.360,1128.385,632.321,1316.040,732.399,0.400,208.000,,
fiep.mp4,7755,258.500,1222.211,682.140,1128.232,632.029,1316.191,732.251,0.259,208.000,,
fiep.mp4,7756,258.533,,,,,,,,,,
fiep.mp4,7757,258.567,,,,,,,,,,
fiep.mp4,7758,258.600,,,,,,,,,,
fiep.mp4,7759,258.633,,,,,,,,,,
fiep.mp4,7760,258.667,,,,,,,,,,
fiep.mp4,7761,258.700,,,,,,,,,,
fiep.mp4,7762,258.733,,,,,,,,,,
fiep.mp4,7763,258.767,,,,,,,,,,
fiep.mp4,7764,258.800,,,,,,,,,,
fiep.mp4,7765,258.833,,,,,,,,,,
fiep.mp4,7766,258.867,,,,,,,,,,
fiep.mp4,7767,258.900,,,,,,,,,,
fiep.mp4,7768,258.933,,,,,,,,,,
fiep.mp4,7769,258.967,,,,,,,,,,
fiep.mp4,7770,259.000,,,,,,,,,,
fiep.mp4,7771,259.033,1222.138,681.861,1129.215,632.425,1315.061,731.297,0.251,208.000,,
fiep.mp4,7772,259.067,,,,,,,,,,
fiep.mp4,7773,259.100,,,,,,,,,,
fiep.mp4,7774,259.133,,,,,,,,,,
fiep.mp4,7775,259.167,,,,,,,,,,
fiep.mp4,7776,259.200,,,,,,,,,,
fiep.mp4,7777,259.233,,,,,,,,,,
fiep.mp4,7778,259.267,,,,,,,,,,
fiep.mp4,7779,259.300,,,,,,,,,,
fiep.mp4,7780,259.333,1222.493,681.890,1129.042,632.283,1315.945,731.497,0.258,208.000,,
fiep.mp4,7781,259.367,,,,,,,,,,
fiep.mp4,7782,259.400,1222.616,681.826,1128.582,631.914,1316.651,731.738,0.252,208.000,,
fiep.mp4,7783,259.433,1222.645,681.853,1128.613,631.948,1316.678,731.758,0.256,208.000,,
fiep.mp4,7784,259.467,,,,,,,,,,
fiep.mp4,7785,259.500,,,,,,,,,,
fiep.mp4,7786,259.533,1222.632,682.081,1128.697,632.258,1316.566,731.903,0.297,208.000,,
fiep.mp4,7787,259.567,1222.688,682.107,1128.667,632.277,1316.709,731.937,0.299,208.000,,
fiep.mp4,7788,259.600,1222.751,682.022,1128.660,632.170,1316.842,731.875,0.295,208.000,,
fiep.mp4,7789,259.633,1222.866,681.949,1128.767,632.118,1316.965,731.781,0.295,208.000,,
fiep.mp4,7790,259.667,1222.924,681.951,1128.830,632.138,1317.018,731.764,0.305,208.000,,
fiep.mp4,7791,259.700,1222.922,681.974,1128.858,632.191,1316.987,731.758,0.320,208.000,,
fiep.mp4,7792,259.733,1381.510,908.154,1282.911,739.204,1480.109,1077.104,0.397,209.000,,
fiep.mp4,7793,259.767,1380.459,906.100,1280.937,735.376,1479.981,1076.824,0.354,209.000,,
fiep.mp4,7794,259.800,1222.670,681.886,1128.577,632.103,1316.764,731.668,0.390,208.000,,
fiep.mp4,7795,259.833,1222.618,681.861,1128.583,632.113,1316.653,731.608,0.369,208.000,,
fiep.mp4,7796,259.867,1222.594,681.844,1128.615,632.130,1316.572,731.557,0.319,208.000,,
fiep.mp4,7797,259.900,1377.396,898.937,1275.093,720.997,1479.699,1076.877,0.547,209.000,,
fiep.mp4,7798,259.933,1377.480,897.442,1274.577,717.047,1480.383,1077.837,0.547,209.000,,
fiep.mp4,7799,259.967,1376.426,896.398,1273.656,714.793,1479.196,1078.002,0.514,209.000,,
fiep.mp4,7800,260.000,1376.547,895.432,1274.449,713.443,1478.645,1077.421,0.485,209.000,,
fiep.mp4,7801,260.033,1376.491,894.865,1275.507,713.247,1477.474,1076.482,0.556,209.000,,
fiep.mp4,7802,260.067,1376.246,894.611,1276.217,713.045,1476.275,1076.176,0.572,209.000,,
fiep.mp4,7803,260.100,1376.513,894.275,1277.617,713.066,1475.408,1075.484,0.415,209.000,,
fiep.mp4,7804,260.133,1375.748,894.178,1278.159,713.675,1473.337,1074.682,0.607,209.000,,
fiep.mp4,7805,260.167,1374.340,895.095,1278.383,716.061,1470.296,1074.128,0.519,209.000,,
fiep.mp4,7806,260.200,1222.102,681.959,1129.020,632.629,1315.185,731.289,0.385,208.000,,
fiep.mp4,7807,260.233,1222.050,682.034,1128.919,632.675,1315.181,731.392,0.407,208.000,,
fiep.mp4,7808,260.267,1222.047,682.085,1128.810,632.670,1315.284,731.500,0.394,208.000,,
fiep.mp4,7809,260.300,1222.175,682.150,1128.875,632.717,1315.475,731.583,0.347,208.000,,
fiep.mp4,7810,260.333,1222.284,682.204,1128.842,632.714,1315.726,731.694,0.335,208.000,,
fiep.mp4,7811,260.367,1222.322,682.174,1128.733,632.617,1315.910,731.731,0.339,208.000,,
fiep.mp4,7812,260.400,,,,,,,,,,
fiep.mp4,7813,260.433,,,,,,,,,,
fiep.mp4,7814,260.467,,,,,,,,,,
fiep.mp4,7815,260.500,,,,,,,,,,
fiep.mp4,7816,260.533,,,,,,,,,,
fiep.mp4,7817,260.567,,,,,,,,,,
fiep.mp4,7818,260.600,,,,,,,,,,
fiep.mp4,7819,260.633,,,,,,,,,,
fiep.mp4,7820,260.667,1222.591,681.876,1128.678,632.180,1316.505,731.572,0.395,208.000,,
fiep.mp4,7821,260.700,,,,,,,,,,
fiep.mp4,7822,260.733,,,,,,,,,,
fiep.mp4,7823,260.767,,,,,,,,,,
fiep.mp4,7824,260.800,,,,,,,,,,
fiep.mp4,7825,260.833,,,,,,,,,,
fiep.mp4,7826,260.867,,,,,,,,,,
fiep.mp4,7827,260.900,,,,,,,,,,
fiep.mp4,7828,260.933,,,,,,,,,,
fiep.mp4,7829,260.967,,,,,,,,,,
fiep.mp4,7830,261.000,,,,,,,,,,
fiep.mp4,7831,261.033,,,,,,,,,,
fiep.mp4,7832,261.067,,,,,,,,,,
fiep.mp4,7833,261.100,,,,,,,,,,
fiep.mp4,7834,261.133,,,,,,,,,,
fiep.mp4,7835,261.167,,,,,,,,,,
fiep.mp4,7836,261.200,,,,,,,,,,
fiep.mp4,7837,261.233,,,,,,,,,,
fiep.mp4,7838,261.267,,,,,,,,,,
fiep.mp4,7839,261.300,,,,,,,,,,
fiep.mp4,7840,261.333,,,,,,,,,,
fiep.mp4,7841,261.367,,,,,,,,,,
fiep.mp4,7842,261.400,,,,,,,,,,
fiep.mp4,7843,261.433,,,,,,,,,,
fiep.mp4,7844,261.467,,,,,,,,,,
fiep.mp4,7845,261.500,,,,,,,,,,
fiep.mp4,7846,261.533,,,,,,,,,,
fiep.mp4,7847,261.567,,,,,,,,,,
fiep.mp4,7848,261.600,,,,,,,,,,
fiep.mp4,7849,261.633,1223.501,682.171,1128.468,631.832,1318.534,732.511,0.335,208.000,,
fiep.mp4,7850,261.667,1370.830,892.828,1263.420,744.294,1478.240,1041.363,0.715,210.000,,
fiep.mp4,7851,261.700,1372.666,892.962,1265.705,745.197,1479.628,1040.728,0.750,210.000,,
fiep.mp4,7852,261.733,1374.573,892.755,1267.454,745.042,1481.691,1040.468,0.719,210.000,,
fiep.mp4,7853,261.767,1375.273,893.229,1267.735,745.393,1482.811,1041.065,0.741,210.000,,
fiep.mp4,7854,261.800,1372.505,889.613,1264.423,741.898,1480.586,1037.328,0.752,210.000,,
fiep.mp4,7855,261.833,1367.959,885.355,1260.182,739.564,1475.736,1031.146,0.743,210.000,,
fiep.mp4,7856,261.867,1365.683,880.306,1259.713,738.926,1471.654,1021.686,0.763,210.000,,
fiep.mp4,7857,261.900,1363.117,875.200,1258.100,737.387,1468.134,1013.012,0.555,210.000,,
fiep.mp4,7858,261.933,1223.080,683.378,1127.754,632.421,1318.407,734.336,0.335,208.000,,
fiep.mp4,7859,261.967,1223.072,683.221,1128.021,632.358,1318.123,734.085,0.379,208.000,,
fiep.mp4,7860,262.000,1360.633,869.017,1254.791,733.372,1466.476,1004.662,0.362,210.000,,
fiep.mp4,7861,262.033,1360.188,868.603,1254.165,733.755,1466.212,1003.451,0.526,210.000,,
fiep.mp4,7862,262.067,1358.596,867.844,1251.158,731.363,1466.034,1004.325,0.379,210.000,,
fiep.mp4,7863,262.100,,,,,,,,,,
fiep.mp4,7864,262.133,1357.905,868.798,1250.998,732.693,1464.812,1004.903,0.423,210.000,,
fiep.mp4,7865,262.167,,,,,,,,,,
fiep.mp4,7866,262.200,,,,,,,,,,
fiep.mp4,7867,262.233,,,,,,,,,,
fiep.mp4,7868,262.267,,,,,,,,,,
fiep.mp4,7869,262.300,1358.981,869.564,1253.033,734.110,1464.928,1005.019,0.495,210.000,,
fiep.mp4,7870,262.333,1359.640,869.783,1254.355,734.753,1464.924,1004.813,0.531,210.000,,
fiep.mp4,7871,262.367,1360.301,869.860,1255.489,735.005,1465.114,1004.715,0.506,210.000,,
fiep.mp4,7872,262.400,,,,,,,,,,
fiep.mp4,7873,262.433,1361.579,870.181,1257.282,735.544,1465.875,1004.818,0.550,210.000,,
fiep.mp4,7874,262.467,1362.160,870.236,1258.242,735.671,1466.079,1004.801,0.601,210.000,,
fiep.mp4,7875,262.500,1361.692,869.190,1257.294,733.503,1466.090,1004.877,0.524,210.000,,
fiep.mp4,7876,262.533,1361.291,865.020,1254.301,724.949,1468.281,1005.091,0.443,210.000,,
fiep.mp4,7877,262.567,,,,,,,,,,
fiep.mp4,7878,262.600,1223.106,681.859,1130.694,632.571,1315.519,731.147,0.368,208.000,,
fiep.mp4,7879,262.633,1222.826,681.721,1130.333,632.530,1315.319,730.912,0.313,208.000,,
fiep.mp4,7880,262.667,1222.790,681.974,1129.732,632.544,1315.848,731.405,0.353,208.000,,
fiep.mp4,7881,262.700,1360.970,873.022,1260.006,741.289,1461.933,1004.755,0.521,210.000,,
fiep.mp4,7882,262.733,1360.789,875.466,1261.326,746.492,1460.252,1004.441,0.590,210.000,,
fiep.mp4,7883,262.767,1360.433,876.910,1261.554,749.456,1459.312,1004.363,0.578,210.000,,
fiep.mp4,7884,262.800,1359.758,877.995,1261.091,751.399,1458.425,1004.591,0.602,210.000,,
fiep.mp4,7885,262.833,1359.550,879.181,1260.653,752.723,1458.446,1005.638,0.543,210.000,,
fiep.mp4,7886,262.867,1358.582,879.522,1260.040,754.143,1457.124,1004.902,0.533,210.000,,
fiep.mp4,7887,262.900,,,,,,,,,,
fiep.mp4,7888,262.933,,,,,,,,,,
fiep.mp4,7889,262.967,,,,,,,,,,
fiep.mp4,7890,263.000,,,,,,,,,,
fiep.mp4,7891,263.033,,,,,,,,,,
fiep.mp4,7892,263.067,,,,,,,,,,
fiep.mp4,7893,263.100,,,,,,,,,,
fiep.mp4,7894,263.133,,,,,,,,,,
fiep.mp4,7895,263.167,,,,,,,,,,
fiep.mp4,7896,263.200,,,,,,,,,,
fiep.mp4,7897,263.233,,,,,,,,,,
fiep.mp4,7898,263.267,,,,,,,,,,
fiep.mp4,7899,263.300,,,,,,,,,,
fiep.mp4,7900,263.333,,,,,,,,,,
fiep.mp4,7901,263.367,,,,,,,,,,
fiep.mp4,7902,263.400,,,,,,,,,,
fiep.mp4,7903,263.433,,,,,,,,,,
fiep.mp4,7904,263.467,,,,,,,,,,
fiep.mp4,7905,263.500,,,,,,,,,,
fiep.mp4,7906,263.533,,,,,,,,,,
fiep.mp4,7907,263.567,,,,,,,,,,
fiep.mp4,7908,263.600,,,,,,,,,,
fiep.mp4,7909,263.633,,,,,,,,,,
fiep.mp4,7910,263.667,,,,,,,,,,
fiep.mp4,7911,263.700,,,,,,,,,,
fiep.mp4,7912,263.733,,,,,,,,,,
fiep.mp4,7913,263.767,,,,,,,,,,
fiep.mp4,7914,263.800,1357.904,876.839,1216.125,750.088,1499.683,1003.590,0.284,,,
fiep.mp4,7915,263.833,1357.829,876.332,1215.708,750.133,1499.950,1002.531,0.281,,,
fiep.mp4,7916,263.867,1356.691,879.112,1245.866,753.404,1467.515,1004.820,0.395,210.000,,
fiep.mp4,7917,263.900,1356.114,878.873,1237.924,752.451,1474.304,1005.295,0.523,210.000,,
fiep.mp4,7918,263.933,1355.512,879.307,1233.857,753.853,1477.167,1004.761,0.372,210.000,,
fiep.mp4,7919,263.967,1354.015,879.755,1230.220,755.002,1477.810,1004.509,0.381,210.000,,
fiep.mp4,7920,264.000,1352.316,880.019,1227.286,756.251,1477.346,1003.787,0.338,210.000,,
fiep.mp4,7921,264.033,,,,,,,,,,
fiep.mp4,7922,264.067,1222.624,682.471,1127.946,633.064,1317.302,731.879,0.300,,,
fiep.mp4,7923,264.100,1347.250,881.258,1221.079,758.111,1473.421,1004.405,0.513,210.000,,
fiep.mp4,7924,264.133,,,,,,,,,,
fiep.mp4,7925,264.167,,,,,,,,,,
fiep.mp4,7926,264.200,1342.499,883.568,1218.626,764.278,1466.372,1002.857,0.436,210.000,,
fiep.mp4,7927,264.233,1340.269,883.783,1215.809,764.786,1464.729,1002.780,0.548,210.000,,
fiep.mp4,7928,264.267,1337.973,883.302,1212.913,764.075,1463.032,1002.529,0.587,210.000,,
fiep.mp4,7929,264.300,1336.794,882.623,1210.860,762.606,1462.728,1002.639,0.613,210.000,,
fiep.mp4,7930,264.333,1336.275,882.367,1209.987,762.022,1462.563,1002.711,0.674,210.000,,
fiep.mp4,7931,264.367,1336.876,882.048,1211.281,762.424,1462.472,1001.673,0.714,210.000,,
fiep.mp4,7932,264.400,1337.468,882.424,1212.407,763.429,1462.529,1001.419,0.645,210.000,,
fiep.mp4,7933,264.433,1338.051,882.695,1213.232,764.125,1462.871,1001.266,0.735,210.000,,
fiep.mp4,7934,264.467,1338.672,882.473,1213.840,764.026,1463.505,1000.921,0.787,210.000,,
fiep.mp4,7935,264.500,1339.794,883.521,1213.550,763.469,1466.039,1003.574,0.802,210.000,,
fiep.mp4,7936,264.533,1339.869,882.289,1213.961,762.497,1465.777,1002.081,0.744,210.000,,
fiep.mp4,7937,264.567,1340.089,882.603,1213.038,761.375,1467.139,1003.831,0.789,210.000,,
fiep.mp4,7938,264.600,1340.369,882.974,1213.439,761.567,1467.298,1004.381,0.789,210.000,,
fiep.mp4,7939,264.633,1340.622,882.716,1213.656,760.876,1467.589,1004.556,0.749,210.000,,
fiep.mp4,7940,264.667,1340.503,881.994,1212.989,759.141,1468.016,1004.848,0.759,210.000,,
fiep.mp4,7941,264.700,1340.595,881.103,1212.707,757.397,1468.483,1004.810,0.679,210.000,,
fiep.mp4,7942,264.733,1340.464,880.340,1212.426,755.956,1468.503,1004.723,0.672,210.000,,
fiep.mp4,7943,264.767,1340.367,878.251,1211.953,752.922,1468.781,1003.581,0.698,210.000,,
fiep.mp4,7944,264.800,1341.276,879.091,1213.568,753.856,1468.984,1004.327,0.749,210.000,,
fiep.mp4,7945,264.833,1342.560,880.164,1216.379,755.870,1468.742,1004.459,0.698,210.000,,
fiep.mp4,7946,264.867,1343.268,881.193,1218.507,757.823,1468.029,1004.563,0.759,210.000,,
fiep.mp4,7947,264.900,1343.258,881.830,1219.369,758.902,1467.147,1004.759,0.751,210.000,,
fiep.mp4,7948,264.933,1342.695,882.734,1219.875,760.602,1465.514,1004.867,0.765,210.000,,
fiep.mp4,7949,264.967,1341.971,883.619,1220.156,762.370,1463.786,1004.869,0.650,210.000,,
fiep.mp4,7950,265.000,1341.482,884.222,1220.320,763.567,1462.645,1004.876,0.649,210.000,,
fiep.mp4,7951,265.033,,,,,,,,,,
fiep.mp4,7952,265.067,,,,,,,,,,
fiep.mp4,7953,265.100,,,,,,,,,,
fiep.mp4,7954,265.133,,,,,,,,,,
fiep.mp4,7955,265.167,,,,,,,,,,
fiep.mp4,7956,265.200,,,,,,,,,,
fiep.mp4,7957,265.233,,,,,,,,,,
fiep.mp4,7958,265.267,,,,,,,,,,
fiep.mp4,7959,265.300,,,,,,,,,,
fiep.mp4,7960,265.333,,,,,,,,,,
fiep.mp4,7961,265.367,,,,,,,,,,
fiep.mp4,7962,265.400,,,,,,,,,,
fiep.mp4,7963,265.433,,,,,,,,,,
fiep.mp4,7964,265.467,,,,,,,,,,
fiep.mp4,7965,265.500,,,,,,,,,,
fiep.mp4,7966,265.533,,,,,,,,,,
fiep.mp4,7967,265.567,,,,,,,,,,
fiep.mp4,7968,265.600,,,,,,,,,,
fiep.mp4,7969,265.633,,,,,,,,,,
fiep.mp4,7970,265.667,1335.356,896.851,1196.723,753.491,1473.989,1040.212,0.403,210.000,,
fiep.mp4,7971,265.700,1335.184,894.546,1201.193,752.963,1469.175,1036.129,0.389,210.000,,
fiep.mp4,7972,265.733,1334.990,892.288,1205.263,753.625,1464.718,1030.951,0.446,210.000,,
fiep.mp4,7973,265.767,1334.061,891.042,1206.744,753.838,1461.379,1028.246,0.535,210.000,,
fiep.mp4,7974,265.800,1333.561,888.864,1209.375,754.699,1457.747,1023.030,0.579,210.000,,
fiep.mp4,7975,265.833,1333.161,886.662,1211.761,755.638,1454.562,1017.687,0.597,210.000,,
fiep.mp4,7976,265.867,1333.056,884.771,1214.102,757.055,1452.011,1012.488,0.564,210.000,,
fiep.mp4,7977,265.900,1332.914,882.452,1216.214,758.077,1449.614,1006.827,0.597,210.000,,
fiep.mp4,7978,265.933,1333.015,880.909,1218.155,759.606,1447.875,1002.213,0.584,210.000,,
fiep.mp4,7979,265.967,1333.259,880.894,1220.147,762.759,1446.370,999.028,0.639,210.000,,
fiep.mp4,7980,266.000,1333.390,880.371,1220.584,763.764,1446.196,996.979,0.649,210.000,,
fiep.mp4,7981,266.033,1334.395,880.343,1221.616,764.999,1447.174,995.686,0.570,210.000,,
fiep.mp4,7982,266.067,1334.897,880.747,1221.388,765.785,1448.406,995.709,0.587,210.000,,
fiep.mp4,7983,266.100,1335.264,880.970,1220.911,766.127,1449.617,995.814,0.534,210.000,,
fiep.mp4,7984,266.133,1334.759,881.286,1219.734,766.564,1449.784,996.009,0.595,210.000,,
fiep.mp4,7985,266.167,,,,,,,,,,
fiep.mp4,7986,266.200,,,,,,,,,,
fiep.mp4,7987,266.233,,,,,,,,,,
fiep.mp4,7988,266.267,,,,,,,,,,
fiep.mp4,7989,266.300,,,,,,,,,,
fiep.mp4,7990,266.333,,,,,,,,,,
fiep.mp4,7991,266.367,,,,,,,,,,
fiep.mp4,7992,266.400,,,,,,,,,,
fiep.mp4,7993,266.433,,,,,,,,,,
fiep.mp4,7994,266.467,,,,,,,,,,
fiep.mp4,7995,266.500,,,,,,,,,,
fiep.mp4,7996,266.533,1332.589,882.428,1219.870,770.637,1445.308,994.218,0.349,210.000,,
fiep.mp4,7997,266.567,1332.512,881.873,1218.707,769.389,1446.317,994.357,0.251,210.000,,
fiep.mp4,7998,266.600,,,,,,,,,,
fiep.mp4,7999,266.633,,,,,,,,,,
fiep.mp4,8000,266.667,,,,,,,,,,
fiep.mp4,8001,266.700,1334.333,880.712,1219.125,766.915,1449.542,994.509,0.415,210.000,,
fiep.mp4,8002,266.733,1334.297,879.854,1218.346,765.327,1450.248,994.381,0.252,210.000,,
fiep.mp4,8003,266.767,1334.495,879.313,1217.991,764.131,1450.998,994.494,0.304,210.000,,
fiep.mp4,8004,266.800,1334.808,878.814,1217.860,763.042,1451.757,994.585,0.378,210.000,,
fiep.mp4,8005,266.833,1335.757,878.394,1218.634,762.141,1452.880,994.646,0.402,210.000,,
fiep.mp4,8006,266.867,1337.196,878.790,1220.139,762.092,1454.252,995.488,0.353,210.000,,
fiep.mp4,8007,266.900,1339.935,879.823,1224.106,763.656,1455.764,995.989,0.372,210.000,,
fiep.mp4,8008,266.933,1340.980,881.094,1226.835,766.207,1455.124,995.980,0.369,210.000,,
fiep.mp4,8009,266.967,1343.232,881.902,1230.423,767.729,1456.040,996.076,0.426,210.000,,
fiep.mp4,8010,267.000,1345.322,882.681,1233.873,769.203,1456.770,996.158,0.362,210.000,,
fiep.mp4,8011,267.033,1347.164,882.341,1236.203,768.495,1458.126,996.187,0.366,210.000,,
fiep.mp4,8012,267.067,1348.564,882.209,1238.683,768.653,1458.446,995.765,0.364,210.000,,
fiep.mp4,8013,267.100,1348.554,882.685,1239.766,769.661,1457.342,995.709,0.340,210.000,,
fiep.mp4,8014,267.133,,,,,,,,,,
fiep.mp4,8015,267.167,1347.541,884.013,1240.260,772.269,1454.821,995.758,0.371,210.000,,
fiep.mp4,8016,267.200,1347.783,884.551,1241.048,773.081,1454.518,996.022,0.437,210.000,,
fiep.mp4,8017,267.233,1347.425,885.027,1241.338,774.190,1453.512,995.863,0.458,210.000,,
fiep.mp4,8018,267.267,1347.001,886.094,1241.567,776.057,1452.435,996.131,0.475,210.000,,
fiep.mp4,8019,267.300,1346.703,886.517,1241.471,776.879,1451.935,996.155,0.483,210.000,,
fiep.mp4,8020,267.333,,,,,,,,,,
fiep.mp4,8021,267.367,,,,,,,,,,
fiep.mp4,8022,267.400,,,,,,,,,,
fiep.mp4,8023,267.433,,,,,,,,,,
fiep.mp4,8024,267.467,,,,,,,,,,
fiep.mp4,8025,267.500,1222.596,682.468,1128.239,633.157,1316.952,731.779,0.290,,,
fiep.mp4,8026,267.533,1223.331,682.583,1128.702,632.655,1317.960,732.512,0.289,,,
fiep.mp4,8027,267.567,1346.260,888.308,1240.382,778.352,1452.138,998.265,0.358,210.000,,
fiep.mp4,8028,267.600,1345.468,887.282,1239.206,777.258,1451.729,997.307,0.435,210.000,,
fiep.mp4,8029,267.633,1345.588,887.281,1239.706,777.713,1451.469,996.848,0.377,210.000,,
fiep.mp4,8030,267.667,1345.827,886.867,1239.944,777.149,1451.709,996.585,0.366,210.000,,
fiep.mp4,8031,267.700,1345.669,886.368,1240.068,776.837,1451.270,995.898,0.250,210.000,,
fiep.mp4,8032,267.733,1345.263,886.297,1239.800,776.700,1450.725,995.895,0.286,210.000,,
fiep.mp4,8033,267.767,,,,,,,,,,
fiep.mp4,8034,267.800,1345.271,885.420,1239.040,774.604,1451.502,996.236,0.334,210.000,,
fiep.mp4,8035,267.833,1223.009,683.125,1127.765,632.848,1318.253,733.403,0.290,215.000,,
fiep.mp4,8036,267.867,1222.698,683.077,1127.955,633.075,1317.442,733.078,0.252,215.000,,
fiep.mp4,8037,267.900,1343.025,883.807,1235.831,771.517,1450.219,996.097,0.313,210.000,,
fiep.mp4,8038,267.933,,,,,,,,,,
fiep.mp4,8039,267.967,,,,,,,,,,
fiep.mp4,8040,268.000,,,,,,,,,,
fiep.mp4,8041,268.033,,,,,,,,,,
fiep.mp4,8042,268.067,,,,,,,,,,
fiep.mp4,8043,268.100,,,,,,,,,,
fiep.mp4,8044,268.133,,,,,,,,,,
fiep.mp4,8045,268.167,,,,,,,,,,
fiep.mp4,8046,268.200,,,,,,,,,,
fiep.mp4,8047,268.233,,,,,,,,,,
fiep.mp4,8048,268.267,,,,,,,,,,
fiep.mp4,8049,268.300,,,,,,,,,,
fiep.mp4,8050,268.333,,,,,,,,,,
fiep.mp4,8051,268.367,,,,,,,,,,
fiep.mp4,8052,268.400,,,,,,,,,,
fiep.mp4,8053,268.433,,,,,,,,,,
fiep.mp4,8054,268.467,,,,,,,,,,
fiep.mp4,8055,268.500,,,,,,,,,,
fiep.mp4,8056,268.533,,,,,,,,,,
fiep.mp4,8057,268.567,,,,,,,,,,
fiep.mp4,8058,268.600,,,,,,,,,,
fiep.mp4,8059,268.633,,,,,,,,,,
fiep.mp4,8060,268.667,,,,,,,,,,
fiep.mp4,8061,268.700,,,,,,,,,,
fiep.mp4,8062,268.733,,,,,,,,,,
fiep.mp4,8063,268.767,,,,,,,,,,
fiep.mp4,8064,268.800,,,,,,,,,,
fiep.mp4,8065,268.833,,,,,,,,,,
fiep.mp4,8066,268.867,,,,,,,,,,
fiep.mp4,8067,268.900,,,,,,,,,,
fiep.mp4,8068,268.933,,,,,,,,,,
fiep.mp4,8069,268.967,,,,,,,,,,
fiep.mp4,8070,269.000,,,,,,,,,,
fiep.mp4,8071,269.033,,,,,,,,,,
fiep.mp4,8072,269.067,,,,,,,,,,
fiep.mp4,8073,269.100,,,,,,,,,,
fiep.mp4,8074,269.133,,,,,,,,,,
fiep.mp4,8075,269.167,,,,,,,,,,
fiep.mp4,8076,269.200,,,,,,,,,,
fiep.mp4,8077,269.233,,,,,,,,,,
fiep.mp4,8078,269.267,1341.385,881.112,1229.344,767.246,1453.427,994.977,0.405,,,
fiep.mp4,8079,269.300,1341.619,881.532,1230.337,768.433,1452.902,994.630,0.320,216.000,,
fiep.mp4,8080,269.333,1342.116,881.982,1230.893,768.920,1453.338,995.043,0.440,216.000,,
fiep.mp4,8081,269.367,1342.102,882.088,1230.951,769.053,1453.252,995.123,0.394,216.000,,
fiep.mp4,8082,269.400,1341.682,882.083,1230.500,768.939,1452.864,995.228,0.284,216.000,,
fiep.mp4,8083,269.433,1341.473,882.250,1230.348,769.040,1452.599,995.460,0.276,216.000,,
fiep.mp4,8084,269.467,,,,,,,,,,
fiep.mp4,8085,269.500,1341.858,882.100,1230.420,768.323,1453.296,995.877,0.388,216.000,,
fiep.mp4,8086,269.533,1342.059,882.081,1230.805,768.243,1453.314,995.919,0.480,216.000,,
fiep.mp4,8087,269.567,1341.979,882.417,1230.973,768.610,1452.985,996.225,0.458,216.000,,
fiep.mp4,8088,269.600,1341.802,882.080,1230.485,767.734,1453.120,996.426,0.405,216.000,,
fiep.mp4,8089,269.633,1341.705,881.823,1230.404,767.334,1453.006,996.312,0.391,216.000,,
fiep.mp4,8090,269.667,1341.838,881.824,1230.704,767.369,1452.971,996.279,0.431,216.000,,
fiep.mp4,8091,269.700,1342.280,881.962,1231.287,767.516,1453.274,996.409,0.522,216.000,,
fiep.mp4,8092,269.733,1341.962,881.709,1230.959,767.172,1452.966,996.245,0.500,216.000,,
fiep.mp4,8093,269.767,1341.894,881.815,1231.460,767.908,1452.328,995.723,0.579,216.000,,
fiep.mp4,8094,269.800,1341.983,881.997,1231.857,768.445,1452.109,995.550,0.597,216.000,,
fiep.mp4,8095,269.833,1341.658,881.778,1231.471,768.156,1451.844,995.400,0.566,216.000,,
fiep.mp4,8096,269.867,1341.184,881.536,1230.841,767.719,1451.527,995.353,0.508,216.000,,
fiep.mp4,8097,269.900,1341.283,881.570,1231.057,767.805,1451.509,995.335,0.476,216.000,,
fiep.mp4,8098,269.933,1341.439,881.534,1231.211,767.666,1451.666,995.402,0.507,216.000,,
fiep.mp4,8099,269.967,1341.385,881.575,1231.063,767.503,1451.706,995.647,0.495,216.000,,
fiep.mp4,8100,270.000,1341.254,881.832,1231.453,768.264,1451.056,995.400,0.500,216.000,,
fiep.mp4,8101,270.033,1341.500,881.944,1232.027,768.620,1450.972,995.268,0.541,216.000,,
fiep.mp4,8102,270.067,1341.543,881.822,1232.183,768.465,1450.902,995.179,0.497,216.000,,
fiep.mp4,8103,270.100,1341.340,881.823,1232.008,768.346,1450.672,995.300,0.486,216.000,,
fiep.mp4,8104,270.133,1340.976,881.856,1231.750,768.354,1450.201,995.357,0.533,216.000,,
fiep.mp4,8105,270.167,1340.978,881.796,1231.821,768.196,1450.134,995.397,0.549,216.000,,
fiep.mp4,8106,270.200,1340.949,881.726,1231.855,767.998,1450.044,995.454,0.539,216.000,,
fiep.mp4,8107,270.233,1340.634,881.621,1231.601,767.780,1449.667,995.461,0.511,216.000,,
fiep.mp4,8108,270.267,1340.372,881.587,1231.504,767.751,1449.240,995.423,0.537,216.000,,
fiep.mp4,8109,270.300,1339.798,881.539,1231.048,767.730,1448.549,995.347,0.553,216.000,,
fiep.mp4,8110,270.333,1339.446,881.645,1230.819,767.909,1448.073,995.380,0.555,216.000,,
fiep.mp4,8111,270.367,1338.931,881.537,1230.232,767.721,1447.630,995.353,0.582,216.000,,
fiep.mp4,8112,270.400,1338.477,881.482,1229.641,767.569,1447.312,995.395,0.478,216.000,,
fiep.mp4,8113,270.433,1338.442,881.441,1229.509,767.477,1447.375,995.406,0.434,216.000,,
fiep.mp4,8114,270.467,1338.279,881.500,1229.335,767.600,1447.224,995.400,0.357,216.000,,
fiep.mp4,8115,270.500,,,,,,,,,,
fiep.mp4,8116,270.533,1338.340,880.973,1228.947,766.659,1447.732,995.286,0.285,216.000,,
fiep.mp4,8117,270.567,,,,,,,,,,
fiep.mp4,8118,270.600,,,,,,,,,,
fiep.mp4,8119,270.633,,,,,,,,,,
fiep.mp4,8120,270.667,,,,,,,,,,
fiep.mp4,8121,270.700,1339.458,882.437,1229.506,767.319,1449.409,997.556,0.407,216.000,,
fiep.mp4,8122,270.733,1222.587,682.952,1127.985,632.699,1317.188,733.206,0.408,217.000,,
fiep.mp4,8123,270.767,1222.957,682.966,1128.031,632.481,1317.882,733.450,0.331,217.000,,
fiep.mp4,8124,270.800,1223.096,683.003,1128.107,632.428,1318.085,733.577,0.270,217.000,,
fiep.mp4,8125,270.833,1223.140,683.028,1128.222,632.444,1318.057,733.612,0.293,217.000,,
fiep.mp4,8126,270.867,,,,,,,,,,
fiep.mp4,8127,270.900,1222.403,683.040,1128.211,632.866,1316.596,733.213,0.275,217.000,,
fiep.mp4,8128,270.933,,,,,,,,,,
fiep.mp4,8129,270.967,,,,,,,,,,
fiep.mp4,8130,271.000,1223.035,683.163,1128.080,632.544,1317.990,733.782,0.275,217.000,,
fiep.mp4,8131,271.033,1223.138,683.090,1128.275,632.499,1318.001,733.681,0.295,217.000,,
fiep.mp4,8132,271.067,1223.206,683.052,1128.433,632.493,1317.979,733.611,0.300,217.000,,
fiep.mp4,8133,271.100,1223.302,682.983,1128.607,632.457,1317.997,733.509,0.293,217.000,,
fiep.mp4,8134,271.133,1223.350,682.932,1128.761,632.457,1317.940,733.407,0.281,217.000,,
fiep.mp4,8135,271.167,,,,,,,,,,
fiep.mp4,8136,271.200,,,,,,,,,,
fiep.mp4,8137,271.233,,,,,,,,,,
fiep.mp4,8138,271.267,,,,,,,,,,
fiep.mp4,8139,271.300,,,,,,,,,,
fiep.mp4,8140,271.333,,,,,,,,,,
fiep.mp4,8141,271.367,,,,,,,,,,
fiep.mp4,8142,271.400,1223.352,682.999,1128.901,632.612,1317.802,733.386,0.274,217.000,,
fiep.mp4,8143,271.433,1223.560,683.025,1128.938,632.522,1318.182,733.527,0.299,217.000,,
fiep.mp4,8144,271.467,1223.605,683.085,1128.961,632.567,1318.249,733.602,0.286,217.000,,
fiep.mp4,8145,271.500,1223.370,683.047,1128.726,632.558,1318.013,733.536,0.267,217.000,,
fiep.mp4,8146,271.533,1223.346,683.011,1128.601,632.483,1318.090,733.539,0.293,217.000,,
fiep.mp4,8147,271.567,1223.285,682.989,1128.465,632.428,1318.106,733.549,0.313,217.000,,
fiep.mp4,8148,271.600,1223.214,682.904,1128.379,632.347,1318.048,733.462,0.326,217.000,,
fiep.mp4,8149,271.633,1335.846,881.991,1224.159,767.447,1447.532,996.535,0.382,216.000,,
fiep.mp4,8150,271.667,1335.831,881.770,1223.913,767.177,1447.749,996.363,0.558,216.000,,
fiep.mp4,8151,271.700,1336.057,881.725,1224.061,767.199,1448.053,996.252,0.489,216.000,,
fiep.mp4,8152,271.733,1336.101,881.158,1224.392,767.320,1447.810,994.995,0.498,216.000,,
fiep.mp4,8153,271.767,1336.106,881.490,1223.750,767.209,1448.463,995.770,0.572,216.000,,
fiep.mp4,8154,271.800,1336.277,881.181,1224.016,767.291,1448.538,995.071,0.586,216.000,,
fiep.mp4,8155,271.833,1336.345,881.273,1223.362,766.796,1449.328,995.751,0.496,216.000,,
fiep.mp4,8156,271.867,1336.631,881.237,1223.162,766.383,1450.099,996.091,0.517,216.000,,
fiep.mp4,8157,271.900,1336.766,881.076,1223.870,767.063,1449.661,995.089,0.581,216.000,,
fiep.mp4,8158,271.933,1336.637,881.471,1223.144,766.952,1450.131,995.991,0.516,216.000,,
fiep.mp4,8159,271.967,1336.886,881.102,1224.038,767.518,1449.734,994.686,0.605,216.000,,
fiep.mp4,8160,272.000,1337.148,881.308,1224.192,767.653,1450.105,994.962,0.475,216.000,,
fiep.mp4,8161,272.033,1337.622,881.556,1224.846,768.103,1450.398,995.009,0.468,216.000,,
fiep.mp4,8162,272.067,1337.625,881.732,1224.365,767.804,1450.885,995.660,0.540,216.000,,
fiep.mp4,8163,272.100,1337.835,881.586,1224.961,768.058,1450.710,995.113,0.576,216.000,,
fiep.mp4,8164,272.133,1338.321,881.815,1225.820,768.673,1450.822,994.957,0.522,216.000,,
fiep.mp4,8165,272.167,1338.120,881.694,1225.529,768.495,1450.711,994.893,0.463,216.000,,
fiep.mp4,8166,272.200,1337.763,881.585,1224.811,768.020,1450.715,995.150,0.440,216.000,,
fiep.mp4,8167,272.233,1337.377,881.122,1224.603,767.857,1450.150,994.386,0.421,216.000,,
fiep.mp4,8168,272.267,1223.412,682.820,1128.554,632.483,1318.271,733.157,0.362,217.000,,
fiep.mp4,8169,272.300,1223.500,682.739,1128.763,632.480,1318.237,732.998,0.390,217.000,,
fiep.mp4,8170,272.333,1337.737,881.475,1224.744,767.859,1450.730,995.092,0.427,216.000,,
fiep.mp4,8171,272.367,1337.664,881.405,1224.553,767.549,1450.776,995.260,0.423,216.000,,
fiep.mp4,8172,272.400,1223.557,682.762,1128.680,632.443,1318.433,733.081,0.395,217.000,,
fiep.mp4,8173,272.433,1223.703,682.853,1128.796,632.511,1318.611,733.195,0.374,217.000,,
fiep.mp4,8174,272.467,1223.759,682.987,1128.772,632.580,1318.746,733.394,0.313,217.000,,
fiep.mp4,8175,272.500,1337.357,880.881,1224.323,766.837,1450.392,994.925,0.390,216.000,,
fiep.mp4,8176,272.533,1337.235,880.880,1224.326,766.943,1450.143,994.817,0.460,216.000,,
fiep.mp4,8177,272.567,1337.406,881.010,1224.702,767.177,1450.109,994.843,0.431,216.000,,
fiep.mp4,8178,272.600,1337.558,880.978,1224.989,767.175,1450.126,994.781,0.412,216.000,,
fiep.mp4,8179,272.633,1223.832,682.818,1129.243,632.582,1318.421,733.053,0.309,217.000,,
fiep.mp4,8180,272.667,1223.824,682.813,1129.200,632.557,1318.449,733.070,0.296,217.000,,
fiep.mp4,8181,272.700,1337.513,881.030,1225.131,767.290,1449.895,994.771,0.438,216.000,,
fiep.mp4,8182,272.733,1338.122,881.296,1226.171,767.822,1450.074,994.771,0.455,216.000,,
fiep.mp4,8183,272.767,1338.487,881.655,1226.959,768.438,1450.015,994.871,0.463,216.000,,
fiep.mp4,8184,272.800,1338.674,881.760,1227.423,768.641,1449.925,994.878,0.440,216.000,,
fiep.mp4,8185,272.833,1338.329,881.442,1226.988,768.056,1449.671,994.828,0.397,216.000,,
fiep.mp4,8186,272.867,1223.974,682.863,1129.045,632.477,1318.903,733.249,0.277,217.000,,
fiep.mp4,8187,272.900,1224.030,682.841,1129.152,632.484,1318.907,733.198,0.281,217.000,,
fiep.mp4,8188,272.933,1224.061,682.752,1129.218,632.421,1318.904,733.083,0.251,217.000,,
fiep.mp4,8189,272.967,1339.321,881.664,1228.581,768.494,1450.061,994.833,0.348,216.000,,
fiep.mp4,8190,273.000,1339.135,881.552,1228.568,768.273,1449.702,994.832,0.407,216.000,,
fiep.mp4,8191,273.033,1339.295,881.484,1228.911,768.150,1449.678,994.818,0.428,216.000,,
fiep.mp4,8192,273.067,1339.269,881.600,1228.736,767.790,1449.802,995.409,0.402,216.000,,
fiep.mp4,8193,273.100,1339.110,881.625,1228.808,767.893,1449.412,995.357,0.372,216.000,,
fiep.mp4,8194,273.133,1339.010,881.752,1229.112,768.253,1448.908,995.251,0.356,216.000,,
fiep.mp4,8195,273.167,1339.388,881.646,1229.636,768.107,1449.141,995.185,0.374,216.000,,
fiep.mp4,8196,273.200,1339.489,881.594,1229.953,768.205,1449.025,994.983,0.391,216.000,,
fiep.mp4,8197,273.233,1339.301,881.361,1229.590,767.764,1449.012,994.958,0.397,216.000,,
fiep.mp4,8198,273.267,1339.775,881.776,1230.064,768.053,1449.486,995.500,0.458,216.000,,
fiep.mp4,8199,273.300,1339.557,881.447,1229.886,767.822,1449.229,995.072,0.431,216.000,,
fiep.mp4,8200,273.333,1340.378,881.939,1230.796,768.304,1449.961,995.573,0.395,216.000,,
fiep.mp4,8201,273.367,1340.574,882.272,1231.070,768.626,1450.079,995.918,0.421,216.000,,
fiep.mp4,8202,273.400,1340.751,882.497,1231.456,768.978,1450.046,996.015,0.431,216.000,,
fiep.mp4,8203,273.433,1340.703,882.475,1231.579,769.121,1449.827,995.830,0.358,216.000,,
fiep.mp4,8204,273.467,1340.814,882.402,1231.614,768.880,1450.014,995.924,0.398,216.000,,
fiep.mp4,8205,273.500,1340.824,882.194,1231.615,768.590,1450.033,995.799,0.459,216.000,,
fiep.mp4,8206,273.533,1341.175,882.088,1232.026,768.458,1450.324,995.719,0.424,216.000,,
fiep.mp4,8207,273.567,1341.290,882.030,1232.190,768.388,1450.389,995.672,0.431,216.000,,
fiep.mp4,8208,273.600,1341.228,881.966,1232.270,768.440,1450.185,995.492,0.414,216.000,,
fiep.mp4,8209,273.633,1341.361,881.891,1232.468,768.391,1450.254,995.391,0.429,216.000,,
fiep.mp4,8210,273.667,1341.390,881.623,1232.404,767.969,1450.377,995.276,0.401,216.000,,
fiep.mp4,8211,273.700,1341.597,881.782,1232.855,768.325,1450.340,995.240,0.414,216.000,,
fiep.mp4,8212,273.733,1341.597,881.414,1232.684,767.694,1450.509,995.134,0.396,216.000,,
fiep.mp4,8213,273.767,1341.516,881.739,1232.749,768.137,1450.283,995.341,0.379,216.000,,
fiep.mp4,8214,273.800,1341.223,881.765,1232.386,768.098,1450.060,995.431,0.374,216.000,,
fiep.mp4,8215,273.833,,,,,,,,,,
fiep.mp4,8216,273.867,1223.600,682.858,1128.545,632.381,1318.656,733.336,0.254,217.000,,
fiep.mp4,8217,273.900,1340.705,881.878,1231.971,768.457,1449.439,995.300,0.416,216.000,,
fiep.mp4,8218,273.933,1340.576,881.692,1231.452,767.895,1449.699,995.489,0.347,216.000,,
fiep.mp4,8219,273.967,1340.183,881.463,1231.014,767.760,1449.352,995.167,0.277,216.000,,
fiep.mp4,8220,274.000,1223.681,683.241,1128.132,632.506,1319.230,733.975,0.371,217.000,,
fiep.mp4,8221,274.033,1223.721,683.301,1128.346,632.661,1319.096,733.940,0.368,217.000,,
fiep.mp4,8222,274.067,1223.593,683.405,1128.184,632.758,1319.003,734.052,0.398,217.000,,
fiep.mp4,8223,274.100,1223.422,683.490,1127.867,632.759,1318.977,734.220,0.371,217.000,,
fiep.mp4,8224,274.133,1339.588,881.525,1229.768,767.638,1449.408,995.411,0.480,216.000,,
fiep.mp4,8225,274.167,1223.355,683.357,1127.821,632.637,1318.889,734.076,0.344,217.000,,
fiep.mp4,8226,274.200,1223.435,683.424,1128.123,632.822,1318.748,734.026,0.259,217.000,,
fiep.mp4,8227,274.233,1336.278,880.305,1225.705,766.310,1446.851,994.301,0.465,216.000,,
fiep.mp4,8228,274.267,1336.646,880.581,1226.198,767.102,1447.093,994.060,0.488,216.000,,
fiep.mp4,8229,274.300,1337.245,880.354,1226.655,767.008,1447.835,993.699,0.504,216.000,,
fiep.mp4,8230,274.333,1337.332,880.324,1226.550,767.093,1448.115,993.554,0.516,216.000,,
fiep.mp4,8231,274.367,1337.435,880.219,1226.531,767.127,1448.340,993.311,0.499,216.000,,
fiep.mp4,8232,274.400,1336.756,879.930,1225.301,766.524,1448.211,993.337,0.375,216.000,,
fiep.mp4,8233,274.433,1338.517,879.774,1226.435,766.369,1450.600,993.180,0.266,216.000,,
fiep.mp4,8234,274.467,1344.337,880.747,1231.401,767.649,1457.274,993.844,0.293,216.000,,
fiep.mp4,8235,274.500,,,,,,,,,,
fiep.mp4,8236,274.533,,,,,,,,,,
fiep.mp4,8237,274.567,,,,,,,,,,
fiep.mp4,8238,274.600,,,,,,,,,,
fiep.mp4,8239,274.633,,,,,,,,,,
fiep.mp4,8240,274.667,1344.758,877.818,1226.431,760.659,1463.085,994.978,0.493,216.000,,
fiep.mp4,8241,274.700,1342.007,876.676,1221.724,758.528,1462.290,994.825,0.490,216.000,,
fiep.mp4,8242,274.733,1340.255,875.038,1217.386,755.163,1463.124,994.914,0.258,216.000,,
fiep.mp4,8243,274.767,,,,,,,,,,
fiep.mp4,8244,274.800,,,,,,,,,,
fiep.mp4,8245,274.833,,,,,,,,,,
fiep.mp4,8246,274.867,,,,,,,,,,
fiep.mp4,8247,274.900,,,,,,,,,,
fiep.mp4,8248,274.933,,,,,,,,,,
fiep.mp4,8249,274.967,,,,,,,,,,
fiep.mp4,8250,275.000,,,,,,,,,,
fiep.mp4,8251,275.033,,,,,,,,,,
fiep.mp4,8252,275.067,,,,,,,,,,
fiep.mp4,8253,275.100,,,,,,,,,,
fiep.mp4,8254,275.133,,,,,,,,,,
fiep.mp4,8255,275.167,,,,,,,,,,
fiep.mp4,8256,275.200,,,,,,,,,,
fiep.mp4,8257,275.233,,,,,,,,,,
