video,frame,t,cat_x,cat_y,cat_x1,cat_y1,cat_x2,cat_y2,cat_conf,track_id,teaser_x,teaser_y
orange_cat.mp4,0,0.000,,,,,,,,,,
orange_cat.mp4,1,0.033,,,,,,,,,,
orange_cat.mp4,2,0.067,,,,,,,,,,
orange_cat.mp4,3,0.100,,,,,,,,,,
orange_cat.mp4,4,0.133,,,,,,,,,,
orange_cat.mp4,5,0.167,,,,,,,,,,
orange_cat.mp4,6,0.200,,,,,,,,,,
orange_cat.mp4,7,0.233,,,,,,,,,,
orange_cat.mp4,8,0.267,,,,,,,,,,
orange_cat.mp4,9,0.300,,,,,,,,,,
orange_cat.mp4,10,0.333,,,,,,,,,,
orange_cat.mp4,11,0.367,,,,,,,,,,
orange_cat.mp4,12,0.400,,,,,,,,,,
orange_cat.mp4,13,0.433,,,,,,,,,,
orange_cat.mp4,14,0.467,,,,,,,,,,
orange_cat.mp4,15,0.500,,,,,,,,,,
orange_cat.mp4,16,0.533,,,,,,,,,,
orange_cat.mp4,17,0.567,,,,,,,,,,
orange_cat.mp4,18,0.600,,,,,,,,,,
orange_cat.mp4,19,0.633,,,,,,,,,,
orange_cat.mp4,20,0.667,,,,,,,,,,
orange_cat.mp4,21,0.700,,,,,,,,,,
orange_cat.mp4,22,0.733,,,,,,,,,,
orange_cat.mp4,23,0.767,,,,,,,,,,
orange_cat.mp4,24,0.800,,,,,,,,,,
orange_cat.mp4,25,0.833,,,,,,,,,,
orange_cat.mp4,26,0.867,,,,,,,,,,
orange_cat.mp4,27,0.900,,,,,,,,,,
orange_cat.mp4,28,0.933,,,,,,,,,,
orange_cat.mp4,29,0.967,,,,,,,,,,
orange_cat.mp4,30,1.000,,,,,,,,,,
orange_cat.mp4,31,1.033,,,,,,,,,,
orange_cat.mp4,32,1.067,,,,,,,,,,
orange_cat.mp4,33,1.100,,,,,,,,,,
orange_cat.mp4,34,1.133,,,,,,,,,,
orange_cat.mp4,35,1.167,,,,,,,,,,
orange_cat.mp4,36,1.200,,,,,,,,,,
orange_cat.mp4,37,1.233,,,,,,,,,,
orange_cat.mp4,38,1.267,,,,,,,,,,
orange_cat.mp4,39,1.300,,,,,,,,,,
orange_cat.mp4,40,1.333,,,,,,,,,,
orange_cat.mp4,41,1.367,,,,,,,,,,
orange_cat.mp4,42,1.400,,,,,,,,,,
orange_cat.mp4,43,1.433,,,,,,,,,,
orange_cat.mp4,44,1.467,,,,,,,,,,
orange_cat.mp4,45,1.500,,,,,,,,,,
orange_cat.mp4,46,1.533,,,,,,,,,,
orange_cat.mp4,47,1.567,,,,,,,,,,
orange_cat.mp4,48,1.600,,,,,,,,,,
orange_cat.mp4,49,1.633,,,,,,,,,,
orange_cat.mp4,50,1.667,,,,,,,,,,
orange_cat.mp4,51,1.700,,,,,,,,,,
orange_cat.mp4,52,1.733,,,,,,,,,,
orange_cat.mp4,53,1.767,,,,,,,,,,
orange_cat.mp4,54,1.800,,,,,,,,,,
orange_cat.mp4,55,1.833,,,,,,,,,,
orange_cat.mp4,56,1.867,,,,,,,,,,
orange_cat.mp4,57,1.900,,,,,,,,,,
orange_cat.mp4,58,1.933,,,,,,,,,,
orange_cat.mp4,59,1.967,,,,,,,,,,
orange_cat.mp4,60,2.000,,,,,,,,,,
orange_cat.mp4,61,2.033,,,,,,,,,,
orange_cat.mp4,62,2.067,,,,,,,,,,
orange_cat.mp4,63,2.100,,,,,,,,,,
orange_cat.mp4,64,2.133,,,,,,,,,,
orange_cat.mp4,65,2.167,,,,,,,,,,
orange_cat.mp4,66,2.200,,,,,,,,,,
orange_cat.mp4,67,2.233,,,,,,,,,,
orange_cat.mp4,68,2.267,,,,,,,,,,
orange_cat.mp4,69,2.300,,,,,,,,,,
orange_cat.mp4,70,2.333,,,,,,,,,,
orange_cat.mp4,71,2.367,,,,,,,,,,
orange_cat.mp4,72,2.400,,,,,,,,,,
orange_cat.mp4,73,2.433,,,,,,,,,,
orange_cat.mp4,74,2.467,,,,,,,,,,
orange_cat.mp4,75,2.500,,,,,,,,,,
orange_cat.mp4,76,2.533,,,,,,,,,,
orange_cat.mp4,77,2.567,,,,,,,,,,
orange_cat.mp4,78,2.600,,,,,,,,,,
orange_cat.mp4,79,2.633,,,,,,,,,,
orange_cat.mp4,80,2.667,,,,,,,,,,
orange_cat.mp4,81,2.700,,,,,,,,,,
orange_cat.mp4,82,2.733,,,,,,,,,,
orange_cat.mp4,83,2.767,,,,,,,,,,
orange_cat.mp4,84,2.800,,,,,,,,,,
orange_cat.mp4,85,2.833,,,,,,,,,,
orange_cat.mp4,86,2.867,,,,,,,,,,
orange_cat.mp4,87,2.900,,,,,,,,,,
orange_cat.mp4,88,2.933,,,,,,,,,,
orange_cat.mp4,89,2.967,,,,,,,,,,
orange_cat.mp4,90,3.000,,,,,,,,,,
orange_cat.mp4,91,3.033,,,,,,,,,,
orange_cat.mp4,92,3.067,,,,,,,,,,
orange_cat.mp4,93,3.100,,,,,,,,,,
orange_cat.mp4,94,3.133,,,,,,,,,,
orange_cat.mp4,95,3.167,,,,,,,,,,
orange_cat.mp4,96,3.200,,,,,,,,,,
orange_cat.mp4,97,3.233,,,,,,,,,,
orange_cat.mp4,98,3.267,,,,,,,,,,
orange_cat.mp4,99,3.300,,,,,,,,,,
orange_cat.mp4,100,3.333,,,,,,,,,,
orange_cat.mp4,101,3.367,,,,,,,,,,
orange_cat.mp4,102,3.400,,,,,,,,,,
orange_cat.mp4,103,3.433,,,,,,,,,,
orange_cat.mp4,104,3.467,,,,,,,,,,
orange_cat.mp4,105,3.500,,,,,,,,,,
orange_cat.mp4,106,3.533,,,,,,,,,,
orange_cat.mp4,107,3.567,,,,,,,,,,
orange_cat.mp4,108,3.600,,,,,,,,,,
orange_cat.mp4,109,3.633,,,,,,,,,,
orange_cat.mp4,110,3.667,,,,,,,,,,
orange_cat.mp4,111,3.700,,,,,,,,,,
orange_cat.mp4,112,3.733,,,,,,,,,,
orange_cat.mp4,113,3.767,,,,,,,,,,
orange_cat.mp4,114,3.800,,,,,,,,,,
orange_cat.mp4,115,3.833,,,,,,,,,,
orange_cat.mp4,116,3.867,,,,,,,,,,
orange_cat.mp4,117,3.900,,,,,,,,,,
orange_cat.mp4,118,3.933,,,,,,,,,,
orange_cat.mp4,119,3.967,,,,,,,,,,
orange_cat.mp4,120,4.000,,,,,,,,,,
orange_cat.mp4,121,4.033,,,,,,,,,,
orange_cat.mp4,122,4.067,,,,,,,,,,
orange_cat.mp4,123,4.100,,,,,,,,,,
orange_cat.mp4,124,4.133,,,,,,,,,,
orange_cat.mp4,125,4.167,,,,,,,,,,
orange_cat.mp4,126,4.200,,,,,,,,,,
orange_cat.mp4,127,4.233,,,,,,,,,,
orange_cat.mp4,128,4.267,,,,,,,,,,
orange_cat.mp4,129,4.300,,,,,,,,,,
orange_cat.mp4,130,4.333,,,,,,,,,,
orange_cat.mp4,131,4.367,,,,,,,,,,
orange_cat.mp4,132,4.400,,,,,,,,,,
orange_cat.mp4,133,4.433,,,,,,,,,,
orange_cat.mp4,134,4.467,,,,,,,,,,
orange_cat.mp4,135,4.500,,,,,,,,,,
orange_cat.mp4,136,4.533,,,,,,,,,,
orange_cat.mp4,137,4.567,,,,,,,,,,
orange_cat.mp4,138,4.600,,,,,,,,,,
orange_cat.mp4,139,4.633,,,,,,,,,,
orange_cat.mp4,140,4.667,,,,,,,,,,
orange_cat.mp4,141,4.700,,,,,,,,,,
orange_cat.mp4,142,4.733,,,,,,,,,,
orange_cat.mp4,143,4.767,,,,,,,,,,
orange_cat.mp4,144,4.800,,,,,,,,,,
orange_cat.mp4,145,4.833,,,,,,,,,,
orange_cat.mp4,146,4.867,,,,,,,,,,
orange_cat.mp4,147,4.900,,,,,,,,,,
orange_cat.mp4,148,4.933,,,,,,,,,,
orange_cat.mp4,149,4.967,,,,,,,,,,
orange_cat.mp4,150,5.000,,,,,,,,,,
orange_cat.mp4,151,5.033,,,,,,,,,,
orange_cat.mp4,152,5.067,,,,,,,,,,
orange_cat.mp4,153,5.100,,,,,,,,,,
orange_cat.mp4,154,5.133,,,,,,,,,,
orange_cat.mp4,155,5.167,,,,,,,,,,
orange_cat.mp4,156,5.200,,,,,,,,,,
orange_cat.mp4,157,5.233,,,,,,,,,,
orange_cat.mp4,158,5.267,,,,,,,,,,
orange_cat.mp4,159,5.300,,,,,,,,,,
orange_cat.mp4,160,5.333,,,,,,,,,,
orange_cat.mp4,161,5.367,,,,,,,,,,
orange_cat.mp4,162,5.400,,,,,,,,,,
orange_cat.mp4,163,5.433,,,,,,,,,,
orange_cat.mp4,164,5.467,,,,,,,,,,
orange_cat.mp4,165,5.500,,,,,,,,,,
orange_cat.mp4,166,5.533,,,,,,,,,,
orange_cat.mp4,167,5.567,,,,,,,,,,
orange_cat.mp4,168,5.600,,,,,,,,,,
orange_cat.mp4,169,5.633,,,,,,,,,,
orange_cat.mp4,170,5.667,,,,,,,,,,
orange_cat.mp4,171,5.700,,,,,,,,,,
orange_cat.mp4,172,5.733,,,,,,,,,,
orange_cat.mp4,173,5.767,,,,,,,,,,
orange_cat.mp4,174,5.800,,,,,,,,,,
orange_cat.mp4,175,5.833,,,,,,,,,,
orange_cat.mp4,176,5.867,,,,,,,,,,
orange_cat.mp4,177,5.900,,,,,,,,,,
orange_cat.mp4,178,5.933,,,,,,,,,,
orange_cat.mp4,179,5.967,,,,,,,,,,
orange_cat.mp4,180,6.000,,,,,,,,,,
orange_cat.mp4,181,6.033,,,,,,,,,,
orange_cat.mp4,182,6.067,,,,,,,,,,
orange_cat.mp4,183,6.100,,,,,,,,,,
orange_cat.mp4,184,6.133,,,,,,,,,,
orange_cat.mp4,185,6.167,,,,,,,,,,
orange_cat.mp4,186,6.200,,,,,,,,,,
orange_cat.mp4,187,6.233,,,,,,,,,,
orange_cat.mp4,188,6.267,,,,,,,,,,
orange_cat.mp4,189,6.300,,,,,,,,,,
orange_cat.mp4,190,6.333,,,,,,,,,,
orange_cat.mp4,191,6.367,,,,,,,,,,
orange_cat.mp4,192,6.400,,,,,,,,,,
orange_cat.mp4,193,6.433,,,,,,,,,,
orange_cat.mp4,194,6.467,,,,,,,,,,
orange_cat.mp4,195,6.500,,,,,,,,,,
orange_cat.mp4,196,6.533,,,,,,,,,,
orange_cat.mp4,197,6.567,,,,,,,,,,
orange_cat.mp4,198,6.600,,,,,,,,,,
orange_cat.mp4,199,6.633,,,,,,,,,,
orange_cat.mp4,200,6.667,,,,,,,,,,
orange_cat.mp4,201,6.700,,,,,,,,,,
orange_cat.mp4,202,6.733,,,,,,,,,,
orange_cat.mp4,203,6.767,,,,,,,,,,
orange_cat.mp4,204,6.800,,,,,,,,,,
orange_cat.mp4,205,6.833,,,,,,,,,,
orange_cat.mp4,206,6.867,,,,,,,,,,
orange_cat.mp4,207,6.900,,,,,,,,,,
orange_cat.mp4,208,6.933,,,,,,,,,,
orange_cat.mp4,209,6.967,,,,,,,,,,
orange_cat.mp4,210,7.000,,,,,,,,,,
orange_cat.mp4,211,7.033,,,,,,,,,,
orange_cat.mp4,212,7.067,,,,,,,,,,
orange_cat.mp4,213,7.100,,,,,,,,,,
orange_cat.mp4,214,7.133,,,,,,,,,,
orange_cat.mp4,215,7.167,,,,,,,,,,
orange_cat.mp4,216,7.200,,,,,,,,,,
orange_cat.mp4,217,7.233,,,,,,,,,,
orange_cat.mp4,218,7.267,,,,,,,,,,
orange_cat.mp4,219,7.300,,,,,,,,,,
orange_cat.mp4,220,7.333,,,,,,,,,,
orange_cat.mp4,221,7.367,,,,,,,,,,
orange_cat.mp4,222,7.400,,,,,,,,,,
orange_cat.mp4,223,7.433,,,,,,,,,,
orange_cat.mp4,224,7.467,,,,,,,,,,
orange_cat.mp4,225,7.500,,,,,,,,,,
orange_cat.mp4,226,7.533,,,,,,,,,,
orange_cat.mp4,227,7.567,,,,,,,,,,
orange_cat.mp4,228,7.600,,,,,,,,,,
orange_cat.mp4,229,7.633,,,,,,,,,,
orange_cat.mp4,230,7.667,,,,,,,,,,
orange_cat.mp4,231,7.700,,,,,,,,,,
orange_cat.mp4,232,7.733,,,,,,,,,,
orange_cat.mp4,233,7.767,,,,,,,,,,
orange_cat.mp4,234,7.800,,,,,,,,,,
orange_cat.mp4,235,7.833,,,,,,,,,,
orange_cat.mp4,236,7.867,,,,,,,,,,
orange_cat.mp4,237,7.900,,,,,,,,,,
orange_cat.mp4,238,7.933,,,,,,,,,,
orange_cat.mp4,239,7.967,,,,,,,,,,
orange_cat.mp4,240,8.000,,,,,,,,,,
orange_cat.mp4,241,8.033,,,,,,,,,,
orange_cat.mp4,242,8.067,,,,,,,,,,
orange_cat.mp4,243,8.100,,,,,,,,,,
orange_cat.mp4,244,8.133,,,,,,,,,,
orange_cat.mp4,245,8.167,,,,,,,,,,
orange_cat.mp4,246,8.200,,,,,,,,,,
orange_cat.mp4,247,8.233,,,,,,,,,,
orange_cat.mp4,248,8.267,,,,,,,,,,
orange_cat.mp4,249,8.300,,,,,,,,,,
orange_cat.mp4,250,8.333,,,,,,,,,,
orange_cat.mp4,251,8.367,,,,,,,,,,
orange_cat.mp4,252,8.400,,,,,,,,,,
orange_cat.mp4,253,8.433,,,,,,,,,,
orange_cat.mp4,254,8.467,,,,,,,,,,
orange_cat.mp4,255,8.500,,,,,,,,,,
orange_cat.mp4,256,8.533,,,,,,,,,,
orange_cat.mp4,257,8.567,,,,,,,,,,
orange_cat.mp4,258,8.600,,,,,,,,,,
orange_cat.mp4,259,8.633,,,,,,,,,,
orange_cat.mp4,260,8.667,,,,,,,,,,
orange_cat.mp4,261,8.700,,,,,,,,,,
orange_cat.mp4,262,8.733,,,,,,,,,,
orange_cat.mp4,263,8.767,,,,,,,,,,
orange_cat.mp4,264,8.800,,,,,,,,,,
orange_cat.mp4,265,8.833,,,,,,,,,,
orange_cat.mp4,266,8.867,,,,,,,,,,
orange_cat.mp4,267,8.900,,,,,,,,,,
orange_cat.mp4,268,8.933,,,,,,,,,,
orange_cat.mp4,269,8.967,,,,,,,,,,
orange_cat.mp4,270,9.000,,,,,,,,,,
orange_cat.mp4,271,9.033,,,,,,,,,,
orange_cat.mp4,272,9.067,,,,,,,,,,
orange_cat.mp4,273,9.100,,,,,,,,,,
orange_cat.mp4,274,9.133,,,,,,,,,,
orange_cat.mp4,275,9.167,,,,,,,,,,
orange_cat.mp4,276,9.200,,,,,,,,,,
orange_cat.mp4,277,9.233,,,,,,,,,,
orange_cat.mp4,278,9.267,,,,,,,,,,
orange_cat.mp4,279,9.300,,,,,,,,,,
orange_cat.mp4,280,9.333,,,,,,,,,,
orange_cat.mp4,281,9.367,,,,,,,,,,
orange_cat.mp4,282,9.400,,,,,,,,,,
orange_cat.mp4,283,9.433,,,,,,,,,,
orange_cat.mp4,284,9.467,,,,,,,,,,
orange_cat.mp4,285,9.500,,,,,,,,,,
orange_cat.mp4,286,9.533,,,,,,,,,,
orange_cat.mp4,287,9.567,,,,,,,,,,
orange_cat.mp4,288,9.600,,,,,,,,,,
orange_cat.mp4,289,9.633,,,,,,,,,,
orange_cat.mp4,290,9.667,,,,,,,,,,
orange_cat.mp4,291,9.700,,,,,,,,,,
orange_cat.mp4,292,9.733,,,,,,,,,,
orange_cat.mp4,293,9.767,,,,,,,,,,
orange_cat.mp4,294,9.800,,,,,,,,,,
orange_cat.mp4,295,9.833,,,,,,,,,,
orange_cat.mp4,296,9.867,,,,,,,,,,
orange_cat.mp4,297,9.900,,,,,,,,,,
orange_cat.mp4,298,9.933,,,,,,,,,,
orange_cat.mp4,299,9.967,,,,,,,,,,
orange_cat.mp4,300,10.000,,,,,,,,,,
orange_cat.mp4,301,10.033,,,,,,,,,,
orange_cat.mp4,302,10.067,,,,,,,,,,
orange_cat.mp4,303,10.100,,,,,,,,,,
orange_cat.mp4,304,10.133,,,,,,,,,,
orange_cat.mp4,305,10.167,,,,,,,,,,
orange_cat.mp4,306,10.200,,,,,,,,,,
orange_cat.mp4,307,10.233,,,,,,,,,,
orange_cat.mp4,308,10.267,,,,,,,,,,
orange_cat.mp4,309,10.300,,,,,,,,,,
orange_cat.mp4,310,10.333,,,,,,,,,,
orange_cat.mp4,311,10.367,,,,,,,,,,
orange_cat.mp4,312,10.400,,,,,,,,,,
orange_cat.mp4,313,10.433,,,,,,,,,,
orange_cat.mp4,314,10.467,,,,,,,,,,
orange_cat.mp4,315,10.500,,,,,,,,,,
orange_cat.mp4,316,10.533,,,,,,,,,,
orange_cat.mp4,317,10.567,,,,,,,,,,
orange_cat.mp4,318,10.600,,,,,,,,,,
orange_cat.mp4,319,10.633,,,,,,,,,,
orange_cat.mp4,320,10.667,,,,,,,,,,
orange_cat.mp4,321,10.700,,,,,,,,,,
orange_cat.mp4,322,10.733,,,,,,,,,,
orange_cat.mp4,323,10.767,,,,,,,,,,
orange_cat.mp4,324,10.800,,,,,,,,,,
orange_cat.mp4,325,10.833,,,,,,,,,,
orange_cat.mp4,326,10.867,,,,,,,,,,
orange_cat.mp4,327,10.900,,,,,,,,,,
orange_cat.mp4,328,10.933,,,,,,,,,,
orange_cat.mp4,329,10.967,,,,,,,,,,
orange_cat.mp4,330,11.000,,,,,,,,,,
orange_cat.mp4,331,11.033,,,,,,,,,,
orange_cat.mp4,332,11.067,,,,,,,,,,
orange_cat.mp4,333,11.100,,,,,,,,,,
orange_cat.mp4,334,11.133,,,,,,,,,,
orange_cat.mp4,335,11.167,,,,,,,,,,
orange_cat.mp4,336,11.200,,,,,,,,,,
orange_cat.mp4,337,11.233,,,,,,,,,,
orange_cat.mp4,338,11.267,,,,,,,,,,
orange_cat.mp4,339,11.300,,,,,,,,,,
orange_cat.mp4,340,11.333,,,,,,,,,,
orange_cat.mp4,341,11.367,,,,,,,,,,
orange_cat.mp4,342,11.400,,,,,,,,,,
orange_cat.mp4,343,11.433,,,,,,,,,,
orange_cat.mp4,344,11.467,,,,,,,,,,
orange_cat.mp4,345,11.500,,,,,,,,,,
orange_cat.mp4,346,11.533,,,,,,,,,,
orange_cat.mp4,347,11.567,,,,,,,,,,
orange_cat.mp4,348,11.600,,,,,,,,,,
orange_cat.mp4,349,11.633,,,,,,,,,,
orange_cat.mp4,350,11.667,,,,,,,,,,
orange_cat.mp4,351,11.700,,,,,,,,,,
orange_cat.mp4,352,11.733,,,,,,,,,,
orange_cat.mp4,353,11.767,,,,,,,,,,
orange_cat.mp4,354,11.800,,,,,,,,,,
orange_cat.mp4,355,11.833,,,,,,,,,,
orange_cat.mp4,356,11.867,,,,,,,,,,
orange_cat.mp4,357,11.900,,,,,,,,,,
orange_cat.mp4,358,11.933,,,,,,,,,,
orange_cat.mp4,359,11.967,,,,,,,,,,
orange_cat.mp4,360,12.000,,,,,,,,,,
orange_cat.mp4,361,12.033,,,,,,,,,,
orange_cat.mp4,362,12.067,,,,,,,,,,
orange_cat.mp4,363,12.100,,,,,,,,,,
orange_cat.mp4,364,12.133,,,,,,,,,,
orange_cat.mp4,365,12.167,,,,,,,,,,
orange_cat.mp4,366,12.200,,,,,,,,,,
orange_cat.mp4,367,12.233,,,,,,,,,,
orange_cat.mp4,368,12.267,,,,,,,,,,
orange_cat.mp4,369,12.300,,,,,,,,,,
orange_cat.mp4,370,12.333,,,,,,,,,,
orange_cat.mp4,371,12.367,,,,,,,,,,
orange_cat.mp4,372,12.400,,,,,,,,,,
orange_cat.mp4,373,12.433,,,,,,,,,,
orange_cat.mp4,374,12.467,,,,,,,,,,
orange_cat.mp4,375,12.500,,,,,,,,,,
orange_cat.mp4,376,12.533,,,,,,,,,,
orange_cat.mp4,377,12.567,,,,,,,,,,
orange_cat.mp4,378,12.600,,,,,,,,,,
orange_cat.mp4,379,12.633,,,,,,,,,,
orange_cat.mp4,380,12.667,,,,,,,,,,
orange_cat.mp4,381,12.700,,,,,,,,,,
orange_cat.mp4,382,12.733,,,,,,,,,,
orange_cat.mp4,383,12.767,,,,,,,,,,
orange_cat.mp4,384,12.800,,,,,,,,,,
orange_cat.mp4,385,12.833,,,,,,,,,,
orange_cat.mp4,386,12.867,,,,,,,,,,
orange_cat.mp4,387,12.900,,,,,,,,,,
orange_cat.mp4,388,12.933,,,,,,,,,,
orange_cat.mp4,389,12.967,,,,,,,,,,
orange_cat.mp4,390,13.000,,,,,,,,,,
orange_cat.mp4,391,13.033,,,,,,,,,,
orange_cat.mp4,392,13.067,,,,,,,,,,
orange_cat.mp4,393,13.100,,,,,,,,,,
orange_cat.mp4,394,13.133,,,,,,,,,,
orange_cat.mp4,395,13.167,,,,,,,,,,
orange_cat.mp4,396,13.200,,,,,,,,,,
orange_cat.mp4,397,13.233,,,,,,,,,,
orange_cat.mp4,398,13.267,,,,,,,,,,
orange_cat.mp4,399,13.300,,,,,,,,,,
orange_cat.mp4,400,13.333,,,,,,,,,,
orange_cat.mp4,401,13.367,,,,,,,,,,
orange_cat.mp4,402,13.400,,,,,,,,,,
orange_cat.mp4,403,13.433,,,,,,,,,,
orange_cat.mp4,404,13.467,,,,,,,,,,
orange_cat.mp4,405,13.500,,,,,,,,,,
orange_cat.mp4,406,13.533,,,,,,,,,,
orange_cat.mp4,407,13.567,,,,,,,,,,
orange_cat.mp4,408,13.600,,,,,,,,,,
orange_cat.mp4,409,13.633,,,,,,,,,,
orange_cat.mp4,410,13.667,,,,,,,,,,
orange_cat.mp4,411,13.700,,,,,,,,,,
orange_cat.mp4,412,13.733,,,,,,,,,,
orange_cat.mp4,413,13.767,,,,,,,,,,
orange_cat.mp4,414,13.800,,,,,,,,,,
orange_cat.mp4,415,13.833,,,,,,,,,,
orange_cat.mp4,416,13.867,,,,,,,,,,
orange_cat.mp4,417,13.900,,,,,,,,,,
orange_cat.mp4,418,13.933,414.841,1005.405,294.035,932.911,535.648,1077.899,0.161,,,
orange_cat.mp4,419,13.967,,,,,,,,,,
orange_cat.mp4,420,14.000,,,,,,,,,,
orange_cat.mp4,421,14.033,,,,,,,,,,
orange_cat.mp4,422,14.067,,,,,,,,,,
orange_cat.mp4,423,14.100,,,,,,,,,,
orange_cat.mp4,424,14.133,,,,,,,,,,
orange_cat.mp4,425,14.167,,,,,,,,,,
orange_cat.mp4,426,14.200,,,,,,,,,,
orange_cat.mp4,427,14.233,,,,,,,,,,
orange_cat.mp4,428,14.267,,,,,,,,,,
orange_cat.mp4,429,14.300,,,,,,,,,,
orange_cat.mp4,430,14.333,1357.146,387.989,1212.947,297.301,1501.344,478.678,0.153,,,
orange_cat.mp4,431,14.367,,,,,,,,,,
orange_cat.mp4,432,14.400,1340.883,448.677,1235.339,375.248,1446.428,522.107,0.675,,,
orange_cat.mp4,433,14.433,1340.776,482.598,1234.543,409.605,1447.009,555.591,0.112,,,
orange_cat.mp4,434,14.467,,,,,,,,,,
orange_cat.mp4,435,14.500,718.530,964.082,476.779,850.010,960.281,1078.155,0.438,,,
orange_cat.mp4,436,14.533,,,,,,,,,,
orange_cat.mp4,437,14.567,,,,,,,,,,
orange_cat.mp4,438,14.600,,,,,,,,,,
orange_cat.mp4,439,14.633,,,,,,,,,,
orange_cat.mp4,440,14.667,1260.900,717.923,1156.498,630.795,1365.301,805.051,0.372,,,
orange_cat.mp4,441,14.700,,,,,,,,,,
orange_cat.mp4,442,14.733,,,,,,,,,,
orange_cat.mp4,443,14.767,692.256,888.394,292.766,699.848,1091.747,1076.941,0.261,,,
orange_cat.mp4,444,14.800,712.942,952.344,321.132,825.332,1104.752,1079.355,0.415,,,
orange_cat.mp4,445,14.833,,,,,,,,,,
orange_cat.mp4,446,14.867,,,,,,,,,,
orange_cat.mp4,447,14.900,,,,,,,,,,
orange_cat.mp4,448,14.933,,,,,,,,,,
orange_cat.mp4,449,14.967,,,,,,,,,,
orange_cat.mp4,450,15.000,,,,,,,,,,
orange_cat.mp4,451,15.033,,,,,,,,,,
orange_cat.mp4,452,15.067,,,,,,,,,,
orange_cat.mp4,453,15.100,,,,,,,,,,
orange_cat.mp4,454,15.133,,,,,,,,,,
orange_cat.mp4,455,15.167,,,,,,,,,,
orange_cat.mp4,456,15.200,,,,,,,,,,
orange_cat.mp4,457,15.233,,,,,,,,,,
orange_cat.mp4,458,15.267,,,,,,,,,,
orange_cat.mp4,459,15.300,1363.232,614.094,1227.035,538.950,1499.429,689.239,0.119,,,
orange_cat.mp4,460,15.333,,,,,,,,,,
orange_cat.mp4,461,15.367,,,,,,,,,,
orange_cat.mp4,462,15.400,,,,,,,,,,
orange_cat.mp4,463,15.433,,,,,,,,,,
orange_cat.mp4,464,15.467,696.890,902.577,249.764,726.604,1144.017,1078.549,0.353,,,
orange_cat.mp4,465,15.500,692.019,906.599,254.450,734.468,1129.588,1078.729,0.337,6.000,,
orange_cat.mp4,466,15.533,,,,,,,,,,
orange_cat.mp4,467,15.567,,,,,,,,,,
orange_cat.mp4,468,15.600,686.021,907.550,252.286,737.177,1119.756,1077.922,0.463,6.000,,
orange_cat.mp4,469,15.633,,,,,,,,,,
orange_cat.mp4,470,15.667,,,,,,,,,,
orange_cat.mp4,471,15.700,,,,,,,,,,
orange_cat.mp4,472,15.733,670.270,914.068,248.245,749.421,1092.296,1078.716,0.550,6.000,,
orange_cat.mp4,473,15.767,669.456,914.626,245.989,750.585,1092.923,1078.667,0.619,6.000,,
orange_cat.mp4,474,15.800,670.154,914.914,243.630,750.819,1096.677,1079.008,0.531,6.000,,
orange_cat.mp4,475,15.833,,,,,,,,,,
orange_cat.mp4,476,15.867,,,,,,,,,,
orange_cat.mp4,477,15.900,668.957,911.481,231.430,743.989,1106.485,1078.973,0.440,6.000,,
orange_cat.mp4,478,15.933,672.637,911.294,232.575,743.362,1112.698,1079.227,0.538,6.000,,
orange_cat.mp4,479,15.967,675.348,908.272,227.342,737.159,1123.354,1079.384,0.808,6.000,,
orange_cat.mp4,480,16.000,673.384,909.010,225.614,738.061,1121.154,1079.959,0.710,6.000,,
orange_cat.mp4,481,16.033,672.978,912.026,232.302,744.405,1113.654,1079.648,0.756,6.000,,
orange_cat.mp4,482,16.067,672.958,918.175,244.968,756.719,1100.949,1079.631,0.792,6.000,,
orange_cat.mp4,483,16.100,669.888,924.400,254.133,769.528,1085.644,1079.272,0.893,6.000,,
orange_cat.mp4,484,16.133,668.396,935.872,275.471,792.494,1061.321,1079.250,0.843,6.000,,
orange_cat.mp4,485,16.167,664.736,945.460,289.136,811.922,1040.337,1078.998,0.838,6.000,,
orange_cat.mp4,486,16.200,664.168,952.034,297.273,824.976,1031.062,1079.092,0.547,6.000,,
orange_cat.mp4,487,16.233,664.263,954.135,295.453,829.246,1033.073,1079.024,0.858,6.000,,
orange_cat.mp4,488,16.267,667.656,954.077,292.725,829.309,1042.587,1078.846,0.869,6.000,,
orange_cat.mp4,489,16.300,670.567,954.509,291.432,830.204,1049.703,1078.814,0.691,6.000,,
orange_cat.mp4,490,16.333,678.445,954.799,296.570,830.907,1060.320,1078.690,0.804,6.000,,
orange_cat.mp4,491,16.367,692.026,955.624,310.270,832.567,1073.783,1078.681,0.915,6.000,,
orange_cat.mp4,492,16.400,705.035,955.718,323.896,833.102,1086.174,1078.333,0.887,6.000,,
orange_cat.mp4,493,16.433,721.530,956.147,343.762,834.316,1099.297,1077.977,0.886,6.000,,
orange_cat.mp4,494,16.467,735.861,956.202,359.717,834.083,1112.005,1078.320,0.833,6.000,,
orange_cat.mp4,495,16.500,742.883,955.785,368.086,833.167,1117.679,1078.404,0.868,6.000,,
orange_cat.mp4,496,16.533,743.660,954.142,367.194,829.986,1120.126,1078.298,0.917,6.000,,
orange_cat.mp4,497,16.567,741.189,953.862,366.239,829.322,1116.140,1078.402,0.917,6.000,,
orange_cat.mp4,498,16.600,739.919,953.588,366.987,828.895,1112.850,1078.281,0.915,6.000,,
orange_cat.mp4,499,16.633,736.981,953.310,365.306,828.337,1108.655,1078.284,0.920,6.000,,
orange_cat.mp4,500,16.667,737.144,953.656,368.111,828.936,1106.177,1078.377,0.919,6.000,,
orange_cat.mp4,501,16.700,735.367,953.221,366.650,827.993,1104.085,1078.450,0.908,6.000,,
orange_cat.mp4,502,16.733,735.524,953.273,369.292,828.411,1101.757,1078.135,0.920,6.000,,
orange_cat.mp4,503,16.767,733.795,952.335,366.578,826.559,1101.011,1078.110,0.836,6.000,,
orange_cat.mp4,504,16.800,731.488,951.977,362.667,825.413,1100.309,1078.540,0.912,6.000,,
orange_cat.mp4,505,16.833,734.671,952.593,366.895,826.592,1102.446,1078.594,0.919,6.000,,
orange_cat.mp4,506,16.867,728.386,953.481,359.716,828.122,1097.057,1078.840,0.907,6.000,,
orange_cat.mp4,507,16.900,724.248,953.687,353.135,828.557,1095.361,1078.816,0.876,6.000,,
orange_cat.mp4,508,16.933,721.292,954.444,348.759,829.975,1093.825,1078.914,0.845,6.000,,
orange_cat.mp4,509,16.967,719.051,954.837,344.716,830.946,1093.387,1078.728,0.804,6.000,,
orange_cat.mp4,510,17.000,719.381,954.916,340.085,830.423,1098.677,1079.410,0.380,6.000,,
orange_cat.mp4,511,17.033,721.371,955.324,339.717,831.082,1103.025,1079.567,0.505,6.000,,
orange_cat.mp4,512,17.067,,,,,,,,,,
orange_cat.mp4,513,17.100,674.889,954.655,282.273,829.774,1067.504,1079.535,0.325,6.000,,
orange_cat.mp4,514,17.133,679.038,950.140,268.273,820.615,1089.803,1079.665,0.384,6.000,,
orange_cat.mp4,515,17.167,699.592,953.827,297.264,827.848,1101.921,1079.806,0.448,6.000,,
orange_cat.mp4,516,17.200,706.365,956.197,308.416,832.569,1104.314,1079.826,0.524,6.000,,
orange_cat.mp4,517,17.233,,,,,,,,,,
orange_cat.mp4,518,17.267,701.365,957.155,302.042,834.311,1100.688,1080.000,0.472,6.000,,
orange_cat.mp4,519,17.300,,,,,,,,,,
orange_cat.mp4,520,17.333,,,,,,,,,,
orange_cat.mp4,521,17.367,,,,,,,,,,
orange_cat.mp4,522,17.400,689.714,953.915,275.200,827.830,1104.227,1080.000,0.399,6.000,,
orange_cat.mp4,523,17.433,,,,,,,,,,
orange_cat.mp4,524,17.467,,,,,,,,,,
orange_cat.mp4,525,17.500,,,,,,,,,,
orange_cat.mp4,526,17.533,,,,,,,,,,
orange_cat.mp4,527,17.567,648.181,952.184,224.774,824.603,1071.588,1079.766,0.515,6.000,,
orange_cat.mp4,528,17.600,639.034,951.477,210.942,823.378,1067.125,1079.576,0.800,6.000,,
orange_cat.mp4,529,17.633,632.061,951.127,201.248,822.876,1062.875,1079.378,0.777,6.000,,
orange_cat.mp4,530,17.667,628.015,950.104,193.624,821.012,1062.407,1079.197,0.590,6.000,,
orange_cat.mp4,531,17.700,622.047,950.016,186.482,821.054,1057.611,1078.979,0.492,6.000,,
orange_cat.mp4,532,17.733,,,,,,,,,,
orange_cat.mp4,533,17.767,612.596,947.792,170.858,817.407,1054.334,1078.176,0.671,6.000,,
orange_cat.mp4,534,17.800,,,,,,,,,,
orange_cat.mp4,535,17.833,,,,,,,,,,
orange_cat.mp4,536,17.867,,,,,,,,,,
orange_cat.mp4,537,17.900,,,,,,,,,,
orange_cat.mp4,538,17.933,,,,,,,,,,
orange_cat.mp4,539,17.967,,,,,,,,,,
orange_cat.mp4,540,18.000,,,,,,,,,,
orange_cat.mp4,541,18.033,,,,,,,,,,
orange_cat.mp4,542,18.067,1547.968,596.217,1429.288,511.246,1666.647,681.188,0.205,,,
orange_cat.mp4,543,18.100,,,,,,,,,,
orange_cat.mp4,544,18.133,,,,,,,,,,
orange_cat.mp4,545,18.167,,,,,,,,,,
orange_cat.mp4,546,18.200,,,,,,,,,,
orange_cat.mp4,547,18.233,,,,,,,,,,
orange_cat.mp4,548,18.267,,,,,,,,,,
orange_cat.mp4,549,18.300,,,,,,,,,,
orange_cat.mp4,550,18.333,,,,,,,,,,
orange_cat.mp4,551,18.367,,,,,,,,,,
orange_cat.mp4,552,18.400,,,,,,,,,,
orange_cat.mp4,553,18.433,,,,,,,,,,
orange_cat.mp4,554,18.467,,,,,,,,,,
orange_cat.mp4,555,18.500,,,,,,,,,,
orange_cat.mp4,556,18.533,,,,,,,,,,
orange_cat.mp4,557,18.567,,,,,,,,,,
orange_cat.mp4,558,18.600,,,,,,,,,,
orange_cat.mp4,559,18.633,,,,,,,,,,
orange_cat.mp4,560,18.667,608.598,934.242,129.164,790.130,1088.032,1078.355,0.541,6.000,,
orange_cat.mp4,561,18.700,609.663,934.382,136.121,790.607,1083.206,1078.157,0.417,6.000,,
orange_cat.mp4,562,18.733,612.012,935.046,141.127,790.709,1082.897,1079.382,0.456,6.000,,
orange_cat.mp4,563,18.767,612.306,934.994,143.338,790.143,1081.275,1079.844,0.386,6.000,,
orange_cat.mp4,564,18.800,,,,,,,,,,
orange_cat.mp4,565,18.833,,,,,,,,,,
orange_cat.mp4,566,18.867,,,,,,,,,,
orange_cat.mp4,567,18.900,,,,,,,,,,
orange_cat.mp4,568,18.933,,,,,,,,,,
orange_cat.mp4,569,18.967,,,,,,,,,,
orange_cat.mp4,570,19.000,,,,,,,,,,
orange_cat.mp4,571,19.033,,,,,,,,,,
orange_cat.mp4,572,19.067,,,,,,,,,,
orange_cat.mp4,573,19.100,613.613,930.106,140.918,781.880,1086.308,1078.333,0.517,6.000,,
orange_cat.mp4,574,19.133,614.614,930.767,147.872,782.919,1081.355,1078.615,0.716,6.000,,
orange_cat.mp4,575,19.167,615.025,931.756,154.682,785.048,1075.368,1078.463,0.885,6.000,,
orange_cat.mp4,576,19.200,613.233,934.176,162.011,790.155,1064.455,1078.196,0.746,6.000,,
orange_cat.mp4,577,19.233,611.202,935.448,165.021,792.842,1057.383,1078.054,0.567,6.000,,
orange_cat.mp4,578,19.267,610.339,935.827,167.402,794.085,1053.276,1077.570,0.812,6.000,,
orange_cat.mp4,579,19.300,610.074,934.456,165.460,791.513,1054.688,1077.399,0.858,6.000,,
orange_cat.mp4,580,19.333,610.351,932.975,163.278,788.194,1057.423,1077.757,0.661,6.000,,
orange_cat.mp4,581,19.367,608.227,929.292,155.044,780.979,1061.409,1077.604,0.639,6.000,,
orange_cat.mp4,582,19.400,605.786,926.984,149.492,775.808,1062.079,1078.161,0.574,6.000,,
orange_cat.mp4,583,19.433,601.379,925.062,145.950,772.120,1056.809,1078.004,0.835,6.000,,
orange_cat.mp4,584,19.467,598.903,917.503,130.682,757.124,1067.124,1077.882,0.739,6.000,,
orange_cat.mp4,585,19.500,605.003,905.215,115.187,732.567,1094.819,1077.862,0.799,6.000,,
orange_cat.mp4,586,19.533,613.095,894.803,109.932,711.505,1116.257,1078.100,0.680,6.000,,
orange_cat.mp4,587,19.567,,,,,,,,,,
orange_cat.mp4,588,19.600,,,,,,,,,,
orange_cat.mp4,589,19.633,,,,,,,,,,
orange_cat.mp4,590,19.667,,,,,,,,,,
orange_cat.mp4,591,19.700,,,,,,,,,,
orange_cat.mp4,592,19.733,,,,,,,,,,
orange_cat.mp4,593,19.767,,,,,,,,,,
orange_cat.mp4,594,19.800,,,,,,,,,,
orange_cat.mp4,595,19.833,,,,,,,,,,
orange_cat.mp4,596,19.867,,,,,,,,,,
orange_cat.mp4,597,19.900,,,,,,,,,,
orange_cat.mp4,598,19.933,584.616,952.493,242.828,827.272,926.404,1077.715,0.393,,,
orange_cat.mp4,599,19.967,583.226,951.652,237.883,825.109,928.570,1078.196,0.478,11.000,,
orange_cat.mp4,600,20.000,581.716,949.999,231.503,821.579,931.929,1078.419,0.521,11.000,,
orange_cat.mp4,601,20.033,,,,,,,,,,
orange_cat.mp4,602,20.067,,,,,,,,,,
orange_cat.mp4,603,20.100,,,,,,,,,,
orange_cat.mp4,604,20.133,,,,,,,,,,
orange_cat.mp4,605,20.167,,,,,,,,,,
orange_cat.mp4,606,20.200,,,,,,,,,,
orange_cat.mp4,607,20.233,,,,,,,,,,
orange_cat.mp4,608,20.267,,,,,,,,,,
orange_cat.mp4,609,20.300,,,,,,,,,,
orange_cat.mp4,610,20.333,,,,,,,,,,
orange_cat.mp4,611,20.367,,,,,,,,,,
orange_cat.mp4,612,20.400,,,,,,,,,,
orange_cat.mp4,613,20.433,,,,,,,,,,
orange_cat.mp4,614,20.467,,,,,,,,,,
orange_cat.mp4,615,20.500,,,,,,,,,,
orange_cat.mp4,616,20.533,,,,,,,,,,
orange_cat.mp4,617,20.567,,,,,,,,,,
orange_cat.mp4,618,20.600,,,,,,,,,,
orange_cat.mp4,619,20.633,,,,,,,,,,
orange_cat.mp4,620,20.667,,,,,,,,,,
orange_cat.mp4,621,20.700,,,,,,,,,,
orange_cat.mp4,622,20.733,,,,,,,,,,
orange_cat.mp4,623,20.767,,,,,,,,,,
orange_cat.mp4,624,20.800,,,,,,,,,,
orange_cat.mp4,625,20.833,,,,,,,,,,
orange_cat.mp4,626,20.867,,,,,,,,,,
orange_cat.mp4,627,20.900,410.684,969.404,83.381,859.651,737.988,1079.158,0.348,,,
orange_cat.mp4,628,20.933,,,,,,,,,,
orange_cat.mp4,629,20.967,,,,,,,,,,
orange_cat.mp4,630,21.000,,,,,,,,,,
orange_cat.mp4,631,21.033,,,,,,,,,,
orange_cat.mp4,632,21.067,,,,,,,,,,
orange_cat.mp4,633,21.100,,,,,,,,,,
orange_cat.mp4,634,21.133,,,,,,,,,,
orange_cat.mp4,635,21.167,,,,,,,,,,
orange_cat.mp4,636,21.200,,,,,,,,,,
orange_cat.mp4,637,21.233,,,,,,,,,,
orange_cat.mp4,638,21.267,,,,,,,,,,
orange_cat.mp4,639,21.300,,,,,,,,,,
orange_cat.mp4,640,21.333,,,,,,,,,,
orange_cat.mp4,641,21.367,,,,,,,,,,
orange_cat.mp4,642,21.400,,,,,,,,,,
orange_cat.mp4,643,21.433,,,,,,,,,,
orange_cat.mp4,644,21.467,,,,,,,,,,
orange_cat.mp4,645,21.500,,,,,,,,,,
orange_cat.mp4,646,21.533,,,,,,,,,,
orange_cat.mp4,647,21.567,,,,,,,,,,
orange_cat.mp4,648,21.600,,,,,,,,,,
orange_cat.mp4,649,21.633,,,,,,,,,,
orange_cat.mp4,650,21.667,,,,,,,,,,
orange_cat.mp4,651,21.700,,,,,,,,,,
orange_cat.mp4,652,21.733,,,,,,,,,,
orange_cat.mp4,653,21.767,,,,,,,,,,
orange_cat.mp4,654,21.800,,,,,,,,,,
orange_cat.mp4,655,21.833,,,,,,,,,,
orange_cat.mp4,656,21.867,,,,,,,,,,
orange_cat.mp4,657,21.900,,,,,,,,,,
orange_cat.mp4,658,21.933,,,,,,,,,,
orange_cat.mp4,659,21.967,258.486,875.572,0.327,676.299,516.645,1074.845,0.507,,,
orange_cat.mp4,660,22.000,273.676,871.141,10.130,667.805,537.222,1074.477,0.394,13.000,,
orange_cat.mp4,661,22.033,,,,,,,,,,
orange_cat.mp4,662,22.067,,,,,,,,,,
orange_cat.mp4,663,22.100,246.202,860.185,0.000,646.085,492.405,1074.286,0.297,13.000,,
orange_cat.mp4,664,22.133,237.876,857.393,0.000,639.644,475.752,1075.143,0.315,13.000,,
orange_cat.mp4,665,22.167,,,,,,,,,,
orange_cat.mp4,666,22.200,222.715,853.617,0.000,632.399,445.430,1074.834,0.340,13.000,,
orange_cat.mp4,667,22.233,211.621,852.689,0.000,632.116,423.242,1073.261,0.417,13.000,,
orange_cat.mp4,668,22.267,202.241,852.165,0.000,630.894,404.482,1073.436,0.385,13.000,,
orange_cat.mp4,669,22.300,191.072,853.144,0.000,632.730,382.143,1073.558,0.197,13.000,,
orange_cat.mp4,670,22.333,128.554,856.779,1.099,638.404,256.009,1075.153,0.256,,,
orange_cat.mp4,671,22.367,117.076,859.071,0.637,641.206,233.515,1076.936,0.276,,,
orange_cat.mp4,672,22.400,,,,,,,,,,
orange_cat.mp4,673,22.433,,,,,,,,,,
orange_cat.mp4,674,22.467,,,,,,,,,,
orange_cat.mp4,675,22.500,,,,,,,,,,
orange_cat.mp4,676,22.533,,,,,,,,,,
orange_cat.mp4,677,22.567,,,,,,,,,,
orange_cat.mp4,678,22.600,,,,,,,,,,
orange_cat.mp4,679,22.633,,,,,,,,,,
orange_cat.mp4,680,22.667,,,,,,,,,,
orange_cat.mp4,681,22.700,,,,,,,,,,
orange_cat.mp4,682,22.733,,,,,,,,,,
orange_cat.mp4,683,22.767,,,,,,,,,,
orange_cat.mp4,684,22.800,,,,,,,,,,
orange_cat.mp4,685,22.833,,,,,,,,,,
orange_cat.mp4,686,22.867,,,,,,,,,,
orange_cat.mp4,687,22.900,,,,,,,,,,
orange_cat.mp4,688,22.933,,,,,,,,,,
orange_cat.mp4,689,22.967,,,,,,,,,,
orange_cat.mp4,690,23.000,,,,,,,,,,
orange_cat.mp4,691,23.033,,,,,,,,,,
orange_cat.mp4,692,23.067,,,,,,,,,,
orange_cat.mp4,693,23.100,,,,,,,,,,
orange_cat.mp4,694,23.133,,,,,,,,,,
orange_cat.mp4,695,23.167,,,,,,,,,,
orange_cat.mp4,696,23.200,,,,,,,,,,
orange_cat.mp4,697,23.233,,,,,,,,,,
orange_cat.mp4,698,23.267,,,,,,,,,,
orange_cat.mp4,699,23.300,,,,,,,,,,
orange_cat.mp4,700,23.333,,,,,,,,,,
orange_cat.mp4,701,23.367,,,,,,,,,,
orange_cat.mp4,702,23.400,,,,,,,,,,
orange_cat.mp4,703,23.433,,,,,,,,,,
orange_cat.mp4,704,23.467,,,,,,,,,,
orange_cat.mp4,705,23.500,,,,,,,,,,
orange_cat.mp4,706,23.533,,,,,,,,,,
orange_cat.mp4,707,23.567,,,,,,,,,,
orange_cat.mp4,708,23.600,,,,,,,,,,
orange_cat.mp4,709,23.633,,,,,,,,,,
orange_cat.mp4,710,23.667,,,,,,,,,,
orange_cat.mp4,711,23.700,,,,,,,,,,
orange_cat.mp4,712,23.733,,,,,,,,,,
orange_cat.mp4,713,23.767,,,,,,,,,,
orange_cat.mp4,714,23.800,,,,,,,,,,
orange_cat.mp4,715,23.833,,,,,,,,,,
orange_cat.mp4,716,23.867,,,,,,,,,,
orange_cat.mp4,717,23.900,,,,,,,,,,
orange_cat.mp4,718,23.933,,,,,,,,,,
orange_cat.mp4,719,23.967,,,,,,,,,,
orange_cat.mp4,720,24.000,,,,,,,,,,
orange_cat.mp4,721,24.033,,,,,,,,,,
orange_cat.mp4,722,24.067,,,,,,,,,,
orange_cat.mp4,723,24.100,,,,,,,,,,
orange_cat.mp4,724,24.133,,,,,,,,,,
orange_cat.mp4,725,24.167,,,,,,,,,,
orange_cat.mp4,726,24.200,,,,,,,,,,
orange_cat.mp4,727,24.233,,,,,,,,,,
orange_cat.mp4,728,24.267,,,,,,,,,,
orange_cat.mp4,729,24.300,,,,,,,,,,
orange_cat.mp4,730,24.333,,,,,,,,,,
orange_cat.mp4,731,24.367,,,,,,,,,,
orange_cat.mp4,732,24.400,,,,,,,,,,
orange_cat.mp4,733,24.433,,,,,,,,,,
orange_cat.mp4,734,24.467,,,,,,,,,,
orange_cat.mp4,735,24.500,,,,,,,,,,
orange_cat.mp4,736,24.533,,,,,,,,,,
orange_cat.mp4,737,24.567,,,,,,,,,,
orange_cat.mp4,738,24.600,,,,,,,,,,
orange_cat.mp4,739,24.633,,,,,,,,,,
orange_cat.mp4,740,24.667,,,,,,,,,,
orange_cat.mp4,741,24.700,,,,,,,,,,
orange_cat.mp4,742,24.733,,,,,,,,,,
orange_cat.mp4,743,24.767,,,,,,,,,,
orange_cat.mp4,744,24.800,640.235,954.853,422.800,832.376,857.671,1077.329,0.208,,,
orange_cat.mp4,745,24.833,,,,,,,,,,
orange_cat.mp4,746,24.867,,,,,,,,,,
orange_cat.mp4,747,24.900,170.979,952.359,3.043,824.966,338.915,1079.752,0.123,,,
orange_cat.mp4,748,24.933,,,,,,,,,,
orange_cat.mp4,749,24.967,515.515,928.026,83.759,777.940,947.272,1078.113,0.346,,,
orange_cat.mp4,750,25.000,536.804,925.683,96.921,772.694,976.688,1078.672,0.502,16.000,,
orange_cat.mp4,751,25.033,562.055,921.496,111.208,764.380,1012.901,1078.613,0.457,16.000,,
orange_cat.mp4,752,25.067,,,,,,,,,,
orange_cat.mp4,753,25.100,,,,,,,,,,
orange_cat.mp4,754,25.133,662.150,902.682,163.718,726.473,1160.582,1078.891,0.519,16.000,,
orange_cat.mp4,755,25.167,698.127,896.463,190.761,713.572,1205.492,1079.354,0.711,16.000,,
orange_cat.mp4,756,25.200,728.572,889.067,214.547,699.262,1242.597,1078.873,0.806,16.000,,
orange_cat.mp4,757,25.233,755.454,881.101,235.643,683.560,1275.265,1078.641,0.546,16.000,,
orange_cat.mp4,758,25.267,779.756,876.670,263.572,674.194,1295.940,1079.147,0.458,16.000,,
orange_cat.mp4,759,25.300,,,,,,,,,,
orange_cat.mp4,760,25.333,,,,,,,,,,
orange_cat.mp4,761,25.367,,,,,,,,,,
orange_cat.mp4,762,25.400,,,,,,,,,,
orange_cat.mp4,763,25.433,,,,,,,,,,
orange_cat.mp4,764,25.467,,,,,,,,,,
orange_cat.mp4,765,25.500,,,,,,,,,,
orange_cat.mp4,766,25.533,,,,,,,,,,
orange_cat.mp4,767,25.567,,,,,,,,,,
orange_cat.mp4,768,25.600,,,,,,,,,,
orange_cat.mp4,769,25.633,,,,,,,,,,
orange_cat.mp4,770,25.667,,,,,,,,,,
orange_cat.mp4,771,25.700,,,,,,,,,,
orange_cat.mp4,772,25.733,,,,,,,,,,
orange_cat.mp4,773,25.767,1016.404,833.389,839.202,593.186,1193.607,1073.593,0.431,,,
orange_cat.mp4,774,25.800,,,,,,,,,,
orange_cat.mp4,775,25.833,,,,,,,,,,
orange_cat.mp4,776,25.867,,,,,,,,,,
orange_cat.mp4,777,25.900,,,,,,,,,,
orange_cat.mp4,778,25.933,1050.090,784.595,434.063,494.962,1666.117,1074.229,0.831,16.000,,
orange_cat.mp4,779,25.967,1049.944,781.045,887.518,488.371,1212.370,1073.719,0.554,,,
orange_cat.mp4,780,26.000,,,,,,,,,,
orange_cat.mp4,781,26.033,,,,,,,,,,
orange_cat.mp4,782,26.067,,,,,,,,,,
orange_cat.mp4,783,26.100,,,,,,,,,,
orange_cat.mp4,784,26.133,,,,,,,,,,
orange_cat.mp4,785,26.167,1063.463,727.696,909.319,468.326,1217.606,987.066,0.670,,,
orange_cat.mp4,786,26.200,,,,,,,,,,
orange_cat.mp4,787,26.233,1072.776,732.875,926.909,480.074,1218.642,985.676,0.580,,,
orange_cat.mp4,788,26.267,1075.544,731.203,929.537,478.128,1221.552,984.277,0.810,20.000,,
orange_cat.mp4,789,26.300,1077.308,728.926,929.618,472.820,1224.999,985.033,0.759,20.000,,
orange_cat.mp4,790,26.333,1079.471,728.053,932.052,472.339,1226.891,983.766,0.802,20.000,,
orange_cat.mp4,791,26.367,1081.387,725.701,933.573,469.276,1229.201,982.126,0.849,20.000,,
orange_cat.mp4,792,26.400,1084.374,724.533,936.484,468.140,1232.265,980.925,0.663,20.000,,
orange_cat.mp4,793,26.433,1085.832,722.891,937.595,466.151,1234.069,979.630,0.665,20.000,,
orange_cat.mp4,794,26.467,,,,,,,,,,
orange_cat.mp4,795,26.500,1091.260,711.436,945.108,458.913,1237.411,963.959,0.590,20.000,,
orange_cat.mp4,796,26.533,,,,,,,,,,
orange_cat.mp4,797,26.567,,,,,,,,,,
orange_cat.mp4,798,26.600,,,,,,,,,,
orange_cat.mp4,799,26.633,,,,,,,,,,
orange_cat.mp4,800,26.667,,,,,,,,,,
orange_cat.mp4,801,26.700,,,,,,,,,,
orange_cat.mp4,802,26.733,,,,,,,,,,
orange_cat.mp4,803,26.767,,,,,,,,,,
orange_cat.mp4,804,26.800,,,,,,,,,,
orange_cat.mp4,805,26.833,,,,,,,,,,
orange_cat.mp4,806,26.867,,,,,,,,,,
orange_cat.mp4,807,26.900,,,,,,,,,,
orange_cat.mp4,808,26.933,,,,,,,,,,
orange_cat.mp4,809,26.967,,,,,,,,,,
orange_cat.mp4,810,27.000,,,,,,,,,,
orange_cat.mp4,811,27.033,,,,,,,,,,
orange_cat.mp4,812,27.067,,,,,,,,,,
orange_cat.mp4,813,27.100,,,,,,,,,,
orange_cat.mp4,814,27.133,,,,,,,,,,
orange_cat.mp4,815,27.167,,,,,,,,,,
orange_cat.mp4,816,27.200,,,,,,,,,,
orange_cat.mp4,817,27.233,,,,,,,,,,
orange_cat.mp4,818,27.267,,,,,,,,,,
orange_cat.mp4,819,27.300,1188.538,626.514,1071.117,452.696,1305.958,800.332,0.557,20.000,,
orange_cat.mp4,820,27.333,1197.800,621.766,1067.513,444.299,1328.087,799.234,0.764,20.000,,
orange_cat.mp4,821,27.367,1205.898,618.926,1067.399,440.161,1344.397,797.691,0.688,20.000,,
orange_cat.mp4,822,27.400,,,,,,,,,,
orange_cat.mp4,823,27.433,1223.159,601.311,1042.296,423.617,1404.022,779.004,0.139,,,
orange_cat.mp4,824,27.467,1228.254,593.930,1083.861,417.386,1372.646,770.474,0.719,20.000,,
orange_cat.mp4,825,27.500,1236.558,589.212,1089.429,418.715,1383.687,759.709,0.669,20.000,,
orange_cat.mp4,826,27.533,1241.660,578.959,1087.676,408.042,1395.644,749.876,0.841,20.000,,
orange_cat.mp4,827,27.567,1245.850,573.914,1088.399,406.443,1403.302,741.385,0.744,20.000,,
orange_cat.mp4,828,27.600,1275.805,580.310,1129.638,428.894,1421.972,731.726,0.762,20.000,,
orange_cat.mp4,829,27.633,,,,,,,,,,
orange_cat.mp4,830,27.667,,,,,,,,,,
orange_cat.mp4,831,27.700,,,,,,,,,,
orange_cat.mp4,832,27.733,,,,,,,,,,
orange_cat.mp4,833,27.767,,,,,,,,,,
orange_cat.mp4,834,27.800,,,,,,,,,,
orange_cat.mp4,835,27.833,,,,,,,,,,
orange_cat.mp4,836,27.867,,,,,,,,,,
orange_cat.mp4,837,27.900,,,,,,,,,,
orange_cat.mp4,838,27.933,,,,,,,,,,
orange_cat.mp4,839,27.967,,,,,,,,,,
orange_cat.mp4,840,28.000,,,,,,,,,,
orange_cat.mp4,841,28.033,,,,,,,,,,
orange_cat.mp4,842,28.067,1351.292,522.109,1166.621,333.987,1535.963,710.231,0.733,20.000,,
orange_cat.mp4,843,28.100,1334.319,519.193,1150.138,328.567,1518.500,709.819,0.388,20.000,,
orange_cat.mp4,844,28.133,1325.616,513.309,1138.732,316.847,1512.500,709.772,0.818,20.000,,
orange_cat.mp4,845,28.167,1320.773,515.244,1127.532,308.151,1514.014,722.338,0.882,20.000,,
orange_cat.mp4,846,28.200,1319.999,516.666,1121.898,298.947,1518.100,734.386,0.853,20.000,,
orange_cat.mp4,847,28.233,1321.451,516.224,1119.891,288.010,1523.011,744.439,0.815,20.000,,
orange_cat.mp4,848,28.267,1324.878,511.397,1124.974,277.897,1524.783,744.897,0.804,20.000,,
orange_cat.mp4,849,28.300,1327.858,507.278,1131.188,269.573,1524.529,744.982,0.832,20.000,,
orange_cat.mp4,850,28.333,1329.368,501.970,1135.135,258.600,1523.601,745.340,0.773,20.000,,
orange_cat.mp4,851,28.367,1336.811,497.455,1147.055,249.538,1526.568,745.373,0.748,20.000,,
orange_cat.mp4,852,28.400,1341.499,494.557,1157.144,243.332,1525.854,745.783,0.486,20.000,,
orange_cat.mp4,853,28.433,1344.090,491.871,1164.639,236.929,1523.541,746.812,0.598,20.000,,
orange_cat.mp4,854,28.467,1343.794,494.601,1172.127,241.059,1515.462,748.142,0.718,20.000,,
orange_cat.mp4,855,28.500,1343.610,497.967,1180.637,248.424,1506.583,747.510,0.693,20.000,,
orange_cat.mp4,856,28.533,1341.469,503.698,1186.940,259.373,1495.998,748.022,0.446,20.000,,
orange_cat.mp4,857,28.567,,,,,,,,,,
orange_cat.mp4,858,28.600,,,,,,,,,,
orange_cat.mp4,859,28.633,,,,,,,,,,
orange_cat.mp4,860,28.667,,,,,,,,,,
orange_cat.mp4,861,28.700,,,,,,,,,,
orange_cat.mp4,862,28.733,,,,,,,,,,
orange_cat.mp4,863,28.767,,,,,,,,,,
orange_cat.mp4,864,28.800,,,,,,,,,,
orange_cat.mp4,865,28.833,,,,,,,,,,
orange_cat.mp4,866,28.867,,,,,,,,,,
orange_cat.mp4,867,28.900,,,,,,,,,,
orange_cat.mp4,868,28.933,,,,,,,,,,
orange_cat.mp4,869,28.967,,,,,,,,,,
orange_cat.mp4,870,29.000,,,,,,,,,,
orange_cat.mp4,871,29.033,,,,,,,,,,
orange_cat.mp4,872,29.067,1265.410,565.077,1165.662,320.678,1365.157,809.477,0.122,,,
orange_cat.mp4,873,29.100,,,,,,,,,,
orange_cat.mp4,874,29.133,,,,,,,,,,
orange_cat.mp4,875,29.167,,,,,,,,,,
orange_cat.mp4,876,29.200,1261.750,592.115,1136.258,371.799,1387.243,812.431,0.427,,,
orange_cat.mp4,877,29.233,1256.368,583.395,1127.255,356.650,1385.481,810.140,0.507,21.000,,
orange_cat.mp4,878,29.267,1251.017,585.810,1123.315,361.447,1378.719,810.172,0.516,21.000,,
orange_cat.mp4,879,29.300,1246.165,584.092,1117.626,357.981,1374.705,810.203,0.551,21.000,,
orange_cat.mp4,880,29.333,1234.920,581.535,1104.991,352.500,1364.849,810.569,0.732,21.000,,
orange_cat.mp4,881,29.367,1227.852,583.880,1095.735,350.334,1359.969,817.425,0.789,21.000,,
orange_cat.mp4,882,29.400,1222.106,589.315,1088.691,352.533,1355.521,826.097,0.819,21.000,,
orange_cat.mp4,883,29.433,1215.997,591.203,1080.421,349.781,1351.572,832.626,0.837,21.000,,
orange_cat.mp4,884,29.467,1211.060,587.695,1069.296,333.473,1352.825,841.917,0.840,21.000,,
orange_cat.mp4,885,29.500,1210.765,575.732,1061.975,307.152,1359.555,844.313,0.872,21.000,,
orange_cat.mp4,886,29.533,1207.453,576.862,1059.684,309.089,1355.223,844.635,0.881,21.000,,
orange_cat.mp4,887,29.567,1197.261,579.410,1051.195,314.195,1343.328,844.624,0.790,21.000,,
orange_cat.mp4,888,29.600,1188.746,583.050,1045.524,321.963,1331.969,844.136,0.644,21.000,,
orange_cat.mp4,889,29.633,1181.117,584.970,1040.090,325.961,1322.144,843.980,0.713,21.000,,
orange_cat.mp4,890,29.667,1176.301,588.186,1038.023,331.577,1314.578,844.795,0.768,21.000,,
orange_cat.mp4,891,29.700,1171.703,590.342,1036.022,335.558,1307.384,845.127,0.741,21.000,,
orange_cat.mp4,892,29.733,1165.534,589.461,1031.883,335.318,1299.185,843.604,0.861,21.000,,
orange_cat.mp4,893,29.767,1161.671,588.769,1029.271,333.952,1294.070,843.586,0.868,21.000,,
orange_cat.mp4,894,29.800,1156.354,595.720,1029.439,348.724,1283.270,842.716,0.885,21.000,,
orange_cat.mp4,895,29.833,1153.158,592.499,1026.271,342.334,1280.045,842.664,0.823,21.000,,
orange_cat.mp4,896,29.867,1150.479,603.431,1025.110,353.536,1275.848,853.327,0.885,21.000,,
orange_cat.mp4,897,29.900,1147.609,614.773,1021.792,361.116,1273.425,868.431,0.863,21.000,,
orange_cat.mp4,898,29.933,1142.251,626.827,1016.377,370.965,1268.125,882.689,0.880,21.000,,
orange_cat.mp4,899,29.967,1136.134,641.234,1011.228,385.963,1261.039,896.505,0.875,21.000,,
orange_cat.mp4,900,30.000,1121.419,648.287,992.822,385.814,1250.016,910.761,0.888,21.000,,
orange_cat.mp4,901,30.033,1113.232,652.496,982.499,385.207,1243.965,919.785,0.892,21.000,,
orange_cat.mp4,902,30.067,1108.432,655.424,977.371,386.882,1239.493,923.967,0.793,21.000,,
orange_cat.mp4,903,30.100,1106.167,656.008,975.097,386.657,1237.238,925.359,0.495,21.000,,
orange_cat.mp4,904,30.133,1103.882,656.972,973.215,387.898,1234.549,926.045,0.835,21.000,,
orange_cat.mp4,905,30.167,1094.888,656.218,963.622,386.204,1226.153,926.232,0.758,21.000,,
orange_cat.mp4,906,30.200,1089.723,664.679,961.521,403.134,1217.926,926.224,0.604,21.000,,
orange_cat.mp4,907,30.233,1083.533,660.820,952.890,395.746,1214.177,925.895,0.599,21.000,,
orange_cat.mp4,908,30.267,1076.885,659.672,944.547,393.622,1209.224,925.721,0.705,21.000,,
orange_cat.mp4,909,30.300,1069.580,658.897,935.635,392.220,1203.525,925.573,0.786,21.000,,
orange_cat.mp4,910,30.333,1060.511,660.452,925.005,394.923,1196.017,925.981,0.868,21.000,,
orange_cat.mp4,911,30.367,1049.903,669.997,907.406,393.643,1192.399,946.352,0.883,21.000,,
orange_cat.mp4,912,30.400,1039.630,680.873,890.366,394.115,1188.894,967.630,0.887,21.000,,
orange_cat.mp4,913,30.433,1030.717,691.458,873.733,391.705,1187.700,991.211,0.891,21.000,,
orange_cat.mp4,914,30.467,1019.524,693.442,856.212,383.229,1182.835,1003.655,0.851,21.000,,
orange_cat.mp4,915,30.500,1005.520,692.049,838.175,376.244,1172.865,1007.854,0.875,21.000,,
orange_cat.mp4,916,30.533,991.478,688.681,819.700,367.110,1163.255,1010.252,0.552,21.000,,
orange_cat.mp4,917,30.567,977.466,687.589,803.215,364.471,1151.718,1010.707,0.803,21.000,,
orange_cat.mp4,918,30.600,962.043,690.286,787.397,370.256,1136.688,1010.316,0.834,21.000,,
orange_cat.mp4,919,30.633,946.392,688.613,768.563,365.997,1124.221,1011.229,0.841,21.000,,
orange_cat.mp4,920,30.667,932.570,697.982,749.872,368.472,1115.267,1027.493,0.859,21.000,,
orange_cat.mp4,921,30.700,920.725,720.510,730.977,380.754,1110.473,1060.265,0.843,21.000,,
orange_cat.mp4,922,30.733,907.139,733.239,715.689,393.946,1098.589,1072.532,0.858,21.000,,
orange_cat.mp4,923,30.767,880.464,742.213,688.511,407.579,1072.417,1076.846,0.847,21.000,,
orange_cat.mp4,924,30.800,868.507,747.266,675.472,415.322,1061.541,1079.210,0.679,21.000,,
orange_cat.mp4,925,30.833,857.001,742.902,659.214,405.874,1054.788,1079.931,0.449,21.000,,
orange_cat.mp4,926,30.867,839.776,738.221,636.430,396.647,1043.122,1079.794,0.885,21.000,,
orange_cat.mp4,927,30.900,831.877,735.723,624.966,392.576,1038.787,1078.870,0.830,21.000,,
orange_cat.mp4,928,30.933,823.526,737.086,615.014,396.160,1032.038,1078.011,0.931,21.000,,
orange_cat.mp4,929,30.967,813.125,740.171,602.412,401.588,1023.839,1078.755,0.908,21.000,,
orange_cat.mp4,930,31.000,804.031,743.606,590.880,408.276,1017.182,1078.937,0.859,21.000,,
orange_cat.mp4,931,31.033,794.308,748.224,578.904,417.427,1009.712,1079.020,0.871,21.000,,
orange_cat.mp4,932,31.067,781.825,753.997,564.667,428.658,998.982,1079.337,0.677,21.000,,
orange_cat.mp4,933,31.100,774.330,756.233,552.723,432.789,995.936,1079.678,0.745,21.000,,
orange_cat.mp4,934,31.133,760.167,757.678,534.118,435.355,986.216,1080.000,0.837,21.000,,
orange_cat.mp4,935,31.167,,,,,,,,,,
orange_cat.mp4,936,31.200,,,,,,,,,,
orange_cat.mp4,937,31.233,,,,,,,,,,
orange_cat.mp4,938,31.267,,,,,,,,,,
orange_cat.mp4,939,31.300,309.274,652.484,247.071,587.879,371.476,717.089,0.226,,,
orange_cat.mp4,940,31.333,,,,,,,,,,
orange_cat.mp4,941,31.367,,,,,,,,,,
orange_cat.mp4,942,31.400,,,,,,,,,,
orange_cat.mp4,943,31.433,,,,,,,,,,
orange_cat.mp4,944,31.467,,,,,,,,,,
orange_cat.mp4,945,31.500,,,,,,,,,,
orange_cat.mp4,946,31.533,,,,,,,,,,
orange_cat.mp4,947,31.567,,,,,,,,,,
orange_cat.mp4,948,31.600,,,,,,,,,,
orange_cat.mp4,949,31.633,,,,,,,,,,
orange_cat.mp4,950,31.667,,,,,,,,,,
orange_cat.mp4,951,31.700,,,,,,,,,,
orange_cat.mp4,952,31.733,,,,,,,,,,
orange_cat.mp4,953,31.767,,,,,,,,,,
orange_cat.mp4,954,31.800,,,,,,,,,,
orange_cat.mp4,955,31.833,,,,,,,,,,
orange_cat.mp4,956,31.867,,,,,,,,,,
orange_cat.mp4,957,31.900,,,,,,,,,,
orange_cat.mp4,958,31.933,,,,,,,,,,
orange_cat.mp4,959,31.967,,,,,,,,,,
orange_cat.mp4,960,32.000,,,,,,,,,,
orange_cat.mp4,961,32.033,,,,,,,,,,
orange_cat.mp4,962,32.067,,,,,,,,,,
orange_cat.mp4,963,32.100,,,,,,,,,,
orange_cat.mp4,964,32.133,428.185,844.147,288.330,610.086,568.041,1078.208,0.301,,,
orange_cat.mp4,965,32.167,,,,,,,,,,
orange_cat.mp4,966,32.200,,,,,,,,,,
orange_cat.mp4,967,32.233,,,,,,,,,,
orange_cat.mp4,968,32.267,,,,,,,,,,
orange_cat.mp4,969,32.300,,,,,,,,,,
orange_cat.mp4,970,32.333,,,,,,,,,,
orange_cat.mp4,971,32.367,,,,,,,,,,
orange_cat.mp4,972,32.400,,,,,,,,,,
orange_cat.mp4,973,32.433,,,,,,,,,,
orange_cat.mp4,974,32.467,,,,,,,,,,
orange_cat.mp4,975,32.500,,,,,,,,,,
orange_cat.mp4,976,32.533,,,,,,,,,,
orange_cat.mp4,977,32.567,,,,,,,,,,
orange_cat.mp4,978,32.600,,,,,,,,,,
orange_cat.mp4,979,32.633,,,,,,,,,,
orange_cat.mp4,980,32.667,,,,,,,,,,
orange_cat.mp4,981,32.700,,,,,,,,,,
orange_cat.mp4,982,32.733,,,,,,,,,,
orange_cat.mp4,983,32.767,,,,,,,,,,
orange_cat.mp4,984,32.800,,,,,,,,,,
orange_cat.mp4,985,32.833,,,,,,,,,,
orange_cat.mp4,986,32.867,,,,,,,,,,
orange_cat.mp4,987,32.900,,,,,,,,,,
orange_cat.mp4,988,32.933,,,,,,,,,,
orange_cat.mp4,989,32.967,,,,,,,,,,
orange_cat.mp4,990,33.000,,,,,,,,,,
orange_cat.mp4,991,33.033,,,,,,,,,,
orange_cat.mp4,992,33.067,,,,,,,,,,
orange_cat.mp4,993,33.100,,,,,,,,,,
orange_cat.mp4,994,33.133,,,,,,,,,,
orange_cat.mp4,995,33.167,,,,,,,,,,
orange_cat.mp4,996,33.200,,,,,,,,,,
orange_cat.mp4,997,33.233,,,,,,,,,,
orange_cat.mp4,998,33.267,,,,,,,,,,
orange_cat.mp4,999,33.300,,,,,,,,,,
orange_cat.mp4,1000,33.333,,,,,,,,,,
orange_cat.mp4,1001,33.367,,,,,,,,,,
orange_cat.mp4,1002,33.400,,,,,,,,,,
orange_cat.mp4,1003,33.433,,,,,,,,,,
orange_cat.mp4,1004,33.467,,,,,,,,,,
orange_cat.mp4,1005,33.500,,,,,,,,,,
orange_cat.mp4,1006,33.533,,,,,,,,,,
orange_cat.mp4,1007,33.567,,,,,,,,,,
orange_cat.mp4,1008,33.600,,,,,,,,,,
orange_cat.mp4,1009,33.633,,,,,,,,,,
orange_cat.mp4,1010,33.667,,,,,,,,,,
orange_cat.mp4,1011,33.700,,,,,,,,,,
orange_cat.mp4,1012,33.733,,,,,,,,,,
orange_cat.mp4,1013,33.767,,,,,,,,,,
orange_cat.mp4,1014,33.800,,,,,,,,,,
orange_cat.mp4,1015,33.833,,,,,,,,,,
orange_cat.mp4,1016,33.867,,,,,,,,,,
orange_cat.mp4,1017,33.900,,,,,,,,,,
orange_cat.mp4,1018,33.933,,,,,,,,,,
orange_cat.mp4,1019,33.967,,,,,,,,,,
orange_cat.mp4,1020,34.000,,,,,,,,,,
orange_cat.mp4,1021,34.033,,,,,,,,,,
orange_cat.mp4,1022,34.067,,,,,,,,,,
orange_cat.mp4,1023,34.100,,,,,,,,,,
orange_cat.mp4,1024,34.133,,,,,,,,,,
orange_cat.mp4,1025,34.167,,,,,,,,,,
orange_cat.mp4,1026,34.200,,,,,,,,,,
orange_cat.mp4,1027,34.233,,,,,,,,,,
orange_cat.mp4,1028,34.267,,,,,,,,,,
orange_cat.mp4,1029,34.300,,,,,,,,,,
orange_cat.mp4,1030,34.333,,,,,,,,,,
orange_cat.mp4,1031,34.367,,,,,,,,,,
orange_cat.mp4,1032,34.400,,,,,,,,,,
orange_cat.mp4,1033,34.433,,,,,,,,,,
orange_cat.mp4,1034,34.467,,,,,,,,,,
orange_cat.mp4,1035,34.500,,,,,,,,,,
orange_cat.mp4,1036,34.533,,,,,,,,,,
orange_cat.mp4,1037,34.567,,,,,,,,,,
orange_cat.mp4,1038,34.600,,,,,,,,,,
orange_cat.mp4,1039,34.633,,,,,,,,,,
orange_cat.mp4,1040,34.667,,,,,,,,,,
orange_cat.mp4,1041,34.700,,,,,,,,,,
orange_cat.mp4,1042,34.733,,,,,,,,,,
orange_cat.mp4,1043,34.767,,,,,,,,,,
orange_cat.mp4,1044,34.800,,,,,,,,,,
orange_cat.mp4,1045,34.833,,,,,,,,,,
orange_cat.mp4,1046,34.867,,,,,,,,,,
orange_cat.mp4,1047,34.900,,,,,,,,,,
orange_cat.mp4,1048,34.933,,,,,,,,,,
orange_cat.mp4,1049,34.967,,,,,,,,,,
orange_cat.mp4,1050,35.000,,,,,,,,,,
orange_cat.mp4,1051,35.033,,,,,,,,,,
orange_cat.mp4,1052,35.067,,,,,,,,,,
orange_cat.mp4,1053,35.100,,,,,,,,,,
orange_cat.mp4,1054,35.133,,,,,,,,,,
orange_cat.mp4,1055,35.167,,,,,,,,,,
orange_cat.mp4,1056,35.200,,,,,,,,,,
orange_cat.mp4,1057,35.233,,,,,,,,,,
orange_cat.mp4,1058,35.267,,,,,,,,,,
orange_cat.mp4,1059,35.300,,,,,,,,,,
orange_cat.mp4,1060,35.333,,,,,,,,,,
orange_cat.mp4,1061,35.367,,,,,,,,,,
orange_cat.mp4,1062,35.400,,,,,,,,,,
orange_cat.mp4,1063,35.433,,,,,,,,,,
orange_cat.mp4,1064,35.467,,,,,,,,,,
orange_cat.mp4,1065,35.500,,,,,,,,,,
orange_cat.mp4,1066,35.533,,,,,,,,,,
orange_cat.mp4,1067,35.567,,,,,,,,,,
orange_cat.mp4,1068,35.600,,,,,,,,,,
orange_cat.mp4,1069,35.633,,,,,,,,,,
orange_cat.mp4,1070,35.667,,,,,,,,,,
orange_cat.mp4,1071,35.700,,,,,,,,,,
orange_cat.mp4,1072,35.733,,,,,,,,,,
orange_cat.mp4,1073,35.767,,,,,,,,,,
orange_cat.mp4,1074,35.800,,,,,,,,,,
orange_cat.mp4,1075,35.833,,,,,,,,,,
orange_cat.mp4,1076,35.867,,,,,,,,,,
orange_cat.mp4,1077,35.900,,,,,,,,,,
orange_cat.mp4,1078,35.933,,,,,,,,,,
orange_cat.mp4,1079,35.967,,,,,,,,,,
orange_cat.mp4,1080,36.000,,,,,,,,,,
orange_cat.mp4,1081,36.033,,,,,,,,,,
orange_cat.mp4,1082,36.067,,,,,,,,,,
orange_cat.mp4,1083,36.100,,,,,,,,,,
orange_cat.mp4,1084,36.133,,,,,,,,,,
orange_cat.mp4,1085,36.167,,,,,,,,,,
orange_cat.mp4,1086,36.200,,,,,,,,,,
orange_cat.mp4,1087,36.233,,,,,,,,,,
orange_cat.mp4,1088,36.267,,,,,,,,,,
orange_cat.mp4,1089,36.300,,,,,,,,,,
orange_cat.mp4,1090,36.333,,,,,,,,,,
orange_cat.mp4,1091,36.367,,,,,,,,,,
orange_cat.mp4,1092,36.400,,,,,,,,,,
orange_cat.mp4,1093,36.433,,,,,,,,,,
orange_cat.mp4,1094,36.467,,,,,,,,,,
orange_cat.mp4,1095,36.500,,,,,,,,,,
orange_cat.mp4,1096,36.533,,,,,,,,,,
orange_cat.mp4,1097,36.567,,,,,,,,,,
orange_cat.mp4,1098,36.600,,,,,,,,,,
orange_cat.mp4,1099,36.633,,,,,,,,,,
orange_cat.mp4,1100,36.667,,,,,,,,,,
orange_cat.mp4,1101,36.700,,,,,,,,,,
orange_cat.mp4,1102,36.733,,,,,,,,,,
orange_cat.mp4,1103,36.767,,,,,,,,,,
orange_cat.mp4,1104,36.800,,,,,,,,,,
orange_cat.mp4,1105,36.833,,,,,,,,,,
orange_cat.mp4,1106,36.867,,,,,,,,,,
orange_cat.mp4,1107,36.900,,,,,,,,,,
orange_cat.mp4,1108,36.933,,,,,,,,,,
orange_cat.mp4,1109,36.967,,,,,,,,,,
orange_cat.mp4,1110,37.000,,,,,,,,,,
orange_cat.mp4,1111,37.033,,,,,,,,,,
orange_cat.mp4,1112,37.067,,,,,,,,,,
orange_cat.mp4,1113,37.100,,,,,,,,,,
orange_cat.mp4,1114,37.133,,,,,,,,,,
orange_cat.mp4,1115,37.167,,,,,,,,,,
orange_cat.mp4,1116,37.200,,,,,,,,,,
orange_cat.mp4,1117,37.233,,,,,,,,,,
orange_cat.mp4,1118,37.267,,,,,,,,,,
orange_cat.mp4,1119,37.300,,,,,,,,,,
orange_cat.mp4,1120,37.333,,,,,,,,,,
orange_cat.mp4,1121,37.367,,,,,,,,,,
orange_cat.mp4,1122,37.400,,,,,,,,,,
orange_cat.mp4,1123,37.433,,,,,,,,,,
orange_cat.mp4,1124,37.467,,,,,,,,,,
orange_cat.mp4,1125,37.500,,,,,,,,,,
orange_cat.mp4,1126,37.533,,,,,,,,,,
orange_cat.mp4,1127,37.567,,,,,,,,,,
orange_cat.mp4,1128,37.600,,,,,,,,,,
orange_cat.mp4,1129,37.633,,,,,,,,,,
orange_cat.mp4,1130,37.667,,,,,,,,,,
orange_cat.mp4,1131,37.700,,,,,,,,,,
orange_cat.mp4,1132,37.733,,,,,,,,,,
orange_cat.mp4,1133,37.767,,,,,,,,,,
orange_cat.mp4,1134,37.800,,,,,,,,,,
orange_cat.mp4,1135,37.833,,,,,,,,,,
orange_cat.mp4,1136,37.867,,,,,,,,,,
orange_cat.mp4,1137,37.900,,,,,,,,,,
orange_cat.mp4,1138,37.933,,,,,,,,,,
orange_cat.mp4,1139,37.967,,,,,,,,,,
orange_cat.mp4,1140,38.000,,,,,,,,,,
orange_cat.mp4,1141,38.033,,,,,,,,,,
orange_cat.mp4,1142,38.067,,,,,,,,,,
orange_cat.mp4,1143,38.100,,,,,,,,,,
orange_cat.mp4,1144,38.133,,,,,,,,,,
orange_cat.mp4,1145,38.167,,,,,,,,,,
orange_cat.mp4,1146,38.200,,,,,,,,,,
orange_cat.mp4,1147,38.233,,,,,,,,,,
orange_cat.mp4,1148,38.267,,,,,,,,,,
orange_cat.mp4,1149,38.300,,,,,,,,,,
orange_cat.mp4,1150,38.333,,,,,,,,,,
orange_cat.mp4,1151,38.367,,,,,,,,,,
orange_cat.mp4,1152,38.400,,,,,,,,,,
orange_cat.mp4,1153,38.433,,,,,,,,,,
orange_cat.mp4,1154,38.467,,,,,,,,,,
orange_cat.mp4,1155,38.500,,,,,,,,,,
orange_cat.mp4,1156,38.533,,,,,,,,,,
orange_cat.mp4,1157,38.567,,,,,,,,,,
orange_cat.mp4,1158,38.600,,,,,,,,,,
orange_cat.mp4,1159,38.633,,,,,,,,,,
orange_cat.mp4,1160,38.667,,,,,,,,,,
orange_cat.mp4,1161,38.700,,,,,,,,,,
orange_cat.mp4,1162,38.733,,,,,,,,,,
orange_cat.mp4,1163,38.767,,,,,,,,,,
orange_cat.mp4,1164,38.800,,,,,,,,,,
orange_cat.mp4,1165,38.833,,,,,,,,,,
orange_cat.mp4,1166,38.867,,,,,,,,,,
orange_cat.mp4,1167,38.900,,,,,,,,,,
orange_cat.mp4,1168,38.933,,,,,,,,,,
orange_cat.mp4,1169,38.967,,,,,,,,,,
orange_cat.mp4,1170,39.000,,,,,,,,,,
orange_cat.mp4,1171,39.033,,,,,,,,,,
orange_cat.mp4,1172,39.067,,,,,,,,,,
orange_cat.mp4,1173,39.100,,,,,,,,,,
orange_cat.mp4,1174,39.133,,,,,,,,,,
orange_cat.mp4,1175,39.167,,,,,,,,,,
orange_cat.mp4,1176,39.200,,,,,,,,,,
orange_cat.mp4,1177,39.233,,,,,,,,,,
orange_cat.mp4,1178,39.267,,,,,,,,,,
orange_cat.mp4,1179,39.300,,,,,,,,,,
orange_cat.mp4,1180,39.333,,,,,,,,,,
orange_cat.mp4,1181,39.367,,,,,,,,,,
orange_cat.mp4,1182,39.400,,,,,,,,,,
orange_cat.mp4,1183,39.433,,,,,,,,,,
orange_cat.mp4,1184,39.467,,,,,,,,,,
orange_cat.mp4,1185,39.500,,,,,,,,,,
orange_cat.mp4,1186,39.533,,,,,,,,,,
orange_cat.mp4,1187,39.567,,,,,,,,,,
orange_cat.mp4,1188,39.600,,,,,,,,,,
orange_cat.mp4,1189,39.633,,,,,,,,,,
orange_cat.mp4,1190,39.667,,,,,,,,,,
orange_cat.mp4,1191,39.700,,,,,,,,,,
orange_cat.mp4,1192,39.733,,,,,,,,,,
orange_cat.mp4,1193,39.767,,,,,,,,,,
orange_cat.mp4,1194,39.800,,,,,,,,,,
orange_cat.mp4,1195,39.833,,,,,,,,,,
orange_cat.mp4,1196,39.867,,,,,,,,,,
orange_cat.mp4,1197,39.900,,,,,,,,,,
orange_cat.mp4,1198,39.933,,,,,,,,,,
orange_cat.mp4,1199,39.967,,,,,,,,,,
orange_cat.mp4,1200,40.000,,,,,,,,,,
orange_cat.mp4,1201,40.033,,,,,,,,,,
orange_cat.mp4,1202,40.067,,,,,,,,,,
orange_cat.mp4,1203,40.100,,,,,,,,,,
orange_cat.mp4,1204,40.133,,,,,,,,,,
orange_cat.mp4,1205,40.167,,,,,,,,,,
orange_cat.mp4,1206,40.200,,,,,,,,,,
orange_cat.mp4,1207,40.233,,,,,,,,,,
orange_cat.mp4,1208,40.267,,,,,,,,,,
orange_cat.mp4,1209,40.300,,,,,,,,,,
orange_cat.mp4,1210,40.333,,,,,,,,,,
orange_cat.mp4,1211,40.367,,,,,,,,,,
orange_cat.mp4,1212,40.400,,,,,,,,,,
orange_cat.mp4,1213,40.433,,,,,,,,,,
orange_cat.mp4,1214,40.467,,,,,,,,,,
orange_cat.mp4,1215,40.500,,,,,,,,,,
orange_cat.mp4,1216,40.533,,,,,,,,,,
orange_cat.mp4,1217,40.567,,,,,,,,,,
orange_cat.mp4,1218,40.600,,,,,,,,,,
orange_cat.mp4,1219,40.633,,,,,,,,,,
orange_cat.mp4,1220,40.667,,,,,,,,,,
orange_cat.mp4,1221,40.700,,,,,,,,,,
orange_cat.mp4,1222,40.733,,,,,,,,,,
orange_cat.mp4,1223,40.767,,,,,,,,,,
orange_cat.mp4,1224,40.800,,,,,,,,,,
orange_cat.mp4,1225,40.833,,,,,,,,,,
orange_cat.mp4,1226,40.867,,,,,,,,,,
orange_cat.mp4,1227,40.900,,,,,,,,,,
orange_cat.mp4,1228,40.933,,,,,,,,,,
orange_cat.mp4,1229,40.967,,,,,,,,,,
orange_cat.mp4,1230,41.000,,,,,,,,,,
orange_cat.mp4,1231,41.033,,,,,,,,,,
orange_cat.mp4,1232,41.067,,,,,,,,,,
orange_cat.mp4,1233,41.100,,,,,,,,,,
orange_cat.mp4,1234,41.133,,,,,,,,,,
orange_cat.mp4,1235,41.167,,,,,,,,,,
orange_cat.mp4,1236,41.200,,,,,,,,,,
orange_cat.mp4,1237,41.233,,,,,,,,,,
orange_cat.mp4,1238,41.267,,,,,,,,,,
orange_cat.mp4,1239,41.300,,,,,,,,,,
orange_cat.mp4,1240,41.333,,,,,,,,,,
orange_cat.mp4,1241,41.367,,,,,,,,,,
orange_cat.mp4,1242,41.400,,,,,,,,,,
orange_cat.mp4,1243,41.433,,,,,,,,,,
orange_cat.mp4,1244,41.467,,,,,,,,,,
orange_cat.mp4,1245,41.500,,,,,,,,,,
orange_cat.mp4,1246,41.533,,,,,,,,,,
orange_cat.mp4,1247,41.567,,,,,,,,,,
orange_cat.mp4,1248,41.600,,,,,,,,,,
orange_cat.mp4,1249,41.633,,,,,,,,,,
orange_cat.mp4,1250,41.667,,,,,,,,,,
orange_cat.mp4,1251,41.700,,,,,,,,,,
orange_cat.mp4,1252,41.733,,,,,,,,,,
orange_cat.mp4,1253,41.767,,,,,,,,,,
orange_cat.mp4,1254,41.800,,,,,,,,,,
orange_cat.mp4,1255,41.833,,,,,,,,,,
orange_cat.mp4,1256,41.867,,,,,,,,,,
orange_cat.mp4,1257,41.900,,,,,,,,,,
orange_cat.mp4,1258,41.933,,,,,,,,,,
orange_cat.mp4,1259,41.967,,,,,,,,,,
orange_cat.mp4,1260,42.000,,,,,,,,,,
orange_cat.mp4,1261,42.033,,,,,,,,,,
orange_cat.mp4,1262,42.067,,,,,,,,,,
orange_cat.mp4,1263,42.100,,,,,,,,,,
orange_cat.mp4,1264,42.133,,,,,,,,,,
orange_cat.mp4,1265,42.167,,,,,,,,,,
orange_cat.mp4,1266,42.200,,,,,,,,,,
orange_cat.mp4,1267,42.233,,,,,,,,,,
orange_cat.mp4,1268,42.267,,,,,,,,,,
orange_cat.mp4,1269,42.300,,,,,,,,,,
orange_cat.mp4,1270,42.333,,,,,,,,,,
orange_cat.mp4,1271,42.367,,,,,,,,,,
orange_cat.mp4,1272,42.400,,,,,,,,,,
orange_cat.mp4,1273,42.433,,,,,,,,,,
orange_cat.mp4,1274,42.467,,,,,,,,,,
orange_cat.mp4,1275,42.500,,,,,,,,,,
orange_cat.mp4,1276,42.533,,,,,,,,,,
orange_cat.mp4,1277,42.567,,,,,,,,,,
orange_cat.mp4,1278,42.600,,,,,,,,,,
orange_cat.mp4,1279,42.633,,,,,,,,,,
orange_cat.mp4,1280,42.667,,,,,,,,,,
orange_cat.mp4,1281,42.700,,,,,,,,,,
orange_cat.mp4,1282,42.733,,,,,,,,,,
orange_cat.mp4,1283,42.767,,,,,,,,,,
orange_cat.mp4,1284,42.800,,,,,,,,,,
orange_cat.mp4,1285,42.833,,,,,,,,,,
orange_cat.mp4,1286,42.867,,,,,,,,,,
orange_cat.mp4,1287,42.900,,,,,,,,,,
orange_cat.mp4,1288,42.933,,,,,,,,,,
orange_cat.mp4,1289,42.967,,,,,,,,,,
orange_cat.mp4,1290,43.000,,,,,,,,,,
orange_cat.mp4,1291,43.033,,,,,,,,,,
orange_cat.mp4,1292,43.067,,,,,,,,,,
orange_cat.mp4,1293,43.100,,,,,,,,,,
orange_cat.mp4,1294,43.133,,,,,,,,,,
orange_cat.mp4,1295,43.167,,,,,,,,,,
orange_cat.mp4,1296,43.200,,,,,,,,,,
orange_cat.mp4,1297,43.233,,,,,,,,,,
orange_cat.mp4,1298,43.267,,,,,,,,,,
orange_cat.mp4,1299,43.300,,,,,,,,,,
orange_cat.mp4,1300,43.333,,,,,,,,,,
orange_cat.mp4,1301,43.367,,,,,,,,,,
orange_cat.mp4,1302,43.400,,,,,,,,,,
orange_cat.mp4,1303,43.433,,,,,,,,,,
orange_cat.mp4,1304,43.467,,,,,,,,,,
orange_cat.mp4,1305,43.500,,,,,,,,,,
orange_cat.mp4,1306,43.533,,,,,,,,,,
orange_cat.mp4,1307,43.567,,,,,,,,,,
orange_cat.mp4,1308,43.600,,,,,,,,,,
orange_cat.mp4,1309,43.633,,,,,,,,,,
orange_cat.mp4,1310,43.667,,,,,,,,,,
orange_cat.mp4,1311,43.700,,,,,,,,,,
orange_cat.mp4,1312,43.733,,,,,,,,,,
orange_cat.mp4,1313,43.767,,,,,,,,,,
orange_cat.mp4,1314,43.800,,,,,,,,,,
orange_cat.mp4,1315,43.833,,,,,,,,,,
orange_cat.mp4,1316,43.867,,,,,,,,,,
orange_cat.mp4,1317,43.900,,,,,,,,,,
orange_cat.mp4,1318,43.933,,,,,,,,,,
orange_cat.mp4,1319,43.967,,,,,,,,,,
orange_cat.mp4,1320,44.000,,,,,,,,,,
orange_cat.mp4,1321,44.033,,,,,,,,,,
orange_cat.mp4,1322,44.067,,,,,,,,,,
orange_cat.mp4,1323,44.100,,,,,,,,,,
orange_cat.mp4,1324,44.133,,,,,,,,,,
orange_cat.mp4,1325,44.167,,,,,,,,,,
orange_cat.mp4,1326,44.200,,,,,,,,,,
orange_cat.mp4,1327,44.233,1442.475,405.017,1351.266,219.666,1533.684,590.368,0.373,,,
orange_cat.mp4,1328,44.267,,,,,,,,,,
orange_cat.mp4,1329,44.300,,,,,,,,,,
orange_cat.mp4,1330,44.333,,,,,,,,,,
orange_cat.mp4,1331,44.367,,,,,,,,,,
orange_cat.mp4,1332,44.400,,,,,,,,,,
orange_cat.mp4,1333,44.433,,,,,,,,,,
orange_cat.mp4,1334,44.467,,,,,,,,,,
orange_cat.mp4,1335,44.500,,,,,,,,,,
orange_cat.mp4,1336,44.533,,,,,,,,,,
orange_cat.mp4,1337,44.567,,,,,,,,,,
orange_cat.mp4,1338,44.600,,,,,,,,,,
orange_cat.mp4,1339,44.633,,,,,,,,,,
orange_cat.mp4,1340,44.667,,,,,,,,,,
orange_cat.mp4,1341,44.700,,,,,,,,,,
orange_cat.mp4,1342,44.733,,,,,,,,,,
orange_cat.mp4,1343,44.767,,,,,,,,,,
orange_cat.mp4,1344,44.800,,,,,,,,,,
orange_cat.mp4,1345,44.833,,,,,,,,,,
orange_cat.mp4,1346,44.867,,,,,,,,,,
orange_cat.mp4,1347,44.900,,,,,,,,,,
orange_cat.mp4,1348,44.933,,,,,,,,,,
orange_cat.mp4,1349,44.967,,,,,,,,,,
orange_cat.mp4,1350,45.000,,,,,,,,,,
orange_cat.mp4,1351,45.033,,,,,,,,,,
orange_cat.mp4,1352,45.067,,,,,,,,,,
orange_cat.mp4,1353,45.100,,,,,,,,,,
orange_cat.mp4,1354,45.133,,,,,,,,,,
orange_cat.mp4,1355,45.167,,,,,,,,,,
orange_cat.mp4,1356,45.200,,,,,,,,,,
orange_cat.mp4,1357,45.233,,,,,,,,,,
orange_cat.mp4,1358,45.267,,,,,,,,,,
orange_cat.mp4,1359,45.300,,,,,,,,,,
orange_cat.mp4,1360,45.333,,,,,,,,,,
orange_cat.mp4,1361,45.367,,,,,,,,,,
orange_cat.mp4,1362,45.400,,,,,,,,,,
orange_cat.mp4,1363,45.433,,,,,,,,,,
orange_cat.mp4,1364,45.467,,,,,,,,,,
orange_cat.mp4,1365,45.500,,,,,,,,,,
orange_cat.mp4,1366,45.533,,,,,,,,,,
orange_cat.mp4,1367,45.567,,,,,,,,,,
orange_cat.mp4,1368,45.600,,,,,,,,,,
orange_cat.mp4,1369,45.633,,,,,,,,,,
orange_cat.mp4,1370,45.667,,,,,,,,,,
orange_cat.mp4,1371,45.700,,,,,,,,,,
orange_cat.mp4,1372,45.733,,,,,,,,,,
orange_cat.mp4,1373,45.767,,,,,,,,,,
orange_cat.mp4,1374,45.800,,,,,,,,,,
orange_cat.mp4,1375,45.833,,,,,,,,,,
orange_cat.mp4,1376,45.867,,,,,,,,,,
orange_cat.mp4,1377,45.900,,,,,,,,,,
orange_cat.mp4,1378,45.933,,,,,,,,,,
orange_cat.mp4,1379,45.967,,,,,,,,,,
orange_cat.mp4,1380,46.000,,,,,,,,,,
orange_cat.mp4,1381,46.033,,,,,,,,,,
orange_cat.mp4,1382,46.067,,,,,,,,,,
orange_cat.mp4,1383,46.100,,,,,,,,,,
orange_cat.mp4,1384,46.133,,,,,,,,,,
orange_cat.mp4,1385,46.167,,,,,,,,,,
orange_cat.mp4,1386,46.200,,,,,,,,,,
orange_cat.mp4,1387,46.233,,,,,,,,,,
orange_cat.mp4,1388,46.267,,,,,,,,,,
orange_cat.mp4,1389,46.300,,,,,,,,,,
orange_cat.mp4,1390,46.333,,,,,,,,,,
orange_cat.mp4,1391,46.367,,,,,,,,,,
orange_cat.mp4,1392,46.400,,,,,,,,,,
orange_cat.mp4,1393,46.433,,,,,,,,,,
orange_cat.mp4,1394,46.467,,,,,,,,,,
orange_cat.mp4,1395,46.500,,,,,,,,,,
orange_cat.mp4,1396,46.533,,,,,,,,,,
orange_cat.mp4,1397,46.567,,,,,,,,,,
orange_cat.mp4,1398,46.600,,,,,,,,,,
orange_cat.mp4,1399,46.633,,,,,,,,,,
orange_cat.mp4,1400,46.667,,,,,,,,,,
orange_cat.mp4,1401,46.700,,,,,,,,,,
orange_cat.mp4,1402,46.733,,,,,,,,,,
orange_cat.mp4,1403,46.767,,,,,,,,,,
orange_cat.mp4,1404,46.800,,,,,,,,,,
orange_cat.mp4,1405,46.833,,,,,,,,,,
orange_cat.mp4,1406,46.867,,,,,,,,,,
orange_cat.mp4,1407,46.900,,,,,,,,,,
orange_cat.mp4,1408,46.933,,,,,,,,,,
orange_cat.mp4,1409,46.967,,,,,,,,,,
orange_cat.mp4,1410,47.000,,,,,,,,,,
orange_cat.mp4,1411,47.033,,,,,,,,,,
orange_cat.mp4,1412,47.067,,,,,,,,,,
orange_cat.mp4,1413,47.100,,,,,,,,,,
orange_cat.mp4,1414,47.133,,,,,,,,,,
orange_cat.mp4,1415,47.167,,,,,,,,,,
orange_cat.mp4,1416,47.200,,,,,,,,,,
orange_cat.mp4,1417,47.233,,,,,,,,,,
orange_cat.mp4,1418,47.267,,,,,,,,,,
orange_cat.mp4,1419,47.300,,,,,,,,,,
orange_cat.mp4,1420,47.333,,,,,,,,,,
orange_cat.mp4,1421,47.367,,,,,,,,,,
orange_cat.mp4,1422,47.400,,,,,,,,,,
orange_cat.mp4,1423,47.433,,,,,,,,,,
orange_cat.mp4,1424,47.467,,,,,,,,,,
orange_cat.mp4,1425,47.500,,,,,,,,,,
orange_cat.mp4,1426,47.533,,,,,,,,,,
orange_cat.mp4,1427,47.567,,,,,,,,,,
orange_cat.mp4,1428,47.600,,,,,,,,,,
orange_cat.mp4,1429,47.633,,,,,,,,,,
orange_cat.mp4,1430,47.667,,,,,,,,,,
orange_cat.mp4,1431,47.700,,,,,,,,,,
orange_cat.mp4,1432,47.733,,,,,,,,,,
orange_cat.mp4,1433,47.767,,,,,,,,,,
orange_cat.mp4,1434,47.800,,,,,,,,,,
orange_cat.mp4,1435,47.833,,,,,,,,,,
orange_cat.mp4,1436,47.867,,,,,,,,,,
orange_cat.mp4,1437,47.900,,,,,,,,,,
orange_cat.mp4,1438,47.933,,,,,,,,,,
orange_cat.mp4,1439,47.967,,,,,,,,,,
orange_cat.mp4,1440,48.000,,,,,,,,,,
orange_cat.mp4,1441,48.033,330.501,913.920,93.977,749.926,567.024,1077.915,0.161,,,
orange_cat.mp4,1442,48.067,,,,,,,,,,
orange_cat.mp4,1443,48.100,,,,,,,,,,
orange_cat.mp4,1444,48.133,,,,,,,,,,
orange_cat.mp4,1445,48.167,328.467,871.149,2.609,665.499,654.324,1076.799,0.702,,,
orange_cat.mp4,1446,48.200,,,,,,,,,,
orange_cat.mp4,1447,48.233,,,,,,,,,,
orange_cat.mp4,1448,48.267,366.749,845.499,39.974,613.971,693.524,1077.027,0.367,,,
orange_cat.mp4,1449,48.300,,,,,,,,,,
orange_cat.mp4,1450,48.333,,,,,,,,,,
orange_cat.mp4,1451,48.367,,,,,,,,,,
orange_cat.mp4,1452,48.400,,,,,,,,,,
orange_cat.mp4,1453,48.433,,,,,,,,,,
orange_cat.mp4,1454,48.467,432.071,830.724,143.667,586.863,720.475,1074.586,0.904,,,
orange_cat.mp4,1455,48.500,443.769,830.663,155.359,586.665,732.179,1074.660,0.789,27.000,,
orange_cat.mp4,1456,48.533,456.446,830.855,167.852,586.186,745.040,1075.524,0.719,27.000,,
orange_cat.mp4,1457,48.567,461.836,829.593,175.705,586.087,747.966,1073.099,0.668,27.000,,
orange_cat.mp4,1458,48.600,,,,,,,,,,
orange_cat.mp4,1459,48.633,,,,,,,,,,
orange_cat.mp4,1460,48.667,472.733,819.895,181.517,568.609,763.949,1071.182,0.620,27.000,,
orange_cat.mp4,1461,48.700,465.832,818.119,177.528,565.711,754.135,1070.526,0.875,27.000,,
orange_cat.mp4,1462,48.733,459.123,818.224,175.408,566.315,742.838,1070.133,0.627,27.000,,
orange_cat.mp4,1463,48.767,455.822,817.552,176.259,565.962,735.385,1069.142,0.853,27.000,,
orange_cat.mp4,1464,48.800,457.866,816.069,181.170,563.892,734.561,1068.247,0.887,27.000,,
orange_cat.mp4,1465,48.833,463.009,814.416,189.263,562.059,736.755,1066.773,0.774,27.000,,
orange_cat.mp4,1466,48.867,469.185,812.096,197.662,558.892,740.708,1065.299,0.911,27.000,,
orange_cat.mp4,1467,48.900,473.696,809.488,204.471,555.627,742.921,1063.349,0.871,27.000,,
orange_cat.mp4,1468,48.933,477.556,806.936,210.155,552.124,744.956,1061.747,0.894,27.000,,
orange_cat.mp4,1469,48.967,478.811,803.888,213.943,548.908,743.678,1058.867,0.881,27.000,,
orange_cat.mp4,1470,49.000,479.112,801.288,215.850,545.281,742.374,1057.296,0.912,27.000,,
orange_cat.mp4,1471,49.033,479.539,799.622,217.687,542.745,741.391,1056.500,0.893,27.000,,
orange_cat.mp4,1472,49.067,480.545,798.780,220.357,541.828,740.734,1055.732,0.849,27.000,,
orange_cat.mp4,1473,49.100,,,,,,,,,,
orange_cat.mp4,1474,49.133,482.278,799.969,224.784,544.792,739.772,1055.146,0.877,27.000,,
orange_cat.mp4,1475,49.167,484.798,803.142,229.733,550.228,739.863,1056.055,0.828,27.000,,
orange_cat.mp4,1476,49.200,486.765,804.580,232.426,552.582,741.104,1056.578,0.828,27.000,,
orange_cat.mp4,1477,49.233,487.427,805.258,233.679,554.215,741.174,1056.301,0.897,27.000,,
orange_cat.mp4,1478,49.267,486.632,805.797,232.898,555.395,740.365,1056.200,0.920,27.000,,
orange_cat.mp4,1479,49.300,483.421,807.168,229.072,557.214,737.769,1057.123,0.923,27.000,,
orange_cat.mp4,1480,49.333,481.260,808.069,226.414,558.912,736.106,1057.227,0.903,27.000,,
orange_cat.mp4,1481,49.367,483.749,810.994,228.805,563.610,738.694,1058.378,0.898,27.000,,
orange_cat.mp4,1482,49.400,480.809,814.997,227.111,570.633,734.506,1059.360,0.916,27.000,,
orange_cat.mp4,1483,49.433,482.479,818.099,228.828,576.007,736.130,1060.191,0.912,27.000,,
orange_cat.mp4,1484,49.467,486.694,820.250,231.254,579.473,742.134,1061.027,0.921,27.000,,
orange_cat.mp4,1485,49.500,490.962,823.432,233.873,584.532,748.052,1062.332,0.931,27.000,,
orange_cat.mp4,1486,49.533,493.173,824.428,233.323,586.488,753.023,1062.367,0.934,27.000,,
orange_cat.mp4,1487,49.567,495.350,826.016,231.841,588.460,758.859,1063.572,0.906,27.000,,
orange_cat.mp4,1488,49.600,497.974,828.217,230.889,591.637,765.059,1064.797,0.929,27.000,,
orange_cat.mp4,1489,49.633,502.146,830.952,231.984,596.930,772.307,1064.973,0.920,27.000,,
orange_cat.mp4,1490,49.667,509.605,832.438,234.535,599.539,784.675,1065.338,0.920,27.000,,
orange_cat.mp4,1491,49.700,521.224,834.336,242.192,603.421,800.256,1065.251,0.685,27.000,,
orange_cat.mp4,1492,49.733,535.935,834.496,252.041,604.979,819.829,1064.012,0.918,27.000,,
orange_cat.mp4,1493,49.767,556.594,838.833,272.828,614.785,840.360,1062.881,0.881,27.000,,
orange_cat.mp4,1494,49.800,566.057,820.829,256.533,579.616,875.582,1062.043,0.912,27.000,,
orange_cat.mp4,1495,49.833,577.591,809.466,251.615,557.609,903.567,1061.323,0.912,27.000,,
orange_cat.mp4,1496,49.867,603.110,798.219,263.015,535.467,943.206,1060.971,0.921,27.000,,
orange_cat.mp4,1497,49.900,626.794,786.028,275.476,513.438,978.112,1058.618,0.915,27.000,,
orange_cat.mp4,1498,49.933,648.349,778.493,291.168,499.644,1005.529,1057.343,0.905,27.000,,
orange_cat.mp4,1499,49.967,668.551,773.864,308.522,490.091,1028.579,1057.638,0.895,27.000,,
orange_cat.mp4,1500,50.000,686.261,770.962,327.202,485.459,1045.321,1056.466,0.889,27.000,,
orange_cat.mp4,1501,50.033,703.800,769.942,347.282,483.660,1060.318,1056.225,0.894,27.000,,
orange_cat.mp4,1502,50.067,722.246,767.694,368.764,480.562,1075.727,1054.827,0.892,27.000,,
orange_cat.mp4,1503,50.100,745.883,775.203,405.579,496.098,1086.187,1054.308,0.823,27.000,,
orange_cat.mp4,1504,50.133,767.797,769.700,426.086,485.843,1109.508,1053.557,0.854,27.000,,
orange_cat.mp4,1505,50.167,788.555,765.474,447.045,478.097,1130.065,1052.851,0.900,27.000,,
orange_cat.mp4,1506,50.200,809.872,765.189,471.546,476.692,1148.198,1053.685,0.915,27.000,,
orange_cat.mp4,1507,50.233,838.054,780.730,520.152,507.657,1155.956,1053.803,0.903,27.000,,
orange_cat.mp4,1508,50.267,852.620,768.924,532.504,491.033,1172.737,1046.815,0.885,27.000,,
orange_cat.mp4,1509,50.300,865.883,757.102,553.346,483.683,1178.420,1030.521,0.658,27.000,,
orange_cat.mp4,1510,50.333,878.015,740.945,577.299,476.607,1178.730,1005.282,0.886,27.000,,
orange_cat.mp4,1511,50.367,894.169,721.659,608.209,470.433,1180.129,972.885,0.908,27.000,,
orange_cat.mp4,1512,50.400,908.201,706.660,629.886,462.363,1186.517,950.957,0.892,27.000,,
orange_cat.mp4,1513,50.433,930.492,717.050,681.332,501.862,1179.651,932.239,0.864,27.000,,
orange_cat.mp4,1514,50.467,934.916,694.647,667.394,463.777,1202.438,925.517,0.894,27.000,,
orange_cat.mp4,1515,50.500,954.347,710.878,705.693,497.892,1203.000,923.865,0.893,27.000,,
orange_cat.mp4,1516,50.533,963.435,715.152,717.381,505.342,1209.489,924.962,0.890,27.000,,
orange_cat.mp4,1517,50.567,976.232,715.372,729.216,504.822,1223.249,925.922,0.840,27.000,,
orange_cat.mp4,1518,50.600,984.849,710.736,733.029,495.441,1236.669,926.031,0.888,27.000,,
orange_cat.mp4,1519,50.633,983.398,687.604,706.500,448.462,1260.297,926.745,0.843,27.000,,
orange_cat.mp4,1520,50.667,989.800,678.227,704.714,429.488,1274.885,926.965,0.446,27.000,,
orange_cat.mp4,1521,50.700,990.359,670.357,698.872,414.040,1281.847,926.675,0.805,27.000,,
orange_cat.mp4,1522,50.733,1000.287,666.360,706.666,406.058,1293.908,926.662,0.556,27.000,,
orange_cat.mp4,1523,50.767,1014.442,662.501,719.665,398.921,1309.219,926.081,0.729,27.000,,
orange_cat.mp4,1524,50.800,1025.357,655.363,728.645,387.672,1322.069,923.055,0.846,27.000,,
orange_cat.mp4,1525,50.833,1038.239,647.457,742.565,378.979,1333.914,915.936,0.839,27.000,,
orange_cat.mp4,1526,50.867,,,,,,,,,,
orange_cat.mp4,1527,50.900,1063.699,637.166,775.583,373.196,1351.814,901.135,0.861,27.000,,
orange_cat.mp4,1528,50.933,1076.648,634.666,791.076,370.807,1362.219,898.526,0.879,27.000,,
orange_cat.mp4,1529,50.967,1092.159,634.094,810.765,370.945,1373.553,897.243,0.846,27.000,,
orange_cat.mp4,1530,51.000,1100.754,634.713,822.875,372.837,1378.632,896.589,0.877,27.000,,
orange_cat.mp4,1531,51.033,1107.551,635.226,831.566,374.147,1383.535,896.304,0.871,27.000,,
orange_cat.mp4,1532,51.067,1117.078,636.844,843.116,377.782,1391.040,895.906,0.876,27.000,,
orange_cat.mp4,1533,51.100,1118.192,638.114,845.861,380.730,1390.524,895.497,0.899,27.000,,
orange_cat.mp4,1534,51.133,1121.815,638.038,849.582,380.986,1394.048,895.091,0.861,27.000,,
orange_cat.mp4,1535,51.167,1121.947,637.057,848.990,379.232,1394.904,894.881,0.852,27.000,,
orange_cat.mp4,1536,51.200,1126.485,636.723,852.997,379.104,1399.973,894.343,0.791,27.000,,
orange_cat.mp4,1537,51.233,1130.947,636.013,856.521,378.436,1405.374,893.590,0.902,27.000,,
orange_cat.mp4,1538,51.267,1142.950,637.130,868.385,379.909,1417.514,894.352,0.907,27.000,,
orange_cat.mp4,1539,51.300,1155.235,636.758,879.950,379.792,1430.521,893.725,0.903,27.000,,
orange_cat.mp4,1540,51.333,1174.769,635.554,899.251,379.403,1450.286,891.705,0.891,27.000,,
orange_cat.mp4,1541,51.367,1194.545,630.867,911.626,368.495,1477.463,893.238,0.857,27.000,,
orange_cat.mp4,1542,51.400,1216.216,628.143,925.015,356.517,1507.416,899.769,0.862,27.000,,
orange_cat.mp4,1543,51.433,1234.526,636.070,944.129,365.473,1524.923,906.667,0.744,27.000,,
orange_cat.mp4,1544,51.467,1250.801,646.505,951.232,366.323,1550.371,926.688,0.730,27.000,,
orange_cat.mp4,1545,51.500,1284.880,656.854,977.742,369.149,1592.018,944.558,0.670,27.000,,
orange_cat.mp4,1546,51.533,1305.367,657.124,994.849,363.667,1615.886,950.582,0.614,27.000,,
orange_cat.mp4,1547,51.567,1323.644,659.389,1013.688,363.542,1633.599,955.236,0.425,27.000,,
orange_cat.mp4,1548,51.600,1340.973,661.489,1036.467,368.395,1645.478,954.584,0.707,27.000,,
orange_cat.mp4,1549,51.633,1355.962,662.655,1055.874,371.249,1656.051,954.061,0.849,27.000,,
orange_cat.mp4,1550,51.667,1368.598,664.837,1072.917,376.012,1664.279,953.662,0.867,27.000,,
orange_cat.mp4,1551,51.700,1380.988,669.845,1089.635,384.787,1672.342,954.903,0.911,27.000,,
orange_cat.mp4,1552,51.733,1390.792,674.518,1103.892,394.138,1677.692,954.898,0.915,27.000,,
orange_cat.mp4,1553,51.767,1401.345,679.261,1118.427,403.642,1684.263,954.881,0.920,27.000,,
orange_cat.mp4,1554,51.800,1409.687,681.218,1128.488,407.973,1690.886,954.464,0.910,27.000,,
orange_cat.mp4,1555,51.833,1417.408,683.409,1137.991,412.231,1696.826,954.587,0.905,27.000,,
orange_cat.mp4,1556,51.867,1428.775,683.692,1151.234,413.569,1706.315,953.816,0.888,27.000,,
orange_cat.mp4,1557,51.900,1439.229,682.313,1161.451,410.393,1717.007,954.233,0.917,27.000,,
orange_cat.mp4,1558,51.933,1441.461,681.645,1164.372,408.864,1718.550,954.426,0.915,27.000,,
orange_cat.mp4,1559,51.967,1441.418,680.445,1164.898,406.665,1717.937,954.225,0.907,27.000,,
orange_cat.mp4,1560,52.000,1438.554,680.400,1163.125,406.766,1713.983,954.035,0.908,27.000,,
orange_cat.mp4,1561,52.033,1435.144,680.516,1160.564,407.002,1709.725,954.031,0.906,27.000,,
orange_cat.mp4,1562,52.067,1432.359,682.194,1158.966,409.605,1705.753,954.782,0.907,27.000,,
orange_cat.mp4,1563,52.100,1429.819,683.592,1156.711,411.725,1702.927,955.459,0.902,27.000,,
orange_cat.mp4,1564,52.133,1429.369,684.263,1155.846,412.629,1702.892,955.896,0.902,27.000,,
orange_cat.mp4,1565,52.167,1427.981,686.007,1155.040,415.791,1700.921,956.222,0.902,27.000,,
orange_cat.mp4,1566,52.200,1425.258,689.246,1154.141,421.874,1696.375,956.618,0.898,27.000,,
orange_cat.mp4,1567,52.233,1422.407,690.750,1151.864,424.732,1692.950,956.768,0.894,27.000,,
orange_cat.mp4,1568,52.267,1422.021,692.205,1151.731,427.495,1692.311,956.914,0.901,27.000,,
orange_cat.mp4,1569,52.300,1421.555,693.224,1150.689,429.021,1692.421,957.427,0.906,27.000,,
orange_cat.mp4,1570,52.333,1421.051,693.721,1149.133,429.376,1692.969,958.066,0.900,27.000,,
orange_cat.mp4,1571,52.367,1419.795,692.955,1146.140,427.606,1693.450,958.304,0.907,27.000,,
orange_cat.mp4,1572,52.400,1418.205,693.671,1144.621,429.098,1691.790,958.243,0.905,27.000,,
orange_cat.mp4,1573,52.433,1417.645,695.041,1143.691,430.748,1691.599,959.334,0.905,27.000,,
orange_cat.mp4,1574,52.467,1417.090,694.290,1141.441,429.072,1692.740,959.507,0.904,27.000,,
orange_cat.mp4,1575,52.500,1416.669,693.902,1140.604,429.117,1692.734,958.687,0.895,27.000,,
orange_cat.mp4,1576,52.533,1415.471,694.114,1139.602,430.571,1691.340,957.656,0.894,27.000,,
orange_cat.mp4,1577,52.567,1414.846,694.794,1139.443,432.759,1690.250,956.829,0.895,27.000,,
orange_cat.mp4,1578,52.600,1415.130,692.969,1137.999,430.119,1692.261,955.819,0.894,27.000,,
orange_cat.mp4,1579,52.633,1416.996,721.810,1165.123,487.607,1668.868,956.013,0.888,27.000,,
orange_cat.mp4,1580,52.667,1417.790,710.900,1153.288,465.178,1682.292,956.621,0.863,27.000,,
orange_cat.mp4,1581,52.700,1422.271,703.996,1150.958,451.329,1693.585,956.662,0.885,27.000,,
orange_cat.mp4,1582,52.733,1424.799,697.804,1147.579,438.441,1702.019,957.167,0.892,27.000,,
orange_cat.mp4,1583,52.767,1423.747,691.763,1143.030,427.163,1704.465,956.363,0.838,27.000,,
orange_cat.mp4,1584,52.800,1425.229,692.881,1147.351,429.682,1703.106,956.081,0.837,27.000,,
orange_cat.mp4,1585,52.833,1425.471,704.721,1159.934,454.166,1691.007,955.276,0.847,27.000,,
orange_cat.mp4,1586,52.867,1424.264,710.240,1163.622,465.489,1684.906,954.991,0.881,27.000,,
orange_cat.mp4,1587,52.900,1420.480,720.407,1168.202,486.008,1672.758,954.806,0.896,27.000,,
orange_cat.mp4,1588,52.933,1417.451,728.089,1170.531,501.352,1664.370,954.826,0.883,27.000,,
orange_cat.mp4,1589,52.967,1413.556,730.855,1166.836,507.128,1660.275,954.583,0.900,27.000,,
orange_cat.mp4,1590,53.000,1410.051,731.066,1160.573,507.583,1659.529,954.550,0.908,27.000,,
orange_cat.mp4,1591,53.033,1406.807,730.733,1154.280,507.297,1659.334,954.169,0.905,27.000,,
orange_cat.mp4,1592,53.067,1404.360,732.518,1149.863,510.202,1658.857,954.834,0.916,27.000,,
orange_cat.mp4,1593,53.100,1400.460,729.478,1139.820,504.204,1661.100,954.751,0.893,27.000,,
orange_cat.mp4,1594,53.133,1396.239,727.173,1130.263,499.601,1662.215,954.746,0.909,27.000,,
orange_cat.mp4,1595,53.167,1392.022,722.627,1118.605,490.319,1665.438,954.935,0.923,27.000,,
orange_cat.mp4,1596,53.200,1389.155,722.442,1113.180,489.857,1665.130,955.026,0.913,27.000,,
orange_cat.mp4,1597,53.233,1385.024,720.291,1105.246,486.195,1664.802,954.388,0.920,27.000,,
orange_cat.mp4,1598,53.267,1381.357,720.323,1099.655,486.579,1663.060,954.066,0.922,27.000,,
orange_cat.mp4,1599,53.300,1378.022,721.646,1094.876,488.767,1661.168,954.526,0.926,27.000,,
orange_cat.mp4,1600,53.333,1375.548,722.995,1091.453,491.436,1659.643,954.554,0.923,27.000,,
orange_cat.mp4,1601,53.367,1372.123,726.964,1090.548,500.093,1653.698,953.836,0.910,27.000,,
orange_cat.mp4,1602,53.400,1369.648,727.588,1085.995,501.578,1653.302,953.598,0.911,27.000,,
orange_cat.mp4,1603,53.433,1367.349,729.554,1082.977,505.670,1651.721,953.438,0.912,27.000,,
orange_cat.mp4,1604,53.467,1364.641,731.058,1078.411,508.533,1650.870,953.582,0.853,27.000,,
orange_cat.mp4,1605,53.500,1364.200,731.595,1075.422,509.587,1652.978,953.603,0.856,27.000,,
orange_cat.mp4,1606,53.533,1364.319,733.052,1074.272,512.589,1654.367,953.516,0.889,27.000,,
orange_cat.mp4,1607,53.567,1364.138,734.860,1073.304,516.259,1654.972,953.461,0.883,27.000,,
orange_cat.mp4,1608,53.600,1364.356,736.683,1072.720,519.832,1655.991,953.533,0.828,27.000,,
orange_cat.mp4,1609,53.633,1365.699,738.433,1073.453,523.241,1657.946,953.625,0.839,27.000,,
orange_cat.mp4,1610,53.667,1366.544,739.185,1072.529,524.615,1660.558,953.756,0.859,27.000,,
orange_cat.mp4,1611,53.700,1368.640,740.817,1074.047,527.596,1663.232,954.038,0.880,27.000,,
orange_cat.mp4,1612,53.733,1368.912,741.691,1072.926,529.110,1664.899,954.272,0.832,27.000,,
orange_cat.mp4,1613,53.767,1369.445,743.116,1073.767,532.331,1665.122,953.902,0.891,27.000,,
orange_cat.mp4,1614,53.800,1369.155,742.887,1071.450,532.103,1666.860,953.671,0.897,27.000,,
orange_cat.mp4,1615,53.833,1368.022,743.417,1069.180,533.295,1666.864,953.538,0.876,27.000,,
orange_cat.mp4,1616,53.867,1367.782,743.812,1067.533,534.113,1668.031,953.512,0.892,27.000,,
orange_cat.mp4,1617,53.900,1367.976,744.689,1067.193,535.782,1668.759,953.596,0.862,27.000,,
orange_cat.mp4,1618,53.933,1366.902,745.805,1065.818,538.028,1667.987,953.582,0.892,27.000,,
orange_cat.mp4,1619,53.967,1366.730,746.379,1064.615,539.058,1668.846,953.700,0.852,27.000,,
orange_cat.mp4,1620,54.000,1366.547,748.637,1065.391,543.260,1667.703,954.014,0.878,27.000,,
orange_cat.mp4,1621,54.033,1364.223,747.509,1059.788,540.674,1668.658,954.344,0.882,27.000,,
orange_cat.mp4,1622,54.067,1363.712,748.831,1059.060,542.746,1668.363,954.915,0.868,27.000,,
orange_cat.mp4,1623,54.100,1363.398,749.106,1058.740,543.954,1668.056,954.258,0.885,27.000,,
orange_cat.mp4,1624,54.133,1364.673,749.509,1059.276,544.690,1670.070,954.329,0.838,27.000,,
orange_cat.mp4,1625,54.167,1365.561,747.406,1055.167,539.602,1675.954,955.211,0.830,27.000,,
orange_cat.mp4,1626,54.200,1359.277,744.612,1046.209,534.392,1672.345,954.831,0.702,27.000,,
orange_cat.mp4,1627,54.233,1354.973,738.639,1035.782,522.407,1674.165,954.872,0.774,27.000,,
orange_cat.mp4,1628,54.267,1356.542,733.629,1033.876,511.717,1679.208,955.540,0.725,27.000,,
orange_cat.mp4,1629,54.300,1356.567,729.069,1032.862,502.518,1680.272,955.620,0.879,27.000,,
orange_cat.mp4,1630,54.333,1353.621,727.721,1033.227,499.990,1674.016,955.453,0.906,27.000,,
orange_cat.mp4,1631,54.367,1351.691,726.118,1033.888,496.907,1669.495,955.329,0.929,27.000,,
orange_cat.mp4,1632,54.400,1348.177,726.466,1035.188,497.594,1661.165,955.339,0.934,27.000,,
orange_cat.mp4,1633,54.433,1345.487,726.333,1035.757,497.287,1655.216,955.380,0.930,27.000,,
orange_cat.mp4,1634,54.467,1340.307,726.295,1033.620,497.100,1646.994,955.489,0.933,27.000,,
orange_cat.mp4,1635,54.500,1335.686,727.742,1033.272,500.134,1638.101,955.350,0.920,27.000,,
orange_cat.mp4,1636,54.533,1334.328,728.219,1034.898,501.668,1633.757,954.769,0.921,27.000,,
orange_cat.mp4,1637,54.567,1332.087,728.353,1034.632,502.196,1629.541,954.510,0.899,27.000,,
orange_cat.mp4,1638,54.600,1327.504,731.083,1034.696,507.552,1620.312,954.613,0.898,27.000,,
orange_cat.mp4,1639,54.633,1322.340,731.368,1030.593,507.776,1614.088,954.960,0.807,27.000,,
orange_cat.mp4,1640,54.667,1317.411,733.495,1028.915,512.012,1605.906,954.977,0.922,27.000,,
orange_cat.mp4,1641,54.700,1312.870,735.990,1027.849,517.222,1597.891,954.759,0.926,27.000,,
orange_cat.mp4,1642,54.733,1308.939,738.664,1027.182,522.791,1590.697,954.537,0.911,27.000,,
orange_cat.mp4,1643,54.767,1306.730,740.972,1028.375,528.354,1585.086,953.590,0.914,27.000,,
orange_cat.mp4,1644,54.800,1303.733,742.408,1026.156,530.879,1581.310,953.936,0.912,27.000,,
orange_cat.mp4,1645,54.833,1302.312,744.757,1026.539,535.311,1578.086,954.202,0.903,27.000,,
orange_cat.mp4,1646,54.867,1300.141,746.174,1025.120,538.133,1575.162,954.216,0.914,27.000,,
orange_cat.mp4,1647,54.900,1299.798,746.888,1024.684,539.495,1574.911,954.281,0.917,27.000,,
orange_cat.mp4,1648,54.933,1299.619,749.583,1028.024,545.974,1571.214,953.193,0.922,27.000,,
orange_cat.mp4,1649,54.967,1298.788,751.400,1028.566,549.919,1569.009,952.880,0.923,27.000,,
orange_cat.mp4,1650,55.000,1297.700,753.160,1026.872,552.373,1568.528,953.948,0.919,27.000,,
orange_cat.mp4,1651,55.033,1297.587,754.661,1026.546,554.863,1568.628,954.458,0.918,27.000,,
orange_cat.mp4,1652,55.067,1296.109,757.575,1026.540,560.401,1565.677,954.749,0.917,27.000,,
orange_cat.mp4,1653,55.100,1296.740,759.794,1027.914,564.593,1565.566,954.996,0.916,27.000,,
orange_cat.mp4,1654,55.133,1296.790,760.840,1027.445,566.587,1566.135,955.094,0.915,27.000,,
orange_cat.mp4,1655,55.167,1297.462,761.906,1027.678,568.551,1567.246,955.260,0.916,27.000,,
orange_cat.mp4,1656,55.200,1298.006,762.739,1027.805,570.136,1568.207,955.342,0.913,27.000,,
orange_cat.mp4,1657,55.233,1298.864,762.294,1026.973,569.128,1570.755,955.460,0.913,27.000,,
orange_cat.mp4,1658,55.267,1294.848,761.821,1021.433,568.340,1568.263,955.302,0.923,27.000,,
orange_cat.mp4,1659,55.300,1294.838,761.352,1020.102,567.326,1569.575,955.378,0.915,27.000,,
orange_cat.mp4,1660,55.333,1300.947,760.239,1026.413,566.097,1575.481,954.380,0.907,27.000,,
orange_cat.mp4,1661,55.367,1294.412,758.129,1015.826,561.207,1572.999,955.050,0.912,27.000,,
orange_cat.mp4,1662,55.400,1292.508,755.119,1010.101,554.976,1574.915,955.263,0.893,27.000,,
orange_cat.mp4,1663,55.433,1296.657,751.288,1011.265,547.359,1582.050,955.216,0.878,27.000,,
orange_cat.mp4,1664,55.467,1289.175,749.034,1002.358,542.940,1575.993,955.129,0.890,27.000,,
orange_cat.mp4,1665,55.500,1294.771,746.026,1007.561,537.321,1581.982,954.730,0.811,27.000,,
orange_cat.mp4,1666,55.533,1294.822,744.413,1008.984,534.469,1580.660,954.356,0.876,27.000,,
orange_cat.mp4,1667,55.567,1293.929,743.730,1010.168,533.305,1577.691,954.155,0.880,27.000,,
orange_cat.mp4,1668,55.600,1295.200,743.276,1013.397,532.044,1577.004,954.508,0.903,27.000,,
orange_cat.mp4,1669,55.633,1294.898,741.801,1013.956,528.938,1575.841,954.665,0.882,27.000,,
orange_cat.mp4,1670,55.667,1294.092,740.906,1014.214,526.529,1573.969,955.283,0.883,27.000,,
orange_cat.mp4,1671,55.700,1292.039,739.974,1013.596,524.635,1570.482,955.313,0.917,27.000,,
orange_cat.mp4,1672,55.733,1294.564,739.809,1018.766,524.256,1570.362,955.362,0.923,27.000,,
orange_cat.mp4,1673,55.767,1297.722,737.001,1021.437,518.393,1574.007,955.609,0.923,27.000,,
orange_cat.mp4,1674,55.800,1299.629,732.450,1021.432,509.288,1577.826,955.611,0.915,27.000,,
orange_cat.mp4,1675,55.833,1312.211,729.979,1036.619,504.754,1587.802,955.203,0.910,27.000,,
orange_cat.mp4,1676,55.867,1321.423,728.488,1048.363,500.983,1594.484,955.993,0.808,27.000,,
orange_cat.mp4,1677,55.900,1331.979,726.393,1062.790,497.125,1601.168,955.661,0.883,27.000,,
orange_cat.mp4,1678,55.933,1342.786,725.071,1078.590,494.666,1606.981,955.476,0.898,27.000,,
orange_cat.mp4,1679,55.967,1352.524,721.949,1093.082,489.833,1611.966,954.065,0.865,27.000,,
orange_cat.mp4,1680,56.000,1367.958,719.024,1113.800,484.725,1622.116,953.322,0.891,27.000,,
orange_cat.mp4,1681,56.033,1378.222,717.374,1129.517,480.853,1626.926,953.895,0.891,27.000,,
orange_cat.mp4,1682,56.067,1382.710,716.451,1140.292,479.175,1625.129,953.726,0.896,27.000,,
orange_cat.mp4,1683,56.100,1389.128,712.324,1156.614,477.995,1621.643,946.654,0.898,27.000,,
orange_cat.mp4,1684,56.133,1395.573,702.558,1178.620,478.400,1612.526,926.716,0.895,27.000,,
orange_cat.mp4,1685,56.167,1396.914,693.942,1192.481,478.650,1601.348,909.233,0.831,27.000,,
orange_cat.mp4,1686,56.200,1405.188,690.960,1208.818,481.089,1601.558,900.831,0.838,27.000,,
orange_cat.mp4,1687,56.233,1423.775,689.134,1231.267,480.586,1616.283,897.682,0.826,27.000,,
orange_cat.mp4,1688,56.267,1442.477,688.587,1252.294,480.347,1632.660,896.826,0.907,27.000,,
orange_cat.mp4,1689,56.300,1457.550,688.423,1269.798,478.992,1645.302,897.853,0.902,27.000,,
orange_cat.mp4,1690,56.333,1475.193,688.511,1290.672,477.646,1659.714,899.375,0.916,27.000,,
orange_cat.mp4,1691,56.367,1492.909,689.408,1312.757,478.203,1673.061,900.613,0.925,27.000,,
orange_cat.mp4,1692,56.400,1508.793,689.843,1331.249,478.627,1686.336,901.059,0.904,27.000,,
orange_cat.mp4,1693,56.433,1522.897,692.185,1347.202,481.796,1698.593,902.574,0.913,27.000,,
orange_cat.mp4,1694,56.467,1536.810,697.008,1362.842,489.471,1710.778,904.544,0.841,27.000,,
orange_cat.mp4,1695,56.500,1549.663,699.396,1374.777,492.906,1724.549,905.885,0.882,27.000,,
orange_cat.mp4,1696,56.533,1560.301,705.415,1385.668,503.299,1734.934,907.531,0.898,27.000,,
orange_cat.mp4,1697,56.567,1568.366,711.597,1394.071,515.490,1742.661,907.704,0.914,27.000,,
orange_cat.mp4,1698,56.600,1577.062,714.550,1397.871,519.422,1756.254,909.678,0.925,27.000,,
orange_cat.mp4,1699,56.633,1583.562,714.936,1396.989,518.350,1770.135,911.523,0.927,27.000,,
orange_cat.mp4,1700,56.667,1590.411,716.535,1397.137,520.248,1783.686,912.821,0.922,27.000,,
orange_cat.mp4,1701,56.700,1595.945,717.562,1395.004,520.942,1796.886,914.181,0.908,27.000,,
orange_cat.mp4,1702,56.733,1597.834,720.036,1391.164,525.512,1804.505,914.561,0.918,27.000,,
orange_cat.mp4,1703,56.767,1603.114,721.106,1388.961,526.816,1817.267,915.396,0.916,27.000,,
orange_cat.mp4,1704,56.800,1608.450,720.558,1385.422,525.726,1831.478,915.390,0.922,27.000,,
orange_cat.mp4,1705,56.833,1610.200,719.531,1378.521,524.170,1841.880,914.892,0.924,27.000,,
orange_cat.mp4,1706,56.867,1607.052,718.125,1366.588,521.940,1847.517,914.310,0.915,27.000,,
orange_cat.mp4,1707,56.900,1599.835,718.188,1351.169,522.013,1848.500,914.363,0.925,27.000,,
orange_cat.mp4,1708,56.933,1599.152,716.468,1341.615,518.644,1856.688,914.293,0.928,27.000,,
orange_cat.mp4,1709,56.967,1593.107,716.076,1328.864,518.608,1857.351,913.545,0.928,27.000,,
orange_cat.mp4,1710,57.000,1585.453,715.195,1313.592,517.363,1857.314,913.027,0.917,27.000,,
orange_cat.mp4,1711,57.033,1580.653,716.664,1305.238,521.537,1856.069,911.792,0.872,27.000,,
orange_cat.mp4,1712,57.067,1573.266,717.516,1293.802,524.373,1852.729,910.659,0.882,27.000,,
orange_cat.mp4,1713,57.100,1567.339,717.913,1283.996,526.804,1850.682,909.023,0.875,27.000,,
orange_cat.mp4,1714,57.133,1554.839,718.160,1269.267,529.659,1840.411,906.661,0.927,27.000,,
orange_cat.mp4,1715,57.167,1537.029,715.614,1248.987,528.882,1825.071,902.346,0.917,27.000,,
orange_cat.mp4,1716,57.200,1526.044,704.333,1237.722,521.146,1814.367,887.519,0.919,27.000,,
orange_cat.mp4,1717,57.233,1507.211,684.239,1212.319,499.397,1802.102,869.081,0.909,27.000,,
orange_cat.mp4,1718,57.267,1487.687,671.931,1183.125,482.386,1792.248,861.476,0.906,27.000,,
orange_cat.mp4,1719,57.300,1464.439,659.360,1147.429,462.184,1781.449,856.537,0.880,27.000,,
orange_cat.mp4,1720,57.333,1439.625,649.559,1111.317,444.172,1767.934,854.945,0.868,27.000,,
orange_cat.mp4,1721,57.367,1421.055,640.049,1083.052,425.776,1759.058,854.322,0.871,27.000,,
orange_cat.mp4,1722,57.400,1404.686,631.450,1058.651,407.857,1750.720,855.043,0.915,27.000,,
orange_cat.mp4,1723,57.433,1391.222,623.483,1040.801,392.045,1741.642,854.920,0.901,27.000,,
orange_cat.mp4,1724,57.467,1379.596,618.210,1030.408,382.653,1728.785,853.768,0.943,27.000,,
orange_cat.mp4,1725,57.500,1370.137,615.663,1024.983,377.832,1715.290,853.494,0.900,27.000,,
orange_cat.mp4,1726,57.533,1362.240,615.023,1023.174,376.466,1701.306,853.580,0.920,27.000,,
orange_cat.mp4,1727,57.567,1356.801,617.167,1027.054,380.577,1686.548,853.757,0.825,27.000,,
orange_cat.mp4,1728,57.600,1351.913,625.458,1038.534,397.012,1665.292,853.905,0.856,27.000,,
orange_cat.mp4,1729,57.633,1349.295,626.012,1042.012,398.147,1656.579,853.878,0.906,27.000,,
orange_cat.mp4,1730,57.667,1347.737,627.811,1047.377,401.508,1648.097,854.113,0.916,27.000,,
orange_cat.mp4,1731,57.700,1345.879,630.652,1053.239,407.060,1638.520,854.244,0.906,27.000,,
orange_cat.mp4,1732,57.733,1343.311,633.280,1057.956,412.597,1628.666,853.963,0.848,27.000,,
orange_cat.mp4,1733,57.767,1342.604,629.366,1055.838,404.535,1629.371,854.196,0.676,27.000,,
orange_cat.mp4,1734,57.800,1341.737,620.877,1049.116,387.808,1634.359,853.945,0.847,27.000,,
orange_cat.mp4,1735,57.833,1339.404,617.236,1048.168,381.653,1630.640,852.818,0.791,27.000,,
orange_cat.mp4,1736,57.867,1335.839,614.347,1048.963,378.758,1622.716,849.935,0.457,27.000,,
orange_cat.mp4,1737,57.900,,,,,,,,,,
orange_cat.mp4,1738,57.933,,,,,,,,,,
orange_cat.mp4,1739,57.967,,,,,,,,,,
orange_cat.mp4,1740,58.000,1328.926,580.848,1059.936,355.665,1597.915,806.031,0.548,27.000,,
orange_cat.mp4,1741,58.033,1322.442,577.542,1060.574,354.176,1584.310,800.907,0.752,27.000,,
orange_cat.mp4,1742,58.067,1318.669,579.696,1066.488,360.026,1570.850,799.367,0.750,27.000,,
orange_cat.mp4,1743,58.100,,,,,,,,,,
orange_cat.mp4,1744,58.133,,,,,,,,,,
orange_cat.mp4,1745,58.167,,,,,,,,,,
orange_cat.mp4,1746,58.200,,,,,,,,,,
orange_cat.mp4,1747,58.233,,,,,,,,,,
orange_cat.mp4,1748,58.267,,,,,,,,,,
orange_cat.mp4,1749,58.300,,,,,,,,,,
orange_cat.mp4,1750,58.333,,,,,,,,,,
orange_cat.mp4,1751,58.367,,,,,,,,,,
orange_cat.mp4,1752,58.400,,,,,,,,,,
orange_cat.mp4,1753,58.433,,,,,,,,,,
orange_cat.mp4,1754,58.467,,,,,,,,,,
orange_cat.mp4,1755,58.500,,,,,,,,,,
orange_cat.mp4,1756,58.533,,,,,,,,,,
orange_cat.mp4,1757,58.567,,,,,,,,,,
orange_cat.mp4,1758,58.600,,,,,,,,,,
orange_cat.mp4,1759,58.633,,,,,,,,,,
orange_cat.mp4,1760,58.667,,,,,,,,,,
orange_cat.mp4,1761,58.700,,,,,,,,,,
orange_cat.mp4,1762,58.733,,,,,,,,,,
orange_cat.mp4,1763,58.767,,,,,,,,,,
orange_cat.mp4,1764,58.800,,,,,,,,,,
orange_cat.mp4,1765,58.833,,,,,,,,,,
orange_cat.mp4,1766,58.867,,,,,,,,,,
orange_cat.mp4,1767,58.900,,,,,,,,,,
orange_cat.mp4,1768,58.933,,,,,,,,,,
orange_cat.mp4,1769,58.967,,,,,,,,,,
orange_cat.mp4,1770,59.000,,,,,,,,,,
orange_cat.mp4,1771,59.033,,,,,,,,,,
orange_cat.mp4,1772,59.067,,,,,,,,,,
orange_cat.mp4,1773,59.100,,,,,,,,,,
orange_cat.mp4,1774,59.133,,,,,,,,,,
orange_cat.mp4,1775,59.167,,,,,,,,,,
orange_cat.mp4,1776,59.200,,,,,,,,,,
orange_cat.mp4,1777,59.233,,,,,,,,,,
orange_cat.mp4,1778,59.267,,,,,,,,,,
orange_cat.mp4,1779,59.300,,,,,,,,,,
orange_cat.mp4,1780,59.333,,,,,,,,,,
orange_cat.mp4,1781,59.367,,,,,,,,,,
orange_cat.mp4,1782,59.400,,,,,,,,,,
orange_cat.mp4,1783,59.433,,,,,,,,,,
orange_cat.mp4,1784,59.467,,,,,,,,,,
orange_cat.mp4,1785,59.500,,,,,,,,,,
orange_cat.mp4,1786,59.533,,,,,,,,,,
orange_cat.mp4,1787,59.567,,,,,,,,,,
orange_cat.mp4,1788,59.600,,,,,,,,,,
orange_cat.mp4,1789,59.633,,,,,,,,,,
orange_cat.mp4,1790,59.667,1280.045,548.889,1124.911,409.056,1435.179,688.721,0.575,,,
orange_cat.mp4,1791,59.700,1280.475,537.913,1113.603,387.465,1447.346,688.361,0.612,28.000,,
orange_cat.mp4,1792,59.733,1279.057,523.588,1096.578,358.815,1461.536,688.362,0.774,28.000,,
orange_cat.mp4,1793,59.767,1286.002,527.268,1107.724,366.103,1464.279,688.434,0.864,28.000,,
orange_cat.mp4,1794,59.800,1284.900,532.883,1112.484,377.057,1457.315,688.710,0.889,28.000,,
orange_cat.mp4,1795,59.833,1284.046,537.671,1117.329,387.119,1450.762,688.223,0.715,28.000,,
orange_cat.mp4,1796,59.867,1281.104,553.353,1130.638,418.552,1431.571,688.154,0.722,28.000,,
orange_cat.mp4,1797,59.900,1282.265,560.323,1137.536,432.410,1426.995,688.237,0.850,28.000,,
orange_cat.mp4,1798,59.933,1276.967,557.204,1127.995,426.714,1425.940,687.693,0.834,28.000,,
orange_cat.mp4,1799,59.967,,,,,,,,,,
orange_cat.mp4,1800,60.000,,,,,,,,,,
orange_cat.mp4,1801,60.033,1269.078,555.267,1119.357,424.479,1418.800,686.055,0.774,28.000,,
orange_cat.mp4,1802,60.067,1267.826,547.121,1110.560,409.176,1425.092,685.066,0.829,28.000,,
orange_cat.mp4,1803,60.100,1262.754,548.781,1106.893,412.588,1418.616,684.973,0.638,28.000,,
orange_cat.mp4,1804,60.133,1253.272,514.761,1062.468,344.891,1444.076,684.630,0.590,28.000,,
orange_cat.mp4,1805,60.167,1248.415,502.820,1047.366,320.475,1449.463,685.164,0.776,28.000,,
orange_cat.mp4,1806,60.200,1245.840,501.151,1037.480,308.326,1454.200,693.977,0.843,28.000,,
orange_cat.mp4,1807,60.233,1243.853,509.506,1029.536,306.625,1458.170,712.387,0.835,28.000,,
orange_cat.mp4,1808,60.267,1242.080,517.217,1025.501,307.562,1458.660,726.872,0.846,28.000,,
orange_cat.mp4,1809,60.300,1240.154,518.173,1023.003,303.197,1457.306,733.149,0.882,28.000,,
orange_cat.mp4,1810,60.333,1240.027,515.731,1023.132,295.928,1456.922,735.533,0.853,28.000,,
orange_cat.mp4,1811,60.367,1239.316,511.849,1022.627,287.169,1456.006,736.530,0.374,28.000,,
orange_cat.mp4,1812,60.400,1238.327,507.929,1022.738,279.428,1453.917,736.430,0.854,28.000,,
orange_cat.mp4,1813,60.433,1242.390,503.352,1027.805,270.213,1456.976,736.491,0.856,28.000,,
orange_cat.mp4,1814,60.467,1246.191,500.521,1034.044,264.305,1458.338,736.738,0.850,28.000,,
orange_cat.mp4,1815,60.500,1247.941,498.472,1039.562,261.095,1456.321,735.850,0.650,28.000,,
orange_cat.mp4,1816,60.533,1251.076,496.730,1045.205,256.777,1456.947,736.683,0.829,28.000,,
orange_cat.mp4,1817,60.567,1253.613,502.695,1047.906,256.990,1459.321,748.400,0.540,28.000,,
orange_cat.mp4,1818,60.600,,,,,,,,,,
orange_cat.mp4,1819,60.633,,,,,,,,,,
orange_cat.mp4,1820,60.667,,,,,,,,,,
orange_cat.mp4,1821,60.700,,,,,,,,,,
orange_cat.mp4,1822,60.733,,,,,,,,,,
orange_cat.mp4,1823,60.767,,,,,,,,,,
orange_cat.mp4,1824,60.800,1272.129,532.156,1068.198,278.165,1476.059,786.147,0.425,28.000,,
orange_cat.mp4,1825,60.833,1275.593,535.106,1078.738,281.020,1472.449,789.191,0.457,28.000,,
orange_cat.mp4,1826,60.867,1279.058,537.345,1089.441,284.928,1468.676,789.761,0.737,28.000,,
orange_cat.mp4,1827,60.900,1281.439,538.746,1097.450,286.714,1465.428,790.778,0.648,28.000,,
orange_cat.mp4,1828,60.933,1287.315,537.210,1108.119,284.494,1466.512,789.925,0.433,28.000,,
orange_cat.mp4,1829,60.967,,,,,,,,,,
orange_cat.mp4,1830,61.000,1295.262,556.997,1127.436,313.543,1463.087,800.451,0.548,28.000,,
orange_cat.mp4,1831,61.033,,,,,,,,,,
orange_cat.mp4,1832,61.067,1290.451,579.406,1107.387,304.028,1473.514,854.785,0.644,28.000,,
orange_cat.mp4,1833,61.100,,,,,,,,,,
orange_cat.mp4,1834,61.133,,,,,,,,,,
orange_cat.mp4,1835,61.167,,,,,,,,,,
orange_cat.mp4,1836,61.200,,,,,,,,,,
orange_cat.mp4,1837,61.233,,,,,,,,,,
orange_cat.mp4,1838,61.267,1335.691,594.712,1159.960,308.205,1511.422,881.219,0.600,28.000,,
orange_cat.mp4,1839,61.300,1341.285,606.662,1174.087,313.689,1508.484,899.636,0.454,28.000,,
orange_cat.mp4,1840,61.333,1344.258,623.536,1181.065,317.727,1507.451,929.345,0.641,28.000,,
orange_cat.mp4,1841,61.367,1344.457,641.036,1183.395,319.338,1505.520,962.734,0.711,28.000,,
orange_cat.mp4,1842,61.400,1344.595,651.456,1188.571,321.630,1500.619,981.283,0.720,28.000,,
orange_cat.mp4,1843,61.433,1343.243,655.665,1194.125,324.073,1492.360,987.258,0.700,28.000,,
orange_cat.mp4,1844,61.467,,,,,,,,,,
orange_cat.mp4,1845,61.500,1338.658,656.182,1252.361,328.833,1424.954,983.531,0.318,,,
orange_cat.mp4,1846,61.533,,,,,,,,,,
orange_cat.mp4,1847,61.567,,,,,,,,,,
orange_cat.mp4,1848,61.600,1338.917,712.064,1186.495,351.728,1491.338,1072.400,0.401,28.000,,
orange_cat.mp4,1849,61.633,,,,,,,,,,
orange_cat.mp4,1850,61.667,,,,,,,,,,
orange_cat.mp4,1851,61.700,,,,,,,,,,
orange_cat.mp4,1852,61.733,,,,,,,,,,
orange_cat.mp4,1853,61.767,,,,,,,,,,
orange_cat.mp4,1854,61.800,1322.119,740.510,1183.709,401.019,1460.530,1080.000,0.419,28.000,,
orange_cat.mp4,1855,61.833,,,,,,,,,,
orange_cat.mp4,1856,61.867,,,,,,,,,,
orange_cat.mp4,1857,61.900,,,,,,,,,,
orange_cat.mp4,1858,61.933,,,,,,,,,,
orange_cat.mp4,1859,61.967,,,,,,,,,,
orange_cat.mp4,1860,62.000,,,,,,,,,,
orange_cat.mp4,1861,62.033,,,,,,,,,,
orange_cat.mp4,1862,62.067,,,,,,,,,,
orange_cat.mp4,1863,62.100,,,,,,,,,,
orange_cat.mp4,1864,62.133,,,,,,,,,,
orange_cat.mp4,1865,62.167,,,,,,,,,,
orange_cat.mp4,1866,62.200,,,,,,,,,,
orange_cat.mp4,1867,62.233,,,,,,,,,,
orange_cat.mp4,1868,62.267,,,,,,,,,,
orange_cat.mp4,1869,62.300,,,,,,,,,,
orange_cat.mp4,1870,62.333,,,,,,,,,,
orange_cat.mp4,1871,62.367,,,,,,,,,,
orange_cat.mp4,1872,62.400,,,,,,,,,,
orange_cat.mp4,1873,62.433,,,,,,,,,,
orange_cat.mp4,1874,62.467,,,,,,,,,,
orange_cat.mp4,1875,62.500,,,,,,,,,,
orange_cat.mp4,1876,62.533,,,,,,,,,,
orange_cat.mp4,1877,62.567,,,,,,,,,,
orange_cat.mp4,1878,62.600,,,,,,,,,,
orange_cat.mp4,1879,62.633,,,,,,,,,,
orange_cat.mp4,1880,62.667,,,,,,,,,,
orange_cat.mp4,1881,62.700,,,,,,,,,,
orange_cat.mp4,1882,62.733,,,,,,,,,,
orange_cat.mp4,1883,62.767,,,,,,,,,,
orange_cat.mp4,1884,62.800,,,,,,,,,,
orange_cat.mp4,1885,62.833,,,,,,,,,,
orange_cat.mp4,1886,62.867,,,,,,,,,,
orange_cat.mp4,1887,62.900,,,,,,,,,,
orange_cat.mp4,1888,62.933,,,,,,,,,,
orange_cat.mp4,1889,62.967,,,,,,,,,,
orange_cat.mp4,1890,63.000,,,,,,,,,,
orange_cat.mp4,1891,63.033,,,,,,,,,,
orange_cat.mp4,1892,63.067,,,,,,,,,,
orange_cat.mp4,1893,63.100,,,,,,,,,,
orange_cat.mp4,1894,63.133,,,,,,,,,,
orange_cat.mp4,1895,63.167,,,,,,,,,,
orange_cat.mp4,1896,63.200,,,,,,,,,,
orange_cat.mp4,1897,63.233,,,,,,,,,,
orange_cat.mp4,1898,63.267,,,,,,,,,,
orange_cat.mp4,1899,63.300,,,,,,,,,,
orange_cat.mp4,1900,63.333,,,,,,,,,,
orange_cat.mp4,1901,63.367,,,,,,,,,,
orange_cat.mp4,1902,63.400,,,,,,,,,,
orange_cat.mp4,1903,63.433,,,,,,,,,,
orange_cat.mp4,1904,63.467,,,,,,,,,,
orange_cat.mp4,1905,63.500,,,,,,,,,,
orange_cat.mp4,1906,63.533,,,,,,,,,,
orange_cat.mp4,1907,63.567,,,,,,,,,,
orange_cat.mp4,1908,63.600,,,,,,,,,,
orange_cat.mp4,1909,63.633,,,,,,,,,,
orange_cat.mp4,1910,63.667,,,,,,,,,,
orange_cat.mp4,1911,63.700,,,,,,,,,,
orange_cat.mp4,1912,63.733,,,,,,,,,,
orange_cat.mp4,1913,63.767,,,,,,,,,,
orange_cat.mp4,1914,63.800,,,,,,,,,,
orange_cat.mp4,1915,63.833,,,,,,,,,,
orange_cat.mp4,1916,63.867,,,,,,,,,,
orange_cat.mp4,1917,63.900,,,,,,,,,,
orange_cat.mp4,1918,63.933,,,,,,,,,,
orange_cat.mp4,1919,63.967,,,,,,,,,,
orange_cat.mp4,1920,64.000,,,,,,,,,,
orange_cat.mp4,1921,64.033,,,,,,,,,,
orange_cat.mp4,1922,64.067,,,,,,,,,,
orange_cat.mp4,1923,64.100,,,,,,,,,,
orange_cat.mp4,1924,64.133,,,,,,,,,,
orange_cat.mp4,1925,64.167,,,,,,,,,,
orange_cat.mp4,1926,64.200,,,,,,,,,,
orange_cat.mp4,1927,64.233,,,,,,,,,,
orange_cat.mp4,1928,64.267,,,,,,,,,,
orange_cat.mp4,1929,64.300,,,,,,,,,,
orange_cat.mp4,1930,64.333,,,,,,,,,,
orange_cat.mp4,1931,64.367,,,,,,,,,,
orange_cat.mp4,1932,64.400,,,,,,,,,,
orange_cat.mp4,1933,64.433,,,,,,,,,,
orange_cat.mp4,1934,64.467,,,,,,,,,,
orange_cat.mp4,1935,64.500,,,,,,,,,,
orange_cat.mp4,1936,64.533,,,,,,,,,,
orange_cat.mp4,1937,64.567,,,,,,,,,,
orange_cat.mp4,1938,64.600,,,,,,,,,,
orange_cat.mp4,1939,64.633,,,,,,,,,,
orange_cat.mp4,1940,64.667,,,,,,,,,,
orange_cat.mp4,1941,64.700,,,,,,,,,,
orange_cat.mp4,1942,64.733,,,,,,,,,,
orange_cat.mp4,1943,64.767,,,,,,,,,,
orange_cat.mp4,1944,64.800,,,,,,,,,,
orange_cat.mp4,1945,64.833,,,,,,,,,,
orange_cat.mp4,1946,64.867,,,,,,,,,,
orange_cat.mp4,1947,64.900,,,,,,,,,,
orange_cat.mp4,1948,64.933,,,,,,,,,,
orange_cat.mp4,1949,64.967,,,,,,,,,,
orange_cat.mp4,1950,65.000,,,,,,,,,,
orange_cat.mp4,1951,65.033,,,,,,,,,,
orange_cat.mp4,1952,65.067,,,,,,,,,,
orange_cat.mp4,1953,65.100,,,,,,,,,,
orange_cat.mp4,1954,65.133,,,,,,,,,,
orange_cat.mp4,1955,65.167,,,,,,,,,,
orange_cat.mp4,1956,65.200,,,,,,,,,,
orange_cat.mp4,1957,65.233,,,,,,,,,,
orange_cat.mp4,1958,65.267,,,,,,,,,,
orange_cat.mp4,1959,65.300,,,,,,,,,,
orange_cat.mp4,1960,65.333,,,,,,,,,,
orange_cat.mp4,1961,65.367,,,,,,,,,,
orange_cat.mp4,1962,65.400,,,,,,,,,,
orange_cat.mp4,1963,65.433,,,,,,,,,,
orange_cat.mp4,1964,65.467,,,,,,,,,,
orange_cat.mp4,1965,65.500,,,,,,,,,,
orange_cat.mp4,1966,65.533,,,,,,,,,,
orange_cat.mp4,1967,65.567,,,,,,,,,,
orange_cat.mp4,1968,65.600,,,,,,,,,,
orange_cat.mp4,1969,65.633,,,,,,,,,,
orange_cat.mp4,1970,65.667,,,,,,,,,,
orange_cat.mp4,1971,65.700,,,,,,,,,,
orange_cat.mp4,1972,65.733,,,,,,,,,,
orange_cat.mp4,1973,65.767,,,,,,,,,,
orange_cat.mp4,1974,65.800,,,,,,,,,,
orange_cat.mp4,1975,65.833,,,,,,,,,,
orange_cat.mp4,1976,65.867,,,,,,,,,,
orange_cat.mp4,1977,65.900,,,,,,,,,,
orange_cat.mp4,1978,65.933,,,,,,,,,,
orange_cat.mp4,1979,65.967,,,,,,,,,,
orange_cat.mp4,1980,66.000,,,,,,,,,,
orange_cat.mp4,1981,66.033,,,,,,,,,,
orange_cat.mp4,1982,66.067,,,,,,,,,,
orange_cat.mp4,1983,66.100,,,,,,,,,,
orange_cat.mp4,1984,66.133,,,,,,,,,,
orange_cat.mp4,1985,66.167,,,,,,,,,,
orange_cat.mp4,1986,66.200,,,,,,,,,,
orange_cat.mp4,1987,66.233,,,,,,,,,,
orange_cat.mp4,1988,66.267,,,,,,,,,,
orange_cat.mp4,1989,66.300,,,,,,,,,,
orange_cat.mp4,1990,66.333,,,,,,,,,,
orange_cat.mp4,1991,66.367,,,,,,,,,,
orange_cat.mp4,1992,66.400,,,,,,,,,,
orange_cat.mp4,1993,66.433,,,,,,,,,,
orange_cat.mp4,1994,66.467,,,,,,,,,,
orange_cat.mp4,1995,66.500,,,,,,,,,,
orange_cat.mp4,1996,66.533,,,,,,,,,,
orange_cat.mp4,1997,66.567,,,,,,,,,,
orange_cat.mp4,1998,66.600,,,,,,,,,,
orange_cat.mp4,1999,66.633,,,,,,,,,,
orange_cat.mp4,2000,66.667,,,,,,,,,,
orange_cat.mp4,2001,66.700,,,,,,,,,,
orange_cat.mp4,2002,66.733,,,,,,,,,,
orange_cat.mp4,2003,66.767,,,,,,,,,,
orange_cat.mp4,2004,66.800,,,,,,,,,,
orange_cat.mp4,2005,66.833,,,,,,,,,,
orange_cat.mp4,2006,66.867,,,,,,,,,,
orange_cat.mp4,2007,66.900,,,,,,,,,,
orange_cat.mp4,2008,66.933,,,,,,,,,,
orange_cat.mp4,2009,66.967,,,,,,,,,,
orange_cat.mp4,2010,67.000,,,,,,,,,,
orange_cat.mp4,2011,67.033,,,,,,,,,,
orange_cat.mp4,2012,67.067,,,,,,,,,,
orange_cat.mp4,2013,67.100,,,,,,,,,,
orange_cat.mp4,2014,67.133,,,,,,,,,,
orange_cat.mp4,2015,67.167,,,,,,,,,,
orange_cat.mp4,2016,67.200,,,,,,,,,,
orange_cat.mp4,2017,67.233,,,,,,,,,,
orange_cat.mp4,2018,67.267,,,,,,,,,,
orange_cat.mp4,2019,67.300,,,,,,,,,,
orange_cat.mp4,2020,67.333,,,,,,,,,,
orange_cat.mp4,2021,67.367,,,,,,,,,,
orange_cat.mp4,2022,67.400,,,,,,,,,,
orange_cat.mp4,2023,67.433,,,,,,,,,,
orange_cat.mp4,2024,67.467,,,,,,,,,,
orange_cat.mp4,2025,67.500,,,,,,,,,,
orange_cat.mp4,2026,67.533,,,,,,,,,,
orange_cat.mp4,2027,67.567,,,,,,,,,,
orange_cat.mp4,2028,67.600,,,,,,,,,,
orange_cat.mp4,2029,67.633,,,,,,,,,,
orange_cat.mp4,2030,67.667,,,,,,,,,,
orange_cat.mp4,2031,67.700,,,,,,,,,,
orange_cat.mp4,2032,67.733,,,,,,,,,,
orange_cat.mp4,2033,67.767,,,,,,,,,,
orange_cat.mp4,2034,67.800,,,,,,,,,,
orange_cat.mp4,2035,67.833,,,,,,,,,,
orange_cat.mp4,2036,67.867,,,,,,,,,,
orange_cat.mp4,2037,67.900,,,,,,,,,,
orange_cat.mp4,2038,67.933,,,,,,,,,,
orange_cat.mp4,2039,67.967,,,,,,,,,,
orange_cat.mp4,2040,68.000,,,,,,,,,,
orange_cat.mp4,2041,68.033,,,,,,,,,,
orange_cat.mp4,2042,68.067,,,,,,,,,,
orange_cat.mp4,2043,68.100,,,,,,,,,,
orange_cat.mp4,2044,68.133,,,,,,,,,,
orange_cat.mp4,2045,68.167,,,,,,,,,,
orange_cat.mp4,2046,68.200,,,,,,,,,,
orange_cat.mp4,2047,68.233,,,,,,,,,,
orange_cat.mp4,2048,68.267,,,,,,,,,,
orange_cat.mp4,2049,68.300,,,,,,,,,,
orange_cat.mp4,2050,68.333,,,,,,,,,,
orange_cat.mp4,2051,68.367,,,,,,,,,,
orange_cat.mp4,2052,68.400,,,,,,,,,,
orange_cat.mp4,2053,68.433,,,,,,,,,,
orange_cat.mp4,2054,68.467,,,,,,,,,,
orange_cat.mp4,2055,68.500,,,,,,,,,,
orange_cat.mp4,2056,68.533,,,,,,,,,,
orange_cat.mp4,2057,68.567,,,,,,,,,,
orange_cat.mp4,2058,68.600,,,,,,,,,,
orange_cat.mp4,2059,68.633,,,,,,,,,,
orange_cat.mp4,2060,68.667,,,,,,,,,,
orange_cat.mp4,2061,68.700,,,,,,,,,,
orange_cat.mp4,2062,68.733,,,,,,,,,,
orange_cat.mp4,2063,68.767,,,,,,,,,,
orange_cat.mp4,2064,68.800,,,,,,,,,,
orange_cat.mp4,2065,68.833,,,,,,,,,,
orange_cat.mp4,2066,68.867,,,,,,,,,,
orange_cat.mp4,2067,68.900,,,,,,,,,,
orange_cat.mp4,2068,68.933,,,,,,,,,,
orange_cat.mp4,2069,68.967,,,,,,,,,,
orange_cat.mp4,2070,69.000,,,,,,,,,,
orange_cat.mp4,2071,69.033,,,,,,,,,,
orange_cat.mp4,2072,69.067,,,,,,,,,,
orange_cat.mp4,2073,69.100,,,,,,,,,,
orange_cat.mp4,2074,69.133,,,,,,,,,,
orange_cat.mp4,2075,69.167,,,,,,,,,,
orange_cat.mp4,2076,69.200,,,,,,,,,,
orange_cat.mp4,2077,69.233,,,,,,,,,,
orange_cat.mp4,2078,69.267,,,,,,,,,,
orange_cat.mp4,2079,69.300,,,,,,,,,,
orange_cat.mp4,2080,69.333,,,,,,,,,,
orange_cat.mp4,2081,69.367,,,,,,,,,,
orange_cat.mp4,2082,69.400,,,,,,,,,,
orange_cat.mp4,2083,69.433,,,,,,,,,,
orange_cat.mp4,2084,69.467,,,,,,,,,,
orange_cat.mp4,2085,69.500,,,,,,,,,,
orange_cat.mp4,2086,69.533,,,,,,,,,,
orange_cat.mp4,2087,69.567,,,,,,,,,,
orange_cat.mp4,2088,69.600,,,,,,,,,,
orange_cat.mp4,2089,69.633,,,,,,,,,,
orange_cat.mp4,2090,69.667,,,,,,,,,,
orange_cat.mp4,2091,69.700,,,,,,,,,,
orange_cat.mp4,2092,69.733,,,,,,,,,,
orange_cat.mp4,2093,69.767,,,,,,,,,,
orange_cat.mp4,2094,69.800,,,,,,,,,,
orange_cat.mp4,2095,69.833,,,,,,,,,,
orange_cat.mp4,2096,69.867,,,,,,,,,,
orange_cat.mp4,2097,69.900,,,,,,,,,,
orange_cat.mp4,2098,69.933,429.453,863.584,267.834,648.661,591.072,1078.508,0.541,,,
orange_cat.mp4,2099,69.967,428.540,865.437,267.869,651.847,589.210,1079.028,0.549,31.000,,
orange_cat.mp4,2100,70.000,,,,,,,,,,
orange_cat.mp4,2101,70.033,,,,,,,,,,
orange_cat.mp4,2102,70.067,,,,,,,,,,
orange_cat.mp4,2103,70.100,,,,,,,,,,
orange_cat.mp4,2104,70.133,,,,,,,,,,
orange_cat.mp4,2105,70.167,,,,,,,,,,
orange_cat.mp4,2106,70.200,,,,,,,,,,
orange_cat.mp4,2107,70.233,,,,,,,,,,
orange_cat.mp4,2108,70.267,,,,,,,,,,
orange_cat.mp4,2109,70.300,,,,,,,,,,
orange_cat.mp4,2110,70.333,,,,,,,,,,
orange_cat.mp4,2111,70.367,,,,,,,,,,
orange_cat.mp4,2112,70.400,,,,,,,,,,
orange_cat.mp4,2113,70.433,,,,,,,,,,
orange_cat.mp4,2114,70.467,,,,,,,,,,
orange_cat.mp4,2115,70.500,,,,,,,,,,
orange_cat.mp4,2116,70.533,,,,,,,,,,
orange_cat.mp4,2117,70.567,,,,,,,,,,
orange_cat.mp4,2118,70.600,,,,,,,,,,
orange_cat.mp4,2119,70.633,,,,,,,,,,
orange_cat.mp4,2120,70.667,,,,,,,,,,
orange_cat.mp4,2121,70.700,419.966,861.874,253.984,645.652,585.948,1078.095,0.553,31.000,,
orange_cat.mp4,2122,70.733,420.076,861.954,251.930,646.002,588.221,1077.906,0.636,31.000,,
orange_cat.mp4,2123,70.767,418.439,862.597,248.370,647.235,588.508,1077.959,0.831,31.000,,
orange_cat.mp4,2124,70.800,417.976,862.294,245.446,646.510,590.505,1078.078,0.831,31.000,,
orange_cat.mp4,2125,70.833,419.550,863.113,245.584,648.056,593.516,1078.170,0.855,31.000,,
orange_cat.mp4,2126,70.867,421.001,865.701,246.486,652.450,595.516,1078.952,0.878,31.000,,
orange_cat.mp4,2127,70.900,421.974,865.239,245.772,652.123,598.176,1078.355,0.675,31.000,,
orange_cat.mp4,2128,70.933,422.272,865.018,244.509,652.016,600.036,1078.021,0.858,31.000,,
orange_cat.mp4,2129,70.967,423.440,863.921,243.662,649.946,603.217,1077.895,0.735,31.000,,
orange_cat.mp4,2130,71.000,424.713,863.609,242.755,648.081,606.672,1079.138,0.849,31.000,,
orange_cat.mp4,2131,71.033,424.082,861.008,239.824,643.645,608.340,1078.371,0.794,31.000,,
orange_cat.mp4,2132,71.067,425.730,861.624,241.061,644.829,610.399,1078.420,0.543,31.000,,
orange_cat.mp4,2133,71.100,,,,,,,,,,
orange_cat.mp4,2134,71.133,,,,,,,,,,
orange_cat.mp4,2135,71.167,432.260,859.070,243.372,639.892,621.149,1078.247,0.448,31.000,,
orange_cat.mp4,2136,71.200,432.925,859.490,241.829,640.717,624.021,1078.262,0.621,31.000,,
orange_cat.mp4,2137,71.233,432.536,860.600,239.951,643.447,625.121,1077.753,0.809,31.000,,
orange_cat.mp4,2138,71.267,434.729,861.530,240.114,645.468,629.343,1077.591,0.914,31.000,,
orange_cat.mp4,2139,71.300,437.220,861.769,239.961,646.024,634.479,1077.513,0.855,31.000,,
orange_cat.mp4,2140,71.333,439.627,861.485,239.123,644.961,640.130,1078.010,0.460,31.000,,
orange_cat.mp4,2141,71.367,,,,,,,,,,
orange_cat.mp4,2142,71.400,,,,,,,,,,
orange_cat.mp4,2143,71.433,,,,,,,,,,
orange_cat.mp4,2144,71.467,,,,,,,,,,
orange_cat.mp4,2145,71.500,,,,,,,,,,
orange_cat.mp4,2146,71.533,,,,,,,,,,
orange_cat.mp4,2147,71.567,,,,,,,,,,
orange_cat.mp4,2148,71.600,,,,,,,,,,
orange_cat.mp4,2149,71.633,,,,,,,,,,
orange_cat.mp4,2150,71.667,,,,,,,,,,
orange_cat.mp4,2151,71.700,,,,,,,,,,
orange_cat.mp4,2152,71.733,,,,,,,,,,
orange_cat.mp4,2153,71.767,,,,,,,,,,
orange_cat.mp4,2154,71.800,,,,,,,,,,
orange_cat.mp4,2155,71.833,,,,,,,,,,
orange_cat.mp4,2156,71.867,,,,,,,,,,
orange_cat.mp4,2157,71.900,,,,,,,,,,
orange_cat.mp4,2158,71.933,,,,,,,,,,
orange_cat.mp4,2159,71.967,,,,,,,,,,
orange_cat.mp4,2160,72.000,,,,,,,,,,
orange_cat.mp4,2161,72.033,549.744,856.954,352.178,636.378,747.311,1077.530,0.771,31.000,,
orange_cat.mp4,2162,72.067,548.669,857.037,352.034,637.051,745.304,1077.023,0.905,31.000,,
orange_cat.mp4,2163,72.100,544.588,857.153,344.900,637.380,744.276,1076.926,0.921,31.000,,
orange_cat.mp4,2164,72.133,533.859,856.139,327.650,635.245,740.067,1077.033,0.877,31.000,,
orange_cat.mp4,2165,72.167,525.402,855.991,312.443,634.909,738.361,1077.072,0.569,31.000,,
orange_cat.mp4,2166,72.200,,,,,,,,,,
orange_cat.mp4,2167,72.233,498.995,855.779,275.098,634.271,722.892,1077.287,0.575,31.000,,
orange_cat.mp4,2168,72.267,,,,,,,,,,
orange_cat.mp4,2169,72.300,471.400,854.123,232.764,631.194,710.035,1077.052,0.677,31.000,,
orange_cat.mp4,2170,72.333,473.111,860.490,229.065,644.571,717.157,1076.408,0.906,31.000,,
orange_cat.mp4,2171,72.367,470.389,848.000,204.153,621.637,736.626,1074.362,0.913,31.000,,
orange_cat.mp4,2172,72.400,466.715,835.742,177.021,596.177,756.409,1075.307,0.915,31.000,,
orange_cat.mp4,2173,72.433,467.299,831.818,163.361,586.927,771.237,1076.710,0.925,31.000,,
orange_cat.mp4,2174,72.467,487.112,834.533,176.896,591.970,797.328,1077.096,0.908,31.000,,
orange_cat.mp4,2175,72.500,515.871,842.128,206.191,607.664,825.551,1076.593,0.865,31.000,,
orange_cat.mp4,2176,72.533,543.275,847.676,232.548,618.346,854.001,1077.006,0.487,31.000,,
orange_cat.mp4,2177,72.567,,,,,,,,,,
orange_cat.mp4,2178,72.600,,,,,,,,,,
orange_cat.mp4,2179,72.633,,,,,,,,,,
orange_cat.mp4,2180,72.667,,,,,,,,,,
orange_cat.mp4,2181,72.700,,,,,,,,,,
orange_cat.mp4,2182,72.733,,,,,,,,,,
orange_cat.mp4,2183,72.767,1058.100,745.550,723.156,439.204,1393.044,1051.895,0.197,,,
orange_cat.mp4,2184,72.800,1130.877,757.935,797.165,444.743,1464.588,1071.127,0.309,,,
orange_cat.mp4,2185,72.833,,,,,,,,,,
orange_cat.mp4,2186,72.867,,,,,,,,,,
orange_cat.mp4,2187,72.900,,,,,,,,,,
orange_cat.mp4,2188,72.933,,,,,,,,,,
orange_cat.mp4,2189,72.967,,,,,,,,,,
orange_cat.mp4,2190,73.000,,,,,,,,,,
orange_cat.mp4,2191,73.033,,,,,,,,,,
orange_cat.mp4,2192,73.067,,,,,,,,,,
orange_cat.mp4,2193,73.100,,,,,,,,,,
orange_cat.mp4,2194,73.133,1752.181,832.915,1585.416,592.849,1918.946,1072.980,0.190,,,
orange_cat.mp4,2195,73.167,1778.345,864.665,1638.033,653.628,1918.658,1075.703,0.606,,,
orange_cat.mp4,2196,73.200,,,,,,,,,,
orange_cat.mp4,2197,73.233,,,,,,,,,,
orange_cat.mp4,2198,73.267,,,,,,,,,,
orange_cat.mp4,2199,73.300,,,,,,,,,,
orange_cat.mp4,2200,73.333,,,,,,,,,,
orange_cat.mp4,2201,73.367,,,,,,,,,,
orange_cat.mp4,2202,73.400,,,,,,,,,,
orange_cat.mp4,2203,73.433,,,,,,,,,,
orange_cat.mp4,2204,73.467,,,,,,,,,,
orange_cat.mp4,2205,73.500,,,,,,,,,,
orange_cat.mp4,2206,73.533,,,,,,,,,,
orange_cat.mp4,2207,73.567,,,,,,,,,,
orange_cat.mp4,2208,73.600,,,,,,,,,,
orange_cat.mp4,2209,73.633,,,,,,,,,,
orange_cat.mp4,2210,73.667,,,,,,,,,,
orange_cat.mp4,2211,73.700,,,,,,,,,,
orange_cat.mp4,2212,73.733,,,,,,,,,,
orange_cat.mp4,2213,73.767,,,,,,,,,,
orange_cat.mp4,2214,73.800,,,,,,,,,,
orange_cat.mp4,2215,73.833,,,,,,,,,,
orange_cat.mp4,2216,73.867,,,,,,,,,,
orange_cat.mp4,2217,73.900,,,,,,,,,,
orange_cat.mp4,2218,73.933,,,,,,,,,,
orange_cat.mp4,2219,73.967,,,,,,,,,,
orange_cat.mp4,2220,74.000,,,,,,,,,,
orange_cat.mp4,2221,74.033,,,,,,,,,,
orange_cat.mp4,2222,74.067,,,,,,,,,,
orange_cat.mp4,2223,74.100,,,,,,,,,,
orange_cat.mp4,2224,74.133,,,,,,,,,,
orange_cat.mp4,2225,74.167,,,,,,,,,,
orange_cat.mp4,2226,74.200,,,,,,,,,,
orange_cat.mp4,2227,74.233,,,,,,,,,,
orange_cat.mp4,2228,74.267,,,,,,,,,,
orange_cat.mp4,2229,74.300,,,,,,,,,,
orange_cat.mp4,2230,74.333,,,,,,,,,,
orange_cat.mp4,2231,74.367,,,,,,,,,,
orange_cat.mp4,2232,74.400,,,,,,,,,,
orange_cat.mp4,2233,74.433,,,,,,,,,,
orange_cat.mp4,2234,74.467,,,,,,,,,,
orange_cat.mp4,2235,74.500,,,,,,,,,,
orange_cat.mp4,2236,74.533,,,,,,,,,,
orange_cat.mp4,2237,74.567,,,,,,,,,,
orange_cat.mp4,2238,74.600,,,,,,,,,,
orange_cat.mp4,2239,74.633,,,,,,,,,,
orange_cat.mp4,2240,74.667,,,,,,,,,,
orange_cat.mp4,2241,74.700,,,,,,,,,,
orange_cat.mp4,2242,74.733,,,,,,,,,,
orange_cat.mp4,2243,74.767,,,,,,,,,,
orange_cat.mp4,2244,74.800,,,,,,,,,,
orange_cat.mp4,2245,74.833,,,,,,,,,,
orange_cat.mp4,2246,74.867,,,,,,,,,,
orange_cat.mp4,2247,74.900,,,,,,,,,,
orange_cat.mp4,2248,74.933,,,,,,,,,,
orange_cat.mp4,2249,74.967,,,,,,,,,,
orange_cat.mp4,2250,75.000,,,,,,,,,,
orange_cat.mp4,2251,75.033,,,,,,,,,,
orange_cat.mp4,2252,75.067,,,,,,,,,,
orange_cat.mp4,2253,75.100,,,,,,,,,,
orange_cat.mp4,2254,75.133,,,,,,,,,,
orange_cat.mp4,2255,75.167,,,,,,,,,,
orange_cat.mp4,2256,75.200,,,,,,,,,,
orange_cat.mp4,2257,75.233,,,,,,,,,,
orange_cat.mp4,2258,75.267,,,,,,,,,,
orange_cat.mp4,2259,75.300,,,,,,,,,,
orange_cat.mp4,2260,75.333,,,,,,,,,,
orange_cat.mp4,2261,75.367,,,,,,,,,,
orange_cat.mp4,2262,75.400,,,,,,,,,,
orange_cat.mp4,2263,75.433,,,,,,,,,,
orange_cat.mp4,2264,75.467,,,,,,,,,,
orange_cat.mp4,2265,75.500,,,,,,,,,,
orange_cat.mp4,2266,75.533,,,,,,,,,,
orange_cat.mp4,2267,75.567,,,,,,,,,,
orange_cat.mp4,2268,75.600,,,,,,,,,,
orange_cat.mp4,2269,75.633,,,,,,,,,,
orange_cat.mp4,2270,75.667,,,,,,,,,,
orange_cat.mp4,2271,75.700,,,,,,,,,,
orange_cat.mp4,2272,75.733,,,,,,,,,,
orange_cat.mp4,2273,75.767,,,,,,,,,,
orange_cat.mp4,2274,75.800,,,,,,,,,,
orange_cat.mp4,2275,75.833,,,,,,,,,,
orange_cat.mp4,2276,75.867,,,,,,,,,,
orange_cat.mp4,2277,75.900,,,,,,,,,,
orange_cat.mp4,2278,75.933,,,,,,,,,,
orange_cat.mp4,2279,75.967,,,,,,,,,,
orange_cat.mp4,2280,76.000,,,,,,,,,,
orange_cat.mp4,2281,76.033,,,,,,,,,,
orange_cat.mp4,2282,76.067,,,,,,,,,,
orange_cat.mp4,2283,76.100,,,,,,,,,,
orange_cat.mp4,2284,76.133,,,,,,,,,,
orange_cat.mp4,2285,76.167,,,,,,,,,,
orange_cat.mp4,2286,76.200,,,,,,,,,,
orange_cat.mp4,2287,76.233,,,,,,,,,,
orange_cat.mp4,2288,76.267,,,,,,,,,,
orange_cat.mp4,2289,76.300,,,,,,,,,,
orange_cat.mp4,2290,76.333,,,,,,,,,,
orange_cat.mp4,2291,76.367,,,,,,,,,,
orange_cat.mp4,2292,76.400,,,,,,,,,,
orange_cat.mp4,2293,76.433,,,,,,,,,,
orange_cat.mp4,2294,76.467,,,,,,,,,,
orange_cat.mp4,2295,76.500,,,,,,,,,,
orange_cat.mp4,2296,76.533,,,,,,,,,,
orange_cat.mp4,2297,76.567,,,,,,,,,,
orange_cat.mp4,2298,76.600,,,,,,,,,,
orange_cat.mp4,2299,76.633,,,,,,,,,,
orange_cat.mp4,2300,76.667,,,,,,,,,,
orange_cat.mp4,2301,76.700,,,,,,,,,,
orange_cat.mp4,2302,76.733,,,,,,,,,,
orange_cat.mp4,2303,76.767,,,,,,,,,,
orange_cat.mp4,2304,76.800,,,,,,,,,,
orange_cat.mp4,2305,76.833,,,,,,,,,,
orange_cat.mp4,2306,76.867,,,,,,,,,,
orange_cat.mp4,2307,76.900,,,,,,,,,,
orange_cat.mp4,2308,76.933,,,,,,,,,,
orange_cat.mp4,2309,76.967,,,,,,,,,,
orange_cat.mp4,2310,77.000,,,,,,,,,,
orange_cat.mp4,2311,77.033,,,,,,,,,,
orange_cat.mp4,2312,77.067,,,,,,,,,,
orange_cat.mp4,2313,77.100,,,,,,,,,,
orange_cat.mp4,2314,77.133,,,,,,,,,,
orange_cat.mp4,2315,77.167,,,,,,,,,,
orange_cat.mp4,2316,77.200,,,,,,,,,,
orange_cat.mp4,2317,77.233,,,,,,,,,,
orange_cat.mp4,2318,77.267,,,,,,,,,,
orange_cat.mp4,2319,77.300,,,,,,,,,,
orange_cat.mp4,2320,77.333,,,,,,,,,,
orange_cat.mp4,2321,77.367,,,,,,,,,,
orange_cat.mp4,2322,77.400,,,,,,,,,,
orange_cat.mp4,2323,77.433,,,,,,,,,,
orange_cat.mp4,2324,77.467,,,,,,,,,,
orange_cat.mp4,2325,77.500,,,,,,,,,,
orange_cat.mp4,2326,77.533,,,,,,,,,,
orange_cat.mp4,2327,77.567,,,,,,,,,,
orange_cat.mp4,2328,77.600,,,,,,,,,,
orange_cat.mp4,2329,77.633,,,,,,,,,,
orange_cat.mp4,2330,77.667,,,,,,,,,,
orange_cat.mp4,2331,77.700,,,,,,,,,,
orange_cat.mp4,2332,77.733,,,,,,,,,,
orange_cat.mp4,2333,77.767,,,,,,,,,,
orange_cat.mp4,2334,77.800,,,,,,,,,,
orange_cat.mp4,2335,77.833,,,,,,,,,,
orange_cat.mp4,2336,77.867,,,,,,,,,,
orange_cat.mp4,2337,77.900,,,,,,,,,,
orange_cat.mp4,2338,77.933,,,,,,,,,,
orange_cat.mp4,2339,77.967,,,,,,,,,,
orange_cat.mp4,2340,78.000,,,,,,,,,,
orange_cat.mp4,2341,78.033,,,,,,,,,,
orange_cat.mp4,2342,78.067,,,,,,,,,,
orange_cat.mp4,2343,78.100,,,,,,,,,,
orange_cat.mp4,2344,78.133,,,,,,,,,,
orange_cat.mp4,2345,78.167,,,,,,,,,,
orange_cat.mp4,2346,78.200,,,,,,,,,,
orange_cat.mp4,2347,78.233,,,,,,,,,,
orange_cat.mp4,2348,78.267,,,,,,,,,,
orange_cat.mp4,2349,78.300,,,,,,,,,,
orange_cat.mp4,2350,78.333,,,,,,,,,,
orange_cat.mp4,2351,78.367,,,,,,,,,,
orange_cat.mp4,2352,78.400,1336.058,879.703,892.811,684.545,1779.304,1074.862,0.531,,,
orange_cat.mp4,2353,78.433,1273.998,876.866,824.159,678.717,1723.837,1075.015,0.650,34.000,,
orange_cat.mp4,2354,78.467,1206.610,873.923,750.401,672.602,1662.820,1075.244,0.731,34.000,,
orange_cat.mp4,2355,78.500,1117.042,871.699,654.861,667.154,1579.223,1076.243,0.494,34.000,,
orange_cat.mp4,2356,78.533,1053.960,866.945,585.510,658.156,1522.410,1075.734,0.445,34.000,,
orange_cat.mp4,2357,78.567,,,,,,,,,,
orange_cat.mp4,2358,78.600,,,,,,,,,,
orange_cat.mp4,2359,78.633,889.926,845.247,381.556,613.255,1398.296,1077.239,0.780,34.000,,
orange_cat.mp4,2360,78.667,848.719,843.186,350.151,609.512,1347.287,1076.861,0.877,34.000,,
orange_cat.mp4,2361,78.700,816.062,844.552,335.155,612.925,1296.969,1076.179,0.887,34.000,,
orange_cat.mp4,2362,78.733,791.272,849.710,333.286,623.105,1249.259,1076.315,0.854,34.000,,
orange_cat.mp4,2363,78.767,,,,,,,,,,
orange_cat.mp4,2364,78.800,754.112,863.778,334.966,650.417,1173.259,1077.139,0.401,34.000,,
orange_cat.mp4,2365,78.833,738.799,870.895,345.890,665.354,1131.708,1076.435,0.812,34.000,,
orange_cat.mp4,2366,78.867,723.959,875.394,350.691,674.632,1097.227,1076.156,0.733,34.000,,
orange_cat.mp4,2367,78.900,712.238,879.876,356.000,682.967,1068.476,1076.786,0.853,34.000,,
orange_cat.mp4,2368,78.933,701.625,883.256,359.611,689.140,1043.640,1077.371,0.622,34.000,,
orange_cat.mp4,2369,78.967,,,,,,,,,,
orange_cat.mp4,2370,79.000,,,,,,,,,,
orange_cat.mp4,2371,79.033,,,,,,,,,,
orange_cat.mp4,2372,79.067,,,,,,,,,,
orange_cat.mp4,2373,79.100,,,,,,,,,,
orange_cat.mp4,2374,79.133,,,,,,,,,,
orange_cat.mp4,2375,79.167,,,,,,,,,,
orange_cat.mp4,2376,79.200,,,,,,,,,,
orange_cat.mp4,2377,79.233,,,,,,,,,,
orange_cat.mp4,2378,79.267,,,,,,,,,,
orange_cat.mp4,2379,79.300,,,,,,,,,,
orange_cat.mp4,2380,79.333,,,,,,,,,,
orange_cat.mp4,2381,79.367,,,,,,,,,,
orange_cat.mp4,2382,79.400,,,,,,,,,,
orange_cat.mp4,2383,79.433,,,,,,,,,,
orange_cat.mp4,2384,79.467,,,,,,,,,,
orange_cat.mp4,2385,79.500,,,,,,,,,,
orange_cat.mp4,2386,79.533,,,,,,,,,,
orange_cat.mp4,2387,79.567,,,,,,,,,,
orange_cat.mp4,2388,79.600,707.984,955.466,461.213,832.242,954.755,1078.691,0.495,,,
orange_cat.mp4,2389,79.633,,,,,,,,,,
orange_cat.mp4,2390,79.667,,,,,,,,,,
orange_cat.mp4,2391,79.700,,,,,,,,,,
orange_cat.mp4,2392,79.733,,,,,,,,,,
orange_cat.mp4,2393,79.767,,,,,,,,,,
orange_cat.mp4,2394,79.800,,,,,,,,,,
orange_cat.mp4,2395,79.833,,,,,,,,,,
orange_cat.mp4,2396,79.867,,,,,,,,,,
orange_cat.mp4,2397,79.900,737.200,964.269,466.620,850.953,1007.781,1077.586,0.161,,,
orange_cat.mp4,2398,79.933,742.001,966.449,467.820,853.205,1016.181,1079.694,0.340,,,
orange_cat.mp4,2399,79.967,744.143,965.481,466.022,853.423,1022.263,1077.538,0.292,,,
orange_cat.mp4,2400,80.000,747.987,965.811,469.232,853.510,1026.742,1078.112,0.363,37.000,,
orange_cat.mp4,2401,80.033,751.610,967.414,475.148,856.092,1028.072,1078.736,0.306,37.000,,
orange_cat.mp4,2402,80.067,,,,,,,,,,
orange_cat.mp4,2403,80.100,,,,,,,,,,
orange_cat.mp4,2404,80.133,,,,,,,,,,
orange_cat.mp4,2405,80.167,,,,,,,,,,
orange_cat.mp4,2406,80.200,,,,,,,,,,
orange_cat.mp4,2407,80.233,,,,,,,,,,
orange_cat.mp4,2408,80.267,,,,,,,,,,
orange_cat.mp4,2409,80.300,,,,,,,,,,
orange_cat.mp4,2410,80.333,,,,,,,,,,
orange_cat.mp4,2411,80.367,,,,,,,,,,
orange_cat.mp4,2412,80.400,,,,,,,,,,
orange_cat.mp4,2413,80.433,658.523,960.177,376.041,840.542,941.006,1079.812,0.673,37.000,,
orange_cat.mp4,2414,80.467,655.622,960.143,384.855,840.291,926.389,1079.995,0.679,37.000,,
orange_cat.mp4,2415,80.500,653.954,960.603,394.368,841.219,913.540,1079.987,0.528,37.000,,
orange_cat.mp4,2416,80.533,653.422,959.632,400.969,839.364,905.875,1079.899,0.786,37.000,,
orange_cat.mp4,2417,80.567,653.185,959.622,408.542,839.341,897.828,1079.903,0.784,37.000,,
orange_cat.mp4,2418,80.600,653.368,959.594,415.501,839.310,891.235,1079.879,0.733,37.000,,
orange_cat.mp4,2419,80.633,653.170,959.593,421.291,839.347,885.050,1079.838,0.625,37.000,,
orange_cat.mp4,2420,80.667,652.617,960.299,427.099,840.662,878.135,1079.937,0.681,37.000,,
orange_cat.mp4,2421,80.700,652.200,961.267,432.937,842.648,871.463,1079.887,0.858,37.000,,
orange_cat.mp4,2422,80.733,651.736,961.605,436.873,843.280,866.599,1079.930,0.760,37.000,,
orange_cat.mp4,2423,80.767,,,,,,,,,,
orange_cat.mp4,2424,80.800,650.250,961.186,438.336,842.379,862.164,1079.994,0.619,37.000,,
orange_cat.mp4,2425,80.833,650.366,960.458,440.676,840.925,860.056,1079.991,0.743,37.000,,
orange_cat.mp4,2426,80.867,650.053,959.769,442.371,839.547,857.735,1079.990,0.645,37.000,,
orange_cat.mp4,2427,80.900,649.137,959.274,443.474,838.557,854.800,1079.991,0.696,37.000,,
orange_cat.mp4,2428,80.933,648.783,958.665,444.675,837.338,852.891,1079.991,0.593,37.000,,
orange_cat.mp4,2429,80.967,648.630,958.379,446.376,836.765,850.884,1079.992,0.479,37.000,,
orange_cat.mp4,2430,81.000,647.370,958.264,446.849,836.536,847.891,1079.993,0.475,37.000,,
orange_cat.mp4,2431,81.033,645.486,958.193,446.366,836.393,844.606,1079.994,0.418,37.000,,
orange_cat.mp4,2432,81.067,646.048,958.057,448.280,836.119,843.816,1079.995,0.780,37.000,,
orange_cat.mp4,2433,81.100,645.707,957.977,449.200,835.959,842.214,1079.995,0.727,37.000,,
orange_cat.mp4,2434,81.133,646.333,957.398,450.353,834.848,842.313,1079.948,0.881,37.000,,
orange_cat.mp4,2435,81.167,645.735,956.472,449.776,833.156,841.695,1079.788,0.897,37.000,,
orange_cat.mp4,2436,81.200,645.623,955.993,450.159,832.250,841.086,1079.736,0.885,37.000,,
orange_cat.mp4,2437,81.233,646.425,955.582,451.912,831.747,840.938,1079.418,0.879,37.000,,
orange_cat.mp4,2438,81.267,647.328,955.545,453.797,831.698,840.859,1079.393,0.840,37.000,,
orange_cat.mp4,2439,81.300,646.888,955.904,454.694,832.430,839.082,1079.378,0.741,37.000,,
orange_cat.mp4,2440,81.333,646.857,956.989,456.913,834.671,836.801,1079.307,0.499,37.000,,
orange_cat.mp4,2441,81.367,647.643,957.601,458.745,835.640,836.542,1079.562,0.647,37.000,,
orange_cat.mp4,2442,81.400,648.458,956.266,458.606,833.213,838.310,1079.318,0.868,37.000,,
orange_cat.mp4,2443,81.433,650.693,955.718,460.443,831.685,840.942,1079.752,0.769,37.000,,
orange_cat.mp4,2444,81.467,,,,,,,,,,
orange_cat.mp4,2445,81.500,,,,,,,,,,
orange_cat.mp4,2446,81.533,,,,,,,,,,
orange_cat.mp4,2447,81.567,,,,,,,,,,
orange_cat.mp4,2448,81.600,,,,,,,,,,
orange_cat.mp4,2449,81.633,,,,,,,,,,
orange_cat.mp4,2450,81.667,,,,,,,,,,
orange_cat.mp4,2451,81.700,,,,,,,,,,
orange_cat.mp4,2452,81.733,,,,,,,,,,
orange_cat.mp4,2453,81.767,,,,,,,,,,
orange_cat.mp4,2454,81.800,660.477,936.231,449.992,793.709,870.961,1078.753,0.614,37.000,,
orange_cat.mp4,2455,81.833,661.166,937.057,457.691,795.490,864.641,1078.623,0.928,37.000,,
orange_cat.mp4,2456,81.867,661.427,939.672,465.135,800.601,857.719,1078.744,0.918,37.000,,
orange_cat.mp4,2457,81.900,660.987,941.529,469.837,804.469,852.136,1078.588,0.900,37.000,,
orange_cat.mp4,2458,81.933,661.080,945.532,476.050,812.102,846.111,1078.963,0.832,37.000,,
orange_cat.mp4,2459,81.967,,,,,,,,,,
orange_cat.mp4,2460,82.000,,,,,,,,,,
orange_cat.mp4,2461,82.033,,,,,,,,,,
orange_cat.mp4,2462,82.067,,,,,,,,,,
orange_cat.mp4,2463,82.100,,,,,,,,,,
orange_cat.mp4,2464,82.133,,,,,,,,,,
orange_cat.mp4,2465,82.167,672.270,955.882,502.522,833.010,842.019,1078.753,0.704,37.000,,
orange_cat.mp4,2466,82.200,,,,,,,,,,
orange_cat.mp4,2467,82.233,,,,,,,,,,
orange_cat.mp4,2468,82.267,,,,,,,,,,
orange_cat.mp4,2469,82.300,,,,,,,,,,
orange_cat.mp4,2470,82.333,,,,,,,,,,
orange_cat.mp4,2471,82.367,,,,,,,,,,
orange_cat.mp4,2472,82.400,,,,,,,,,,
orange_cat.mp4,2473,82.433,,,,,,,,,,
orange_cat.mp4,2474,82.467,,,,,,,,,,
orange_cat.mp4,2475,82.500,,,,,,,,,,
orange_cat.mp4,2476,82.533,,,,,,,,,,
orange_cat.mp4,2477,82.567,,,,,,,,,,
orange_cat.mp4,2478,82.600,,,,,,,,,,
orange_cat.mp4,2479,82.633,,,,,,,,,,
orange_cat.mp4,2480,82.667,,,,,,,,,,
orange_cat.mp4,2481,82.700,,,,,,,,,,
orange_cat.mp4,2482,82.733,,,,,,,,,,
orange_cat.mp4,2483,82.767,666.482,975.358,514.415,871.195,818.548,1079.520,0.500,37.000,,
orange_cat.mp4,2484,82.800,667.263,975.555,511.057,871.718,823.468,1079.393,0.613,37.000,,
orange_cat.mp4,2485,82.833,,,,,,,,,,
orange_cat.mp4,2486,82.867,,,,,,,,,,
orange_cat.mp4,2487,82.900,,,,,,,,,,
orange_cat.mp4,2488,82.933,,,,,,,,,,
orange_cat.mp4,2489,82.967,,,,,,,,,,
orange_cat.mp4,2490,83.000,,,,,,,,,,
orange_cat.mp4,2491,83.033,665.669,961.068,488.528,842.136,842.810,1080.000,0.762,37.000,,
orange_cat.mp4,2492,83.067,665.147,958.442,485.722,836.883,844.573,1080.000,0.676,37.000,,
orange_cat.mp4,2493,83.100,660.705,956.498,479.023,832.997,842.388,1080.000,0.676,37.000,,
orange_cat.mp4,2494,83.133,652.904,958.442,472.197,836.884,833.612,1080.000,0.920,37.000,,
orange_cat.mp4,2495,83.167,648.966,958.558,467.076,837.219,830.856,1079.896,0.919,37.000,,
orange_cat.mp4,2496,83.200,645.742,956.409,459.920,833.166,831.563,1079.652,0.847,37.000,,
orange_cat.mp4,2497,83.233,641.330,956.761,454.198,833.911,828.462,1079.610,0.911,37.000,,
orange_cat.mp4,2498,83.267,637.158,956.794,447.932,833.863,826.384,1079.725,0.931,37.000,,
orange_cat.mp4,2499,83.300,632.860,955.117,438.978,830.256,826.741,1079.978,0.540,37.000,,
orange_cat.mp4,2500,83.333,627.790,951.943,428.072,824.221,827.508,1079.665,0.893,37.000,,
orange_cat.mp4,2501,83.367,622.614,949.200,417.281,818.798,827.946,1079.602,0.926,37.000,,
orange_cat.mp4,2502,83.400,615.730,947.942,406.467,816.278,824.993,1079.607,0.914,37.000,,
orange_cat.mp4,2503,83.433,608.638,947.968,396.391,816.031,820.885,1079.906,0.731,37.000,,
orange_cat.mp4,2504,83.467,600.623,948.446,386.407,817.466,814.838,1079.425,0.806,37.000,,
orange_cat.mp4,2505,83.500,,,,,,,,,,
orange_cat.mp4,2506,83.533,,,,,,,,,,
orange_cat.mp4,2507,83.567,575.157,960.391,368.099,841.165,782.214,1079.617,0.513,37.000,,
orange_cat.mp4,2508,83.600,,,,,,,,,,
orange_cat.mp4,2509,83.633,,,,,,,,,,
orange_cat.mp4,2510,83.667,,,,,,,,,,
orange_cat.mp4,2511,83.700,,,,,,,,,,
orange_cat.mp4,2512,83.733,,,,,,,,,,
orange_cat.mp4,2513,83.767,,,,,,,,,,
orange_cat.mp4,2514,83.800,,,,,,,,,,
orange_cat.mp4,2515,83.833,,,,,,,,,,
orange_cat.mp4,2516,83.867,,,,,,,,,,
orange_cat.mp4,2517,83.900,,,,,,,,,,
orange_cat.mp4,2518,83.933,,,,,,,,,,
orange_cat.mp4,2519,83.967,,,,,,,,,,
orange_cat.mp4,2520,84.000,,,,,,,,,,
orange_cat.mp4,2521,84.033,,,,,,,,,,
orange_cat.mp4,2522,84.067,,,,,,,,,,
orange_cat.mp4,2523,84.100,,,,,,,,,,
orange_cat.mp4,2524,84.133,,,,,,,,,,
orange_cat.mp4,2525,84.167,,,,,,,,,,
orange_cat.mp4,2526,84.200,,,,,,,,,,
orange_cat.mp4,2527,84.233,,,,,,,,,,
orange_cat.mp4,2528,84.267,439.146,921.898,145.862,767.730,732.430,1076.065,0.557,37.000,,
orange_cat.mp4,2529,84.300,,,,,,,,,,
orange_cat.mp4,2530,84.333,,,,,,,,,,
orange_cat.mp4,2531,84.367,377.143,900.430,48.875,725.509,705.412,1075.351,0.328,37.000,,
orange_cat.mp4,2532,84.400,,,,,,,,,,
orange_cat.mp4,2533,84.433,,,,,,,,,,
orange_cat.mp4,2534,84.467,,,,,,,,,,
orange_cat.mp4,2535,84.500,,,,,,,,,,
orange_cat.mp4,2536,84.533,,,,,,,,,,
orange_cat.mp4,2537,84.567,239.482,849.057,25.700,622.490,453.263,1075.625,0.263,,,
orange_cat.mp4,2538,84.600,,,,,,,,,,
orange_cat.mp4,2539,84.633,,,,,,,,,,
orange_cat.mp4,2540,84.667,,,,,,,,,,
orange_cat.mp4,2541,84.700,,,,,,,,,,
orange_cat.mp4,2542,84.733,138.685,852.761,20.146,629.050,257.223,1076.473,0.156,,,
orange_cat.mp4,2543,84.767,122.075,859.568,20.221,642.146,223.929,1076.991,0.206,,,
orange_cat.mp4,2544,84.800,,,,,,,,,,
orange_cat.mp4,2545,84.833,,,,,,,,,,
orange_cat.mp4,2546,84.867,,,,,,,,,,
orange_cat.mp4,2547,84.900,,,,,,,,,,
orange_cat.mp4,2548,84.933,,,,,,,,,,
orange_cat.mp4,2549,84.967,,,,,,,,,,
orange_cat.mp4,2550,85.000,,,,,,,,,,
orange_cat.mp4,2551,85.033,,,,,,,,,,
orange_cat.mp4,2552,85.067,,,,,,,,,,
orange_cat.mp4,2553,85.100,,,,,,,,,,
orange_cat.mp4,2554,85.133,,,,,,,,,,
orange_cat.mp4,2555,85.167,,,,,,,,,,
orange_cat.mp4,2556,85.200,,,,,,,,,,
orange_cat.mp4,2557,85.233,,,,,,,,,,
orange_cat.mp4,2558,85.267,,,,,,,,,,
orange_cat.mp4,2559,85.300,,,,,,,,,,
orange_cat.mp4,2560,85.333,,,,,,,,,,
orange_cat.mp4,2561,85.367,,,,,,,,,,
orange_cat.mp4,2562,85.400,,,,,,,,,,
orange_cat.mp4,2563,85.433,,,,,,,,,,
orange_cat.mp4,2564,85.467,,,,,,,,,,
orange_cat.mp4,2565,85.500,,,,,,,,,,
orange_cat.mp4,2566,85.533,,,,,,,,,,
orange_cat.mp4,2567,85.567,,,,,,,,,,
orange_cat.mp4,2568,85.600,,,,,,,,,,
orange_cat.mp4,2569,85.633,,,,,,,,,,
orange_cat.mp4,2570,85.667,,,,,,,,,,
orange_cat.mp4,2571,85.700,,,,,,,,,,
orange_cat.mp4,2572,85.733,,,,,,,,,,
orange_cat.mp4,2573,85.767,,,,,,,,,,
orange_cat.mp4,2574,85.800,,,,,,,,,,
orange_cat.mp4,2575,85.833,,,,,,,,,,
orange_cat.mp4,2576,85.867,,,,,,,,,,
orange_cat.mp4,2577,85.900,,,,,,,,,,
orange_cat.mp4,2578,85.933,,,,,,,,,,
orange_cat.mp4,2579,85.967,,,,,,,,,,
orange_cat.mp4,2580,86.000,,,,,,,,,,
orange_cat.mp4,2581,86.033,,,,,,,,,,
orange_cat.mp4,2582,86.067,,,,,,,,,,
orange_cat.mp4,2583,86.100,,,,,,,,,,
orange_cat.mp4,2584,86.133,,,,,,,,,,
orange_cat.mp4,2585,86.167,,,,,,,,,,
orange_cat.mp4,2586,86.200,,,,,,,,,,
orange_cat.mp4,2587,86.233,,,,,,,,,,
orange_cat.mp4,2588,86.267,,,,,,,,,,
orange_cat.mp4,2589,86.300,,,,,,,,,,
orange_cat.mp4,2590,86.333,,,,,,,,,,
orange_cat.mp4,2591,86.367,,,,,,,,,,
orange_cat.mp4,2592,86.400,,,,,,,,,,
orange_cat.mp4,2593,86.433,,,,,,,,,,
orange_cat.mp4,2594,86.467,,,,,,,,,,
orange_cat.mp4,2595,86.500,,,,,,,,,,
orange_cat.mp4,2596,86.533,,,,,,,,,,
orange_cat.mp4,2597,86.567,,,,,,,,,,
orange_cat.mp4,2598,86.600,,,,,,,,,,
orange_cat.mp4,2599,86.633,,,,,,,,,,
orange_cat.mp4,2600,86.667,,,,,,,,,,
orange_cat.mp4,2601,86.700,,,,,,,,,,
orange_cat.mp4,2602,86.733,,,,,,,,,,
orange_cat.mp4,2603,86.767,,,,,,,,,,
orange_cat.mp4,2604,86.800,,,,,,,,,,
orange_cat.mp4,2605,86.833,,,,,,,,,,
orange_cat.mp4,2606,86.867,,,,,,,,,,
orange_cat.mp4,2607,86.900,,,,,,,,,,
orange_cat.mp4,2608,86.933,,,,,,,,,,
orange_cat.mp4,2609,86.967,,,,,,,,,,
orange_cat.mp4,2610,87.000,,,,,,,,,,
orange_cat.mp4,2611,87.033,,,,,,,,,,
orange_cat.mp4,2612,87.067,,,,,,,,,,
orange_cat.mp4,2613,87.100,,,,,,,,,,
orange_cat.mp4,2614,87.133,,,,,,,,,,
orange_cat.mp4,2615,87.167,,,,,,,,,,
orange_cat.mp4,2616,87.200,,,,,,,,,,
orange_cat.mp4,2617,87.233,,,,,,,,,,
orange_cat.mp4,2618,87.267,,,,,,,,,,
orange_cat.mp4,2619,87.300,,,,,,,,,,
orange_cat.mp4,2620,87.333,,,,,,,,,,
orange_cat.mp4,2621,87.367,,,,,,,,,,
orange_cat.mp4,2622,87.400,,,,,,,,,,
orange_cat.mp4,2623,87.433,,,,,,,,,,
orange_cat.mp4,2624,87.467,,,,,,,,,,
orange_cat.mp4,2625,87.500,,,,,,,,,,
orange_cat.mp4,2626,87.533,,,,,,,,,,
orange_cat.mp4,2627,87.567,,,,,,,,,,
orange_cat.mp4,2628,87.600,,,,,,,,,,
orange_cat.mp4,2629,87.633,,,,,,,,,,
orange_cat.mp4,2630,87.667,,,,,,,,,,
orange_cat.mp4,2631,87.700,,,,,,,,,,
orange_cat.mp4,2632,87.733,,,,,,,,,,
orange_cat.mp4,2633,87.767,,,,,,,,,,
orange_cat.mp4,2634,87.800,,,,,,,,,,
orange_cat.mp4,2635,87.833,,,,,,,,,,
orange_cat.mp4,2636,87.867,,,,,,,,,,
orange_cat.mp4,2637,87.900,,,,,,,,,,
orange_cat.mp4,2638,87.933,,,,,,,,,,
orange_cat.mp4,2639,87.967,,,,,,,,,,
orange_cat.mp4,2640,88.000,,,,,,,,,,
orange_cat.mp4,2641,88.033,,,,,,,,,,
orange_cat.mp4,2642,88.067,,,,,,,,,,
orange_cat.mp4,2643,88.100,,,,,,,,,,
orange_cat.mp4,2644,88.133,,,,,,,,,,
orange_cat.mp4,2645,88.167,,,,,,,,,,
orange_cat.mp4,2646,88.200,,,,,,,,,,
orange_cat.mp4,2647,88.233,,,,,,,,,,
orange_cat.mp4,2648,88.267,,,,,,,,,,
orange_cat.mp4,2649,88.300,,,,,,,,,,
orange_cat.mp4,2650,88.333,,,,,,,,,,
orange_cat.mp4,2651,88.367,,,,,,,,,,
orange_cat.mp4,2652,88.400,,,,,,,,,,
orange_cat.mp4,2653,88.433,,,,,,,,,,
orange_cat.mp4,2654,88.467,522.473,938.048,326.826,796.858,718.121,1079.239,0.719,,,
orange_cat.mp4,2655,88.500,,,,,,,,,,
orange_cat.mp4,2656,88.533,,,,,,,,,,
orange_cat.mp4,2657,88.567,,,,,,,,,,
orange_cat.mp4,2658,88.600,521.492,917.162,336.962,754.543,706.022,1079.781,0.677,,,
orange_cat.mp4,2659,88.633,,,,,,,,,,
orange_cat.mp4,2660,88.667,,,,,,,,,,
orange_cat.mp4,2661,88.700,,,,,,,,,,
orange_cat.mp4,2662,88.733,518.227,913.609,317.145,747.218,719.310,1080.000,0.326,,,
orange_cat.mp4,2663,88.767,506.847,909.860,301.250,739.833,712.444,1079.888,0.485,42.000,,
orange_cat.mp4,2664,88.800,,,,,,,,,,
orange_cat.mp4,2665,88.833,,,,,,,,,,
orange_cat.mp4,2666,88.867,,,,,,,,,,
orange_cat.mp4,2667,88.900,,,,,,,,,,
orange_cat.mp4,2668,88.933,,,,,,,,,,
orange_cat.mp4,2669,88.967,,,,,,,,,,
orange_cat.mp4,2670,89.000,,,,,,,,,,
orange_cat.mp4,2671,89.033,,,,,,,,,,
orange_cat.mp4,2672,89.067,,,,,,,,,,
orange_cat.mp4,2673,89.100,386.042,836.841,94.072,597.516,678.011,1076.167,0.594,42.000,,
orange_cat.mp4,2674,89.133,371.326,830.472,69.402,584.755,673.250,1076.188,0.615,42.000,,
orange_cat.mp4,2675,89.167,358.397,824.143,47.514,572.770,669.281,1075.516,0.879,42.000,,
orange_cat.mp4,2676,89.200,348.040,821.021,31.598,567.266,664.481,1074.776,0.735,42.000,,
orange_cat.mp4,2677,89.233,340.998,821.059,20.934,566.781,661.063,1075.338,0.882,42.000,,
orange_cat.mp4,2678,89.267,339.302,822.783,18.015,569.975,660.589,1075.590,0.907,42.000,,
orange_cat.mp4,2679,89.300,339.578,820.407,13.770,565.847,665.386,1074.966,0.762,42.000,,
orange_cat.mp4,2680,89.333,338.892,817.232,8.437,560.250,669.347,1074.214,0.428,42.000,,
orange_cat.mp4,2681,89.367,,,,,,,,,,
orange_cat.mp4,2682,89.400,,,,,,,,,,
orange_cat.mp4,2683,89.433,,,,,,,,,,
orange_cat.mp4,2684,89.467,,,,,,,,,,
orange_cat.mp4,2685,89.500,,,,,,,,,,
orange_cat.mp4,2686,89.533,,,,,,,,,,
orange_cat.mp4,2687,89.567,307.249,816.131,0.000,557.882,614.499,1074.381,0.511,42.000,,
orange_cat.mp4,2688,89.600,302.102,818.134,0.000,561.642,604.204,1074.626,0.520,42.000,,
orange_cat.mp4,2689,89.633,296.746,819.889,0.000,564.067,593.493,1075.712,0.454,42.000,,
orange_cat.mp4,2690,89.667,,,,,,,,,,
orange_cat.mp4,2691,89.700,,,,,,,,,,
orange_cat.mp4,2692,89.733,,,,,,,,,,
orange_cat.mp4,2693,89.767,,,,,,,,,,
orange_cat.mp4,2694,89.800,,,,,,,,,,
orange_cat.mp4,2695,89.833,,,,,,,,,,
orange_cat.mp4,2696,89.867,263.910,841.752,0.000,608.759,527.821,1074.745,0.499,42.000,,
orange_cat.mp4,2697,89.900,,,,,,,,,,
orange_cat.mp4,2698,89.933,,,,,,,,,,
orange_cat.mp4,2699,89.967,,,,,,,,,,
orange_cat.mp4,2700,90.000,,,,,,,,,,
orange_cat.mp4,2701,90.033,,,,,,,,,,
orange_cat.mp4,2702,90.067,,,,,,,,,,
orange_cat.mp4,2703,90.100,221.698,915.830,0.000,752.946,443.396,1078.713,0.206,,,
orange_cat.mp4,2704,90.133,,,,,,,,,,
orange_cat.mp4,2705,90.167,,,,,,,,,,
orange_cat.mp4,2706,90.200,,,,,,,,,,
orange_cat.mp4,2707,90.233,,,,,,,,,,
orange_cat.mp4,2708,90.267,,,,,,,,,,
orange_cat.mp4,2709,90.300,,,,,,,,,,
orange_cat.mp4,2710,90.333,,,,,,,,,,
orange_cat.mp4,2711,90.367,,,,,,,,,,
orange_cat.mp4,2712,90.400,,,,,,,,,,
orange_cat.mp4,2713,90.433,,,,,,,,,,
orange_cat.mp4,2714,90.467,,,,,,,,,,
orange_cat.mp4,2715,90.500,,,,,,,,,,
orange_cat.mp4,2716,90.533,,,,,,,,,,
orange_cat.mp4,2717,90.567,,,,,,,,,,
orange_cat.mp4,2718,90.600,,,,,,,,,,
orange_cat.mp4,2719,90.633,,,,,,,,,,
orange_cat.mp4,2720,90.667,,,,,,,,,,
orange_cat.mp4,2721,90.700,,,,,,,,,,
orange_cat.mp4,2722,90.733,,,,,,,,,,
orange_cat.mp4,2723,90.767,,,,,,,,,,
orange_cat.mp4,2724,90.800,,,,,,,,,,
orange_cat.mp4,2725,90.833,,,,,,,,,,
orange_cat.mp4,2726,90.867,,,,,,,,,,
orange_cat.mp4,2727,90.900,,,,,,,,,,
orange_cat.mp4,2728,90.933,,,,,,,,,,
orange_cat.mp4,2729,90.967,,,,,,,,,,
orange_cat.mp4,2730,91.000,,,,,,,,,,
orange_cat.mp4,2731,91.033,,,,,,,,,,
orange_cat.mp4,2732,91.067,,,,,,,,,,
orange_cat.mp4,2733,91.100,,,,,,,,,,
orange_cat.mp4,2734,91.133,,,,,,,,,,
orange_cat.mp4,2735,91.167,,,,,,,,,,
orange_cat.mp4,2736,91.200,,,,,,,,,,
orange_cat.mp4,2737,91.233,,,,,,,,,,
orange_cat.mp4,2738,91.267,,,,,,,,,,
orange_cat.mp4,2739,91.300,,,,,,,,,,
orange_cat.mp4,2740,91.333,471.219,891.200,203.621,711.220,738.817,1071.180,0.795,,,
orange_cat.mp4,2741,91.367,461.595,872.703,162.184,671.168,761.007,1074.238,0.847,43.000,,
orange_cat.mp4,2742,91.400,452.769,852.965,122.512,630.142,783.026,1075.788,0.885,43.000,,
orange_cat.mp4,2743,91.433,447.162,852.962,116.640,629.668,777.683,1076.257,0.904,43.000,,
orange_cat.mp4,2744,91.467,441.076,856.621,114.877,636.338,767.274,1076.903,0.899,43.000,,
orange_cat.mp4,2745,91.500,444.430,859.102,121.494,641.196,767.366,1077.008,0.905,43.000,,
orange_cat.mp4,2746,91.533,452.076,851.455,118.196,625.538,785.955,1077.373,0.912,43.000,,
orange_cat.mp4,2747,91.567,,,,,,,,,,
orange_cat.mp4,2748,91.600,,,,,,,,,,
orange_cat.mp4,2749,91.633,520.940,841.577,174.299,606.722,867.582,1076.433,0.731,43.000,,
orange_cat.mp4,2750,91.667,565.113,849.284,228.076,622.842,902.149,1075.726,0.869,43.000,,
orange_cat.mp4,2751,91.700,611.817,853.428,277.059,630.597,946.575,1076.258,0.889,43.000,,
orange_cat.mp4,2752,91.733,650.373,849.435,309.361,622.720,991.385,1076.150,0.563,43.000,,
orange_cat.mp4,2753,91.767,,,,,,,,,,
orange_cat.mp4,2754,91.800,,,,,,,,,,
orange_cat.mp4,2755,91.833,,,,,,,,,,
orange_cat.mp4,2756,91.867,,,,,,,,,,
orange_cat.mp4,2757,91.900,,,,,,,,,,
orange_cat.mp4,2758,91.933,,,,,,,,,,
orange_cat.mp4,2759,91.967,,,,,,,,,,
orange_cat.mp4,2760,92.000,,,,,,,,,,
orange_cat.mp4,2761,92.033,,,,,,,,,,
orange_cat.mp4,2762,92.067,,,,,,,,,,
orange_cat.mp4,2763,92.100,,,,,,,,,,
orange_cat.mp4,2764,92.133,,,,,,,,,,
orange_cat.mp4,2765,92.167,,,,,,,,,,
orange_cat.mp4,2766,92.200,,,,,,,,,,
orange_cat.mp4,2767,92.233,,,,,,,,,,
orange_cat.mp4,2768,92.267,,,,,,,,,,
orange_cat.mp4,2769,92.300,,,,,,,,,,
orange_cat.mp4,2770,92.333,,,,,,,,,,
orange_cat.mp4,2771,92.367,,,,,,,,,,
orange_cat.mp4,2772,92.400,,,,,,,,,,
orange_cat.mp4,2773,92.433,,,,,,,,,,
orange_cat.mp4,2774,92.467,,,,,,,,,,
orange_cat.mp4,2775,92.500,,,,,,,,,,
orange_cat.mp4,2776,92.533,,,,,,,,,,
orange_cat.mp4,2777,92.567,,,,,,,,,,
orange_cat.mp4,2778,92.600,,,,,,,,,,
orange_cat.mp4,2779,92.633,,,,,,,,,,
orange_cat.mp4,2780,92.667,,,,,,,,,,
orange_cat.mp4,2781,92.700,,,,,,,,,,
orange_cat.mp4,2782,92.733,,,,,,,,,,
orange_cat.mp4,2783,92.767,,,,,,,,,,
orange_cat.mp4,2784,92.800,,,,,,,,,,
orange_cat.mp4,2785,92.833,,,,,,,,,,
orange_cat.mp4,2786,92.867,,,,,,,,,,
orange_cat.mp4,2787,92.900,,,,,,,,,,
orange_cat.mp4,2788,92.933,,,,,,,,,,
orange_cat.mp4,2789,92.967,,,,,,,,,,
orange_cat.mp4,2790,93.000,,,,,,,,,,
orange_cat.mp4,2791,93.033,,,,,,,,,,
orange_cat.mp4,2792,93.067,,,,,,,,,,
orange_cat.mp4,2793,93.100,,,,,,,,,,
orange_cat.mp4,2794,93.133,,,,,,,,,,
orange_cat.mp4,2795,93.167,,,,,,,,,,
orange_cat.mp4,2796,93.200,,,,,,,,,,
orange_cat.mp4,2797,93.233,,,,,,,,,,
orange_cat.mp4,2798,93.267,,,,,,,,,,
orange_cat.mp4,2799,93.300,,,,,,,,,,
orange_cat.mp4,2800,93.333,1486.660,998.786,1214.740,919.018,1758.580,1078.555,0.295,,,
orange_cat.mp4,2801,93.367,1486.385,1000.331,1213.366,921.989,1759.404,1078.672,0.299,,,
orange_cat.mp4,2802,93.400,,,,,,,,,,
orange_cat.mp4,2803,93.433,1483.800,1002.391,1216.332,926.409,1751.269,1078.373,0.490,,,
orange_cat.mp4,2804,93.467,1484.652,1002.359,1216.160,926.075,1753.144,1078.643,0.379,46.000,,
orange_cat.mp4,2805,93.500,1484.693,1003.203,1215.604,926.718,1753.781,1079.688,0.412,46.000,,
orange_cat.mp4,2806,93.533,,,,,,,,,,
orange_cat.mp4,2807,93.567,,,,,,,,,,
orange_cat.mp4,2808,93.600,1487.357,1004.142,1220.539,928.284,1754.174,1080.000,0.529,46.000,,
orange_cat.mp4,2809,93.633,1486.633,1003.895,1219.650,927.873,1753.616,1079.916,0.668,46.000,,
orange_cat.mp4,2810,93.667,,,,,,,,,,
orange_cat.mp4,2811,93.700,,,,,,,,,,
orange_cat.mp4,2812,93.733,,,,,,,,,,
orange_cat.mp4,2813,93.767,,,,,,,,,,
orange_cat.mp4,2814,93.800,,,,,,,,,,
orange_cat.mp4,2815,93.833,,,,,,,,,,
orange_cat.mp4,2816,93.867,,,,,,,,,,
orange_cat.mp4,2817,93.900,,,,,,,,,,
orange_cat.mp4,2818,93.933,,,,,,,,,,
orange_cat.mp4,2819,93.967,,,,,,,,,,
orange_cat.mp4,2820,94.000,1479.837,1004.239,1213.908,928.479,1745.766,1080.000,0.285,46.000,,
orange_cat.mp4,2821,94.033,,,,,,,,,,
orange_cat.mp4,2822,94.067,1480.995,1005.530,1220.570,931.063,1741.420,1079.997,0.774,46.000,,
orange_cat.mp4,2823,94.100,1479.013,1006.539,1222.796,933.078,1735.230,1080.000,0.891,46.000,,
orange_cat.mp4,2824,94.133,1476.920,1007.722,1225.193,935.444,1728.647,1080.000,0.769,46.000,,
orange_cat.mp4,2825,94.167,1472.199,1008.177,1221.839,936.355,1722.560,1080.000,0.344,46.000,,
orange_cat.mp4,2826,94.200,1474.781,1008.691,1226.317,937.383,1723.246,1079.999,0.466,46.000,,
orange_cat.mp4,2827,94.233,1474.170,1008.770,1226.827,937.687,1721.513,1079.854,0.500,46.000,,
orange_cat.mp4,2828,94.267,1471.240,1008.643,1223.156,937.332,1719.324,1079.954,0.313,46.000,,
orange_cat.mp4,2829,94.300,1472.802,1008.602,1225.305,937.350,1720.299,1079.855,0.544,46.000,,
orange_cat.mp4,2830,94.333,1473.273,1008.458,1226.397,937.286,1720.149,1079.630,0.623,46.000,,
orange_cat.mp4,2831,94.367,1473.641,1008.507,1227.094,937.348,1720.188,1079.666,0.704,46.000,,
orange_cat.mp4,2832,94.400,1474.508,1008.422,1228.240,937.317,1720.775,1079.526,0.604,46.000,,
orange_cat.mp4,2833,94.433,1475.298,1008.451,1228.786,937.255,1721.810,1079.647,0.660,46.000,,
orange_cat.mp4,2834,94.467,1475.483,1007.923,1229.071,936.794,1721.895,1079.052,0.757,46.000,,
orange_cat.mp4,2835,94.500,1474.931,1007.765,1228.793,936.723,1721.069,1078.807,0.775,46.000,,
orange_cat.mp4,2836,94.533,1474.747,1007.696,1228.527,936.636,1720.966,1078.755,0.748,46.000,,
orange_cat.mp4,2837,94.567,1474.702,1008.085,1227.858,936.778,1721.545,1079.392,0.733,46.000,,
orange_cat.mp4,2838,94.600,1474.605,1008.262,1227.794,936.902,1721.416,1079.622,0.833,46.000,,
orange_cat.mp4,2839,94.633,1474.629,1008.135,1227.797,936.692,1721.461,1079.578,0.848,46.000,,
orange_cat.mp4,2840,94.667,1474.868,1008.167,1228.063,936.671,1721.673,1079.663,0.857,46.000,,
orange_cat.mp4,2841,94.700,1476.558,1007.834,1229.134,936.145,1723.983,1079.522,0.857,46.000,,
orange_cat.mp4,2842,94.733,1477.477,1007.058,1228.457,934.950,1726.497,1079.167,0.629,46.000,,
orange_cat.mp4,2843,94.767,1479.293,1006.927,1228.883,934.399,1729.703,1079.454,0.841,46.000,,
orange_cat.mp4,2844,94.800,1477.609,1007.464,1229.201,935.477,1726.017,1079.452,0.861,46.000,,
orange_cat.mp4,2845,94.833,1477.917,1007.809,1229.819,935.903,1726.015,1079.715,0.527,46.000,,
orange_cat.mp4,2846,94.867,1480.693,1006.451,1228.744,933.362,1732.642,1079.540,0.665,46.000,,
orange_cat.mp4,2847,94.900,1480.713,1004.336,1222.255,929.018,1739.171,1079.654,0.846,46.000,,
orange_cat.mp4,2848,94.933,1479.587,1001.697,1213.737,923.604,1745.438,1079.790,0.819,46.000,,
orange_cat.mp4,2849,94.967,1476.544,998.772,1204.213,917.861,1748.874,1079.684,0.858,46.000,,
orange_cat.mp4,2850,95.000,1474.949,995.360,1196.781,911.665,1753.118,1079.056,0.682,46.000,,
orange_cat.mp4,2851,95.033,1471.602,992.414,1187.268,905.407,1755.937,1079.421,0.907,46.000,,
orange_cat.mp4,2852,95.067,1468.066,989.885,1183.162,901.284,1752.971,1078.487,0.909,46.000,,
orange_cat.mp4,2853,95.100,1467.229,988.948,1185.133,899.870,1749.324,1078.026,0.907,46.000,,
orange_cat.mp4,2854,95.133,1467.658,989.247,1189.546,900.156,1745.771,1078.339,0.930,46.000,,
orange_cat.mp4,2855,95.167,1468.904,990.144,1197.618,902.264,1740.191,1078.025,0.890,46.000,,
orange_cat.mp4,2856,95.200,1469.367,992.104,1204.711,905.645,1734.023,1078.563,0.917,46.000,,
orange_cat.mp4,2857,95.233,1469.545,993.411,1209.523,907.835,1729.567,1078.987,0.874,46.000,,
orange_cat.mp4,2858,95.267,1470.527,994.513,1215.142,910.006,1725.912,1079.020,0.811,46.000,,
orange_cat.mp4,2859,95.300,,,,,,,,,,
orange_cat.mp4,2860,95.333,,,,,,,,,,
orange_cat.mp4,2861,95.367,,,,,,,,,,
orange_cat.mp4,2862,95.400,,,,,,,,,,
orange_cat.mp4,2863,95.433,,,,,,,,,,
orange_cat.mp4,2864,95.467,,,,,,,,,,
orange_cat.mp4,2865,95.500,,,,,,,,,,
orange_cat.mp4,2866,95.533,,,,,,,,,,
orange_cat.mp4,2867,95.567,,,,,,,,,,
orange_cat.mp4,2868,95.600,,,,,,,,,,
orange_cat.mp4,2869,95.633,,,,,,,,,,
orange_cat.mp4,2870,95.667,,,,,,,,,,
orange_cat.mp4,2871,95.700,,,,,,,,,,
orange_cat.mp4,2872,95.733,1362.736,988.607,1088.138,900.393,1637.334,1076.821,0.524,46.000,,
orange_cat.mp4,2873,95.767,1361.548,980.591,1062.023,883.909,1661.072,1077.274,0.449,46.000,,
orange_cat.mp4,2874,95.800,,,,,,,,,,
orange_cat.mp4,2875,95.833,,,,,,,,,,
orange_cat.mp4,2876,95.867,,,,,,,,,,
orange_cat.mp4,2877,95.900,,,,,,,,,,
orange_cat.mp4,2878,95.933,,,,,,,,,,
orange_cat.mp4,2879,95.967,,,,,,,,,,
orange_cat.mp4,2880,96.000,,,,,,,,,,
orange_cat.mp4,2881,96.033,,,,,,,,,,
orange_cat.mp4,2882,96.067,,,,,,,,,,
orange_cat.mp4,2883,96.100,,,,,,,,,,
orange_cat.mp4,2884,96.133,,,,,,,,,,
orange_cat.mp4,2885,96.167,,,,,,,,,,
orange_cat.mp4,2886,96.200,,,,,,,,,,
orange_cat.mp4,2887,96.233,,,,,,,,,,
orange_cat.mp4,2888,96.267,,,,,,,,,,
orange_cat.mp4,2889,96.300,1775.868,812.696,1632.796,558.049,1918.939,1067.342,0.497,,,
orange_cat.mp4,2890,96.333,1789.293,820.364,1658.585,581.976,1920.000,1058.753,0.658,47.000,,
orange_cat.mp4,2891,96.367,1830.062,804.242,1740.688,625.529,1919.436,982.956,0.250,,,
orange_cat.mp4,2892,96.400,,,,,,,,,,
orange_cat.mp4,2893,96.433,,,,,,,,,,
orange_cat.mp4,2894,96.467,,,,,,,,,,
orange_cat.mp4,2895,96.500,,,,,,,,,,
orange_cat.mp4,2896,96.533,,,,,,,,,,
orange_cat.mp4,2897,96.567,,,,,,,,,,
orange_cat.mp4,2898,96.600,,,,,,,,,,
orange_cat.mp4,2899,96.633,,,,,,,,,,
orange_cat.mp4,2900,96.667,,,,,,,,,,
orange_cat.mp4,2901,96.700,,,,,,,,,,
orange_cat.mp4,2902,96.733,,,,,,,,,,
orange_cat.mp4,2903,96.767,,,,,,,,,,
orange_cat.mp4,2904,96.800,,,,,,,,,,
orange_cat.mp4,2905,96.833,,,,,,,,,,
orange_cat.mp4,2906,96.867,,,,,,,,,,
orange_cat.mp4,2907,96.900,,,,,,,,,,
orange_cat.mp4,2908,96.933,,,,,,,,,,
orange_cat.mp4,2909,96.967,,,,,,,,,,
orange_cat.mp4,2910,97.000,,,,,,,,,,
orange_cat.mp4,2911,97.033,,,,,,,,,,
