video,frame,t,cat_x,cat_y,cat_x1,cat_y1,cat_x2,cat_y2,cat_conf,track_id,teaser_x,teaser_y
vino.mp4,0,0.000,1225.778,927.779,933.077,775.557,1518.478,1080.000,0.851,1.000,,
vino.mp4,1,0.033,1200.066,905.953,868.805,733.980,1531.327,1077.925,0.562,1.000,,
vino.mp4,2,0.067,1235.896,891.447,878.213,705.800,1593.578,1077.094,0.666,1.000,,
vino.mp4,3,0.100,1308.170,882.965,936.127,689.633,1680.213,1076.297,0.127,1.000,,
vino.mp4,4,0.133,1381.434,845.735,945.546,616.691,1817.323,1074.778,0.213,1.000,,
vino.mp4,5,0.167,1455.505,840.223,1029.492,614.204,1881.519,1066.241,0.778,1.000,,
vino.mp4,6,0.200,1534.320,836.295,1152.592,632.551,1916.048,1040.039,0.377,1.000,,
vino.mp4,7,0.233,,,,,,,,,,
vino.mp4,8,0.267,1587.819,857.959,1255.638,655.053,1920.000,1060.865,0.380,1.000,,
vino.mp4,9,0.300,1645.217,858.635,1370.444,644.776,1919.989,1072.494,0.272,,,
vino.mp4,10,0.333,,,,,,,,,,
vino.mp4,11,0.367,,,,,,,,,,
vino.mp4,12,0.400,,,,,,,,,,
vino.mp4,13,0.433,1681.703,770.071,1444.062,622.795,1919.345,917.347,0.107,,,
vino.mp4,14,0.467,1690.336,746.680,1461.477,587.319,1919.194,906.041,0.299,,,
vino.mp4,15,0.500,,,,,,,,,,
vino.mp4,16,0.533,,,,,,,,,,
vino.mp4,17,0.567,1733.932,750.060,1548.556,565.015,1919.307,935.105,0.146,,,
vino.mp4,18,0.600,1749.428,755.712,1579.889,553.718,1918.967,957.706,0.378,,,
vino.mp4,19,0.633,1756.695,765.189,1593.390,567.705,1920.000,962.673,0.826,4.000,,
vino.mp4,20,0.667,,,,,,,,,,
vino.mp4,21,0.700,,,,,,,,,,
vino.mp4,22,0.733,,,,,,,,,,
vino.mp4,23,0.767,,,,,,,,,,
vino.mp4,24,0.800,,,,,,,,,,
vino.mp4,25,0.833,,,,,,,,,,
vino.mp4,26,0.867,,,,,,,,,,
vino.mp4,27,0.900,,,,,,,,,,
vino.mp4,28,0.933,,,,,,,,,,
vino.mp4,29,0.967,,,,,,,,,,
vino.mp4,30,1.000,,,,,,,,,,
vino.mp4,31,1.033,,,,,,,,,,
vino.mp4,32,1.067,,,,,,,,,,
vino.mp4,33,1.100,,,,,,,,,,
vino.mp4,34,1.133,,,,,,,,,,
vino.mp4,35,1.167,,,,,,,,,,
vino.mp4,36,1.200,,,,,,,,,,
vino.mp4,37,1.233,,,,,,,,,,
vino.mp4,38,1.267,,,,,,,,,,
vino.mp4,39,1.300,,,,,,,,,,
vino.mp4,40,1.333,,,,,,,,,,
vino.mp4,41,1.367,1741.506,646.014,1568.378,559.092,1914.633,732.936,0.477,,,
vino.mp4,42,1.400,1743.656,651.354,1639.779,547.625,1847.534,755.082,0.823,4.000,,
vino.mp4,43,1.433,1744.214,654.521,1619.410,539.340,1869.018,769.702,0.870,4.000,,
vino.mp4,44,1.467,1690.984,658.854,1538.297,532.470,1843.672,785.239,0.801,4.000,,
vino.mp4,45,1.500,1670.319,665.893,1492.175,527.142,1848.463,804.644,0.879,4.000,,
vino.mp4,46,1.533,,,,,,,,,,
vino.mp4,47,1.567,,,,,,,,,,
vino.mp4,48,1.600,,,,,,,,,,
vino.mp4,49,1.633,,,,,,,,,,
vino.mp4,50,1.667,1661.465,703.264,1452.992,547.163,1869.938,859.365,0.554,4.000,,
vino.mp4,51,1.700,,,,,,,,,,
vino.mp4,52,1.733,1661.076,701.112,1458.615,557.371,1863.536,844.853,0.594,4.000,,
vino.mp4,53,1.767,,,,,,,,,,
vino.mp4,54,1.800,1663.890,688.452,1481.847,569.364,1845.932,807.541,0.437,4.000,,
vino.mp4,55,1.833,1665.891,682.197,1492.716,578.153,1839.065,786.240,0.822,4.000,,
vino.mp4,56,1.867,1665.936,676.160,1496.979,582.540,1834.894,769.780,0.842,4.000,,
vino.mp4,57,1.900,1694.101,669.063,1535.838,586.022,1852.364,752.104,0.530,4.000,,
vino.mp4,58,1.933,1706.896,664.474,1554.188,588.262,1859.604,740.686,0.624,4.000,,
vino.mp4,59,1.967,1708.083,660.680,1557.650,589.286,1858.517,732.075,0.610,4.000,,
vino.mp4,60,2.000,,,,,,,,,,
vino.mp4,61,2.033,,,,,,,,,,
vino.mp4,62,2.067,,,,,,,,,,
vino.mp4,63,2.100,,,,,,,,,,
vino.mp4,64,2.133,,,,,,,,,,
vino.mp4,65,2.167,,,,,,,,,,
vino.mp4,66,2.200,1614.220,666.278,1420.275,585.047,1808.166,747.509,0.122,,,
vino.mp4,67,2.233,1603.095,669.449,1402.314,584.510,1803.876,754.387,0.302,,,
vino.mp4,68,2.267,1594.239,675.025,1380.991,584.818,1807.488,765.232,0.681,6.000,,
vino.mp4,69,2.300,,,,,,,,,,
vino.mp4,70,2.333,,,,,,,,,,
vino.mp4,71,2.367,,,,,,,,,,
vino.mp4,72,2.400,,,,,,,,,,
vino.mp4,73,2.433,,,,,,,,,,
vino.mp4,74,2.467,1542.083,677.457,1297.949,575.185,1786.217,779.729,0.817,6.000,,
vino.mp4,75,2.500,1539.255,685.450,1268.678,572.828,1809.832,798.071,0.779,6.000,,
vino.mp4,76,2.533,1551.528,691.025,1245.143,564.634,1857.913,817.416,0.590,6.000,,
vino.mp4,77,2.567,1534.794,692.857,1196.891,554.904,1872.697,830.810,0.649,6.000,,
vino.mp4,78,2.600,1534.049,663.925,1235.723,547.129,1832.375,780.722,0.667,6.000,,
vino.mp4,79,2.633,1531.477,636.357,1267.662,538.949,1795.292,733.766,0.556,6.000,,
vino.mp4,80,2.667,1523.555,618.638,1243.766,518.969,1803.345,718.306,0.789,6.000,,
vino.mp4,81,2.700,1506.128,605.955,1186.459,493.336,1825.797,718.575,0.695,6.000,,
vino.mp4,82,2.733,1477.135,603.586,1131.479,481.891,1822.792,725.281,0.888,6.000,,
vino.mp4,83,2.767,1430.790,602.435,1070.194,476.208,1791.386,728.663,0.841,6.000,,
vino.mp4,84,2.800,1411.869,604.283,1050.148,478.027,1773.590,730.539,0.909,6.000,,
vino.mp4,85,2.833,1402.233,606.321,1042.465,481.001,1762.001,731.641,0.904,6.000,,
vino.mp4,86,2.867,1394.152,606.887,1032.271,480.773,1756.033,733.002,0.896,6.000,,
vino.mp4,87,2.900,1388.055,604.106,1020.887,475.667,1755.222,732.544,0.897,6.000,,
vino.mp4,88,2.933,1382.584,599.634,1009.193,467.984,1755.975,731.285,0.877,6.000,,
vino.mp4,89,2.967,1376.521,595.121,996.264,459.403,1756.778,730.838,0.878,6.000,,
vino.mp4,90,3.000,1372.068,593.017,987.750,453.852,1756.387,732.182,0.863,6.000,,
vino.mp4,91,3.033,1370.596,591.987,986.502,450.921,1754.690,733.053,0.868,6.000,,
vino.mp4,92,3.067,1372.041,591.621,991.911,450.070,1752.170,733.172,0.778,6.000,,
vino.mp4,93,3.100,1372.484,591.675,993.508,448.398,1751.459,734.952,0.764,6.000,,
vino.mp4,94,3.133,1373.194,585.778,1006.417,445.578,1739.971,725.979,0.780,6.000,,
vino.mp4,95,3.167,1375.549,580.499,1011.796,439.690,1739.301,721.307,0.583,6.000,,
vino.mp4,96,3.200,1379.225,578.081,1011.169,433.313,1747.280,722.849,0.558,6.000,,
vino.mp4,97,3.233,1380.977,577.519,1000.966,424.968,1760.989,730.071,0.561,6.000,,
vino.mp4,98,3.267,,,,,,,,,,
vino.mp4,99,3.300,,,,,,,,,,
vino.mp4,100,3.333,,,,,,,,,,
vino.mp4,101,3.367,,,,,,,,,,
vino.mp4,102,3.400,,,,,,,,,,
vino.mp4,103,3.433,,,,,,,,,,
vino.mp4,104,3.467,,,,,,,,,,
vino.mp4,105,3.500,1406.381,557.352,1019.042,396.053,1793.720,718.650,0.551,6.000,,
vino.mp4,106,3.533,1411.207,553.700,1016.318,383.021,1806.095,724.378,0.785,6.000,,
vino.mp4,107,3.567,1418.771,567.808,1043.920,401.817,1793.621,733.799,0.743,6.000,,
vino.mp4,108,3.600,1430.507,575.609,1075.587,415.511,1785.427,735.706,0.654,6.000,,
vino.mp4,109,3.633,1434.515,602.569,1047.779,422.423,1821.251,782.714,0.852,6.000,,
vino.mp4,110,3.667,1436.120,613.583,1037.396,421.920,1834.844,805.246,0.914,6.000,,
vino.mp4,111,3.700,1432.941,612.781,1025.978,410.546,1839.905,815.017,0.931,6.000,,
vino.mp4,112,3.733,1426.500,605.541,1017.283,395.091,1835.718,815.991,0.918,6.000,,
vino.mp4,113,3.767,1419.543,596.812,1009.083,378.046,1830.003,815.578,0.912,6.000,,
vino.mp4,114,3.800,1414.165,588.253,1003.609,361.354,1824.722,815.152,0.885,6.000,,
vino.mp4,115,3.833,1411.008,580.796,1001.916,346.594,1820.101,814.998,0.910,6.000,,
vino.mp4,116,3.867,1411.635,575.114,1006.523,335.414,1816.747,814.815,0.929,6.000,,
vino.mp4,117,3.900,1411.289,572.533,1014.513,330.430,1808.065,814.635,0.908,6.000,,
vino.mp4,118,3.933,1409.865,571.972,1025.763,330.921,1793.966,813.022,0.932,6.000,,
vino.mp4,119,3.967,1407.084,572.800,1034.095,332.389,1780.073,813.212,0.925,6.000,,
vino.mp4,120,4.000,1404.913,573.273,1041.820,333.290,1768.005,813.255,0.877,6.000,,
vino.mp4,121,4.033,1404.592,573.740,1049.843,333.815,1759.342,813.665,0.935,6.000,,
vino.mp4,122,4.067,1406.569,575.310,1060.722,336.774,1752.415,813.845,0.933,6.000,,
vino.mp4,123,4.100,1412.085,571.406,1080.373,339.750,1743.797,803.063,0.926,6.000,,
vino.mp4,124,4.133,1418.608,561.263,1108.607,344.407,1728.608,778.119,0.921,6.000,,
vino.mp4,125,4.167,1423.498,554.597,1132.383,352.107,1714.613,757.087,0.905,6.000,,
vino.mp4,126,4.200,1426.761,555.715,1146.573,362.607,1706.948,748.822,0.915,6.000,,
vino.mp4,127,4.233,1428.314,558.744,1153.786,371.528,1702.842,745.960,0.914,6.000,,
vino.mp4,128,4.267,1430.109,559.698,1157.044,375.459,1703.174,743.937,0.911,6.000,,
vino.mp4,129,4.300,1431.411,561.194,1159.010,379.411,1703.812,742.978,0.934,6.000,,
vino.mp4,130,4.333,1431.409,563.272,1158.685,383.190,1704.134,743.354,0.932,6.000,,
vino.mp4,131,4.367,1430.528,565.612,1157.246,386.948,1703.811,744.275,0.928,6.000,,
vino.mp4,132,4.400,1429.755,567.037,1156.052,389.759,1703.458,744.314,0.911,6.000,,
vino.mp4,133,4.433,1429.247,570.008,1157.127,395.581,1701.367,744.435,0.820,6.000,,
vino.mp4,134,4.467,1429.610,574.206,1160.915,404.173,1698.305,744.238,0.854,6.000,,
vino.mp4,135,4.500,1431.506,581.243,1168.592,417.630,1694.419,744.857,0.879,6.000,,
vino.mp4,136,4.533,1432.395,584.516,1169.821,423.988,1694.969,745.044,0.732,6.000,,
vino.mp4,137,4.567,1426.257,587.121,1162.397,429.334,1690.116,744.908,0.599,6.000,,
vino.mp4,138,4.600,1414.521,591.530,1148.613,436.841,1680.429,746.219,0.689,6.000,,
vino.mp4,139,4.633,1394.290,595.911,1126.001,444.861,1662.578,746.961,0.597,6.000,,
vino.mp4,140,4.667,1370.912,607.400,1075.442,443.659,1666.382,771.141,0.682,6.000,,
vino.mp4,141,4.700,1341.753,620.379,1012.613,438.430,1670.894,802.328,0.810,6.000,,
vino.mp4,142,4.733,1307.689,635.824,943.346,432.772,1672.032,838.876,0.676,6.000,,
vino.mp4,143,4.767,1256.466,646.652,861.021,423.685,1651.911,869.620,0.564,6.000,,
vino.mp4,144,4.800,1189.318,644.341,778.951,410.738,1599.685,877.945,0.484,6.000,,
vino.mp4,145,4.833,1137.039,626.846,729.191,392.485,1544.886,861.206,0.560,6.000,,
vino.mp4,146,4.867,1096.253,620.933,693.009,384.956,1499.498,856.910,0.661,6.000,,
vino.mp4,147,4.900,1058.250,643.005,617.627,375.870,1498.872,910.139,0.619,6.000,,
vino.mp4,148,4.933,,,,,,,,,,
vino.mp4,149,4.967,,,,,,,,,,
vino.mp4,150,5.000,,,,,,,,,,
vino.mp4,151,5.033,904.030,723.192,481.766,454.090,1326.294,992.293,0.828,6.000,,
vino.mp4,152,5.067,870.540,737.310,465.998,466.345,1275.083,1008.275,0.664,6.000,,
vino.mp4,153,5.100,845.481,698.857,399.735,381.221,1291.227,1016.493,0.882,6.000,,
vino.mp4,154,5.133,847.210,690.545,409.120,362.207,1285.300,1018.884,0.869,6.000,,
vino.mp4,155,5.167,858.380,741.340,496.373,465.083,1220.387,1017.597,0.788,6.000,,
vino.mp4,156,5.200,866.306,770.412,542.264,522.222,1190.349,1018.601,0.618,6.000,,
vino.mp4,157,5.233,858.707,775.768,547.461,535.309,1169.954,1016.228,0.773,6.000,,
vino.mp4,158,5.267,840.928,756.771,526.616,508.214,1155.240,1005.328,0.835,6.000,,
vino.mp4,159,5.300,831.392,694.037,535.966,454.031,1126.818,934.043,0.664,6.000,,
vino.mp4,160,5.333,838.357,671.065,555.405,434.523,1121.308,907.606,0.753,6.000,,
vino.mp4,161,5.367,850.879,680.276,576.800,443.918,1124.959,916.634,0.734,6.000,,
vino.mp4,162,5.400,860.177,697.561,597.806,463.954,1122.548,931.168,0.784,6.000,,
vino.mp4,163,5.433,865.936,715.192,621.566,490.957,1110.306,939.427,0.883,6.000,,
vino.mp4,164,5.467,872.045,732.270,650.213,522.479,1093.877,942.061,0.648,6.000,,
vino.mp4,165,5.500,893.357,741.794,684.151,539.239,1102.562,944.349,0.303,6.000,,
vino.mp4,166,5.533,906.728,741.924,707.956,546.811,1105.500,937.037,0.448,6.000,,
vino.mp4,167,5.567,911.749,748.026,712.840,549.556,1110.659,946.495,0.827,6.000,,
vino.mp4,168,5.600,919.906,755.668,718.465,551.571,1121.348,959.765,0.484,6.000,,
vino.mp4,169,5.633,,,,,,,,,,
vino.mp4,170,5.667,981.045,750.626,771.660,537.816,1190.431,963.436,0.747,6.000,,
vino.mp4,171,5.700,1012.304,746.923,796.265,529.064,1228.343,964.782,0.732,6.000,,
vino.mp4,172,5.733,1048.140,734.811,823.576,513.005,1272.704,956.617,0.696,6.000,,
vino.mp4,173,5.767,1076.416,718.735,843.375,494.367,1309.457,943.103,0.563,6.000,,
vino.mp4,174,5.800,1107.959,706.323,864.877,475.790,1351.042,936.857,0.616,6.000,,
vino.mp4,175,5.833,1150.500,679.524,889.251,430.008,1411.748,929.040,0.853,6.000,,
vino.mp4,176,5.867,1166.771,651.174,906.398,403.034,1427.143,899.313,0.853,6.000,,
vino.mp4,177,5.900,1190.924,618.518,950.984,395.064,1430.864,841.971,0.802,6.000,,
vino.mp4,178,5.933,1231.948,583.579,1014.202,386.601,1449.693,780.557,0.768,6.000,,
vino.mp4,179,5.967,1286.575,567.324,1079.134,383.029,1494.017,751.619,0.849,6.000,,
vino.mp4,180,6.000,1315.057,567.935,1111.876,391.508,1518.237,744.362,0.885,6.000,,
vino.mp4,181,6.033,1332.674,559.433,1119.426,376.886,1545.922,741.979,0.800,6.000,,
vino.mp4,182,6.067,,,,,,,,,,
vino.mp4,183,6.100,1380.843,532.889,1152.497,335.440,1609.189,730.339,0.399,6.000,,
vino.mp4,184,6.133,1410.598,511.868,1186.032,316.031,1635.163,707.705,0.630,6.000,,
vino.mp4,185,6.167,1414.800,528.734,1210.209,355.366,1619.391,702.102,0.903,6.000,,
vino.mp4,186,6.200,1422.945,551.225,1208.735,371.592,1637.155,730.858,0.849,6.000,,
vino.mp4,187,6.233,1432.989,553.917,1210.430,368.102,1655.548,739.731,0.521,6.000,,
vino.mp4,188,6.267,,,,,,,,,,
vino.mp4,189,6.300,1437.511,533.907,1194.121,324.681,1680.901,743.132,0.679,6.000,,
vino.mp4,190,6.333,1435.709,518.753,1183.079,294.493,1688.339,743.013,0.531,6.000,,
vino.mp4,191,6.367,1434.907,502.838,1173.893,262.944,1695.920,742.733,0.767,6.000,,
vino.mp4,192,6.400,1434.720,486.654,1166.727,230.994,1702.714,742.314,0.810,6.000,,
vino.mp4,193,6.433,1432.905,471.560,1166.316,208.102,1699.494,735.017,0.768,6.000,,
vino.mp4,194,6.467,1428.740,453.366,1176.935,197.611,1680.546,709.122,0.811,6.000,,
vino.mp4,195,6.500,1422.973,448.793,1183.086,198.568,1662.861,699.018,0.873,6.000,,
vino.mp4,196,6.533,1418.307,446.384,1187.590,199.064,1649.025,693.704,0.893,6.000,,
vino.mp4,197,6.567,1412.285,447.987,1185.972,198.553,1638.599,697.421,0.850,6.000,,
vino.mp4,198,6.600,1407.745,450.322,1185.031,197.861,1630.459,702.783,0.892,6.000,,
vino.mp4,199,6.633,1403.405,446.900,1184.435,191.650,1622.376,702.150,0.905,6.000,,
vino.mp4,200,6.667,1398.262,440.273,1182.665,181.719,1613.859,698.826,0.914,6.000,,
vino.mp4,201,6.700,1392.507,433.640,1177.883,168.184,1607.131,699.096,0.904,6.000,,
vino.mp4,202,6.733,1386.030,433.117,1178.476,168.609,1593.583,697.625,0.892,6.000,,
vino.mp4,203,6.767,1379.596,437.358,1181.011,176.670,1578.182,698.046,0.885,6.000,,
vino.mp4,204,6.800,1375.973,433.485,1180.661,169.037,1571.286,697.934,0.739,6.000,,
vino.mp4,205,6.833,1380.502,432.747,1189.116,167.743,1571.887,697.750,0.729,6.000,,
vino.mp4,206,6.867,1382.612,437.120,1192.157,169.265,1573.066,704.975,0.582,6.000,,
vino.mp4,207,6.900,,,,,,,,,,
vino.mp4,208,6.933,1380.419,448.732,1191.280,179.782,1569.558,717.683,0.551,6.000,,
vino.mp4,209,6.967,1383.227,459.304,1197.113,193.117,1569.341,725.491,0.588,6.000,,
vino.mp4,210,7.000,1384.027,470.291,1202.888,210.661,1565.166,729.921,0.459,6.000,,
vino.mp4,211,7.033,1379.484,472.760,1199.428,213.192,1559.541,732.328,0.558,6.000,,
vino.mp4,212,7.067,1368.235,472.747,1189.224,211.934,1547.245,733.560,0.636,6.000,,
vino.mp4,213,7.100,1352.254,472.144,1175.201,210.446,1529.306,733.843,0.621,6.000,,
vino.mp4,214,7.133,1340.928,471.890,1165.934,209.566,1515.921,734.214,0.655,6.000,,
vino.mp4,215,7.167,1332.370,471.120,1159.312,208.257,1505.428,733.983,0.782,6.000,,
vino.mp4,216,7.200,1325.535,468.348,1153.625,203.050,1497.445,733.645,0.579,6.000,,
vino.mp4,217,7.233,1318.687,465.990,1147.863,197.851,1489.510,734.128,0.249,6.000,,
vino.mp4,218,7.267,1314.949,464.277,1145.666,194.198,1484.232,734.355,0.395,6.000,,
vino.mp4,219,7.300,1312.574,461.883,1144.556,189.640,1480.592,734.126,0.545,6.000,,
vino.mp4,220,7.333,1310.821,461.778,1144.967,189.357,1476.676,734.200,0.427,6.000,,
vino.mp4,221,7.367,1310.807,463.825,1148.547,194.332,1473.067,733.318,0.543,6.000,,
vino.mp4,222,7.400,1309.179,470.096,1151.592,206.483,1466.766,733.709,0.580,6.000,,
vino.mp4,223,7.433,1308.528,478.432,1156.515,223.352,1460.540,733.512,0.824,6.000,,
vino.mp4,224,7.467,1309.643,494.758,1166.617,255.541,1452.669,733.975,0.814,6.000,,
vino.mp4,225,7.500,1306.306,513.592,1172.734,293.528,1439.879,733.655,0.581,6.000,,
vino.mp4,226,7.533,1306.445,520.195,1175.584,307.051,1437.307,733.338,0.645,6.000,,
vino.mp4,227,7.567,1305.107,521.479,1173.830,309.954,1436.384,733.003,0.385,6.000,,
vino.mp4,228,7.600,1304.050,519.910,1170.888,307.085,1437.212,732.735,0.480,6.000,,
vino.mp4,229,7.633,1302.879,516.513,1166.846,300.351,1438.913,732.675,0.766,6.000,,
vino.mp4,230,7.667,1301.684,510.071,1161.277,287.456,1442.090,732.686,0.894,6.000,,
vino.mp4,231,7.700,1301.266,501.467,1155.406,269.862,1447.127,733.073,0.915,6.000,,
vino.mp4,232,7.733,1300.524,492.292,1149.482,251.398,1451.567,733.185,0.910,6.000,,
vino.mp4,233,7.767,1299.801,483.627,1144.854,234.835,1454.749,732.419,0.919,6.000,,
vino.mp4,234,7.800,1299.136,476.425,1141.132,220.644,1457.140,732.207,0.925,6.000,,
vino.mp4,235,7.833,1298.839,467.922,1137.371,203.892,1460.307,731.951,0.917,6.000,,
vino.mp4,236,7.867,1298.831,461.074,1135.087,190.430,1462.574,731.718,0.912,6.000,,
vino.mp4,237,7.900,1298.579,456.606,1133.884,181.372,1463.273,731.840,0.904,6.000,,
vino.mp4,238,7.933,1298.671,453.747,1133.877,175.359,1463.464,732.135,0.900,6.000,,
vino.mp4,239,7.967,1299.052,451.349,1134.485,170.383,1463.619,732.315,0.889,6.000,,
vino.mp4,240,8.000,1299.611,449.554,1135.605,166.687,1463.617,732.421,0.857,6.000,,
vino.mp4,241,8.033,1300.683,448.866,1137.423,165.018,1463.942,732.715,0.881,6.000,,
vino.mp4,242,8.067,1306.345,448.968,1143.853,165.572,1468.837,732.364,0.894,6.000,,
vino.mp4,243,8.100,1313.459,449.866,1150.838,166.855,1476.080,732.878,0.900,6.000,,
vino.mp4,244,8.133,1323.643,449.692,1159.546,166.513,1487.740,732.870,0.923,6.000,,
vino.mp4,245,8.167,1334.728,452.950,1169.884,173.313,1499.573,732.586,0.890,6.000,,
vino.mp4,246,8.200,1347.485,455.386,1180.030,177.745,1514.940,733.027,0.899,6.000,,
vino.mp4,247,8.233,1359.106,460.642,1189.624,187.492,1528.588,733.793,0.922,6.000,,
vino.mp4,248,8.267,1369.136,471.836,1200.657,210.039,1537.614,733.634,0.924,6.000,,
vino.mp4,249,8.300,1376.988,485.670,1210.477,238.026,1543.500,733.314,0.904,6.000,,
vino.mp4,250,8.333,1380.124,491.794,1211.191,250.543,1549.057,733.045,0.907,6.000,,
vino.mp4,251,8.367,1380.417,493.544,1206.730,254.150,1554.104,732.938,0.914,6.000,,
vino.mp4,252,8.400,1380.330,492.201,1200.700,251.937,1559.959,732.465,0.909,6.000,,
vino.mp4,253,8.433,1378.394,490.064,1192.821,247.839,1563.967,732.288,0.883,6.000,,
vino.mp4,254,8.467,1376.255,487.443,1185.270,242.743,1567.240,732.143,0.890,6.000,,
vino.mp4,255,8.500,1373.011,485.674,1177.921,239.294,1568.102,732.055,0.901,6.000,,
vino.mp4,256,8.533,1368.009,484.156,1169.007,235.529,1567.012,732.784,0.886,6.000,,
vino.mp4,257,8.567,1364.012,483.039,1162.866,233.615,1565.158,732.463,0.901,6.000,,
vino.mp4,258,8.600,1359.466,481.483,1156.197,230.343,1562.735,732.624,0.899,6.000,,
vino.mp4,259,8.633,1354.299,479.538,1149.637,226.386,1558.960,732.689,0.840,6.000,,
vino.mp4,260,8.667,1347.033,476.958,1141.546,221.191,1552.521,732.724,0.553,6.000,,
vino.mp4,261,8.700,1340.788,474.404,1135.277,216.244,1546.299,732.564,0.383,6.000,,
vino.mp4,262,8.733,1335.157,472.419,1130.836,212.643,1539.477,732.194,0.539,6.000,,
vino.mp4,263,8.767,1330.070,470.932,1127.490,209.765,1532.650,732.100,0.623,6.000,,
vino.mp4,264,8.800,1326.021,469.410,1125.123,206.633,1526.919,732.187,0.566,6.000,,
vino.mp4,265,8.833,1322.155,467.794,1122.867,203.133,1521.444,732.455,0.676,6.000,,
vino.mp4,266,8.867,1318.030,465.535,1120.178,198.666,1515.881,732.403,0.648,6.000,,
vino.mp4,267,8.900,1310.116,463.479,1114.045,194.927,1506.187,732.031,0.555,6.000,,
vino.mp4,268,8.933,1298.496,462.020,1104.081,192.333,1492.910,731.706,0.482,6.000,,
vino.mp4,269,8.967,1284.561,461.360,1091.845,191.072,1477.276,731.648,0.707,6.000,,
vino.mp4,270,9.000,1273.359,459.902,1081.470,188.085,1465.248,731.720,0.666,6.000,,
vino.mp4,271,9.033,,,,,,,,,,
vino.mp4,272,9.067,1251.502,461.275,1062.330,191.569,1440.674,730.982,0.450,6.000,,
vino.mp4,273,9.100,1240.836,461.992,1053.021,193.747,1428.652,730.237,0.501,6.000,,
vino.mp4,274,9.133,1231.052,463.379,1044.028,196.901,1418.075,729.857,0.653,6.000,,
vino.mp4,275,9.167,1221.506,464.205,1034.491,198.767,1408.521,729.644,0.882,6.000,,
vino.mp4,276,9.200,1213.202,465.468,1026.195,200.871,1400.208,730.065,0.888,6.000,,
vino.mp4,277,9.233,1208.417,465.940,1021.504,201.261,1395.330,730.618,0.881,6.000,,
vino.mp4,278,9.267,1204.280,466.349,1017.985,201.801,1390.574,730.897,0.838,6.000,,
vino.mp4,279,9.300,1197.877,466.579,1011.991,201.902,1383.762,731.256,0.913,6.000,,
vino.mp4,280,9.333,1192.526,466.786,1007.218,202.067,1377.834,731.504,0.903,6.000,,
vino.mp4,281,9.367,1186.737,467.384,1002.216,203.411,1371.257,731.357,0.910,6.000,,
vino.mp4,282,9.400,1177.519,470.189,993.596,208.138,1361.442,732.239,0.729,6.000,,
vino.mp4,283,9.433,1166.204,477.696,979.513,214.005,1352.896,741.387,0.686,6.000,,
vino.mp4,284,9.467,1156.623,490.554,963.526,220.933,1349.719,760.175,0.591,6.000,,
vino.mp4,285,9.500,1150.325,507.150,949.604,230.761,1351.046,783.538,0.867,6.000,,
vino.mp4,286,9.533,1145.068,526.839,937.386,245.252,1352.749,808.426,0.894,6.000,,
vino.mp4,287,9.567,1137.507,543.503,925.726,261.791,1349.288,825.215,0.851,6.000,,
vino.mp4,288,9.600,1109.880,559.325,892.905,280.115,1326.855,838.534,0.830,6.000,,
vino.mp4,289,9.633,1060.075,571.754,836.225,299.446,1283.925,844.061,0.783,6.000,,
vino.mp4,290,9.667,1046.638,572.809,825.954,320.045,1267.322,825.573,0.743,6.000,,
vino.mp4,291,9.700,1032.963,570.411,813.944,336.337,1251.981,804.485,0.650,6.000,,
vino.mp4,292,9.733,1017.656,569.580,798.018,345.180,1237.295,793.979,0.542,6.000,,
vino.mp4,293,9.767,988.871,573.220,764.868,349.623,1212.874,796.817,0.621,6.000,,
vino.mp4,294,9.800,971.392,579.968,744.569,358.147,1198.216,801.789,0.659,6.000,,
vino.mp4,295,9.833,950.853,594.877,723.086,378.109,1178.620,811.646,0.653,6.000,,
vino.mp4,296,9.867,918.470,616.698,693.749,407.631,1143.191,825.765,0.342,6.000,,
vino.mp4,297,9.900,,,,,,,,,,
vino.mp4,298,9.933,833.492,678.169,570.315,455.337,1096.670,901.001,0.162,,,
vino.mp4,299,9.967,,,,,,,,,,
vino.mp4,300,10.000,,,,,,,,,,
vino.mp4,301,10.033,,,,,,,,,,
vino.mp4,302,10.067,,,,,,,,,,
vino.mp4,303,10.100,,,,,,,,,,
vino.mp4,304,10.133,,,,,,,,,,
vino.mp4,305,10.167,,,,,,,,,,
vino.mp4,306,10.200,,,,,,,,,,
vino.mp4,307,10.233,,,,,,,,,,
vino.mp4,308,10.267,,,,,,,,,,
vino.mp4,309,10.300,,,,,,,,,,
vino.mp4,310,10.333,,,,,,,,,,
vino.mp4,311,10.367,,,,,,,,,,
vino.mp4,312,10.400,,,,,,,,,,
vino.mp4,313,10.433,,,,,,,,,,
vino.mp4,314,10.467,,,,,,,,,,
vino.mp4,315,10.500,788.075,702.427,552.870,570.299,1023.279,834.556,0.581,,,
vino.mp4,316,10.533,784.206,706.512,553.520,576.432,1014.892,836.592,0.214,,,
vino.mp4,317,10.567,,,,,,,,,,
vino.mp4,318,10.600,,,,,,,,,,
vino.mp4,319,10.633,,,,,,,,,,
vino.mp4,320,10.667,,,,,,,,,,
vino.mp4,321,10.700,,,,,,,,,,
vino.mp4,322,10.733,,,,,,,,,,
vino.mp4,323,10.767,841.861,702.246,555.602,562.924,1128.120,841.567,0.718,,,
vino.mp4,324,10.800,863.313,697.555,563.247,551.550,1163.380,843.559,0.381,11.000,,
vino.mp4,325,10.833,887.358,688.220,566.261,531.546,1208.454,844.893,0.819,11.000,,
vino.mp4,326,10.867,896.823,678.828,563.985,515.198,1229.662,842.457,0.865,11.000,,
vino.mp4,327,10.900,911.704,674.930,579.129,509.008,1244.280,840.852,0.783,11.000,,
vino.mp4,328,10.933,912.498,672.568,575.328,500.739,1249.668,844.397,0.836,11.000,,
vino.mp4,329,10.967,923.568,672.226,582.899,494.227,1264.238,850.226,0.897,11.000,,
vino.mp4,330,11.000,937.309,672.874,598.849,490.853,1275.770,854.894,0.909,11.000,,
vino.mp4,331,11.033,951.787,678.060,614.674,490.735,1288.899,865.385,0.897,11.000,,
vino.mp4,332,11.067,958.695,688.249,620.589,493.128,1296.800,883.371,0.684,11.000,,
vino.mp4,333,11.100,977.259,700.529,642.825,500.279,1311.693,900.779,0.863,11.000,,
vino.mp4,334,11.133,984.645,714.138,816.002,518.364,1153.289,909.912,0.429,,,
vino.mp4,335,11.167,1007.170,725.883,678.807,521.422,1335.533,930.343,0.880,11.000,,
vino.mp4,336,11.200,1030.743,743.639,700.194,530.679,1361.293,956.600,0.748,11.000,,
vino.mp4,337,11.233,1058.535,746.989,734.766,533.512,1382.304,960.466,0.748,11.000,,
vino.mp4,338,11.267,1085.530,739.817,783.614,539.243,1387.446,940.390,0.631,11.000,,
vino.mp4,339,11.300,,,,,,,,,,
vino.mp4,340,11.333,,,,,,,,,,
vino.mp4,341,11.367,1222.999,699.847,988.990,547.461,1457.008,852.233,0.747,11.000,,
vino.mp4,342,11.400,,,,,,,,,,
vino.mp4,343,11.433,1362.820,623.464,1007.233,453.869,1718.408,793.058,0.387,,,
vino.mp4,344,11.467,1328.769,637.579,1113.560,500.236,1543.978,774.921,0.431,11.000,,
vino.mp4,345,11.500,1377.799,616.910,1149.687,472.613,1605.912,761.207,0.540,11.000,,
vino.mp4,346,11.533,,,,,,,,,,
vino.mp4,347,11.567,,,,,,,,,,
vino.mp4,348,11.600,1463.106,652.877,1266.531,534.905,1659.681,770.849,0.569,11.000,,
vino.mp4,349,11.633,,,,,,,,,,
vino.mp4,350,11.667,,,,,,,,,,
vino.mp4,351,11.700,,,,,,,,,,
vino.mp4,352,11.733,,,,,,,,,,
vino.mp4,353,11.767,,,,,,,,,,
vino.mp4,354,11.800,,,,,,,,,,
vino.mp4,355,11.833,,,,,,,,,,
vino.mp4,356,11.867,1519.244,629.506,1282.123,459.639,1756.366,799.373,0.267,,,
vino.mp4,357,11.900,,,,,,,,,,
vino.mp4,358,11.933,1498.829,633.438,1286.316,462.655,1711.342,804.221,0.414,,,
vino.mp4,359,11.967,1493.301,634.555,1280.894,463.791,1705.708,805.320,0.431,15.000,,
vino.mp4,360,12.000,1488.449,635.421,1277.603,465.717,1699.295,805.126,0.403,15.000,,
vino.mp4,361,12.033,1486.837,635.413,1280.664,469.271,1693.009,801.555,0.469,15.000,,
vino.mp4,362,12.067,1488.224,637.002,1287.836,475.463,1688.613,798.542,0.480,15.000,,
vino.mp4,363,12.100,,,,,,,,,,
vino.mp4,364,12.133,,,,,,,,,,
vino.mp4,365,12.167,1495.103,634.588,1295.074,473.275,1695.132,795.901,0.574,15.000,,
vino.mp4,366,12.200,1493.842,634.987,1293.780,473.362,1693.904,796.611,0.835,15.000,,
vino.mp4,367,12.233,1473.284,637.809,1277.928,478.048,1668.639,797.571,0.880,15.000,,
vino.mp4,368,12.267,1465.605,639.512,1272.075,478.892,1659.134,800.132,0.750,15.000,,
vino.mp4,369,12.300,1477.415,636.972,1284.321,475.791,1670.510,798.152,0.486,15.000,,
vino.mp4,370,12.333,1500.029,637.579,1301.804,472.165,1698.253,802.993,0.902,15.000,,
vino.mp4,371,12.367,1522.107,638.477,1318.023,468.677,1726.190,808.277,0.857,15.000,,
vino.mp4,372,12.400,1543.416,642.067,1332.331,467.556,1754.500,816.577,0.785,15.000,,
vino.mp4,373,12.433,1496.622,644.427,1286.134,465.477,1707.110,823.378,0.469,15.000,,
vino.mp4,374,12.467,1462.456,648.311,1246.677,464.879,1678.234,831.744,0.658,15.000,,
vino.mp4,375,12.500,1454.898,650.236,1242.542,466.394,1667.253,834.078,0.676,15.000,,
vino.mp4,376,12.533,1456.854,650.873,1249.835,467.690,1663.873,834.055,0.604,15.000,,
vino.mp4,377,12.567,1457.691,653.053,1252.721,467.985,1662.660,838.120,0.465,15.000,,
vino.mp4,378,12.600,1553.184,654.441,1336.885,467.813,1769.483,841.068,0.813,15.000,,
vino.mp4,379,12.633,1589.832,655.624,1363.021,467.528,1816.643,843.720,0.770,15.000,,
vino.mp4,380,12.667,1602.849,652.620,1370.682,467.351,1835.016,837.890,0.902,15.000,,
vino.mp4,381,12.700,1607.703,652.096,1368.185,467.317,1847.221,836.876,0.874,15.000,,
vino.mp4,382,12.733,1606.986,652.016,1360.314,467.431,1853.658,836.602,0.912,15.000,,
vino.mp4,383,12.767,1600.869,650.113,1349.281,467.543,1852.457,832.683,0.927,15.000,,
vino.mp4,384,12.800,1596.376,649.826,1339.370,468.610,1853.382,831.041,0.924,15.000,,
vino.mp4,385,12.833,1594.454,650.910,1331.763,470.337,1857.146,831.484,0.915,15.000,,
vino.mp4,386,12.867,1593.231,652.205,1324.804,471.727,1861.659,832.682,0.926,15.000,,
vino.mp4,387,12.900,1591.418,652.074,1318.884,472.470,1863.953,831.678,0.923,15.000,,
vino.mp4,388,12.933,1588.487,654.022,1308.554,472.170,1868.421,835.873,0.925,15.000,,
vino.mp4,389,12.967,1581.230,654.801,1295.963,471.147,1866.497,838.455,0.907,15.000,,
vino.mp4,390,13.000,1567.224,655.424,1277.803,469.407,1856.644,841.442,0.859,15.000,,
vino.mp4,391,13.033,1549.183,658.114,1255.396,467.972,1842.971,848.256,0.903,15.000,,
vino.mp4,392,13.067,1523.024,656.301,1235.998,467.998,1810.049,844.604,0.903,15.000,,
vino.mp4,393,13.100,1488.466,652.647,1213.536,468.065,1763.396,837.230,0.888,15.000,,
vino.mp4,394,13.133,1464.676,659.377,1188.484,467.976,1740.867,850.778,0.860,15.000,,
vino.mp4,395,13.167,1456.324,653.092,1195.760,468.053,1716.887,838.132,0.920,15.000,,
vino.mp4,396,13.200,1453.421,649.395,1203.151,467.707,1703.691,831.083,0.922,15.000,,
vino.mp4,397,13.233,1452.361,646.663,1210.069,467.248,1694.652,826.077,0.929,15.000,,
vino.mp4,398,13.267,1451.705,644.874,1214.264,465.698,1689.146,824.050,0.937,15.000,,
vino.mp4,399,13.300,1449.552,641.618,1215.812,462.138,1683.292,821.097,0.932,15.000,,
vino.mp4,400,13.333,1446.640,637.348,1217.415,458.707,1675.866,815.989,0.930,15.000,,
vino.mp4,401,13.367,1444.075,637.164,1215.585,456.424,1672.565,817.904,0.933,15.000,,
vino.mp4,402,13.400,1442.166,635.389,1217.526,455.635,1666.806,815.143,0.932,15.000,,
vino.mp4,403,13.433,1440.631,634.871,1219.049,455.803,1662.213,813.938,0.936,15.000,,
vino.mp4,404,13.467,1439.066,635.226,1219.154,455.970,1658.978,814.482,0.929,15.000,,
vino.mp4,405,13.500,1437.189,634.412,1219.481,455.749,1654.898,813.074,0.931,15.000,,
vino.mp4,406,13.533,1434.831,635.123,1216.781,454.993,1652.880,815.252,0.934,15.000,,
vino.mp4,407,13.567,1433.229,636.029,1214.702,454.427,1651.755,817.630,0.941,15.000,,
vino.mp4,408,13.600,1433.262,636.638,1214.628,454.191,1651.896,819.085,0.941,15.000,,
vino.mp4,409,13.633,1437.088,636.790,1217.960,453.813,1656.217,819.767,0.936,15.000,,
vino.mp4,410,13.667,1444.066,636.401,1224.728,454.112,1663.403,818.691,0.934,15.000,,
vino.mp4,411,13.700,1452.294,636.041,1231.555,454.134,1673.032,817.949,0.937,15.000,,
vino.mp4,412,13.733,1460.399,636.898,1236.937,454.664,1683.861,819.132,0.945,15.000,,
vino.mp4,413,13.767,1467.465,637.916,1241.249,455.661,1693.680,820.172,0.945,15.000,,
vino.mp4,414,13.800,1474.826,640.045,1245.454,457.683,1704.198,822.408,0.946,15.000,,
vino.mp4,415,13.833,1483.936,641.067,1251.875,459.623,1715.998,822.511,0.943,15.000,,
vino.mp4,416,13.867,1493.081,639.428,1259.555,460.576,1726.608,818.281,0.944,15.000,,
vino.mp4,417,13.900,1502.160,637.942,1266.488,461.671,1737.832,814.213,0.935,15.000,,
vino.mp4,418,13.933,1510.716,633.763,1274.663,462.191,1746.768,805.335,0.949,15.000,,
vino.mp4,419,13.967,1518.703,629.411,1282.358,463.097,1755.049,795.726,0.944,15.000,,
vino.mp4,420,14.000,1525.147,624.694,1288.472,463.710,1761.822,785.677,0.936,15.000,,
vino.mp4,421,14.033,1530.686,620.225,1294.440,465.198,1766.932,775.251,0.930,15.000,,
vino.mp4,422,14.067,1535.602,617.376,1296.074,465.538,1775.131,769.215,0.929,15.000,,
vino.mp4,423,14.100,1545.744,615.808,1303.144,467.687,1788.343,763.929,0.936,15.000,,
vino.mp4,424,14.133,1553.076,614.052,1301.089,465.054,1805.062,763.050,0.938,15.000,,
vino.mp4,425,14.167,1558.490,614.917,1299.853,466.680,1817.126,763.154,0.942,15.000,,
vino.mp4,426,14.200,1564.227,615.536,1300.336,468.853,1828.118,762.218,0.941,15.000,,
vino.mp4,427,14.233,1569.288,617.204,1298.904,471.032,1839.672,763.376,0.935,15.000,,
vino.mp4,428,14.267,1573.784,619.682,1297.335,473.996,1850.234,765.367,0.927,15.000,,
vino.mp4,429,14.300,1576.598,621.819,1295.692,477.150,1857.504,766.488,0.917,15.000,,
vino.mp4,430,14.333,1578.807,625.298,1293.818,481.431,1863.797,769.165,0.921,15.000,,
vino.mp4,431,14.367,1581.872,629.360,1291.808,485.396,1871.936,773.324,0.917,15.000,,
vino.mp4,432,14.400,1583.555,631.070,1290.642,487.872,1876.468,774.267,0.879,15.000,,
vino.mp4,433,14.433,1586.063,632.974,1290.350,490.228,1881.777,775.719,0.934,15.000,,
vino.mp4,434,14.467,1572.004,634.967,1276.227,492.685,1867.781,777.249,0.937,15.000,,
vino.mp4,435,14.500,1547.692,637.370,1253.863,494.967,1841.522,779.774,0.939,15.000,,
vino.mp4,436,14.533,1538.439,641.697,1244.411,497.866,1832.467,785.528,0.941,15.000,,
vino.mp4,437,14.567,1535.381,645.439,1240.762,499.905,1830.000,790.972,0.935,15.000,,
vino.mp4,438,14.600,1536.655,648.386,1240.322,500.679,1832.988,796.093,0.929,15.000,,
vino.mp4,439,14.633,1540.619,651.338,1240.991,500.691,1840.247,801.985,0.941,15.000,,
vino.mp4,440,14.667,1545.270,654.733,1242.582,501.337,1847.958,808.130,0.934,15.000,,
vino.mp4,441,14.700,1551.002,659.239,1243.063,501.981,1858.941,816.496,0.931,15.000,,
vino.mp4,442,14.733,1556.197,663.367,1244.021,502.826,1868.373,823.909,0.922,15.000,,
vino.mp4,443,14.767,1559.740,671.776,1237.572,504.390,1881.909,839.162,0.927,15.000,,
vino.mp4,444,14.800,1560.018,682.836,1224.841,506.090,1895.196,859.583,0.933,15.000,,
vino.mp4,445,14.833,1552.743,697.479,1201.797,508.223,1903.690,886.735,0.919,15.000,,
vino.mp4,446,14.867,1540.354,711.907,1176.704,509.989,1904.003,913.824,0.940,15.000,,
vino.mp4,447,14.900,1517.072,722.111,1152.757,512.333,1881.387,931.889,0.939,15.000,,
vino.mp4,448,14.933,1498.580,724.347,1146.346,513.950,1850.813,934.744,0.938,15.000,,
vino.mp4,449,14.967,1489.310,719.873,1156.549,514.475,1822.070,925.270,0.940,15.000,,
vino.mp4,450,15.000,1486.261,713.320,1172.402,514.010,1800.121,912.630,0.937,15.000,,
vino.mp4,451,15.033,1486.508,709.129,1186.275,513.636,1786.740,904.623,0.932,15.000,,
vino.mp4,452,15.067,1489.619,704.814,1199.440,511.717,1779.797,897.911,0.933,15.000,,
vino.mp4,453,15.100,1497.470,701.842,1215.107,510.112,1779.833,893.572,0.923,15.000,,
vino.mp4,454,15.133,1507.565,699.500,1232.095,508.898,1783.036,890.102,0.923,15.000,,
vino.mp4,455,15.167,1517.128,697.723,1248.000,508.298,1786.255,887.148,0.923,15.000,,
vino.mp4,456,15.200,1526.442,695.980,1262.937,507.595,1789.946,884.365,0.922,15.000,,
vino.mp4,457,15.233,1533.801,694.451,1275.805,507.627,1791.797,881.274,0.917,15.000,,
vino.mp4,458,15.267,1538.664,690.807,1287.555,507.232,1789.773,874.382,0.922,15.000,,
vino.mp4,459,15.300,1540.784,686.040,1297.008,506.932,1784.560,865.147,0.906,15.000,,
vino.mp4,460,15.333,1541.593,682.142,1304.731,508.104,1778.455,856.181,0.901,15.000,,
vino.mp4,461,15.367,1543.671,680.175,1312.544,510.993,1774.798,849.358,0.902,15.000,,
vino.mp4,462,15.400,1545.674,680.408,1320.789,517.003,1770.559,843.813,0.898,15.000,,
vino.mp4,463,15.433,1549.204,679.069,1331.034,522.382,1767.375,835.757,0.902,15.000,,
vino.mp4,464,15.467,1553.687,675.223,1341.719,525.604,1765.654,824.842,0.906,15.000,,
vino.mp4,465,15.500,1556.527,667.742,1352.570,527.206,1760.484,808.279,0.918,15.000,,
vino.mp4,466,15.533,1557.809,660.206,1361.381,528.776,1754.238,791.636,0.925,15.000,,
vino.mp4,467,15.567,1557.447,655.574,1363.328,529.231,1751.566,781.916,0.897,15.000,,
vino.mp4,468,15.600,1555.610,653.803,1359.728,529.266,1751.493,778.340,0.914,15.000,,
vino.mp4,469,15.633,1552.026,653.820,1352.801,529.481,1751.251,778.160,0.910,15.000,,
vino.mp4,470,15.667,1550.022,653.565,1346.358,528.425,1753.686,778.705,0.916,15.000,,
vino.mp4,471,15.700,1547.426,653.319,1339.857,527.273,1754.995,779.365,0.916,15.000,,
vino.mp4,472,15.733,1544.164,653.250,1332.394,525.685,1755.935,780.815,0.923,15.000,,
vino.mp4,473,15.767,1541.554,653.119,1326.864,524.610,1756.244,781.629,0.922,15.000,,
vino.mp4,474,15.800,1541.121,652.745,1323.675,523.120,1758.567,782.369,0.930,15.000,,
vino.mp4,475,15.833,1540.412,652.764,1321.341,522.652,1759.484,782.876,0.925,15.000,,
vino.mp4,476,15.867,1540.138,653.305,1319.615,522.741,1760.661,783.869,0.924,15.000,,
vino.mp4,477,15.900,1540.701,653.552,1319.351,522.920,1762.050,784.185,0.920,15.000,,
vino.mp4,478,15.933,1543.198,653.594,1320.354,522.567,1766.042,784.622,0.927,15.000,,
vino.mp4,479,15.967,1546.173,654.740,1322.609,523.986,1769.738,785.494,0.918,15.000,,
vino.mp4,480,16.000,1550.217,656.614,1325.778,526.255,1774.656,786.974,0.884,15.000,,
vino.mp4,481,16.033,1555.637,659.504,1327.076,527.701,1784.198,791.307,0.832,15.000,,
vino.mp4,482,16.067,1560.142,665.166,1322.877,528.902,1797.408,801.431,0.834,15.000,,
vino.mp4,483,16.100,1562.410,674.186,1312.107,530.210,1812.713,818.162,0.724,15.000,,
vino.mp4,484,16.133,1564.005,685.255,1297.978,531.002,1830.032,839.508,0.772,15.000,,
vino.mp4,485,16.167,1563.678,695.792,1284.543,531.988,1842.813,859.595,0.738,15.000,,
vino.mp4,486,16.200,1560.317,704.205,1272.183,532.395,1848.451,876.014,0.471,15.000,,
vino.mp4,487,16.233,1554.886,714.189,1256.885,532.583,1852.887,895.795,0.434,15.000,,
vino.mp4,488,16.267,1544.380,719.452,1245.061,532.390,1843.699,906.515,0.543,15.000,,
vino.mp4,489,16.300,1535.142,722.623,1238.992,532.459,1831.292,912.787,0.654,15.000,,
vino.mp4,490,16.333,1530.100,722.701,1241.746,532.827,1818.454,912.574,0.834,15.000,,
vino.mp4,491,16.367,1528.101,721.498,1249.059,533.650,1807.142,909.345,0.745,15.000,,
vino.mp4,492,16.400,1529.083,719.862,1258.386,534.144,1799.780,905.581,0.737,15.000,,
vino.mp4,493,16.433,1533.596,717.678,1270.592,534.844,1796.600,900.512,0.906,15.000,,
vino.mp4,494,16.467,1540.323,711.199,1280.389,528.544,1800.256,893.854,0.909,15.000,,
vino.mp4,495,16.500,1548.011,702.075,1293.158,522.119,1802.863,882.031,0.877,15.000,,
vino.mp4,496,16.533,1557.056,692.641,1307.178,516.458,1806.935,868.824,0.814,15.000,,
vino.mp4,497,16.567,1563.069,681.474,1320.435,511.722,1805.703,851.226,0.764,15.000,,
vino.mp4,498,16.600,1564.899,668.453,1334.487,509.612,1795.311,827.295,0.748,15.000,,
vino.mp4,499,16.633,1563.177,656.898,1346.155,510.296,1780.198,803.500,0.882,15.000,,
vino.mp4,500,16.667,1559.287,651.026,1348.325,511.265,1770.250,790.787,0.893,15.000,,
vino.mp4,501,16.700,1554.245,649.517,1344.993,513.002,1763.496,786.033,0.905,15.000,,
vino.mp4,502,16.733,1549.833,649.703,1339.457,514.100,1760.208,785.305,0.920,15.000,,
vino.mp4,503,16.767,1544.175,649.984,1332.558,514.747,1755.792,785.221,0.924,15.000,,
vino.mp4,504,16.800,1539.350,649.694,1326.295,514.313,1752.405,785.075,0.932,15.000,,
vino.mp4,505,16.833,1533.722,649.815,1320.000,514.477,1747.443,785.152,0.923,15.000,,
vino.mp4,506,16.867,1530.460,651.852,1318.877,518.397,1742.043,785.307,0.928,15.000,,
vino.mp4,507,16.900,1529.150,653.491,1318.838,521.268,1739.462,785.714,0.927,15.000,,
vino.mp4,508,16.933,1529.311,654.453,1319.568,522.933,1739.055,785.974,0.930,15.000,,
vino.mp4,509,16.967,1529.498,654.975,1319.860,523.833,1739.136,786.118,0.931,15.000,,
vino.mp4,510,17.000,1528.993,655.111,1318.891,523.949,1739.095,786.274,0.933,15.000,,
vino.mp4,511,17.033,1528.864,654.582,1317.514,522.796,1740.214,786.368,0.939,15.000,,
vino.mp4,512,17.067,1528.952,653.945,1316.420,521.508,1741.483,786.381,0.936,15.000,,
vino.mp4,513,17.100,1528.695,653.527,1315.395,520.647,1741.995,786.407,0.933,15.000,,
vino.mp4,514,17.133,1528.628,653.385,1315.076,520.440,1742.180,786.330,0.938,15.000,,
vino.mp4,515,17.167,1528.825,653.418,1315.079,520.442,1742.571,786.394,0.937,15.000,,
vino.mp4,516,17.200,1529.516,653.469,1315.629,520.518,1743.402,786.420,0.938,15.000,,
vino.mp4,517,17.233,1530.281,653.459,1316.189,520.519,1744.373,786.400,0.936,15.000,,
vino.mp4,518,17.267,1530.972,653.543,1316.527,520.529,1745.418,786.557,0.936,15.000,,
vino.mp4,519,17.300,1531.852,653.855,1317.619,521.185,1746.085,786.526,0.936,15.000,,
vino.mp4,520,17.333,1532.732,653.921,1317.878,521.068,1747.587,786.773,0.937,15.000,,
vino.mp4,521,17.367,1534.195,653.973,1318.943,521.176,1749.447,786.769,0.938,15.000,,
vino.mp4,522,17.400,1535.554,653.759,1319.915,521.101,1751.193,786.418,0.940,15.000,,
vino.mp4,523,17.433,1537.125,653.878,1321.154,521.488,1753.097,786.267,0.941,15.000,,
vino.mp4,524,17.467,1539.354,654.396,1322.370,521.918,1756.338,786.873,0.944,15.000,,
vino.mp4,525,17.500,1541.348,654.970,1323.075,522.306,1759.622,787.634,0.943,15.000,,
vino.mp4,526,17.533,1544.574,656.082,1325.246,523.652,1763.902,788.513,0.940,15.000,,
vino.mp4,527,17.567,1549.768,658.386,1329.220,526.331,1770.317,790.440,0.938,15.000,,
vino.mp4,528,17.600,1556.849,665.080,1333.902,532.897,1779.795,797.264,0.927,15.000,,
vino.mp4,529,17.633,1562.829,672.368,1333.212,537.266,1792.446,807.471,0.914,15.000,,
vino.mp4,530,17.667,1565.124,681.164,1323.964,539.688,1806.284,822.639,0.775,15.000,,
vino.mp4,531,17.700,1567.074,691.252,1311.138,541.027,1823.009,841.477,0.684,15.000,,
vino.mp4,532,17.733,1566.592,705.607,1292.536,543.755,1840.648,867.458,0.841,15.000,,
vino.mp4,533,17.767,1736.995,1001.188,1553.990,933.156,1920.000,1069.220,0.233,21.000,,
vino.mp4,534,17.800,1735.296,1001.682,1551.568,933.569,1919.023,1069.796,0.183,21.000,,
vino.mp4,535,17.833,1733.716,1001.993,1550.073,934.002,1917.358,1069.983,0.108,21.000,,
vino.mp4,536,17.867,1733.160,1002.469,1550.026,934.784,1916.295,1070.154,0.101,21.000,,
vino.mp4,537,17.900,,,,,,,,,,
vino.mp4,538,17.933,,,,,,,,,,
vino.mp4,539,17.967,,,,,,,,,,
vino.mp4,540,18.000,,,,,,,,,,
vino.mp4,541,18.033,,,,,,,,,,
vino.mp4,542,18.067,,,,,,,,,,
vino.mp4,543,18.100,,,,,,,,,,
vino.mp4,544,18.133,,,,,,,,,,
vino.mp4,545,18.167,,,,,,,,,,
vino.mp4,546,18.200,,,,,,,,,,
vino.mp4,547,18.233,,,,,,,,,,
vino.mp4,548,18.267,,,,,,,,,,
vino.mp4,549,18.300,,,,,,,,,,
vino.mp4,550,18.333,,,,,,,,,,
vino.mp4,551,18.367,,,,,,,,,,
vino.mp4,552,18.400,,,,,,,,,,
vino.mp4,553,18.433,,,,,,,,,,
vino.mp4,554,18.467,,,,,,,,,,
vino.mp4,555,18.500,,,,,,,,,,
vino.mp4,556,18.533,,,,,,,,,,
vino.mp4,557,18.567,,,,,,,,,,
vino.mp4,558,18.600,,,,,,,,,,
vino.mp4,559,18.633,,,,,,,,,,
vino.mp4,560,18.667,1529.105,673.559,1180.284,569.272,1877.927,777.846,0.503,,,
vino.mp4,561,18.700,,,,,,,,,,
vino.mp4,562,18.733,1528.572,673.698,1177.089,569.612,1880.054,777.784,0.752,,,
vino.mp4,563,18.767,1529.445,674.550,1178.841,570.735,1880.048,778.366,0.865,25.000,,
vino.mp4,564,18.800,1529.421,674.619,1178.967,570.873,1879.874,778.366,0.928,25.000,,
vino.mp4,565,18.833,1528.702,674.623,1178.489,571.010,1878.914,778.236,0.925,25.000,,
vino.mp4,566,18.867,1529.034,673.813,1179.330,570.477,1878.739,777.150,0.923,25.000,,
vino.mp4,567,18.900,1527.884,673.346,1178.024,570.134,1877.744,776.559,0.911,25.000,,
vino.mp4,568,18.933,1525.373,673.185,1176.153,570.406,1874.593,775.963,0.913,25.000,,
vino.mp4,569,18.967,1523.165,672.752,1171.969,569.678,1874.361,775.826,0.894,25.000,,
vino.mp4,570,19.000,1519.741,672.276,1171.303,570.374,1868.180,774.179,0.907,25.000,,
vino.mp4,571,19.033,1518.759,672.211,1171.194,570.962,1866.325,773.460,0.908,25.000,,
vino.mp4,572,19.067,1519.048,671.779,1170.643,570.697,1867.453,772.860,0.903,25.000,,
vino.mp4,573,19.100,1520.383,671.663,1171.126,570.803,1869.641,772.524,0.910,25.000,,
vino.mp4,574,19.133,1521.108,671.301,1171.996,571.045,1870.221,771.557,0.912,25.000,,
vino.mp4,575,19.167,1522.991,670.723,1173.749,571.064,1872.233,770.382,0.903,25.000,,
vino.mp4,576,19.200,1523.846,670.115,1173.361,570.725,1874.332,769.505,0.904,25.000,,
vino.mp4,577,19.233,1524.481,669.687,1171.964,570.336,1876.998,769.039,0.900,25.000,,
vino.mp4,578,19.267,1523.927,668.816,1170.010,569.708,1877.844,767.925,0.897,25.000,,
vino.mp4,579,19.300,1523.603,668.303,1169.123,569.657,1878.083,766.949,0.893,25.000,,
vino.mp4,580,19.333,1523.654,668.418,1167.032,569.708,1880.277,767.128,0.887,25.000,,
vino.mp4,581,19.367,1525.499,669.273,1165.494,570.092,1885.504,768.454,0.894,25.000,,
vino.mp4,582,19.400,1523.853,669.215,1162.521,570.139,1885.185,768.290,0.857,25.000,,
vino.mp4,583,19.433,1522.122,668.930,1161.171,570.512,1883.074,767.348,0.856,25.000,,
vino.mp4,584,19.467,1520.547,668.315,1160.799,570.848,1880.296,765.782,0.856,25.000,,
vino.mp4,585,19.500,1519.340,668.817,1157.473,571.273,1881.208,766.362,0.888,25.000,,
vino.mp4,586,19.533,1514.567,668.173,1153.303,571.148,1875.831,765.198,0.892,25.000,,
vino.mp4,587,19.567,1510.372,666.554,1146.265,568.867,1874.479,764.241,0.896,25.000,,
vino.mp4,588,19.600,1505.617,664.709,1134.676,565.102,1876.557,764.315,0.692,25.000,,
vino.mp4,589,19.633,1497.525,663.600,1120.922,562.465,1874.128,764.735,0.656,25.000,,
vino.mp4,590,19.667,1492.513,662.919,1111.895,560.637,1873.132,765.201,0.615,25.000,,
vino.mp4,591,19.700,1491.630,662.602,1110.091,560.073,1873.169,765.131,0.657,25.000,,
vino.mp4,592,19.733,1488.915,663.681,1111.365,562.333,1866.465,765.029,0.742,25.000,,
vino.mp4,593,19.767,1483.802,664.917,1109.935,564.556,1857.668,765.278,0.851,25.000,,
vino.mp4,594,19.800,1475.765,666.546,1105.908,567.044,1845.621,766.047,0.652,25.000,,
vino.mp4,595,19.833,1471.364,667.206,1105.443,568.606,1837.285,765.806,0.715,25.000,,
vino.mp4,596,19.867,1467.615,668.084,1100.886,568.912,1834.343,767.256,0.496,25.000,,
vino.mp4,597,19.900,,,,,,,,,,
vino.mp4,598,19.933,,,,,,,,,,
vino.mp4,599,19.967,,,,,,,,,,
vino.mp4,600,20.000,1708.760,1002.247,1498.388,929.222,1919.133,1075.271,0.298,,,
vino.mp4,601,20.033,1437.515,697.364,986.379,570.010,1888.652,824.719,0.439,25.000,,
vino.mp4,602,20.067,1432.772,710.689,957.423,569.928,1908.121,851.450,0.611,25.000,,
vino.mp4,603,20.100,,,,,,,,,,
vino.mp4,604,20.133,1444.401,693.963,1034.975,570.702,1853.827,817.224,0.392,25.000,,
vino.mp4,605,20.167,1457.094,679.224,1097.745,571.543,1816.443,786.906,0.865,25.000,,
vino.mp4,606,20.200,1466.372,674.775,1120.218,571.617,1812.525,777.934,0.890,25.000,,
vino.mp4,607,20.233,1477.786,672.582,1130.301,569.719,1825.271,775.444,0.898,25.000,,
vino.mp4,608,20.267,1469.714,659.865,1089.725,545.753,1849.703,773.977,0.896,25.000,,
vino.mp4,609,20.300,1439.557,649.154,1038.171,524.922,1840.943,773.387,0.917,25.000,,
vino.mp4,610,20.333,1404.855,646.505,1008.915,519.515,1800.795,773.495,0.877,25.000,,
vino.mp4,611,20.367,1383.012,653.346,1020.175,533.647,1745.848,773.045,0.910,25.000,,
vino.mp4,612,20.400,1370.584,652.222,1015.589,531.408,1725.579,773.036,0.878,25.000,,
vino.mp4,613,20.433,1365.169,652.897,1021.372,532.521,1708.965,773.272,0.851,25.000,,
vino.mp4,614,20.467,1364.539,656.521,1037.654,539.443,1691.423,773.600,0.817,25.000,,
vino.mp4,615,20.500,1368.493,663.725,1066.314,554.196,1670.672,773.255,0.849,25.000,,
vino.mp4,616,20.533,1380.392,669.888,1094.791,566.178,1665.993,773.598,0.866,25.000,,
vino.mp4,617,20.567,1394.762,671.388,1114.226,569.919,1675.298,772.856,0.888,25.000,,
vino.mp4,618,20.600,1408.908,672.477,1126.953,571.242,1690.862,773.713,0.864,25.000,,
vino.mp4,619,20.633,1418.693,673.604,1133.922,572.243,1703.465,774.965,0.889,25.000,,
vino.mp4,620,20.667,1425.388,675.200,1135.975,573.015,1714.801,777.385,0.905,25.000,,
vino.mp4,621,20.700,1431.398,679.378,1128.305,572.649,1734.491,786.107,0.895,25.000,,
vino.mp4,622,20.733,1436.817,686.251,1115.233,572.699,1758.400,799.803,0.902,25.000,,
vino.mp4,623,20.767,1441.183,695.452,1096.733,572.727,1785.632,818.178,0.906,25.000,,
vino.mp4,624,20.800,1445.063,707.053,1073.587,572.672,1816.538,841.434,0.903,25.000,,
vino.mp4,625,20.833,1446.466,718.595,1051.474,572.820,1841.458,864.370,0.907,25.000,,
vino.mp4,626,20.867,1444.146,729.826,1026.201,571.716,1862.092,887.936,0.905,25.000,,
vino.mp4,627,20.900,1439.702,737.925,1010.501,571.121,1868.904,904.730,0.892,25.000,,
vino.mp4,628,20.933,1434.465,743.324,1003.251,571.025,1865.678,915.624,0.872,25.000,,
vino.mp4,629,20.967,1424.460,747.442,997.912,571.850,1851.008,923.033,0.863,25.000,,
vino.mp4,630,21.000,1413.100,746.039,1001.652,571.706,1824.548,920.372,0.866,25.000,,
vino.mp4,631,21.033,1403.477,741.151,1015.844,572.709,1791.110,909.594,0.897,25.000,,
vino.mp4,632,21.067,1397.927,736.221,1026.623,571.144,1769.232,901.298,0.896,25.000,,
vino.mp4,633,21.100,1398.385,734.441,1040.863,572.416,1755.906,896.465,0.872,25.000,,
vino.mp4,634,21.133,1401.720,734.302,1051.554,572.938,1751.885,895.666,0.829,25.000,,
vino.mp4,635,21.167,1408.497,735.017,1061.091,572.653,1755.902,897.381,0.718,25.000,,
vino.mp4,636,21.200,1417.159,735.381,1072.662,572.706,1761.656,898.055,0.640,25.000,,
vino.mp4,637,21.233,1426.434,733.883,1087.316,572.920,1765.552,894.846,0.646,25.000,,
vino.mp4,638,21.267,1435.671,730.412,1104.028,573.020,1767.314,887.805,0.794,25.000,,
vino.mp4,639,21.300,1443.682,724.354,1122.666,573.038,1764.698,875.671,0.403,25.000,,
vino.mp4,640,21.333,,,,,,,,,,
vino.mp4,641,21.367,,,,,,,,,,
vino.mp4,642,21.400,1472.077,695.910,1207.482,575.521,1736.673,816.299,0.627,25.000,,
vino.mp4,643,21.433,1459.599,683.597,1204.516,572.527,1714.681,794.667,0.817,25.000,,
vino.mp4,644,21.467,,,,,,,,,,
vino.mp4,645,21.500,,,,,,,,,,
vino.mp4,646,21.533,,,,,,,,,,
vino.mp4,647,21.567,1427.791,666.371,1160.843,553.436,1694.738,779.307,0.363,25.000,,
vino.mp4,648,21.600,1421.647,662.088,1128.739,539.207,1714.556,784.969,0.183,25.000,,
vino.mp4,649,21.633,,,,,,,,,,
vino.mp4,650,21.667,,,,,,,,,,
vino.mp4,651,21.700,,,,,,,,,,
vino.mp4,652,21.733,,,,,,,,,,
vino.mp4,653,21.767,,,,,,,,,,
vino.mp4,654,21.800,,,,,,,,,,
vino.mp4,655,21.833,,,,,,,,,,
vino.mp4,656,21.867,,,,,,,,,,
vino.mp4,657,21.900,,,,,,,,,,
vino.mp4,658,21.933,,,,,,,,,,
vino.mp4,659,21.967,,,,,,,,,,
vino.mp4,660,22.000,,,,,,,,,,
vino.mp4,661,22.033,,,,,,,,,,
vino.mp4,662,22.067,,,,,,,,,,
vino.mp4,663,22.100,1693.982,724.965,1468.375,537.403,1919.590,912.528,0.489,,,
vino.mp4,664,22.133,1679.437,721.909,1459.309,539.116,1899.564,904.703,0.737,39.000,,
vino.mp4,665,22.167,,,,,,,,,,
vino.mp4,666,22.200,1693.576,705.950,1493.554,540.507,1893.598,871.393,0.887,39.000,,
vino.mp4,667,22.233,1699.422,690.213,1515.832,539.575,1883.012,840.851,0.669,39.000,,
vino.mp4,668,22.267,1695.337,677.832,1518.429,533.869,1872.244,821.795,0.860,39.000,,
vino.mp4,669,22.300,1693.711,667.343,1507.861,516.614,1879.562,818.071,0.804,39.000,,
vino.mp4,670,22.333,1689.406,659.054,1494.451,500.707,1884.362,817.401,0.806,39.000,,
vino.mp4,671,22.367,1687.117,647.705,1478.176,476.725,1896.059,818.684,0.766,39.000,,
vino.mp4,672,22.400,1682.327,638.982,1465.221,459.166,1899.433,818.797,0.830,39.000,,
vino.mp4,673,22.433,1676.207,631.019,1452.134,442.137,1900.281,819.901,0.772,39.000,,
vino.mp4,674,22.467,1668.685,627.837,1442.650,433.157,1894.720,822.518,0.909,39.000,,
vino.mp4,675,22.500,1661.354,627.804,1436.568,429.550,1886.141,826.059,0.931,39.000,,
vino.mp4,676,22.533,1652.403,629.537,1434.987,433.288,1869.818,825.786,0.883,39.000,,
vino.mp4,677,22.567,1642.900,631.444,1434.610,439.570,1851.189,823.319,0.785,39.000,,
vino.mp4,678,22.600,1635.986,631.166,1437.501,445.604,1834.472,816.729,0.831,39.000,,
vino.mp4,679,22.633,1629.621,631.621,1439.656,452.105,1819.586,811.136,0.904,39.000,,
vino.mp4,680,22.667,1621.403,631.051,1440.388,458.904,1802.418,803.198,0.890,39.000,,
vino.mp4,681,22.700,1613.071,631.776,1438.077,465.060,1788.064,798.492,0.894,39.000,,
vino.mp4,682,22.733,1602.075,633.599,1434.022,474.273,1770.128,792.925,0.907,39.000,,
vino.mp4,683,22.767,1589.184,635.352,1426.195,482.759,1752.174,787.945,0.455,39.000,,
vino.mp4,684,22.800,1578.627,635.364,1418.852,488.324,1738.401,782.404,0.788,39.000,,
vino.mp4,685,22.833,1568.276,635.763,1408.904,492.087,1727.648,779.438,0.842,39.000,,
vino.mp4,686,22.867,1559.482,636.460,1398.705,494.550,1720.259,778.370,0.737,39.000,,
vino.mp4,687,22.900,,,,,,,,,,
vino.mp4,688,22.933,1547.556,641.261,1382.410,499.230,1712.702,783.292,0.674,39.000,,
vino.mp4,689,22.967,1541.849,644.238,1372.666,502.724,1711.031,785.752,0.763,39.000,,
vino.mp4,690,23.000,1537.729,647.512,1364.585,506.462,1710.874,788.562,0.828,39.000,,
vino.mp4,691,23.033,1532.351,650.307,1355.914,510.436,1708.789,790.177,0.633,39.000,,
vino.mp4,692,23.067,1529.007,651.842,1350.129,513.604,1707.886,790.080,0.770,39.000,,
vino.mp4,693,23.100,1525.648,652.261,1344.629,515.763,1706.668,788.758,0.863,39.000,,
vino.mp4,694,23.133,1526.968,652.672,1345.075,518.316,1708.860,787.029,0.833,39.000,,
vino.mp4,695,23.167,1527.365,653.100,1345.377,521.032,1709.353,785.168,0.844,39.000,,
vino.mp4,696,23.200,1525.865,653.742,1343.412,523.486,1708.317,783.999,0.651,39.000,,
vino.mp4,697,23.233,,,,,,,,,,
vino.mp4,698,23.267,,,,,,,,,,
vino.mp4,699,23.300,1523.916,655.741,1342.592,528.103,1705.241,783.379,0.450,39.000,,
vino.mp4,700,23.333,,,,,,,,,,
vino.mp4,701,23.367,,,,,,,,,,
vino.mp4,702,23.400,,,,,,,,,,
vino.mp4,703,23.433,,,,,,,,,,
vino.mp4,704,23.467,1514.983,658.132,1334.801,533.223,1695.164,783.041,0.539,39.000,,
vino.mp4,705,23.500,1513.196,659.077,1330.947,534.344,1695.445,783.809,0.595,39.000,,
vino.mp4,706,23.533,1510.788,660.102,1326.201,535.281,1695.374,784.923,0.617,39.000,,
vino.mp4,707,23.567,1508.318,660.869,1321.953,536.363,1694.682,785.375,0.757,39.000,,
vino.mp4,708,23.600,1511.660,661.227,1324.116,536.784,1699.205,785.669,0.813,39.000,,
vino.mp4,709,23.633,1512.620,661.408,1323.842,536.924,1701.397,785.893,0.841,39.000,,
vino.mp4,710,23.667,1508.756,661.565,1318.163,536.976,1699.348,786.153,0.776,39.000,,
vino.mp4,711,23.700,1507.283,661.631,1315.039,536.924,1699.527,786.338,0.730,39.000,,
vino.mp4,712,23.733,1511.437,661.438,1318.339,536.585,1704.535,786.291,0.821,39.000,,
vino.mp4,713,23.767,1513.224,661.382,1319.251,536.314,1707.196,786.450,0.785,39.000,,
vino.mp4,714,23.800,1509.612,661.085,1314.417,535.943,1704.807,786.228,0.787,39.000,,
vino.mp4,715,23.833,1512.645,661.001,1316.835,535.694,1708.456,786.307,0.831,39.000,,
vino.mp4,716,23.867,1513.717,660.980,1317.324,535.514,1710.109,786.447,0.870,39.000,,
vino.mp4,717,23.900,1513.252,660.627,1316.474,535.121,1710.029,786.133,0.904,39.000,,
vino.mp4,718,23.933,1513.032,660.358,1315.680,534.737,1710.383,785.980,0.885,39.000,,
vino.mp4,719,23.967,1509.586,660.539,1311.570,535.058,1707.603,786.020,0.846,39.000,,
vino.mp4,720,24.000,1511.258,660.465,1312.911,534.955,1709.605,785.975,0.905,39.000,,
vino.mp4,721,24.033,1512.506,660.460,1313.971,535.023,1711.042,785.897,0.902,39.000,,
vino.mp4,722,24.067,1512.925,660.490,1314.144,535.094,1711.707,785.886,0.877,39.000,,
vino.mp4,723,24.100,1509.823,660.569,1310.350,535.192,1709.295,785.945,0.838,39.000,,
vino.mp4,724,24.133,1508.854,660.649,1308.755,535.269,1708.953,786.029,0.834,39.000,,
vino.mp4,725,24.167,1508.703,660.789,1308.063,535.411,1709.344,786.167,0.645,39.000,,
vino.mp4,726,24.200,1508.471,660.850,1307.539,535.604,1709.404,786.096,0.802,39.000,,
vino.mp4,727,24.233,1507.708,661.117,1306.319,535.896,1709.096,786.338,0.688,39.000,,
vino.mp4,728,24.267,1507.447,661.250,1305.223,535.713,1709.671,786.788,0.795,39.000,,
vino.mp4,729,24.300,1507.606,661.438,1305.251,536.006,1709.962,786.871,0.781,39.000,,
vino.mp4,730,24.333,1507.815,661.580,1305.242,536.216,1710.389,786.945,0.807,39.000,,
vino.mp4,731,24.367,1508.160,661.981,1304.684,536.251,1711.636,787.712,0.725,39.000,,
vino.mp4,732,24.400,1508.923,661.958,1304.986,536.113,1712.861,787.802,0.701,39.000,,
vino.mp4,733,24.433,1510.605,661.862,1306.351,535.803,1714.859,787.922,0.703,39.000,,
vino.mp4,734,24.467,1512.184,660.478,1309.129,535.086,1715.238,785.869,0.751,39.000,,
vino.mp4,735,24.500,1514.430,657.768,1312.764,532.942,1716.097,782.594,0.821,39.000,,
vino.mp4,736,24.533,1508.476,656.024,1309.189,533.118,1707.762,778.929,0.751,39.000,,
vino.mp4,737,24.567,1485.010,661.268,1275.938,533.418,1694.083,789.119,0.868,39.000,,
vino.mp4,738,24.600,,,,,,,,,,
vino.mp4,739,24.633,,,,,,,,,,
vino.mp4,740,24.667,,,,,,,,,,
vino.mp4,741,24.700,1476.169,667.459,1251.849,531.061,1700.489,803.856,0.745,39.000,,
vino.mp4,742,24.733,1461.972,670.087,1226.910,528.698,1697.035,811.476,0.903,39.000,,
vino.mp4,743,24.767,1435.865,671.462,1193.894,529.197,1677.836,813.726,0.884,39.000,,
vino.mp4,744,24.800,1465.661,669.257,1239.353,535.772,1691.969,802.742,0.840,39.000,,
vino.mp4,745,24.833,1426.006,673.372,1193.551,539.020,1658.462,807.724,0.835,39.000,,
vino.mp4,746,24.867,1407.735,674.739,1169.803,538.871,1645.667,810.607,0.834,39.000,,
vino.mp4,747,24.900,1397.732,674.955,1154.586,536.975,1640.878,812.935,0.702,39.000,,
vino.mp4,748,24.933,1391.994,675.493,1144.433,535.361,1639.555,815.625,0.740,39.000,,
vino.mp4,749,24.967,1389.453,674.741,1140.472,534.099,1638.435,815.382,0.718,39.000,,
vino.mp4,750,25.000,,,,,,,,,,
vino.mp4,751,25.033,,,,,,,,,,
vino.mp4,752,25.067,,,,,,,,,,
vino.mp4,753,25.100,,,,,,,,,,
vino.mp4,754,25.133,,,,,,,,,,
vino.mp4,755,25.167,,,,,,,,,,
vino.mp4,756,25.200,,,,,,,,,,
vino.mp4,757,25.233,,,,,,,,,,
vino.mp4,758,25.267,,,,,,,,,,
vino.mp4,759,25.300,,,,,,,,,,
vino.mp4,760,25.333,,,,,,,,,,
vino.mp4,761,25.367,,,,,,,,,,
vino.mp4,762,25.400,,,,,,,,,,
vino.mp4,763,25.433,,,,,,,,,,
vino.mp4,764,25.467,,,,,,,,,,
vino.mp4,765,25.500,,,,,,,,,,
vino.mp4,766,25.533,,,,,,,,,,
vino.mp4,767,25.567,,,,,,,,,,
vino.mp4,768,25.600,,,,,,,,,,
vino.mp4,769,25.633,,,,,,,,,,
vino.mp4,770,25.667,,,,,,,,,,
vino.mp4,771,25.700,,,,,,,,,,
vino.mp4,772,25.733,,,,,,,,,,
vino.mp4,773,25.767,1457.392,676.541,1250.085,518.132,1664.699,834.950,0.329,,,
vino.mp4,774,25.800,1456.271,675.467,1196.390,518.526,1716.151,832.409,0.732,39.000,,
vino.mp4,775,25.833,1448.625,673.636,1196.065,517.210,1701.184,830.062,0.663,39.000,,
vino.mp4,776,25.867,1425.967,670.049,1173.848,515.649,1678.085,824.450,0.729,39.000,,
vino.mp4,777,25.900,1394.750,666.511,1136.864,513.220,1652.637,819.802,0.542,39.000,,
vino.mp4,778,25.933,,,,,,,,,,
vino.mp4,779,25.967,,,,,,,,,,
vino.mp4,780,26.000,1318.335,659.255,1041.491,503.672,1595.179,814.838,0.711,39.000,,
vino.mp4,781,26.033,1272.991,657.945,974.510,500.149,1571.472,815.741,0.331,39.000,,
vino.mp4,782,26.067,,,,,,,,,,
vino.mp4,783,26.100,1332.950,652.182,1041.984,499.640,1623.916,804.723,0.770,39.000,,
vino.mp4,784,26.133,1347.718,646.822,1048.254,490.109,1647.181,803.535,0.618,39.000,,
vino.mp4,785,26.167,1349.620,625.594,1063.204,477.933,1636.035,773.254,0.759,39.000,,
vino.mp4,786,26.200,1336.038,627.562,1053.216,482.217,1618.860,772.906,0.850,39.000,,
vino.mp4,787,26.233,1337.177,631.929,1049.835,484.949,1624.520,778.909,0.852,39.000,,
vino.mp4,788,26.267,1349.234,637.173,1049.258,484.593,1649.209,789.753,0.893,39.000,,
vino.mp4,789,26.300,1370.232,642.054,1066.625,490.063,1673.839,794.044,0.564,39.000,,
vino.mp4,790,26.333,1389.228,650.810,1090.727,505.472,1687.728,796.148,0.494,39.000,,
vino.mp4,791,26.367,,,,,,,,,,
vino.mp4,792,26.400,,,,,,,,,,
vino.mp4,793,26.433,1430.571,688.052,1039.046,577.056,1822.095,799.049,0.276,,,
vino.mp4,794,26.467,,,,,,,,,,
vino.mp4,795,26.500,,,,,,,,,,
vino.mp4,796,26.533,,,,,,,,,,
vino.mp4,797,26.567,,,,,,,,,,
vino.mp4,798,26.600,,,,,,,,,,
vino.mp4,799,26.633,,,,,,,,,,
vino.mp4,800,26.667,,,,,,,,,,
vino.mp4,801,26.700,1415.018,689.763,1173.204,586.162,1656.832,793.363,0.463,39.000,,
vino.mp4,802,26.733,1394.473,687.037,1039.593,579.603,1749.354,794.470,0.316,,,
vino.mp4,803,26.767,1390.610,644.834,1038.988,493.982,1742.233,795.686,0.367,,,
vino.mp4,804,26.800,,,,,,,,,,
vino.mp4,805,26.833,,,,,,,,,,
vino.mp4,806,26.867,,,,,,,,,,
vino.mp4,807,26.900,1294.952,658.134,1039.917,522.125,1549.986,794.144,0.426,,,
vino.mp4,808,26.933,,,,,,,,,,
vino.mp4,809,26.967,,,,,,,,,,
vino.mp4,810,27.000,1335.051,692.449,1034.721,589.190,1635.380,795.708,0.104,,,
vino.mp4,811,27.033,,,,,,,,,,
vino.mp4,812,27.067,,,,,,,,,,
vino.mp4,813,27.100,,,,,,,,,,
vino.mp4,814,27.133,1358.489,753.131,991.558,589.223,1725.419,917.040,0.704,39.000,,
vino.mp4,815,27.167,1333.478,761.446,967.698,586.942,1699.258,935.950,0.896,39.000,,
vino.mp4,816,27.200,1341.445,759.078,1000.496,585.235,1682.395,932.922,0.831,39.000,,
vino.mp4,817,27.233,1318.355,738.089,1016.607,583.456,1620.103,892.723,0.899,39.000,,
vino.mp4,818,27.267,,,,,,,,,,
vino.mp4,819,27.300,,,,,,,,,,
vino.mp4,820,27.333,,,,,,,,,,
vino.mp4,821,27.367,1336.213,655.913,1130.234,536.450,1542.193,775.377,0.284,,,
vino.mp4,822,27.400,,,,,,,,,,
vino.mp4,823,27.433,,,,,,,,,,
vino.mp4,824,27.467,1475.111,608.322,1117.752,417.086,1832.470,799.558,0.580,,,
vino.mp4,825,27.500,,,,,,,,,,
vino.mp4,826,27.533,1539.175,614.271,1304.464,418.778,1773.887,809.765,0.402,,,
vino.mp4,827,27.567,1521.874,621.875,1296.589,434.167,1747.160,809.583,0.840,47.000,,
vino.mp4,828,27.600,1500.625,632.640,1284.673,452.236,1716.576,813.044,0.447,47.000,,
vino.mp4,829,27.633,1494.602,643.896,1290.302,471.750,1698.902,816.041,0.401,47.000,,
vino.mp4,830,27.667,1505.097,655.672,1312.783,492.168,1697.411,819.176,0.602,47.000,,
vino.mp4,831,27.700,1518.014,665.603,1328.707,503.944,1707.322,827.262,0.258,47.000,,
vino.mp4,832,27.733,,,,,,,,,,
vino.mp4,833,27.767,,,,,,,,,,
vino.mp4,834,27.800,1605.175,714.645,1389.085,531.525,1821.266,897.765,0.712,47.000,,
vino.mp4,835,27.833,1674.916,723.156,1431.150,547.245,1918.681,899.068,0.260,,,
vino.mp4,836,27.867,,,,,,,,,,
vino.mp4,837,27.900,,,,,,,,,,
vino.mp4,838,27.933,,,,,,,,,,
vino.mp4,839,27.967,,,,,,,,,,
vino.mp4,840,28.000,1726.734,740.760,1534.083,570.997,1919.384,910.523,0.285,,,
vino.mp4,841,28.033,1726.930,738.487,1533.860,567.639,1920.000,909.335,0.314,50.000,,
vino.mp4,842,28.067,1715.482,756.353,1510.964,561.989,1920.000,950.718,0.512,50.000,,
vino.mp4,843,28.100,,,,,,,,,,
vino.mp4,844,28.133,,,,,,,,,,
vino.mp4,845,28.167,,,,,,,,,,
vino.mp4,846,28.200,,,,,,,,,,
vino.mp4,847,28.233,,,,,,,,,,
vino.mp4,848,28.267,,,,,,,,,,
vino.mp4,849,28.300,,,,,,,,,,
vino.mp4,850,28.333,1730.718,578.332,1542.088,324.587,1919.349,832.078,0.108,,,
vino.mp4,851,28.367,,,,,,,,,,
vino.mp4,852,28.400,,,,,,,,,,
vino.mp4,853,28.433,1742.431,561.027,1565.649,264.947,1919.212,857.108,0.494,,,
vino.mp4,854,28.467,1740.964,556.796,1561.927,253.355,1920.000,860.237,0.533,52.000,,
vino.mp4,855,28.500,1740.091,549.661,1560.183,242.662,1920.000,856.659,0.703,52.000,,
vino.mp4,856,28.533,1737.983,545.516,1555.965,231.719,1920.000,859.313,0.447,52.000,,
vino.mp4,857,28.567,1739.534,531.992,1559.067,222.034,1920.000,841.950,0.671,52.000,,
vino.mp4,858,28.600,1743.407,525.666,1576.737,246.700,1910.077,804.632,0.725,52.000,,
vino.mp4,859,28.633,1743.608,542.208,1594.612,295.933,1892.604,788.483,0.882,52.000,,
vino.mp4,860,28.667,1743.840,553.661,1602.555,323.761,1885.125,783.561,0.836,52.000,,
vino.mp4,861,28.700,1743.966,559.136,1603.900,334.956,1884.033,783.316,0.841,52.000,,
vino.mp4,862,28.733,1744.077,561.618,1603.068,339.687,1885.086,783.549,0.851,52.000,,
vino.mp4,863,28.767,1743.794,561.880,1600.651,340.274,1886.938,783.486,0.900,52.000,,
vino.mp4,864,28.800,1742.771,559.974,1597.396,338.628,1888.146,781.319,0.883,52.000,,
vino.mp4,865,28.833,1742.843,554.236,1596.868,335.792,1888.817,772.681,0.815,52.000,,
vino.mp4,866,28.867,1743.972,539.338,1603.110,333.437,1884.835,745.239,0.795,52.000,,
vino.mp4,867,28.900,1744.223,521.864,1610.537,332.564,1877.909,711.164,0.824,52.000,,
vino.mp4,868,28.933,1744.469,514.915,1611.673,332.514,1877.264,697.316,0.825,52.000,,
vino.mp4,869,28.967,1744.751,514.085,1611.052,335.707,1878.451,692.462,0.766,52.000,,
vino.mp4,870,29.000,1744.930,515.905,1609.975,340.854,1879.884,690.956,0.776,52.000,,
vino.mp4,871,29.033,1745.459,517.738,1607.939,343.741,1882.979,691.734,0.769,52.000,,
vino.mp4,872,29.067,1746.419,518.454,1606.236,344.951,1886.602,691.958,0.691,52.000,,
vino.mp4,873,29.100,1747.193,517.123,1602.974,341.760,1891.413,692.487,0.814,52.000,,
vino.mp4,874,29.133,1747.465,514.276,1598.347,335.416,1896.584,693.136,0.755,52.000,,
vino.mp4,875,29.167,1747.792,509.066,1592.935,324.864,1902.648,693.268,0.666,52.000,,
vino.mp4,876,29.200,1747.705,502.845,1586.881,312.385,1908.528,693.305,0.597,52.000,,
vino.mp4,877,29.233,1747.566,495.886,1580.704,298.221,1914.428,693.550,0.751,52.000,,
vino.mp4,878,29.267,1746.953,486.737,1573.906,279.506,1920.000,693.969,0.809,52.000,,
vino.mp4,879,29.300,1744.577,479.333,1569.154,264.560,1920.000,694.106,0.727,52.000,,
vino.mp4,880,29.333,1743.073,471.669,1566.146,250.359,1920.000,692.980,0.775,52.000,,
vino.mp4,881,29.367,1745.698,477.313,1571.396,261.518,1920.000,693.109,0.872,52.000,,
vino.mp4,882,29.400,1749.205,492.738,1583.223,291.683,1915.187,693.793,0.886,52.000,,
vino.mp4,883,29.433,1749.420,498.809,1587.542,303.487,1911.299,694.130,0.882,52.000,,
vino.mp4,884,29.467,1750.335,512.194,1597.108,329.536,1903.562,694.852,0.830,52.000,,
vino.mp4,885,29.500,1751.094,520.422,1602.780,345.867,1899.409,694.976,0.543,52.000,,
vino.mp4,886,29.533,1753.048,521.072,1605.304,348.345,1900.791,693.799,0.579,52.000,,
vino.mp4,887,29.567,1752.102,515.942,1602.447,341.464,1901.756,690.420,0.613,52.000,,
vino.mp4,888,29.600,1750.764,507.635,1601.882,334.729,1899.645,680.540,0.587,52.000,,
vino.mp4,889,29.633,,,,,,,,,,
vino.mp4,890,29.667,,,,,,,,,,
vino.mp4,891,29.700,,,,,,,,,,
vino.mp4,892,29.733,,,,,,,,,,
vino.mp4,893,29.767,1745.721,502.765,1617.995,358.348,1873.446,647.182,0.706,52.000,,
vino.mp4,894,29.800,1743.538,505.955,1616.517,365.359,1870.559,646.551,0.645,52.000,,
vino.mp4,895,29.833,1735.992,509.513,1609.222,372.551,1862.761,646.476,0.678,52.000,,
vino.mp4,896,29.867,1719.212,508.596,1588.506,370.481,1849.918,646.710,0.463,52.000,,
vino.mp4,897,29.900,1689.573,505.833,1550.783,363.506,1828.363,648.161,0.523,52.000,,
vino.mp4,898,29.933,1660.991,526.432,1533.165,404.677,1788.817,648.188,0.519,52.000,,
vino.mp4,899,29.967,1616.029,489.633,1461.077,348.046,1770.981,631.220,0.700,52.000,,
vino.mp4,900,30.000,1576.602,474.174,1403.039,323.698,1750.165,624.650,0.626,52.000,,
vino.mp4,901,30.033,,,,,,,,,,
vino.mp4,902,30.067,,,,,,,,,,
vino.mp4,903,30.100,,,,,,,,,,
vino.mp4,904,30.133,1456.271,459.834,1221.414,265.682,1691.127,653.987,0.628,52.000,,
vino.mp4,905,30.167,1445.614,481.563,1214.889,307.062,1676.340,656.064,0.620,52.000,,
vino.mp4,906,30.200,1485.634,522.554,1086.878,381.126,1884.390,663.983,0.408,,,
vino.mp4,907,30.233,1467.711,532.188,1260.392,401.750,1675.030,662.626,0.669,52.000,,
vino.mp4,908,30.267,1460.950,552.941,1255.221,441.800,1666.679,664.082,0.905,52.000,,
vino.mp4,909,30.300,1429.128,558.958,1212.387,453.524,1645.869,664.391,0.933,52.000,,
vino.mp4,910,30.333,1394.312,561.125,1162.986,456.259,1625.637,665.991,0.934,52.000,,
vino.mp4,911,30.367,1374.733,558.339,1121.986,449.154,1627.480,667.525,0.934,52.000,,
vino.mp4,912,30.400,1355.871,543.621,1060.088,417.667,1651.653,669.575,0.569,52.000,,
vino.mp4,913,30.433,1335.804,533.457,1009.201,394.329,1662.407,672.584,0.509,52.000,,
vino.mp4,914,30.467,1319.677,529.632,981.172,384.860,1658.181,674.404,0.732,52.000,,
vino.mp4,915,30.500,1308.396,538.361,970.477,393.344,1646.314,683.377,0.778,52.000,,
vino.mp4,916,30.533,,,,,,,,,,
vino.mp4,917,30.567,,,,,,,,,,
vino.mp4,918,30.600,,,,,,,,,,
vino.mp4,919,30.633,1289.811,613.263,917.891,462.158,1661.732,764.368,0.135,,,
vino.mp4,920,30.667,,,,,,,,,,
vino.mp4,921,30.700,,,,,,,,,,
vino.mp4,922,30.733,,,,,,,,,,
vino.mp4,923,30.767,,,,,,,,,,
vino.mp4,924,30.800,1208.428,599.354,885.849,465.263,1531.007,733.444,0.640,52.000,,
vino.mp4,925,30.833,,,,,,,,,,
vino.mp4,926,30.867,,,,,,,,,,
vino.mp4,927,30.900,,,,,,,,,,
vino.mp4,928,30.933,,,,,,,,,,
vino.mp4,929,30.967,,,,,,,,,,
vino.mp4,930,31.000,1054.998,559.628,595.911,354.532,1514.084,764.725,0.384,52.000,,
vino.mp4,931,31.033,1026.545,554.344,578.472,340.579,1474.617,768.109,0.778,52.000,,
vino.mp4,932,31.067,1002.060,547.916,566.052,326.309,1438.068,769.524,0.891,52.000,,
vino.mp4,933,31.100,989.144,544.370,568.293,318.096,1409.995,770.644,0.928,52.000,,
vino.mp4,934,31.133,981.962,544.970,580.676,318.487,1383.248,771.454,0.925,52.000,,
vino.mp4,935,31.167,977.565,550.033,600.730,328.531,1354.400,771.535,0.927,52.000,,
vino.mp4,936,31.200,976.510,555.218,623.226,340.454,1329.795,769.983,0.927,52.000,,
vino.mp4,937,31.233,976.973,562.478,646.101,355.844,1307.844,769.112,0.809,52.000,,
vino.mp4,938,31.267,984.833,566.686,670.606,365.808,1299.060,767.564,0.749,52.000,,
vino.mp4,939,31.300,1004.270,576.389,698.090,374.388,1310.450,778.390,0.918,52.000,,
vino.mp4,940,31.333,1029.685,557.845,764.773,380.085,1294.597,735.606,0.770,52.000,,
vino.mp4,941,31.367,1047.093,549.616,802.157,383.785,1292.030,715.448,0.880,52.000,,
vino.mp4,942,31.400,1065.774,551.039,829.339,391.066,1302.208,711.011,0.770,52.000,,
vino.mp4,943,31.433,1083.796,556.768,855.037,404.002,1312.555,709.534,0.715,52.000,,
vino.mp4,944,31.467,1100.883,561.480,878.862,416.834,1322.905,706.126,0.516,52.000,,
vino.mp4,945,31.500,,,,,,,,,,
vino.mp4,946,31.533,1156.457,567.988,930.068,422.214,1382.845,713.762,0.532,52.000,,
vino.mp4,947,31.567,1185.424,578.532,941.118,419.754,1429.729,737.309,0.595,52.000,,
vino.mp4,948,31.600,1201.827,585.508,931.945,405.848,1471.709,765.168,0.684,52.000,,
vino.mp4,949,31.633,1211.908,587.327,921.194,387.189,1502.622,787.466,0.867,52.000,,
vino.mp4,950,31.667,1215.805,588.546,909.414,368.761,1522.196,808.331,0.744,52.000,,
vino.mp4,951,31.700,1218.733,579.584,925.532,361.682,1511.933,797.486,0.502,52.000,,
vino.mp4,952,31.733,1221.102,595.509,929.570,371.368,1512.634,819.650,0.509,52.000,,
vino.mp4,953,31.767,1227.172,616.938,936.863,386.958,1517.481,846.919,0.509,52.000,,
vino.mp4,954,31.800,1231.156,625.272,944.792,391.984,1517.520,858.559,0.475,52.000,,
vino.mp4,955,31.833,1231.273,607.223,952.164,373.781,1510.382,840.665,0.658,52.000,,
vino.mp4,956,31.867,1238.933,609.641,940.499,349.770,1537.367,869.512,0.753,52.000,,
vino.mp4,957,31.900,1244.756,608.281,939.275,330.160,1550.238,886.403,0.580,52.000,,
vino.mp4,958,31.933,1248.633,606.838,946.170,319.528,1551.096,894.148,0.656,52.000,,
vino.mp4,959,31.967,1250.837,607.403,956.885,316.530,1544.789,898.276,0.885,52.000,,
vino.mp4,960,32.000,1241.918,609.243,958.747,318.114,1525.090,900.371,0.895,52.000,,
vino.mp4,961,32.033,1239.212,611.368,966.813,321.674,1511.611,901.063,0.868,52.000,,
vino.mp4,962,32.067,1233.914,613.519,971.801,325.691,1496.028,901.346,0.870,52.000,,
vino.mp4,963,32.100,1227.695,613.501,974.611,326.990,1480.780,900.011,0.894,52.000,,
vino.mp4,964,32.133,1223.169,612.439,977.625,326.316,1468.712,898.563,0.919,52.000,,
vino.mp4,965,32.167,1219.076,612.200,980.208,326.300,1457.943,898.101,0.844,52.000,,
vino.mp4,966,32.200,1213.179,611.929,981.818,327.846,1444.539,896.012,0.879,52.000,,
vino.mp4,967,32.233,1198.129,609.883,976.623,330.150,1419.635,889.616,0.869,52.000,,
vino.mp4,968,32.267,1190.329,607.146,976.570,330.687,1404.088,883.605,0.797,52.000,,
vino.mp4,969,32.300,1184.343,592.669,981.926,326.837,1386.761,858.501,0.867,52.000,,
vino.mp4,970,32.333,1176.398,570.886,986.685,320.550,1366.110,821.222,0.885,52.000,,
vino.mp4,971,32.367,1168.792,551.670,988.251,314.474,1349.333,788.867,0.916,52.000,,
vino.mp4,972,32.400,1161.107,542.919,981.331,307.928,1340.882,777.909,0.906,52.000,,
vino.mp4,973,32.433,1149.915,540.475,968.559,303.095,1331.271,777.856,0.897,52.000,,
vino.mp4,974,32.467,1136.398,544.433,950.719,296.551,1322.077,792.316,0.862,52.000,,
vino.mp4,975,32.500,1122.799,547.512,932.898,283.918,1312.700,811.105,0.826,52.000,,
vino.mp4,976,32.533,1114.743,544.280,926.035,271.432,1303.451,817.128,0.821,52.000,,
vino.mp4,977,32.567,1108.362,535.840,927.079,263.921,1289.644,807.759,0.409,52.000,,
vino.mp4,978,32.600,1101.790,527.145,929.981,261.523,1273.600,792.766,0.820,52.000,,
vino.mp4,979,32.633,1097.490,526.180,932.663,264.981,1262.317,787.379,0.781,52.000,,
vino.mp4,980,32.667,1105.008,536.684,949.018,287.637,1260.999,785.731,0.643,52.000,,
vino.mp4,981,32.700,1114.045,564.690,973.805,344.557,1254.285,784.823,0.603,52.000,,
vino.mp4,982,32.733,1107.946,576.883,975.239,370.129,1240.652,783.636,0.472,52.000,,
vino.mp4,983,32.767,1099.436,578.419,968.167,373.333,1230.705,783.504,0.638,52.000,,
vino.mp4,984,32.800,1093.300,572.813,959.657,361.896,1226.943,783.731,0.892,52.000,,
vino.mp4,985,32.833,1089.821,564.865,952.329,344.929,1227.313,784.801,0.883,52.000,,
vino.mp4,986,32.867,1089.277,555.956,948.077,326.398,1230.478,785.515,0.829,52.000,,
vino.mp4,987,32.900,1087.763,557.489,948.987,329.462,1226.539,785.515,0.779,52.000,,
vino.mp4,988,32.933,1072.180,582.505,945.158,378.982,1199.202,786.028,0.728,52.000,,
vino.mp4,989,32.967,1062.650,608.387,946.945,430.594,1178.355,786.181,0.629,52.000,,
vino.mp4,990,33.000,1065.170,626.022,956.840,465.828,1173.500,786.216,0.758,52.000,,
vino.mp4,991,33.033,1066.315,632.204,958.592,478.101,1174.038,786.306,0.832,52.000,,
vino.mp4,992,33.067,1064.912,632.643,954.314,479.047,1175.510,786.240,0.838,52.000,,
vino.mp4,993,33.100,1062.166,626.186,944.467,466.170,1179.865,786.202,0.768,52.000,,
vino.mp4,994,33.133,1064.053,617.429,938.744,448.744,1189.363,786.113,0.826,52.000,,
vino.mp4,995,33.167,1067.738,607.851,935.467,429.961,1200.010,785.741,0.806,52.000,,
vino.mp4,996,33.200,1072.678,601.356,936.279,416.974,1209.077,785.738,0.760,52.000,,
vino.mp4,997,33.233,1078.683,595.608,939.716,405.637,1217.651,785.578,0.777,52.000,,
vino.mp4,998,33.267,1085.325,590.921,945.243,396.255,1225.407,785.586,0.836,52.000,,
vino.mp4,999,33.300,1089.249,586.910,948.895,388.285,1229.602,785.535,0.882,52.000,,
vino.mp4,1000,33.333,1091.909,585.040,952.800,384.414,1231.017,785.665,0.899,52.000,,
vino.mp4,1001,33.367,1093.329,584.096,955.788,382.070,1230.869,786.123,0.869,52.000,,
vino.mp4,1002,33.400,1094.757,583.569,959.181,380.932,1230.333,786.207,0.857,52.000,,
vino.mp4,1003,33.433,1095.493,583.860,962.677,382.244,1228.308,785.476,0.860,52.000,,
vino.mp4,1004,33.467,1095.929,584.014,965.291,382.877,1226.567,785.151,0.841,52.000,,
vino.mp4,1005,33.500,1096.209,584.065,967.401,383.123,1225.016,785.007,0.851,52.000,,
vino.mp4,1006,33.533,1097.017,583.842,969.625,382.600,1224.409,785.085,0.878,52.000,,
vino.mp4,1007,33.567,1097.248,583.789,971.301,382.533,1223.194,785.045,0.888,52.000,,
vino.mp4,1008,33.600,1097.321,583.896,972.640,382.547,1222.003,785.245,0.881,52.000,,
vino.mp4,1009,33.633,1096.666,583.628,972.914,381.827,1220.419,785.428,0.864,52.000,,
vino.mp4,1010,33.667,1096.230,583.534,973.479,381.598,1218.980,785.471,0.845,52.000,,
vino.mp4,1011,33.700,1095.892,583.925,974.162,382.185,1217.622,785.665,0.879,52.000,,
vino.mp4,1012,33.733,1095.319,583.624,974.341,381.804,1216.298,785.444,0.868,52.000,,
vino.mp4,1013,33.767,1095.131,583.857,974.669,381.663,1215.593,786.051,0.894,52.000,,
vino.mp4,1014,33.800,1094.481,583.433,974.629,381.167,1214.332,785.699,0.893,52.000,,
vino.mp4,1015,33.833,1094.018,582.743,974.452,379.889,1213.583,785.597,0.891,52.000,,
vino.mp4,1016,33.867,1093.007,582.563,973.795,379.477,1212.218,785.649,0.894,52.000,,
vino.mp4,1017,33.900,1091.872,582.567,972.929,379.354,1210.815,785.780,0.892,52.000,,
vino.mp4,1018,33.933,1090.722,582.650,971.967,379.367,1209.478,785.933,0.892,52.000,,
vino.mp4,1019,33.967,1089.999,582.500,971.244,378.844,1208.753,786.156,0.904,52.000,,
vino.mp4,1020,34.000,1089.885,583.221,971.809,380.554,1207.961,785.888,0.871,52.000,,
vino.mp4,1021,34.033,1089.759,583.872,972.155,381.891,1207.364,785.854,0.861,52.000,,
vino.mp4,1022,34.067,1088.165,584.751,970.965,383.851,1205.365,785.651,0.887,52.000,,
vino.mp4,1023,34.100,1085.379,586.744,968.397,387.455,1202.361,786.033,0.896,52.000,,
vino.mp4,1024,34.133,1080.713,590.162,964.766,395.076,1196.661,785.249,0.889,52.000,,
vino.mp4,1025,34.167,1079.535,592.987,964.098,400.991,1194.972,784.983,0.895,52.000,,
vino.mp4,1026,34.200,1080.408,592.176,963.716,399.431,1197.099,784.922,0.887,52.000,,
vino.mp4,1027,34.233,1083.370,589.856,965.051,394.651,1201.688,785.062,0.886,52.000,,
vino.mp4,1028,34.267,1086.742,587.396,967.194,389.616,1206.290,785.176,0.896,52.000,,
vino.mp4,1029,34.300,1089.036,583.491,967.739,381.601,1210.333,785.380,0.899,52.000,,
vino.mp4,1030,34.333,1090.020,578.917,966.827,372.309,1213.212,785.524,0.886,52.000,,
vino.mp4,1031,34.367,1090.567,576.102,966.641,366.662,1214.494,785.542,0.807,52.000,,
vino.mp4,1032,34.400,1090.673,578.941,968.769,372.010,1212.576,785.872,0.808,52.000,,
vino.mp4,1033,34.433,1090.878,583.344,971.747,380.769,1210.008,785.920,0.845,52.000,,
vino.mp4,1034,34.467,1091.011,608.799,985.010,431.853,1197.013,785.746,0.791,52.000,,
vino.mp4,1035,34.500,1106.062,613.224,999.525,440.747,1212.599,785.701,0.837,52.000,,
vino.mp4,1036,34.533,1114.335,616.810,1006.840,448.600,1221.829,785.021,0.876,52.000,,
vino.mp4,1037,34.567,1116.643,619.120,1007.472,453.361,1225.813,784.878,0.894,52.000,,
vino.mp4,1038,34.600,1114.717,619.485,1003.229,454.081,1226.205,784.889,0.896,52.000,,
vino.mp4,1039,34.633,1113.349,618.805,999.245,452.693,1227.453,784.916,0.901,52.000,,
vino.mp4,1040,34.667,1112.152,617.746,995.222,450.314,1229.083,785.179,0.909,52.000,,
vino.mp4,1041,34.700,1111.646,616.745,992.305,448.359,1230.986,785.131,0.896,52.000,,
vino.mp4,1042,34.733,1111.417,616.124,990.104,447.149,1232.730,785.099,0.906,52.000,,
vino.mp4,1043,34.767,1111.786,615.818,988.934,446.526,1234.638,785.111,0.909,52.000,,
vino.mp4,1044,34.800,1112.339,615.638,988.339,446.319,1236.340,784.957,0.903,52.000,,
vino.mp4,1045,34.833,1113.150,615.472,988.214,446.141,1238.086,784.803,0.872,52.000,,
vino.mp4,1046,34.867,1113.826,615.449,988.091,446.083,1239.562,784.815,0.850,52.000,,
vino.mp4,1047,34.900,1113.876,615.435,987.384,446.026,1240.369,784.844,0.850,52.000,,
vino.mp4,1048,34.933,1114.680,615.546,987.520,445.976,1241.841,785.116,0.860,52.000,,
vino.mp4,1049,34.967,1116.162,615.615,988.637,445.962,1243.687,785.267,0.889,52.000,,
vino.mp4,1050,35.000,1117.678,615.302,989.826,445.387,1245.531,785.216,0.907,52.000,,
vino.mp4,1051,35.033,1118.437,614.804,990.228,444.539,1246.647,785.069,0.920,52.000,,
vino.mp4,1052,35.067,1118.253,614.201,989.440,443.224,1247.066,785.177,0.912,52.000,,
vino.mp4,1053,35.100,1117.524,613.085,988.491,442.037,1246.558,784.133,0.915,52.000,,
vino.mp4,1054,35.133,1117.103,612.193,987.432,440.547,1246.774,783.839,0.913,52.000,,
vino.mp4,1055,35.167,1115.875,611.339,985.269,438.668,1246.481,784.010,0.916,52.000,,
vino.mp4,1056,35.200,1114.626,610.281,983.077,436.333,1246.176,784.229,0.910,52.000,,
vino.mp4,1057,35.233,1114.105,609.099,981.606,433.776,1246.605,784.422,0.911,52.000,,
vino.mp4,1058,35.267,1112.839,607.506,979.444,430.508,1246.234,784.504,0.907,52.000,,
vino.mp4,1059,35.300,1109.699,604.341,974.573,423.515,1244.824,785.167,0.821,52.000,,
vino.mp4,1060,35.333,1100.310,615.829,974.527,446.371,1226.094,785.287,0.839,52.000,,
vino.mp4,1061,35.367,1099.411,599.605,963.941,413.746,1234.880,785.464,0.845,52.000,,
vino.mp4,1062,35.400,1097.024,591.637,958.566,397.910,1235.481,785.364,0.879,52.000,,
vino.mp4,1063,35.433,1095.763,587.135,956.803,388.750,1234.722,785.519,0.798,52.000,,
vino.mp4,1064,35.467,1094.825,584.789,956.882,384.167,1232.768,785.412,0.901,52.000,,
vino.mp4,1065,35.500,1094.024,582.813,957.145,380.247,1230.904,785.379,0.903,52.000,,
vino.mp4,1066,35.533,1093.220,580.746,957.179,376.106,1229.261,785.385,0.868,52.000,,
vino.mp4,1067,35.567,1092.659,578.699,957.358,372.000,1227.959,785.398,0.883,52.000,,
vino.mp4,1068,35.600,1092.402,577.649,958.396,369.984,1226.409,785.314,0.899,52.000,,
vino.mp4,1069,35.633,1092.224,578.248,960.336,371.330,1224.111,785.165,0.890,52.000,,
vino.mp4,1070,35.667,1092.063,579.915,962.638,374.766,1221.488,785.064,0.891,52.000,,
vino.mp4,1071,35.700,1091.275,582.668,964.680,380.537,1217.870,784.799,0.867,52.000,,
vino.mp4,1072,35.733,1090.880,584.836,966.452,385.022,1215.308,784.650,0.853,52.000,,
vino.mp4,1073,35.767,1090.629,585.599,967.057,386.229,1214.200,784.968,0.868,52.000,,
vino.mp4,1074,35.800,1090.521,583.945,966.421,382.522,1214.622,785.367,0.880,52.000,,
vino.mp4,1075,35.833,1090.488,580.035,964.934,374.612,1216.043,785.457,0.893,52.000,,
vino.mp4,1076,35.867,1089.974,575.416,962.808,365.625,1217.140,785.208,0.878,52.000,,
vino.mp4,1077,35.900,1089.617,573.715,962.650,362.701,1216.584,784.728,0.880,52.000,,
vino.mp4,1078,35.933,1089.858,577.259,965.601,369.945,1214.115,784.573,0.880,52.000,,
vino.mp4,1079,35.967,1090.822,584.928,970.943,385.292,1210.700,784.565,0.826,52.000,,
vino.mp4,1080,36.000,1096.074,595.971,981.198,407.384,1210.951,784.558,0.804,52.000,,
vino.mp4,1081,36.033,1100.615,603.580,988.201,422.365,1213.030,784.795,0.764,52.000,,
vino.mp4,1082,36.067,1102.041,606.380,989.544,428.107,1214.538,784.653,0.803,52.000,,
vino.mp4,1083,36.100,1102.589,607.226,989.073,429.958,1216.104,784.494,0.808,52.000,,
vino.mp4,1084,36.133,1102.990,606.918,987.882,429.342,1218.097,784.494,0.824,52.000,,
vino.mp4,1085,36.167,1102.562,606.644,986.008,428.722,1219.115,784.566,0.709,52.000,,
vino.mp4,1086,36.200,1102.065,606.512,984.306,428.439,1219.824,784.586,0.749,52.000,,
vino.mp4,1087,36.233,1101.656,606.248,982.805,427.920,1220.507,784.575,0.768,52.000,,
vino.mp4,1088,36.267,1101.245,605.831,981.367,427.108,1221.122,784.554,0.762,52.000,,
vino.mp4,1089,36.300,1100.696,605.053,979.743,425.551,1221.649,784.554,0.740,52.000,,
vino.mp4,1090,36.333,1100.139,604.134,978.198,423.757,1222.079,784.510,0.722,52.000,,
vino.mp4,1091,36.367,1099.560,603.132,976.709,421.776,1222.411,784.488,0.742,52.000,,
vino.mp4,1092,36.400,1099.124,601.375,975.017,418.292,1223.231,784.458,0.776,52.000,,
vino.mp4,1093,36.433,1098.143,598.874,972.537,413.249,1223.749,784.500,0.782,52.000,,
vino.mp4,1094,36.467,1095.259,595.003,967.909,405.544,1222.609,784.461,0.808,52.000,,
vino.mp4,1095,36.500,1092.080,589.601,962.518,394.623,1221.642,784.579,0.845,52.000,,
vino.mp4,1096,36.533,1091.187,584.138,959.746,383.708,1222.628,784.567,0.867,52.000,,
vino.mp4,1097,36.567,1091.090,578.605,958.080,372.859,1224.101,784.350,0.811,52.000,,
vino.mp4,1098,36.600,1091.095,576.644,958.512,368.852,1223.678,784.437,0.840,52.000,,
vino.mp4,1099,36.633,1091.083,574.789,959.023,365.142,1223.143,784.436,0.861,52.000,,
vino.mp4,1100,36.667,1091.285,575.066,960.859,365.647,1221.710,784.485,0.841,52.000,,
vino.mp4,1101,36.700,1091.680,578.604,964.546,372.726,1218.814,784.481,0.854,52.000,,
vino.mp4,1102,36.733,1091.955,585.111,969.322,385.638,1214.589,784.584,0.873,52.000,,
vino.mp4,1103,36.767,1092.320,592.063,974.027,399.449,1210.614,784.677,0.826,52.000,,
vino.mp4,1104,36.800,1092.659,596.090,976.829,407.458,1208.489,784.723,0.668,52.000,,
vino.mp4,1105,36.833,1092.799,597.271,977.796,409.915,1207.801,784.627,0.619,52.000,,
vino.mp4,1106,36.867,1092.884,595.230,976.910,405.890,1208.858,784.570,0.775,52.000,,
vino.mp4,1107,36.900,1093.202,590.270,974.853,396.036,1211.551,784.505,0.816,52.000,,
vino.mp4,1108,36.933,1093.558,583.194,971.881,381.767,1215.234,784.621,0.805,52.000,,
vino.mp4,1109,36.967,1093.468,577.640,969.699,370.764,1217.236,784.515,0.837,52.000,,
vino.mp4,1110,37.000,1093.455,577.011,970.350,369.618,1216.561,784.404,0.858,52.000,,
vino.mp4,1111,37.033,1093.571,580.314,972.904,376.005,1214.239,784.622,0.876,52.000,,
vino.mp4,1112,37.067,1094.672,583.747,976.401,382.770,1212.944,784.723,0.862,52.000,,
vino.mp4,1113,37.100,1095.211,587.193,979.104,389.482,1211.318,784.904,0.866,52.000,,
vino.mp4,1114,37.133,1095.435,589.034,980.455,392.910,1210.414,785.158,0.883,52.000,,
vino.mp4,1115,37.167,1095.429,589.345,980.876,393.609,1209.982,785.080,0.863,52.000,,
vino.mp4,1116,37.200,1095.505,589.007,980.997,392.901,1210.012,785.112,0.892,52.000,,
vino.mp4,1117,37.233,1096.083,588.851,981.794,392.577,1210.372,785.125,0.889,52.000,,
vino.mp4,1118,37.267,1096.182,588.981,982.314,393.038,1210.049,784.924,0.873,52.000,,
vino.mp4,1119,37.300,1096.305,589.776,982.994,394.570,1209.616,784.981,0.878,52.000,,
vino.mp4,1120,37.333,1098.033,591.401,985.614,397.502,1210.453,785.300,0.871,52.000,,
vino.mp4,1121,37.367,1100.446,592.657,989.037,400.206,1211.855,785.107,0.851,52.000,,
vino.mp4,1122,37.400,1104.132,593.980,993.766,402.765,1214.499,785.195,0.793,52.000,,
vino.mp4,1123,37.433,1106.246,594.788,996.917,404.845,1215.575,784.731,0.518,52.000,,
vino.mp4,1124,37.467,1106.668,595.529,998.130,406.488,1215.205,784.569,0.539,52.000,,
vino.mp4,1125,37.500,1106.696,595.903,998.607,407.241,1214.786,784.565,0.592,52.000,,
vino.mp4,1126,37.533,1106.623,595.937,998.723,407.283,1214.523,784.591,0.686,52.000,,
vino.mp4,1127,37.567,1106.107,595.375,998.092,406.094,1214.122,784.657,0.737,52.000,,
vino.mp4,1128,37.600,1105.406,592.845,996.366,400.937,1214.446,784.752,0.779,52.000,,
vino.mp4,1129,37.633,1102.986,587.539,991.873,390.626,1214.099,784.451,0.841,52.000,,
vino.mp4,1130,37.667,1100.504,580.597,986.556,377.097,1214.451,784.097,0.863,52.000,,
vino.mp4,1131,37.700,1096.303,574.948,979.725,365.412,1212.880,784.483,0.897,52.000,,
vino.mp4,1132,37.733,1093.336,570.365,974.991,356.691,1211.681,784.039,0.903,52.000,,
vino.mp4,1133,37.767,1091.216,573.549,974.266,362.308,1208.167,784.791,0.886,52.000,,
vino.mp4,1134,37.800,1089.944,577.329,974.900,369.968,1204.987,784.689,0.881,52.000,,
vino.mp4,1135,37.833,1089.666,582.683,976.796,380.235,1202.536,785.132,0.913,52.000,,
vino.mp4,1136,37.867,1089.350,587.365,978.340,389.621,1200.360,785.109,0.910,52.000,,
vino.mp4,1137,37.900,1088.769,589.399,978.234,393.859,1199.303,784.939,0.901,52.000,,
vino.mp4,1138,37.933,1088.514,589.913,977.761,395.355,1199.268,784.470,0.908,52.000,,
vino.mp4,1139,37.967,1087.851,589.189,976.145,394.049,1199.557,784.328,0.805,52.000,,
vino.mp4,1140,38.000,1086.892,588.929,973.876,392.674,1199.909,785.184,0.891,52.000,,
vino.mp4,1141,38.033,,,,,,,,,,
vino.mp4,1142,38.067,,,,,,,,,,
vino.mp4,1143,38.100,,,,,,,,,,
vino.mp4,1144,38.133,,,,,,,,,,
vino.mp4,1145,38.167,1068.556,635.177,907.601,349.633,1229.512,920.720,0.498,52.000,,
vino.mp4,1146,38.200,,,,,,,,,,
vino.mp4,1147,38.233,1066.156,637.633,895.710,325.908,1236.602,949.358,0.486,52.000,,
vino.mp4,1148,38.267,1066.338,633.015,896.828,313.559,1235.847,952.472,0.564,52.000,,
vino.mp4,1149,38.300,1061.085,631.269,891.829,305.200,1230.341,957.337,0.591,52.000,,
vino.mp4,1150,38.333,1061.615,630.690,895.590,303.200,1227.640,958.180,0.618,52.000,,
vino.mp4,1151,38.367,1072.252,630.616,913.135,306.644,1231.370,954.589,0.752,52.000,,
vino.mp4,1152,38.400,1079.834,631.624,927.637,311.751,1232.031,951.497,0.806,52.000,,
vino.mp4,1153,38.433,1085.439,631.964,939.864,316.356,1231.013,947.571,0.847,52.000,,
vino.mp4,1154,38.467,1089.350,632.238,949.356,319.423,1229.345,945.052,0.851,52.000,,
vino.mp4,1155,38.500,1092.325,631.566,957.245,320.830,1227.406,942.303,0.856,52.000,,
vino.mp4,1156,38.533,1095.026,631.538,964.354,322.292,1225.697,940.783,0.871,52.000,,
vino.mp4,1157,38.567,1097.365,630.278,970.939,322.876,1223.792,937.681,0.868,52.000,,
vino.mp4,1158,38.600,1100.153,629.801,977.381,322.936,1222.926,936.665,0.817,52.000,,
vino.mp4,1159,38.633,1101.762,629.037,982.270,322.420,1221.255,935.654,0.751,52.000,,
vino.mp4,1160,38.667,1102.970,630.373,985.612,321.464,1220.329,939.283,0.759,52.000,,
vino.mp4,1161,38.700,1104.381,629.755,989.645,321.180,1219.118,938.329,0.804,52.000,,
vino.mp4,1162,38.733,1106.749,629.263,993.803,320.011,1219.695,938.516,0.869,52.000,,
vino.mp4,1163,38.767,1117.816,627.251,1004.344,314.585,1231.287,939.916,0.697,52.000,,
vino.mp4,1164,38.800,1117.652,622.894,1004.810,308.132,1230.493,937.656,0.804,52.000,,
vino.mp4,1165,38.833,1119.035,619.217,1007.290,304.033,1230.780,934.400,0.782,52.000,,
vino.mp4,1166,38.867,1118.513,614.833,1008.876,302.726,1228.150,926.941,0.788,52.000,,
vino.mp4,1167,38.900,1118.237,613.067,1011.859,308.712,1224.615,917.422,0.798,52.000,,
vino.mp4,1168,38.933,1120.577,615.932,1015.620,315.062,1225.534,916.803,0.766,52.000,,
vino.mp4,1169,38.967,1125.948,608.801,1022.515,314.114,1229.382,903.489,0.760,52.000,,
vino.mp4,1170,39.000,1132.198,606.987,1027.495,310.831,1236.900,903.143,0.690,52.000,,
vino.mp4,1171,39.033,1138.647,609.077,1031.024,307.287,1246.270,910.868,0.591,52.000,,
vino.mp4,1172,39.067,1144.672,610.151,1034.779,306.062,1254.565,914.241,0.550,52.000,,
vino.mp4,1173,39.100,1150.266,607.869,1039.054,305.587,1261.477,910.151,0.528,52.000,,
vino.mp4,1174,39.133,1155.824,600.564,1044.612,305.185,1267.036,895.943,0.547,52.000,,
vino.mp4,1175,39.167,1159.899,593.831,1048.130,304.340,1271.668,883.322,0.601,52.000,,
vino.mp4,1176,39.200,1163.677,582.316,1052.772,303.832,1274.582,860.800,0.471,52.000,,
vino.mp4,1177,39.233,1166.383,572.538,1055.119,301.835,1277.647,843.241,0.487,52.000,,
vino.mp4,1178,39.267,1169.358,564.278,1056.765,299.195,1281.952,829.362,0.602,52.000,,
vino.mp4,1179,39.300,1170.203,558.856,1056.056,298.452,1284.350,819.260,0.670,52.000,,
vino.mp4,1180,39.333,1171.026,554.286,1055.221,298.260,1286.831,810.313,0.633,52.000,,
vino.mp4,1181,39.367,1172.353,550.752,1053.936,296.761,1290.771,804.743,0.664,52.000,,
vino.mp4,1182,39.400,1171.388,548.768,1049.469,294.034,1293.308,803.502,0.796,52.000,,
vino.mp4,1183,39.433,1170.945,547.014,1046.100,292.245,1295.791,801.784,0.819,52.000,,
vino.mp4,1184,39.467,1170.737,546.379,1043.230,291.735,1298.245,801.024,0.782,52.000,,
vino.mp4,1185,39.500,1169.639,546.144,1039.222,290.192,1300.056,802.096,0.593,52.000,,
vino.mp4,1186,39.533,1167.458,547.761,1034.401,290.029,1300.516,805.492,0.374,52.000,,
vino.mp4,1187,39.567,1172.028,548.548,1036.408,290.553,1307.647,806.542,0.425,52.000,,
vino.mp4,1188,39.600,1165.603,550.249,1028.296,290.754,1302.910,809.744,0.340,52.000,,
vino.mp4,1189,39.633,1161.130,550.323,1023.259,290.918,1299.002,809.728,0.354,52.000,,
vino.mp4,1190,39.667,,,,,,,,,,
vino.mp4,1191,39.700,,,,,,,,,,
vino.mp4,1192,39.733,,,,,,,,,,
vino.mp4,1193,39.767,1150.946,550.584,1015.312,295.620,1286.580,805.547,0.337,52.000,,
vino.mp4,1194,39.800,1148.689,551.958,1012.840,296.510,1284.537,807.406,0.400,52.000,,
vino.mp4,1195,39.833,,,,,,,,,,
vino.mp4,1196,39.867,,,,,,,,,,
vino.mp4,1197,39.900,1143.580,557.216,1012.234,295.280,1274.926,819.151,0.212,,,
vino.mp4,1198,39.933,,,,,,,,,,
vino.mp4,1199,39.967,,,,,,,,,,
vino.mp4,1200,40.000,,,,,,,,,,
vino.mp4,1201,40.033,,,,,,,,,,
vino.mp4,1202,40.067,,,,,,,,,,
vino.mp4,1203,40.100,,,,,,,,,,
vino.mp4,1204,40.133,,,,,,,,,,
vino.mp4,1205,40.167,,,,,,,,,,
vino.mp4,1206,40.200,,,,,,,,,,
vino.mp4,1207,40.233,,,,,,,,,,
vino.mp4,1208,40.267,1141.445,616.283,978.032,286.921,1304.858,945.646,0.480,52.000,,
vino.mp4,1209,40.300,1142.953,613.007,984.414,277.324,1301.492,948.691,0.579,52.000,,
vino.mp4,1210,40.333,1143.665,611.626,989.529,272.833,1297.800,950.419,0.778,52.000,,
vino.mp4,1211,40.367,1143.644,611.623,993.659,272.077,1293.629,951.170,0.809,52.000,,
vino.mp4,1212,40.400,1144.674,612.195,998.542,273.088,1290.806,951.302,0.823,52.000,,
vino.mp4,1213,40.433,1146.310,615.208,1003.548,277.230,1289.073,953.185,0.731,52.000,,
vino.mp4,1214,40.467,1146.586,619.227,1008.324,286.700,1284.848,951.755,0.756,52.000,,
vino.mp4,1215,40.500,1147.124,625.716,1013.626,301.015,1280.622,950.417,0.804,52.000,,
vino.mp4,1216,40.533,1147.489,631.985,1018.069,314.923,1276.908,949.046,0.867,52.000,,
vino.mp4,1217,40.567,1145.821,637.463,1019.437,325.705,1272.205,949.221,0.847,52.000,,
vino.mp4,1218,40.600,1146.529,640.079,1022.115,331.874,1270.944,948.283,0.753,52.000,,
vino.mp4,1219,40.633,1145.324,640.682,1021.976,333.175,1268.672,948.189,0.751,52.000,,
vino.mp4,1220,40.667,1141.800,636.289,1019.845,329.627,1263.754,942.952,0.743,52.000,,
vino.mp4,1221,40.700,1131.882,628.773,1013.003,325.197,1250.761,932.349,0.811,52.000,,
vino.mp4,1222,40.733,1130.479,616.257,1015.907,322.150,1245.050,910.364,0.511,52.000,,
vino.mp4,1223,40.767,1131.695,599.394,1021.500,317.850,1241.890,880.938,0.666,52.000,,
vino.mp4,1224,40.800,1149.267,591.477,1037.408,313.181,1261.126,869.774,0.906,52.000,,
vino.mp4,1225,40.833,1173.455,584.239,1055.734,304.497,1291.176,863.980,0.925,52.000,,
vino.mp4,1226,40.867,1185.046,571.934,1063.550,297.039,1306.542,846.828,0.423,52.000,,
vino.mp4,1227,40.900,1187.283,548.167,1066.707,288.743,1307.859,807.590,0.350,52.000,,
vino.mp4,1228,40.933,1179.947,528.921,1058.804,278.551,1301.090,779.290,0.651,52.000,,
vino.mp4,1229,40.967,1185.338,516.645,1059.692,268.405,1310.983,764.886,0.821,52.000,,
vino.mp4,1230,41.000,1198.224,507.685,1064.495,255.846,1331.953,759.524,0.827,52.000,,
vino.mp4,1231,41.033,1216.700,507.431,1076.032,257.276,1357.368,757.587,0.826,52.000,,
vino.mp4,1232,41.067,1239.036,520.871,1094.800,283.216,1383.272,758.526,0.897,52.000,,
vino.mp4,1233,41.100,1265.162,540.094,1118.120,320.120,1412.204,760.068,0.709,52.000,,
vino.mp4,1234,41.133,1292.171,547.295,1147.728,357.641,1436.615,736.949,0.455,52.000,,
vino.mp4,1235,41.167,,,,,,,,,,
vino.mp4,1236,41.200,,,,,,,,,,
vino.mp4,1237,41.233,1385.271,585.124,1223.633,394.796,1546.908,775.451,0.553,52.000,,
vino.mp4,1238,41.267,1423.599,580.276,1247.994,388.819,1599.204,771.734,0.722,52.000,,
vino.mp4,1239,41.300,1452.274,570.508,1250.888,362.618,1653.659,778.398,0.695,52.000,,
vino.mp4,1240,41.333,1487.331,567.164,1261.187,339.885,1713.475,794.443,0.738,52.000,,
vino.mp4,1241,41.367,1528.012,561.446,1287.402,321.946,1768.621,800.946,0.827,52.000,,
vino.mp4,1242,41.400,1569.079,563.031,1330.778,328.878,1807.381,797.183,0.590,52.000,,
vino.mp4,1243,41.433,1596.492,583.894,1368.471,366.983,1824.513,800.805,0.740,52.000,,
vino.mp4,1244,41.467,,,,,,,,,,
vino.mp4,1245,41.500,1615.294,643.626,1415.204,469.161,1815.384,818.091,0.367,52.000,,
vino.mp4,1246,41.533,,,,,,,,,,
vino.mp4,1247,41.567,,,,,,,,,,
vino.mp4,1248,41.600,,,,,,,,,,
vino.mp4,1249,41.633,,,,,,,,,,
vino.mp4,1250,41.667,,,,,,,,,,
vino.mp4,1251,41.700,,,,,,,,,,
vino.mp4,1252,41.733,,,,,,,,,,
vino.mp4,1253,41.767,,,,,,,,,,
vino.mp4,1254,41.800,,,,,,,,,,
vino.mp4,1255,41.833,,,,,,,,,,
vino.mp4,1256,41.867,,,,,,,,,,
vino.mp4,1257,41.900,,,,,,,,,,
vino.mp4,1258,41.933,,,,,,,,,,
vino.mp4,1259,41.967,,,,,,,,,,
vino.mp4,1260,42.000,,,,,,,,,,
vino.mp4,1261,42.033,,,,,,,,,,
vino.mp4,1262,42.067,,,,,,,,,,
vino.mp4,1263,42.100,,,,,,,,,,
vino.mp4,1264,42.133,1722.047,612.302,1524.763,378.380,1919.331,846.225,0.687,,,
vino.mp4,1265,42.167,1717.171,590.252,1514.343,342.624,1920.000,837.881,0.756,56.000,,
vino.mp4,1266,42.200,1711.994,572.413,1503.988,311.610,1920.000,833.216,0.850,56.000,,
vino.mp4,1267,42.233,1705.651,555.562,1491.302,281.151,1920.000,829.974,0.909,56.000,,
vino.mp4,1268,42.267,1699.529,541.677,1479.058,255.664,1920.000,827.690,0.943,56.000,,
vino.mp4,1269,42.300,1692.557,530.994,1465.114,235.096,1920.000,826.892,0.928,56.000,,
vino.mp4,1270,42.333,1685.426,523.461,1450.852,219.044,1920.000,827.878,0.928,56.000,,
vino.mp4,1271,42.367,1679.859,518.065,1439.719,206.990,1920.000,829.140,0.947,56.000,,
vino.mp4,1272,42.400,1677.696,514.681,1435.393,200.642,1920.000,828.720,0.948,56.000,,
vino.mp4,1273,42.433,1676.152,517.173,1432.304,203.806,1920.000,830.541,0.923,56.000,,
vino.mp4,1274,42.467,1678.953,532.173,1437.905,226.872,1920.000,837.474,0.797,56.000,,
vino.mp4,1275,42.500,1680.186,559.299,1452.816,273.943,1907.556,844.655,0.536,56.000,,
vino.mp4,1276,42.533,1678.352,568.299,1461.203,296.062,1895.502,840.535,0.630,56.000,,
vino.mp4,1277,42.567,1676.192,566.997,1462.971,299.748,1889.412,834.246,0.614,56.000,,
vino.mp4,1278,42.600,1674.391,561.126,1460.146,291.869,1888.637,830.382,0.373,56.000,,
vino.mp4,1279,42.633,,,,,,,,,,
vino.mp4,1280,42.667,,,,,,,,,,
vino.mp4,1281,42.700,1666.390,544.401,1441.551,258.111,1891.229,830.692,0.558,56.000,,
vino.mp4,1282,42.733,1663.548,538.909,1436.228,244.924,1890.869,832.895,0.629,56.000,,
vino.mp4,1283,42.767,1661.367,533.459,1433.482,234.037,1889.253,832.880,0.824,56.000,,
vino.mp4,1284,42.800,1659.825,527.136,1432.988,224.480,1886.662,829.791,0.802,56.000,,
vino.mp4,1285,42.833,1657.359,523.445,1432.294,218.403,1882.423,828.488,0.917,56.000,,
vino.mp4,1286,42.867,1655.213,523.440,1434.208,219.492,1876.217,827.388,0.910,56.000,,
vino.mp4,1287,42.900,1652.828,531.134,1439.374,234.123,1866.282,828.144,0.872,56.000,,
vino.mp4,1288,42.933,,,,,,,,,,
vino.mp4,1289,42.967,,,,,,,,,,
vino.mp4,1290,43.000,1644.510,580.189,1464.902,333.382,1824.119,826.996,0.722,56.000,,
vino.mp4,1291,43.033,1642.239,588.475,1467.089,350.165,1817.390,826.785,0.845,56.000,,
vino.mp4,1292,43.067,1639.896,586.821,1463.016,347.307,1816.775,826.334,0.824,56.000,,
vino.mp4,1293,43.100,1638.816,579.874,1457.046,333.707,1820.585,826.040,0.835,56.000,,
vino.mp4,1294,43.133,1637.969,570.040,1450.243,314.559,1825.695,825.521,0.909,56.000,,
vino.mp4,1295,43.167,1637.742,559.352,1443.910,293.292,1831.573,825.413,0.923,56.000,,
vino.mp4,1296,43.200,1637.825,549.718,1438.793,273.461,1836.858,825.975,0.933,56.000,,
vino.mp4,1297,43.233,1637.720,540.495,1434.412,254.680,1841.027,826.310,0.926,56.000,,
vino.mp4,1298,43.267,1637.736,531.748,1430.670,236.419,1844.802,827.078,0.933,56.000,,
vino.mp4,1299,43.300,1637.362,524.427,1427.992,221.315,1846.732,827.539,0.916,56.000,,
vino.mp4,1300,43.333,1638.493,522.393,1430.242,217.132,1846.744,827.655,0.940,56.000,,
vino.mp4,1301,43.367,1652.417,530.168,1449.037,232.839,1855.797,827.497,0.928,56.000,,
vino.mp4,1302,43.400,1669.327,551.219,1476.419,275.205,1862.235,827.233,0.920,56.000,,
vino.mp4,1303,43.433,1681.363,580.978,1502.145,334.523,1860.581,827.433,0.891,56.000,,
vino.mp4,1304,43.467,1673.464,597.926,1502.109,369.438,1844.819,826.415,0.847,56.000,,
vino.mp4,1305,43.500,1658.901,603.250,1488.630,379.969,1829.173,826.531,0.892,56.000,,
vino.mp4,1306,43.533,1662.348,599.051,1485.521,370.995,1839.176,827.107,0.886,56.000,,
vino.mp4,1307,43.567,1667.737,587.584,1479.961,348.205,1855.513,826.963,0.930,56.000,,
vino.mp4,1308,43.600,1671.682,567.411,1468.057,308.340,1875.307,826.483,0.942,56.000,,
vino.mp4,1309,43.633,1658.851,543.148,1439.444,259.451,1878.258,826.846,0.875,56.000,,
vino.mp4,1310,43.667,1645.316,522.353,1415.509,217.644,1875.122,827.063,0.898,56.000,,
vino.mp4,1311,43.700,1639.638,541.783,1426.985,256.740,1852.291,826.826,0.913,56.000,,
vino.mp4,1312,43.733,1636.645,553.878,1435.075,281.576,1838.216,826.180,0.906,56.000,,
vino.mp4,1313,43.767,1634.663,571.352,1445.901,316.574,1823.426,826.130,0.865,56.000,,
vino.mp4,1314,43.800,1634.087,601.824,1464.939,377.296,1803.236,826.352,0.853,56.000,,
vino.mp4,1315,43.833,1635.003,616.518,1473.917,406.183,1796.089,826.853,0.898,56.000,,
vino.mp4,1316,43.867,1635.471,621.856,1475.856,416.490,1795.085,827.222,0.893,56.000,,
vino.mp4,1317,43.900,1635.691,622.527,1474.757,418.159,1796.625,826.895,0.898,56.000,,
vino.mp4,1318,43.933,1635.527,613.768,1466.075,399.563,1804.980,827.974,0.803,56.000,,
vino.mp4,1319,43.967,1636.127,591.854,1451.405,356.806,1820.848,826.903,0.861,56.000,,
vino.mp4,1320,44.000,1637.329,572.548,1439.954,318.344,1834.703,826.753,0.921,56.000,,
vino.mp4,1321,44.033,1637.688,553.155,1428.522,279.180,1846.853,827.131,0.920,56.000,,
vino.mp4,1322,44.067,1638.464,539.026,1422.592,250.971,1854.335,827.081,0.937,56.000,,
vino.mp4,1323,44.100,1638.889,529.811,1420.358,232.583,1857.420,827.039,0.930,56.000,,
vino.mp4,1324,44.133,1638.573,525.186,1420.194,222.493,1856.953,827.879,0.922,56.000,,
vino.mp4,1325,44.167,1637.636,524.405,1422.052,220.457,1853.220,828.353,0.912,56.000,,
vino.mp4,1326,44.200,1636.577,528.185,1426.689,228.180,1846.466,828.190,0.866,56.000,,
vino.mp4,1327,44.233,1640.454,538.036,1438.544,247.696,1842.364,828.376,0.916,56.000,,
vino.mp4,1328,44.267,1655.605,557.523,1465.024,287.165,1846.187,827.881,0.899,56.000,,
vino.mp4,1329,44.300,1675.505,575.069,1491.753,322.020,1859.257,828.118,0.894,56.000,,
vino.mp4,1330,44.333,1671.016,587.667,1492.725,347.422,1849.306,827.913,0.861,56.000,,
vino.mp4,1331,44.367,1659.560,591.930,1482.774,356.416,1836.347,827.444,0.879,56.000,,
vino.mp4,1332,44.400,1656.713,588.238,1475.750,349.074,1837.676,827.402,0.886,56.000,,
vino.mp4,1333,44.433,1655.882,581.243,1468.776,334.834,1842.987,827.651,0.902,56.000,,
vino.mp4,1334,44.467,1652.210,569.578,1457.248,311.669,1847.171,827.488,0.917,56.000,,
vino.mp4,1335,44.500,1645.244,557.874,1443.877,288.324,1846.610,827.423,0.906,56.000,,
vino.mp4,1336,44.533,1639.698,546.738,1433.441,266.319,1845.956,827.157,0.914,56.000,,
vino.mp4,1337,44.567,1637.511,537.884,1427.846,247.979,1847.176,827.789,0.928,56.000,,
vino.mp4,1338,44.600,1636.719,530.837,1425.282,233.437,1848.156,828.236,0.927,56.000,,
vino.mp4,1339,44.633,1636.094,527.136,1425.234,225.751,1846.954,828.521,0.911,56.000,,
vino.mp4,1340,44.667,1636.085,528.904,1429.249,229.255,1842.922,828.553,0.892,56.000,,
vino.mp4,1341,44.700,1636.150,534.368,1435.517,240.842,1836.782,827.895,0.864,56.000,,
vino.mp4,1342,44.733,1636.102,547.135,1444.967,266.427,1827.236,827.843,0.863,56.000,,
vino.mp4,1343,44.767,1635.708,568.420,1458.060,308.978,1813.357,827.861,0.819,56.000,,
vino.mp4,1344,44.800,1635.575,584.142,1466.821,340.022,1804.329,828.263,0.670,56.000,,
vino.mp4,1345,44.833,1635.577,592.693,1471.121,357.336,1800.034,828.050,0.608,56.000,,
vino.mp4,1346,44.867,1635.237,594.863,1470.661,361.488,1799.814,828.238,0.521,56.000,,
vino.mp4,1347,44.900,1635.252,591.565,1467.272,354.632,1803.232,828.497,0.711,56.000,,
vino.mp4,1348,44.933,1635.061,582.430,1460.487,336.271,1809.635,828.590,0.720,56.000,,
vino.mp4,1349,44.967,1635.298,572.058,1454.341,315.995,1816.255,828.121,0.734,56.000,,
vino.mp4,1350,45.000,1635.434,559.923,1447.485,292.074,1823.383,827.771,0.800,56.000,,
vino.mp4,1351,45.033,1635.430,548.054,1442.597,270.725,1828.263,825.384,0.864,56.000,,
vino.mp4,1352,45.067,1635.316,540.399,1438.113,253.543,1832.518,827.256,0.871,56.000,,
vino.mp4,1353,45.100,1634.904,533.106,1435.184,239.053,1834.624,827.160,0.844,56.000,,
vino.mp4,1354,45.133,1634.428,532.394,1435.575,236.368,1833.282,828.421,0.826,56.000,,
vino.mp4,1355,45.167,1634.132,535.741,1438.831,242.488,1829.433,828.994,0.717,56.000,,
vino.mp4,1356,45.200,1633.727,541.209,1443.537,254.161,1823.917,828.257,0.734,56.000,,
vino.mp4,1357,45.233,1633.416,548.027,1447.874,267.247,1818.959,828.806,0.574,56.000,,
vino.mp4,1358,45.267,,,,,,,,,,
vino.mp4,1359,45.300,,,,,,,,,,
vino.mp4,1360,45.333,1630.660,553.164,1447.998,275.271,1813.323,831.057,0.490,56.000,,
vino.mp4,1361,45.367,1633.273,552.688,1450.531,273.991,1816.015,831.384,0.698,56.000,,
vino.mp4,1362,45.400,1638.725,551.764,1454.888,271.798,1822.562,831.730,0.732,56.000,,
vino.mp4,1363,45.433,1643.011,551.100,1457.708,269.584,1828.315,832.616,0.724,56.000,,
vino.mp4,1364,45.467,1645.779,550.084,1459.187,267.358,1832.371,832.810,0.792,56.000,,
vino.mp4,1365,45.500,1645.982,548.786,1457.933,264.072,1834.030,833.499,0.760,56.000,,
vino.mp4,1366,45.533,1645.763,547.082,1456.535,260.566,1834.992,833.598,0.791,56.000,,
vino.mp4,1367,45.567,1646.624,546.276,1455.751,257.237,1837.497,835.316,0.805,56.000,,
vino.mp4,1368,45.600,1647.495,547.130,1455.357,256.100,1839.633,838.159,0.714,56.000,,
vino.mp4,1369,45.633,1648.064,547.621,1454.913,254.918,1841.216,840.325,0.670,56.000,,
vino.mp4,1370,45.667,1648.247,547.848,1454.784,254.617,1841.710,841.079,0.641,56.000,,
vino.mp4,1371,45.700,1648.569,547.765,1454.786,254.051,1842.352,841.479,0.720,56.000,,
vino.mp4,1372,45.733,1649.015,547.371,1454.939,253.267,1843.092,841.475,0.649,56.000,,
vino.mp4,1373,45.767,1649.477,546.942,1454.593,251.566,1844.360,842.317,0.678,56.000,,
vino.mp4,1374,45.800,1650.063,546.646,1454.713,250.582,1845.413,842.710,0.713,56.000,,
vino.mp4,1375,45.833,1650.636,546.929,1455.002,250.505,1846.271,843.353,0.613,56.000,,
vino.mp4,1376,45.867,1651.729,546.242,1455.963,249.887,1847.495,842.597,0.558,56.000,,
vino.mp4,1377,45.900,1653.326,545.341,1457.676,249.739,1848.977,840.943,0.603,56.000,,
vino.mp4,1378,45.933,1655.059,544.219,1459.362,249.315,1850.755,839.124,0.484,56.000,,
vino.mp4,1379,45.967,1658.934,542.569,1461.839,246.825,1856.029,838.313,0.502,56.000,,
vino.mp4,1380,46.000,1661.200,541.497,1461.632,243.163,1860.767,839.831,0.493,56.000,,
vino.mp4,1381,46.033,1662.509,540.921,1460.704,240.188,1864.315,841.655,0.452,56.000,,
vino.mp4,1382,46.067,,,,,,,,,,
vino.mp4,1383,46.100,,,,,,,,,,
vino.mp4,1384,46.133,,,,,,,,,,
vino.mp4,1385,46.167,,,,,,,,,,
vino.mp4,1386,46.200,,,,,,,,,,
vino.mp4,1387,46.233,,,,,,,,,,
vino.mp4,1388,46.267,,,,,,,,,,
vino.mp4,1389,46.300,,,,,,,,,,
vino.mp4,1390,46.333,,,,,,,,,,
vino.mp4,1391,46.367,,,,,,,,,,
vino.mp4,1392,46.400,,,,,,,,,,
vino.mp4,1393,46.433,,,,,,,,,,
vino.mp4,1394,46.467,,,,,,,,,,
vino.mp4,1395,46.500,,,,,,,,,,
vino.mp4,1396,46.533,,,,,,,,,,
vino.mp4,1397,46.567,,,,,,,,,,
vino.mp4,1398,46.600,,,,,,,,,,
vino.mp4,1399,46.633,,,,,,,,,,
vino.mp4,1400,46.667,,,,,,,,,,
vino.mp4,1401,46.700,,,,,,,,,,
vino.mp4,1402,46.733,,,,,,,,,,
vino.mp4,1403,46.767,,,,,,,,,,
vino.mp4,1404,46.800,,,,,,,,,,
vino.mp4,1405,46.833,1664.725,535.949,1456.277,225.906,1873.174,845.992,0.470,56.000,,
vino.mp4,1406,46.867,,,,,,,,,,
vino.mp4,1407,46.900,,,,,,,,,,
vino.mp4,1408,46.933,,,,,,,,,,
vino.mp4,1409,46.967,1638.657,526.357,1437.148,217.303,1840.166,835.411,0.626,56.000,,
vino.mp4,1410,47.000,1645.473,529.622,1448.026,226.252,1842.920,832.991,0.696,56.000,,
vino.mp4,1411,47.033,1658.023,540.601,1465.809,252.105,1850.236,829.097,0.749,56.000,,
vino.mp4,1412,47.067,1664.766,553.056,1477.331,279.542,1852.202,826.571,0.700,56.000,,
vino.mp4,1413,47.100,1667.756,558.100,1480.378,290.864,1855.135,825.337,0.835,56.000,,
vino.mp4,1414,47.133,1665.262,559.768,1476.087,293.663,1854.438,825.874,0.874,56.000,,
vino.mp4,1415,47.167,1662.203,558.652,1470.352,290.868,1854.054,826.435,0.807,56.000,,
vino.mp4,1416,47.200,1656.757,555.448,1462.482,284.660,1851.032,826.235,0.859,56.000,,
vino.mp4,1417,47.233,1647.685,552.213,1452.487,278.595,1842.882,825.831,0.829,56.000,,
vino.mp4,1418,47.267,1637.657,549.394,1442.621,272.880,1832.694,825.907,0.753,56.000,,
vino.mp4,1419,47.300,1630.950,547.272,1436.876,268.488,1825.024,826.056,0.668,56.000,,
vino.mp4,1420,47.333,1628.213,544.764,1434.798,263.270,1821.629,826.259,0.626,56.000,,
vino.mp4,1421,47.367,1626.742,543.504,1433.797,259.192,1819.687,827.816,0.637,56.000,,
vino.mp4,1422,47.400,1626.486,540.755,1434.346,254.362,1818.626,827.148,0.714,56.000,,
vino.mp4,1423,47.433,1626.606,537.839,1435.167,249.380,1818.046,826.297,0.708,56.000,,
vino.mp4,1424,47.467,1627.168,535.879,1436.417,245.423,1817.919,826.336,0.674,56.000,,
vino.mp4,1425,47.500,1627.447,534.498,1437.521,242.400,1817.372,826.595,0.672,56.000,,
vino.mp4,1426,47.533,1627.570,533.571,1438.657,240.363,1816.483,826.778,0.791,56.000,,
vino.mp4,1427,47.567,1627.701,532.335,1439.649,237.930,1815.754,826.740,0.766,56.000,,
vino.mp4,1428,47.600,1627.680,530.538,1440.058,234.307,1815.302,826.770,0.654,56.000,,
vino.mp4,1429,47.633,1627.904,530.705,1441.312,233.872,1814.497,827.537,0.650,56.000,,
vino.mp4,1430,47.667,1628.268,534.134,1444.962,241.001,1811.574,827.267,0.624,56.000,,
vino.mp4,1431,47.700,1628.410,543.928,1451.119,260.229,1805.702,827.628,0.415,56.000,,
vino.mp4,1432,47.733,,,,,,,,,,
vino.mp4,1433,47.767,1627.973,573.058,1454.898,319.136,1801.049,826.980,0.231,,,
vino.mp4,1434,47.800,1627.480,570.002,1465.004,312.809,1789.956,827.195,0.261,56.000,,
vino.mp4,1435,47.833,1627.781,573.319,1465.881,319.160,1789.681,827.479,0.372,56.000,,
vino.mp4,1436,47.867,1628.068,571.910,1464.239,316.159,1791.897,827.661,0.515,56.000,,
vino.mp4,1437,47.900,1628.247,568.014,1461.435,308.339,1795.059,827.690,0.479,56.000,,
vino.mp4,1438,47.933,1628.545,562.797,1458.379,297.969,1798.710,827.626,0.630,56.000,,
vino.mp4,1439,47.967,1628.773,556.299,1455.481,286.159,1802.065,826.438,0.717,56.000,,
vino.mp4,1440,48.000,1629.121,550.204,1452.550,273.887,1805.692,826.521,0.684,56.000,,
vino.mp4,1441,48.033,1629.180,544.833,1450.120,263.195,1808.241,826.471,0.587,56.000,,
vino.mp4,1442,48.067,1629.239,540.326,1448.349,254.108,1810.130,826.544,0.543,56.000,,
vino.mp4,1443,48.100,1629.107,536.508,1446.859,246.216,1811.356,826.800,0.610,56.000,,
vino.mp4,1444,48.133,1628.885,534.662,1446.549,242.389,1811.222,826.935,0.601,56.000,,
vino.mp4,1445,48.167,1628.649,535.022,1447.368,242.904,1809.930,827.140,0.701,56.000,,
vino.mp4,1446,48.200,1628.561,537.620,1449.253,247.613,1807.869,827.627,0.647,56.000,,
vino.mp4,1447,48.233,1628.416,545.278,1454.293,263.858,1802.539,826.697,0.606,56.000,,
vino.mp4,1448,48.267,1627.897,565.815,1464.739,304.761,1791.054,826.870,0.452,56.000,,
vino.mp4,1449,48.300,1630.483,577.466,1472.448,328.156,1788.518,826.776,0.603,56.000,,
vino.mp4,1450,48.333,1629.212,581.244,1472.581,336.829,1785.843,825.658,0.319,56.000,,
vino.mp4,1451,48.367,1628.883,578.023,1469.130,330.453,1788.635,825.594,0.531,56.000,,
vino.mp4,1452,48.400,1628.898,570.613,1463.909,315.542,1793.886,825.684,0.708,56.000,,
vino.mp4,1453,48.433,1628.930,560.298,1457.604,294.993,1800.257,825.603,0.735,56.000,,
vino.mp4,1454,48.467,1629.112,551.068,1452.283,276.010,1805.941,826.127,0.796,56.000,,
vino.mp4,1455,48.500,1629.290,543.891,1448.786,261.409,1809.795,826.374,0.784,56.000,,
vino.mp4,1456,48.533,1629.199,538.184,1446.076,249.643,1812.322,826.726,0.685,56.000,,
vino.mp4,1457,48.567,1629.008,535.816,1445.479,244.779,1812.537,826.854,0.583,56.000,,
vino.mp4,1458,48.600,1628.965,538.585,1447.936,250.379,1809.994,826.790,0.497,56.000,,
vino.mp4,1459,48.633,1628.357,548.180,1453.109,269.568,1803.606,826.792,0.546,56.000,,
vino.mp4,1460,48.667,,,,,,,,,,
vino.mp4,1461,48.700,,,,,,,,,,
vino.mp4,1462,48.733,,,,,,,,,,
vino.mp4,1463,48.767,1628.932,584.457,1474.507,343.806,1783.357,825.109,0.600,56.000,,
vino.mp4,1464,48.800,1629.096,586.059,1473.822,347.614,1784.370,824.504,0.746,56.000,,
vino.mp4,1465,48.833,1629.203,581.826,1469.799,339.138,1788.608,824.514,0.629,56.000,,
vino.mp4,1466,48.867,1629.233,575.777,1465.019,326.801,1793.446,824.753,0.670,56.000,,
vino.mp4,1467,48.900,1629.339,568.842,1460.317,312.808,1798.361,824.876,0.770,56.000,,
vino.mp4,1468,48.933,1629.482,561.899,1456.281,299.064,1802.682,824.734,0.805,56.000,,
vino.mp4,1469,48.967,1629.294,555.681,1452.686,286.627,1805.903,824.735,0.809,56.000,,
vino.mp4,1470,49.000,1629.379,550.229,1450.041,275.604,1808.718,824.854,0.853,56.000,,
vino.mp4,1471,49.033,1629.521,545.297,1448.132,265.884,1810.909,824.709,0.854,56.000,,
vino.mp4,1472,49.067,1629.372,541.636,1446.631,258.286,1812.114,824.985,0.868,56.000,,
vino.mp4,1473,49.100,1629.538,538.697,1446.221,252.611,1812.854,824.784,0.871,56.000,,
vino.mp4,1474,49.133,1629.541,537.372,1446.521,250.056,1812.562,824.689,0.897,56.000,,
vino.mp4,1475,49.167,1629.143,537.751,1447.528,251.290,1810.758,824.213,0.829,56.000,,
vino.mp4,1476,49.200,1628.899,541.124,1450.071,258.333,1807.727,823.914,0.746,56.000,,
vino.mp4,1477,49.233,1628.898,550.203,1454.856,275.238,1802.939,825.168,0.622,56.000,,
vino.mp4,1478,49.267,1628.247,567.526,1463.009,308.484,1793.484,826.567,0.606,56.000,,
vino.mp4,1479,49.300,1628.872,577.521,1468.443,328.400,1789.302,826.641,0.543,56.000,,
vino.mp4,1480,49.333,,,,,,,,,,
vino.mp4,1481,49.367,,,,,,,,,,
vino.mp4,1482,49.400,1627.880,576.514,1464.568,324.398,1791.192,828.630,0.430,56.000,,
vino.mp4,1483,49.433,1628.245,568.641,1459.914,309.139,1796.577,828.144,0.506,56.000,,
vino.mp4,1484,49.467,1628.614,558.763,1454.785,290.000,1802.443,827.527,0.657,56.000,,
vino.mp4,1485,49.500,1628.955,550.521,1450.966,273.901,1806.944,827.141,0.760,56.000,,
vino.mp4,1486,49.533,1628.827,543.164,1447.480,259.376,1810.175,826.953,0.745,56.000,,
vino.mp4,1487,49.567,1628.858,538.295,1446.026,250.233,1811.690,826.356,0.841,56.000,,
vino.mp4,1488,49.600,1628.854,538.023,1447.496,250.925,1810.213,825.121,0.849,56.000,,
vino.mp4,1489,49.633,1628.666,544.529,1451.558,263.848,1805.773,825.211,0.770,56.000,,
vino.mp4,1490,49.667,1627.381,560.703,1459.075,295.921,1795.687,825.485,0.656,56.000,,
vino.mp4,1491,49.700,1626.451,576.647,1466.060,327.357,1786.841,825.936,0.494,56.000,,
vino.mp4,1492,49.733,1626.935,584.277,1470.108,343.367,1783.763,825.186,0.748,56.000,,
vino.mp4,1493,49.767,1627.809,586.781,1471.320,348.937,1784.298,824.625,0.802,56.000,,
vino.mp4,1494,49.800,1627.977,584.793,1469.199,345.392,1786.755,824.193,0.797,56.000,,
vino.mp4,1495,49.833,1628.416,579.382,1465.365,334.525,1791.467,824.239,0.822,56.000,,
vino.mp4,1496,49.867,1628.728,573.780,1461.907,323.682,1795.548,823.878,0.794,56.000,,
vino.mp4,1497,49.900,1628.767,567.092,1458.290,311.334,1799.245,822.850,0.774,56.000,,
vino.mp4,1498,49.933,1629.054,561.719,1454.847,299.568,1803.261,823.871,0.785,56.000,,
vino.mp4,1499,49.967,1628.787,555.840,1451.435,287.664,1806.139,824.015,0.752,56.000,,
vino.mp4,1500,50.000,1628.883,551.501,1450.055,279.813,1807.711,823.189,0.682,56.000,,
vino.mp4,1501,50.033,1628.840,550.902,1449.408,276.935,1808.271,824.870,0.723,56.000,,
vino.mp4,1502,50.067,1628.779,551.699,1449.104,276.018,1808.453,827.380,0.732,56.000,,
vino.mp4,1503,50.100,1629.022,553.744,1450.963,279.674,1807.081,827.813,0.799,56.000,,
vino.mp4,1504,50.133,1627.908,559.984,1453.566,291.803,1802.251,828.165,0.774,56.000,,
vino.mp4,1505,50.167,1628.241,569.719,1459.563,311.240,1796.918,828.198,0.772,56.000,,
vino.mp4,1506,50.200,1628.439,579.347,1464.850,330.456,1792.028,828.239,0.627,56.000,,
vino.mp4,1507,50.233,1632.576,584.245,1470.551,340.405,1794.602,828.085,0.612,56.000,,
vino.mp4,1508,50.267,1634.706,584.805,1471.898,342.260,1797.513,827.350,0.688,56.000,,
vino.mp4,1509,50.300,1634.765,581.730,1468.754,335.967,1800.775,827.493,0.678,56.000,,
vino.mp4,1510,50.333,1631.940,577.612,1462.532,327.247,1801.348,827.977,0.759,56.000,,
vino.mp4,1511,50.367,1629.510,572.730,1456.870,317.224,1802.150,828.237,0.733,56.000,,
vino.mp4,1512,50.400,1628.450,566.527,1452.423,304.988,1804.476,828.065,0.728,56.000,,
vino.mp4,1513,50.433,1628.025,560.837,1448.928,293.256,1807.123,828.417,0.835,56.000,,
vino.mp4,1514,50.467,1628.027,555.595,1446.606,282.756,1809.448,828.433,0.867,56.000,,
vino.mp4,1515,50.500,1627.998,551.081,1444.620,273.211,1811.377,828.950,0.843,56.000,,
vino.mp4,1516,50.533,1627.951,547.910,1443.546,266.308,1812.355,829.511,0.831,56.000,,
vino.mp4,1517,50.567,1627.864,544.054,1442.130,257.974,1813.597,830.134,0.754,56.000,,
vino.mp4,1518,50.600,1627.794,540.656,1441.213,250.725,1814.374,830.586,0.737,56.000,,
vino.mp4,1519,50.633,1627.802,539.084,1441.823,247.728,1813.781,830.440,0.715,56.000,,
vino.mp4,1520,50.667,1628.194,543.224,1444.964,254.459,1811.424,831.990,0.661,56.000,,
vino.mp4,1521,50.700,1627.699,557.505,1452.758,282.107,1802.640,832.903,0.509,56.000,,
vino.mp4,1522,50.733,1627.399,573.288,1460.803,312.608,1793.995,833.969,0.315,56.000,,
vino.mp4,1523,50.767,1627.503,581.256,1464.901,328.518,1790.104,833.994,0.245,56.000,,
vino.mp4,1524,50.800,1627.403,582.707,1465.726,332.800,1789.079,832.614,0.492,56.000,,
vino.mp4,1525,50.833,1627.408,580.246,1464.171,328.847,1790.646,831.645,0.595,56.000,,
vino.mp4,1526,50.867,1627.045,574.632,1461.174,319.684,1792.916,829.580,0.701,56.000,,
vino.mp4,1527,50.900,1627.136,568.987,1458.179,309.293,1796.093,828.681,0.700,56.000,,
vino.mp4,1528,50.933,1627.658,563.017,1454.859,296.589,1800.458,829.446,0.751,56.000,,
vino.mp4,1529,50.967,1627.906,557.224,1452.231,285.208,1803.581,829.240,0.782,56.000,,
vino.mp4,1530,51.000,1628.147,552.011,1450.329,275.251,1805.965,828.770,0.803,56.000,,
vino.mp4,1531,51.033,1628.091,547.692,1448.906,267.254,1807.276,828.130,0.728,56.000,,
vino.mp4,1532,51.067,1628.115,543.721,1448.544,261.110,1807.685,826.332,0.699,56.000,,
vino.mp4,1533,51.100,1627.773,540.590,1448.938,257.902,1806.608,823.278,0.719,56.000,,
vino.mp4,1534,51.133,1627.342,539.293,1449.473,257.094,1805.211,821.492,0.757,56.000,,
vino.mp4,1535,51.167,1627.463,540.937,1450.597,259.431,1804.329,822.443,0.809,56.000,,
vino.mp4,1536,51.200,1627.287,544.784,1452.468,266.146,1802.106,823.422,0.852,56.000,,
vino.mp4,1537,51.233,1627.243,551.922,1456.383,280.067,1798.103,823.777,0.743,56.000,,
vino.mp4,1538,51.267,1629.980,565.812,1465.954,307.405,1794.006,824.220,0.557,56.000,,
vino.mp4,1539,51.300,1638.097,573.239,1476.285,322.555,1799.910,823.922,0.746,56.000,,
vino.mp4,1540,51.333,1641.569,575.328,1478.652,326.699,1804.486,823.957,0.787,56.000,,
vino.mp4,1541,51.367,1641.236,572.789,1475.438,322.391,1807.034,823.187,0.766,56.000,,
vino.mp4,1542,51.400,1634.956,568.069,1465.945,313.460,1803.967,822.678,0.655,56.000,,
vino.mp4,1543,51.433,1630.456,561.264,1456.420,298.091,1804.492,824.436,0.371,56.000,,
vino.mp4,1544,51.467,1629.017,554.081,1451.143,283.620,1806.890,824.541,0.718,56.000,,
vino.mp4,1545,51.500,1628.184,548.271,1446.884,270.822,1809.484,825.720,0.639,56.000,,
vino.mp4,1546,51.533,1628.068,543.706,1444.736,261.087,1811.401,826.324,0.696,56.000,,
vino.mp4,1547,51.567,1628.228,540.733,1443.849,254.262,1812.608,827.205,0.609,56.000,,
vino.mp4,1548,51.600,1627.890,540.791,1443.636,252.391,1812.143,829.191,0.617,56.000,,
vino.mp4,1549,51.633,1627.435,545.440,1446.287,260.688,1808.584,830.193,0.612,56.000,,
vino.mp4,1550,51.667,1626.750,554.162,1452.359,280.232,1801.140,828.092,0.623,56.000,,
vino.mp4,1551,51.700,,,,,,,,,,
vino.mp4,1552,51.733,,,,,,,,,,
vino.mp4,1553,51.767,,,,,,,,,,
vino.mp4,1554,51.800,,,,,,,,,,
vino.mp4,1555,51.833,,,,,,,,,,
vino.mp4,1556,51.867,1632.260,575.155,1467.085,318.920,1797.436,831.389,0.359,56.000,,
vino.mp4,1557,51.900,1633.626,573.303,1465.699,315.044,1801.552,831.561,0.377,56.000,,
vino.mp4,1558,51.933,1633.689,569.092,1462.519,307.108,1804.858,831.076,0.535,56.000,,
vino.mp4,1559,51.967,,,,,,,,,,
vino.mp4,1560,52.000,,,,,,,,,,
vino.mp4,1561,52.033,1626.600,562.637,1442.634,277.412,1810.565,847.862,0.460,56.000,,
vino.mp4,1562,52.067,1625.893,560.654,1439.103,267.220,1812.683,854.088,0.453,56.000,,
vino.mp4,1563,52.100,1625.721,555.201,1437.887,256.406,1813.555,853.997,0.610,56.000,,
vino.mp4,1564,52.133,1625.991,549.267,1438.848,248.275,1813.135,850.258,0.716,56.000,,
vino.mp4,1565,52.167,1626.376,543.680,1439.932,240.749,1812.820,846.611,0.798,56.000,,
vino.mp4,1566,52.200,1626.783,539.484,1441.657,236.118,1811.908,842.850,0.727,56.000,,
vino.mp4,1567,52.233,1627.163,536.248,1442.721,231.756,1811.605,840.740,0.708,56.000,,
vino.mp4,1568,52.267,1627.191,535.185,1445.232,233.318,1809.150,837.052,0.612,56.000,,
vino.mp4,1569,52.300,1628.608,536.306,1449.083,237.683,1808.133,834.930,0.727,56.000,,
vino.mp4,1570,52.333,1637.483,544.852,1461.905,255.359,1813.062,834.345,0.718,56.000,,
vino.mp4,1571,52.367,1646.153,562.291,1477.541,290.012,1814.765,834.571,0.714,56.000,,
vino.mp4,1572,52.400,1653.870,573.635,1487.971,312.530,1819.770,834.739,0.580,56.000,,
vino.mp4,1573,52.433,1651.128,578.004,1485.387,321.965,1816.869,834.043,0.539,56.000,,
vino.mp4,1574,52.467,1649.583,578.130,1481.190,321.744,1817.975,834.516,0.638,56.000,,
vino.mp4,1575,52.500,1648.606,574.333,1476.118,314.431,1821.094,834.236,0.749,56.000,,
vino.mp4,1576,52.533,1645.518,566.609,1468.688,301.457,1822.349,831.760,0.616,56.000,,
vino.mp4,1577,52.567,1638.463,558.863,1458.529,288.464,1818.397,829.263,0.665,56.000,,
vino.mp4,1578,52.600,1631.335,551.419,1448.686,274.877,1813.985,827.960,0.620,56.000,,
vino.mp4,1579,52.633,1628.569,544.460,1444.088,262.919,1813.051,826.000,0.756,56.000,,
vino.mp4,1580,52.667,1627.550,539.924,1442.157,254.700,1812.944,825.149,0.798,56.000,,
vino.mp4,1581,52.700,1627.251,536.753,1441.521,248.687,1812.981,824.819,0.821,56.000,,
vino.mp4,1582,52.733,1627.201,534.458,1441.563,244.248,1812.840,824.667,0.771,56.000,,
vino.mp4,1583,52.767,1627.351,531.986,1441.818,239.652,1812.884,824.319,0.728,56.000,,
vino.mp4,1584,52.800,1627.210,531.944,1442.153,238.113,1812.268,825.775,0.764,56.000,,
vino.mp4,1585,52.833,1626.840,535.521,1444.992,245.460,1808.689,825.582,0.801,56.000,,
vino.mp4,1586,52.867,1626.725,543.520,1450.145,261.656,1803.305,825.383,0.705,56.000,,
vino.mp4,1587,52.900,1626.481,560.078,1459.151,294.710,1793.810,825.445,0.644,56.000,,
vino.mp4,1588,52.933,1626.200,571.626,1464.187,316.676,1788.214,826.576,0.438,56.000,,
vino.mp4,1589,52.967,1626.400,577.017,1465.995,326.634,1786.805,827.399,0.137,56.000,,
vino.mp4,1590,53.000,1626.702,577.119,1465.538,327.000,1787.866,827.237,0.452,56.000,,
vino.mp4,1591,53.033,1626.918,574.590,1463.969,322.914,1789.868,826.267,0.374,56.000,,
vino.mp4,1592,53.067,1626.654,570.080,1460.564,314.015,1792.743,826.144,0.577,56.000,,
vino.mp4,1593,53.100,1627.246,565.014,1458.416,304.600,1796.075,825.429,0.588,56.000,,
vino.mp4,1594,53.133,1627.452,560.914,1456.381,296.548,1798.523,825.279,0.504,56.000,,
vino.mp4,1595,53.167,1627.732,556.843,1454.766,288.752,1800.699,824.934,0.504,56.000,,
vino.mp4,1596,53.200,1627.528,552.749,1452.825,280.906,1802.230,824.592,0.527,56.000,,
vino.mp4,1597,53.233,1627.787,549.219,1451.700,273.963,1803.875,824.474,0.611,56.000,,
vino.mp4,1598,53.267,1628.611,545.587,1451.324,266.991,1805.898,824.182,0.741,56.000,,
vino.mp4,1599,53.300,1628.599,542.412,1450.903,261.759,1806.294,823.065,0.733,56.000,,
vino.mp4,1600,53.333,1628.228,540.203,1449.730,256.542,1806.726,823.863,0.800,56.000,,
vino.mp4,1601,53.367,1627.931,538.029,1449.461,252.751,1806.401,823.308,0.850,56.000,,
vino.mp4,1602,53.400,1627.321,536.862,1449.256,250.717,1805.386,823.008,0.841,56.000,,
vino.mp4,1603,53.433,1626.652,535.911,1449.227,249.414,1804.077,822.408,0.840,56.000,,
vino.mp4,1604,53.467,1625.848,536.226,1449.402,250.199,1802.294,822.253,0.850,56.000,,
vino.mp4,1605,53.500,1625.337,537.522,1449.955,252.270,1800.720,822.774,0.838,56.000,,
vino.mp4,1606,53.533,1625.379,539.021,1450.932,254.495,1799.825,823.546,0.790,56.000,,
vino.mp4,1607,53.567,1625.759,545.429,1454.896,267.030,1796.622,823.829,0.585,56.000,,
vino.mp4,1608,53.600,1633.206,551.451,1464.905,279.862,1801.508,823.040,0.839,56.000,,
vino.mp4,1609,53.633,1640.852,558.767,1474.830,295.121,1806.873,822.413,0.872,56.000,,
vino.mp4,1610,53.667,1644.486,562.413,1478.339,302.788,1810.633,822.039,0.867,56.000,,
vino.mp4,1611,53.700,1643.278,561.269,1474.553,300.429,1812.004,822.109,0.841,56.000,,
vino.mp4,1612,53.733,1639.214,559.212,1468.107,296.185,1810.321,822.239,0.801,56.000,,
vino.mp4,1613,53.767,1634.359,556.622,1461.123,290.644,1807.595,822.601,0.816,56.000,,
vino.mp4,1614,53.800,1628.356,555.194,1454.042,286.494,1802.670,823.893,0.832,56.000,,
vino.mp4,1615,53.833,1626.136,552.488,1450.780,280.809,1801.491,824.168,0.720,56.000,,
vino.mp4,1616,53.867,1625.941,550.254,1449.855,275.854,1802.027,824.653,0.747,56.000,,
vino.mp4,1617,53.900,1625.854,548.560,1449.726,272.660,1801.982,824.459,0.799,56.000,,
vino.mp4,1618,53.933,1625.985,546.854,1450.003,269.766,1801.967,823.942,0.809,56.000,,
vino.mp4,1619,53.967,1625.718,545.331,1449.577,266.601,1801.858,824.061,0.784,56.000,,
vino.mp4,1620,54.000,1625.628,543.084,1449.268,262.449,1801.989,823.718,0.848,56.000,,
vino.mp4,1621,54.033,1625.699,540.934,1448.964,258.007,1802.435,823.861,0.880,56.000,,
vino.mp4,1622,54.067,1625.070,539.984,1448.007,254.915,1802.132,825.052,0.869,56.000,,
vino.mp4,1623,54.100,1624.068,538.578,1446.048,250.285,1802.089,826.870,0.860,56.000,,
vino.mp4,1624,54.133,1622.776,538.035,1444.127,247.258,1801.424,828.812,0.856,56.000,,
vino.mp4,1625,54.167,1621.545,538.850,1442.529,246.140,1800.561,831.561,0.852,56.000,,
vino.mp4,1626,54.200,1620.343,544.498,1443.313,254.679,1797.373,834.318,0.757,56.000,,
vino.mp4,1627,54.233,1617.999,553.062,1445.071,270.885,1790.927,835.239,0.728,56.000,,
vino.mp4,1628,54.267,1616.187,563.583,1447.094,289.681,1785.281,837.485,0.546,56.000,,
vino.mp4,1629,54.300,1614.362,569.324,1446.479,299.477,1782.245,839.171,0.360,56.000,,
vino.mp4,1630,54.333,1612.799,571.209,1443.238,300.278,1782.359,842.140,0.379,56.000,,
vino.mp4,1631,54.367,1610.457,569.705,1437.516,294.300,1783.398,845.111,0.228,56.000,,
vino.mp4,1632,54.400,1607.071,564.239,1430.099,282.618,1784.044,845.859,0.204,56.000,,
vino.mp4,1633,54.433,1603.084,557.943,1422.888,270.856,1783.279,845.029,0.501,56.000,,
vino.mp4,1634,54.467,1589.826,552.207,1404.814,258.295,1774.838,846.118,0.367,56.000,,
vino.mp4,1635,54.500,1569.244,548.920,1379.222,249.902,1759.267,847.938,0.710,56.000,,
vino.mp4,1636,54.533,1551.386,545.817,1353.720,240.404,1749.051,851.229,0.437,56.000,,
vino.mp4,1637,54.567,1552.566,543.522,1345.559,232.290,1759.573,854.753,0.217,56.000,,
vino.mp4,1638,54.600,1559.096,544.681,1344.453,233.668,1773.740,855.693,0.793,56.000,,
vino.mp4,1639,54.633,1575.731,554.142,1355.364,249.398,1796.098,858.886,0.840,56.000,,
vino.mp4,1640,54.667,1590.528,565.335,1364.062,266.516,1816.994,864.154,0.791,56.000,,
vino.mp4,1641,54.700,1596.415,575.936,1364.976,283.518,1827.854,868.354,0.850,56.000,,
vino.mp4,1642,54.733,1599.316,589.105,1365.564,305.827,1833.068,872.384,0.813,56.000,,
vino.mp4,1643,54.767,1600.468,595.726,1360.783,315.547,1840.152,875.904,0.757,56.000,,
vino.mp4,1644,54.800,1597.118,601.547,1347.923,319.350,1846.313,883.744,0.861,56.000,,
vino.mp4,1645,54.833,1589.276,608.296,1326.602,318.818,1851.951,897.773,0.772,56.000,,
vino.mp4,1646,54.867,1580.113,625.442,1294.059,315.410,1866.167,935.475,0.843,56.000,,
vino.mp4,1647,54.900,1567.765,658.146,1255.708,321.881,1879.823,994.410,0.801,56.000,,
vino.mp4,1648,54.933,1554.605,689.488,1225.231,335.698,1883.980,1043.277,0.770,56.000,,
vino.mp4,1649,54.967,1538.512,712.495,1205.260,356.180,1871.764,1068.811,0.523,56.000,,
vino.mp4,1650,55.000,1525.672,730.071,1199.098,384.549,1852.246,1075.594,0.641,56.000,,
vino.mp4,1651,55.033,1515.321,745.924,1197.969,414.566,1832.673,1077.283,0.546,56.000,,
vino.mp4,1652,55.067,1512.244,759.933,1208.795,448.484,1815.694,1071.382,0.641,56.000,,
vino.mp4,1653,55.100,1507.501,763.135,1211.619,464.135,1803.383,1062.136,0.704,56.000,,
vino.mp4,1654,55.133,1497.693,768.965,1194.733,465.448,1800.652,1072.481,0.613,56.000,,
vino.mp4,1655,55.167,1491.613,766.921,1182.004,457.560,1801.223,1076.281,0.392,56.000,,
vino.mp4,1656,55.200,1455.549,766.999,1146.038,454.581,1765.059,1079.418,0.652,56.000,,
vino.mp4,1657,55.233,1440.224,768.928,1132.797,458.365,1747.651,1079.491,0.258,56.000,,
vino.mp4,1658,55.267,1430.741,771.812,1124.783,463.826,1736.699,1079.798,0.342,56.000,,
vino.mp4,1659,55.300,,,,,,,,,,
vino.mp4,1660,55.333,,,,,,,,,,
vino.mp4,1661,55.367,,,,,,,,,,
vino.mp4,1662,55.400,1402.007,768.768,1092.922,459.165,1711.092,1078.372,0.352,56.000,,
vino.mp4,1663,55.433,1409.194,766.881,1097.624,457.333,1720.763,1076.429,0.376,56.000,,
vino.mp4,1664,55.467,1413.852,767.669,1100.137,458.219,1727.566,1077.119,0.418,56.000,,
vino.mp4,1665,55.500,1429.293,767.059,1111.590,458.377,1746.996,1075.741,0.160,56.000,,
vino.mp4,1666,55.533,1452.064,767.727,1125.541,457.586,1778.586,1077.868,0.329,56.000,,
vino.mp4,1667,55.567,1457.117,766.608,1123.984,456.570,1790.249,1076.646,0.332,56.000,,
vino.mp4,1668,55.600,1469.081,765.484,1125.991,454.030,1812.170,1076.938,0.359,56.000,,
vino.mp4,1669,55.633,1464.132,763.761,1114.318,452.943,1813.946,1074.578,0.237,56.000,,
vino.mp4,1670,55.667,1472.060,763.549,1114.428,453.967,1829.692,1073.130,0.295,56.000,,
vino.mp4,1671,55.700,,,,,,,,,,
vino.mp4,1672,55.733,,,,,,,,,,
vino.mp4,1673,55.767,,,,,,,,,,
vino.mp4,1674,55.800,,,,,,,,,,
vino.mp4,1675,55.833,,,,,,,,,,
vino.mp4,1676,55.867,,,,,,,,,,
vino.mp4,1677,55.900,,,,,,,,,,
vino.mp4,1678,55.933,,,,,,,,,,
vino.mp4,1679,55.967,,,,,,,,,,
vino.mp4,1680,56.000,,,,,,,,,,
vino.mp4,1681,56.033,,,,,,,,,,
vino.mp4,1682,56.067,,,,,,,,,,
vino.mp4,1683,56.100,,,,,,,,,,
vino.mp4,1684,56.133,,,,,,,,,,
vino.mp4,1685,56.167,1151.475,808.745,968.050,543.937,1334.900,1073.553,0.667,,,
vino.mp4,1686,56.200,1146.739,803.265,959.872,533.428,1333.606,1073.102,0.500,57.000,,
vino.mp4,1687,56.233,1142.274,793.902,948.535,513.794,1336.013,1074.010,0.493,57.000,,
vino.mp4,1688,56.267,,,,,,,,,,
vino.mp4,1689,56.300,,,,,,,,,,
vino.mp4,1690,56.333,,,,,,,,,,
vino.mp4,1691,56.367,1126.307,758.956,910.624,444.346,1341.990,1073.566,0.360,57.000,,
vino.mp4,1692,56.400,1123.669,755.429,907.753,437.501,1339.586,1073.357,0.634,57.000,,
vino.mp4,1693,56.433,1121.689,753.280,907.179,434.298,1336.198,1072.262,0.779,57.000,,
vino.mp4,1694,56.467,1120.287,753.431,908.115,434.824,1332.458,1072.037,0.799,57.000,,
vino.mp4,1695,56.500,1120.115,752.642,911.625,436.813,1328.604,1068.471,0.795,57.000,,
vino.mp4,1696,56.533,1122.435,753.643,916.229,438.847,1328.640,1068.440,0.828,57.000,,
vino.mp4,1697,56.567,1125.713,757.146,921.136,442.875,1330.289,1071.416,0.822,57.000,,
vino.mp4,1698,56.600,1130.833,758.104,928.122,445.626,1333.544,1070.583,0.830,57.000,,
vino.mp4,1699,56.633,1135.512,760.946,933.508,448.821,1337.516,1073.072,0.886,57.000,,
vino.mp4,1700,56.667,1139.102,761.960,939.299,453.031,1338.905,1070.890,0.880,57.000,,
vino.mp4,1701,56.700,1139.836,767.354,941.685,460.822,1337.987,1073.885,0.890,57.000,,
vino.mp4,1702,56.733,1139.333,773.243,943.844,471.068,1334.823,1075.419,0.898,57.000,,
vino.mp4,1703,56.767,1138.033,779.415,946.080,483.291,1329.987,1075.539,0.882,57.000,,
vino.mp4,1704,56.800,1136.355,785.532,948.014,495.727,1324.695,1075.337,0.882,57.000,,
vino.mp4,1705,56.833,1134.428,789.128,947.306,501.808,1321.551,1076.448,0.930,57.000,,
vino.mp4,1706,56.867,1133.354,790.451,947.256,505.462,1319.452,1075.440,0.889,57.000,,
vino.mp4,1707,56.900,1132.187,789.951,946.859,507.316,1317.514,1072.586,0.900,57.000,,
vino.mp4,1708,56.933,1131.099,790.206,945.442,508.207,1316.756,1072.206,0.880,57.000,,
vino.mp4,1709,56.967,1129.559,789.941,943.378,508.351,1315.740,1071.531,0.845,57.000,,
vino.mp4,1710,57.000,1128.554,790.559,941.261,508.175,1315.848,1072.943,0.872,57.000,,
vino.mp4,1711,57.033,1128.189,791.284,940.014,508.246,1316.364,1074.322,0.840,57.000,,
vino.mp4,1712,57.067,1128.084,791.303,939.530,508.326,1316.639,1074.280,0.859,57.000,,
vino.mp4,1713,57.100,1128.038,791.420,939.005,508.216,1317.070,1074.625,0.880,57.000,,
vino.mp4,1714,57.133,1128.159,791.398,938.831,508.110,1317.486,1074.686,0.885,57.000,,
vino.mp4,1715,57.167,1128.982,791.245,939.405,507.926,1318.559,1074.564,0.854,57.000,,
vino.mp4,1716,57.200,1129.552,791.247,939.751,507.763,1319.352,1074.730,0.879,57.000,,
vino.mp4,1717,57.233,1130.236,791.120,940.312,507.545,1320.160,1074.695,0.872,57.000,,
vino.mp4,1718,57.267,1130.661,790.868,940.762,507.335,1320.560,1074.400,0.845,57.000,,
vino.mp4,1719,57.300,1130.826,790.521,940.839,506.764,1320.813,1074.278,0.814,57.000,,
vino.mp4,1720,57.333,1130.628,790.208,940.543,506.050,1320.714,1074.365,0.872,57.000,,
vino.mp4,1721,57.367,1130.533,790.005,940.289,505.337,1320.776,1074.673,0.892,57.000,,
vino.mp4,1722,57.400,1130.637,789.473,940.289,504.229,1320.984,1074.716,0.896,57.000,,
vino.mp4,1723,57.433,1131.057,788.088,940.617,502.066,1321.496,1074.110,0.793,57.000,,
vino.mp4,1724,57.467,1131.459,786.426,940.268,498.453,1322.650,1074.399,0.867,57.000,,
vino.mp4,1725,57.500,1131.724,784.077,939.651,493.797,1323.796,1074.356,0.876,57.000,,
vino.mp4,1726,57.533,1131.803,780.057,937.978,485.788,1325.628,1074.325,0.880,57.000,,
vino.mp4,1727,57.567,1132.466,776.374,937.431,478.760,1327.501,1073.988,0.828,57.000,,
vino.mp4,1728,57.600,1132.771,773.394,936.940,472.948,1328.601,1073.839,0.790,57.000,,
vino.mp4,1729,57.633,1132.801,771.547,936.683,469.066,1328.918,1074.028,0.821,57.000,,
vino.mp4,1730,57.667,1133.241,771.276,937.560,468.063,1328.923,1074.489,0.801,57.000,,
vino.mp4,1731,57.700,1134.468,772.281,940.068,470.108,1328.868,1074.455,0.810,57.000,,
vino.mp4,1732,57.733,1136.429,773.066,942.998,471.784,1329.861,1074.348,0.784,57.000,,
vino.mp4,1733,57.767,1139.168,773.604,945.889,472.221,1332.446,1074.987,0.802,57.000,,
vino.mp4,1734,57.800,1141.441,774.128,948.081,472.599,1334.801,1075.657,0.888,57.000,,
vino.mp4,1735,57.833,1144.246,773.458,950.484,471.570,1338.009,1075.346,0.906,57.000,,
vino.mp4,1736,57.867,1146.747,773.190,952.621,471.159,1340.873,1075.222,0.928,57.000,,
vino.mp4,1737,57.900,1148.296,773.569,954.221,472.095,1342.370,1075.043,0.931,57.000,,
vino.mp4,1738,57.933,1149.558,775.149,956.088,475.325,1343.027,1074.973,0.921,57.000,,
vino.mp4,1739,57.967,1150.492,776.475,957.505,478.184,1343.479,1074.767,0.917,57.000,,
vino.mp4,1740,58.000,1151.516,777.297,958.822,480.268,1344.209,1074.326,0.773,57.000,,
vino.mp4,1741,58.033,1151.395,778.108,958.610,481.599,1344.181,1074.616,0.847,57.000,,
vino.mp4,1742,58.067,1150.499,778.853,958.104,483.442,1342.895,1074.264,0.817,57.000,,
vino.mp4,1743,58.100,1146.906,779.874,954.789,484.659,1339.022,1075.089,0.779,57.000,,
vino.mp4,1744,58.133,1144.604,780.677,952.677,485.382,1336.532,1075.972,0.791,57.000,,
vino.mp4,1745,58.167,1150.266,780.725,957.629,485.573,1342.903,1075.876,0.633,57.000,,
vino.mp4,1746,58.200,1153.111,780.553,959.536,485.190,1346.685,1075.917,0.531,57.000,,
vino.mp4,1747,58.233,,,,,,,,,,
vino.mp4,1748,58.267,,,,,,,,,,
vino.mp4,1749,58.300,,,,,,,,,,
vino.mp4,1750,58.333,1161.496,774.995,962.632,473.292,1360.360,1076.699,0.353,57.000,,
vino.mp4,1751,58.367,1158.336,774.267,958.815,472.126,1357.856,1076.407,0.554,57.000,,
vino.mp4,1752,58.400,1153.493,774.881,955.076,474.217,1351.910,1075.545,0.576,57.000,,
vino.mp4,1753,58.433,1147.893,775.225,950.830,475.526,1344.955,1074.923,0.670,57.000,,
vino.mp4,1754,58.467,1145.858,775.662,949.583,476.260,1342.133,1075.065,0.733,57.000,,
vino.mp4,1755,58.500,1142.968,774.343,946.772,473.487,1339.165,1075.199,0.672,57.000,,
vino.mp4,1756,58.533,1141.438,773.887,945.640,472.110,1337.235,1075.663,0.528,57.000,,
vino.mp4,1757,58.567,1140.419,773.671,945.310,471.470,1335.529,1075.872,0.766,57.000,,
vino.mp4,1758,58.600,1139.860,772.793,945.611,470.562,1334.108,1075.023,0.539,57.000,,
vino.mp4,1759,58.633,1139.430,772.651,945.985,470.334,1332.875,1074.969,0.664,57.000,,
vino.mp4,1760,58.667,1138.168,772.638,945.527,470.259,1330.809,1075.016,0.456,57.000,,
vino.mp4,1761,58.700,1137.024,772.070,945.124,469.408,1328.923,1074.733,0.717,57.000,,
vino.mp4,1762,58.733,1136.013,771.525,944.845,468.706,1327.181,1074.344,0.714,57.000,,
vino.mp4,1763,58.767,1135.196,771.455,944.815,468.637,1325.577,1074.273,0.766,57.000,,
vino.mp4,1764,58.800,1134.507,771.660,944.758,468.633,1324.256,1074.686,0.811,57.000,,
vino.mp4,1765,58.833,1134.177,771.826,944.772,468.180,1323.582,1075.472,0.774,57.000,,
vino.mp4,1766,58.867,1134.251,771.304,945.951,468.559,1322.552,1074.050,0.700,57.000,,
vino.mp4,1767,58.900,1135.203,772.646,947.711,470.675,1322.695,1074.617,0.781,57.000,,
vino.mp4,1768,58.933,1136.422,776.407,950.643,477.309,1322.201,1075.504,0.816,57.000,,
vino.mp4,1769,58.967,1138.142,780.118,953.997,484.423,1322.287,1075.813,0.829,57.000,,
vino.mp4,1770,59.000,1139.683,781.592,956.078,487.834,1323.289,1075.351,0.832,57.000,,
vino.mp4,1771,59.033,1141.882,782.278,957.847,489.202,1325.916,1075.354,0.797,57.000,,
vino.mp4,1772,59.067,1144.989,783.061,959.707,489.786,1330.271,1076.337,0.847,57.000,,
vino.mp4,1773,59.100,1148.409,783.057,961.897,489.882,1334.922,1076.233,0.824,57.000,,
vino.mp4,1774,59.133,1150.806,782.940,962.983,489.788,1338.630,1076.092,0.826,57.000,,
vino.mp4,1775,59.167,1150.628,782.917,961.322,489.037,1339.934,1076.797,0.898,57.000,,
vino.mp4,1776,59.200,1150.140,782.083,959.845,488.074,1340.435,1076.093,0.861,57.000,,
vino.mp4,1777,59.233,1149.864,780.726,958.104,485.528,1341.624,1075.924,0.850,57.000,,
vino.mp4,1778,59.267,1147.946,778.271,955.028,481.662,1340.864,1074.880,0.835,57.000,,
vino.mp4,1779,59.300,1145.907,776.374,951.732,477.659,1340.082,1075.088,0.832,57.000,,
vino.mp4,1780,59.333,1144.780,774.348,949.892,474.199,1339.669,1074.497,0.773,57.000,,
vino.mp4,1781,59.367,1144.263,773.389,949.406,472.976,1339.120,1073.803,0.752,57.000,,
vino.mp4,1782,59.400,1143.574,772.630,948.181,470.818,1338.968,1074.442,0.774,57.000,,
vino.mp4,1783,59.433,1143.154,771.525,947.776,469.219,1338.531,1073.831,0.771,57.000,,
vino.mp4,1784,59.467,1143.575,771.994,948.525,469.912,1338.625,1074.077,0.723,57.000,,
vino.mp4,1785,59.500,1142.923,777.018,951.204,480.427,1334.641,1073.610,0.777,57.000,,
vino.mp4,1786,59.533,1141.957,783.398,953.352,492.271,1330.562,1074.525,0.833,57.000,,
vino.mp4,1787,59.567,1140.930,787.112,954.415,499.872,1327.445,1074.351,0.838,57.000,,
vino.mp4,1788,59.600,1140.284,788.050,954.077,501.834,1326.491,1074.267,0.837,57.000,,
vino.mp4,1789,59.633,1140.837,787.411,954.063,500.920,1327.611,1073.901,0.795,57.000,,
vino.mp4,1790,59.667,1141.374,787.417,954.121,500.793,1328.628,1074.041,0.656,57.000,,
vino.mp4,1791,59.700,1142.323,787.196,953.964,499.352,1330.683,1075.040,0.720,57.000,,
vino.mp4,1792,59.733,1144.169,786.525,954.768,497.764,1333.570,1075.286,0.730,57.000,,
vino.mp4,1793,59.767,1149.665,785.034,959.129,496.243,1340.201,1073.824,0.773,57.000,,
vino.mp4,1794,59.800,1155.769,784.458,962.464,493.854,1349.075,1075.061,0.824,57.000,,
vino.mp4,1795,59.833,1162.602,784.070,966.450,492.223,1358.754,1075.917,0.807,57.000,,
vino.mp4,1796,59.867,1168.435,783.653,969.740,491.467,1367.129,1075.839,0.791,57.000,,
vino.mp4,1797,59.900,1173.732,783.261,972.752,491.320,1374.713,1075.203,0.767,57.000,,
vino.mp4,1798,59.933,1177.589,782.944,974.366,491.422,1380.812,1074.467,0.701,57.000,,
vino.mp4,1799,59.967,1178.133,782.873,972.922,491.628,1383.344,1074.117,0.688,57.000,,
vino.mp4,1800,60.000,1176.521,783.411,969.114,491.526,1383.928,1075.297,0.847,57.000,,
vino.mp4,1801,60.033,1174.050,783.684,965.151,491.584,1382.950,1075.784,0.775,57.000,,
vino.mp4,1802,60.067,1171.607,783.776,961.562,491.459,1381.652,1076.094,0.823,57.000,,
vino.mp4,1803,60.100,1169.529,783.337,959.185,491.530,1379.873,1075.144,0.733,57.000,,
vino.mp4,1804,60.133,1166.763,782.987,956.234,491.333,1377.292,1074.642,0.799,57.000,,
vino.mp4,1805,60.167,1163.345,783.235,952.425,491.023,1374.265,1075.447,0.764,57.000,,
vino.mp4,1806,60.200,1159.545,782.369,948.769,489.803,1370.322,1074.936,0.848,57.000,,
vino.mp4,1807,60.233,1155.298,780.913,944.603,487.215,1365.993,1074.611,0.854,57.000,,
vino.mp4,1808,60.267,1151.598,779.027,941.520,484.470,1361.677,1073.584,0.690,57.000,,
vino.mp4,1809,60.300,1149.423,776.374,940.072,480.884,1358.774,1071.864,0.773,57.000,,
vino.mp4,1810,60.333,1146.607,774.527,938.352,478.341,1354.863,1070.713,0.701,57.000,,
vino.mp4,1811,60.367,1144.447,773.242,937.013,475.868,1351.882,1070.616,0.723,57.000,,
vino.mp4,1812,60.400,1143.394,772.077,937.010,473.976,1349.778,1070.178,0.606,57.000,,
vino.mp4,1813,60.433,1142.664,772.115,937.115,473.029,1348.213,1071.201,0.737,57.000,,
vino.mp4,1814,60.467,1142.428,771.667,937.724,471.753,1347.132,1071.582,0.782,57.000,,
vino.mp4,1815,60.500,1142.677,771.813,938.913,471.515,1346.442,1072.111,0.782,57.000,,
vino.mp4,1816,60.533,1144.576,771.812,941.406,471.125,1347.747,1072.498,0.610,57.000,,
vino.mp4,1817,60.567,1144.760,772.186,942.330,471.289,1347.191,1073.083,0.504,57.000,,
vino.mp4,1818,60.600,1144.819,772.341,943.087,471.288,1346.552,1073.393,0.660,57.000,,
vino.mp4,1819,60.633,1144.937,772.643,943.733,471.365,1346.140,1073.920,0.747,57.000,,
vino.mp4,1820,60.667,1145.793,772.661,945.292,471.573,1346.293,1073.749,0.762,57.000,,
vino.mp4,1821,60.700,1147.069,772.783,946.870,471.533,1347.268,1074.033,0.739,57.000,,
vino.mp4,1822,60.733,1147.873,773.008,948.235,472.358,1347.512,1073.659,0.624,57.000,,
vino.mp4,1823,60.767,1147.733,774.015,948.719,473.956,1346.746,1074.075,0.617,57.000,,
vino.mp4,1824,60.800,1147.731,775.167,949.789,476.436,1345.673,1073.898,0.654,57.000,,
vino.mp4,1825,60.833,1147.376,775.735,950.389,478.148,1344.363,1073.322,0.630,57.000,,
vino.mp4,1826,60.867,1146.004,776.538,949.835,479.569,1342.172,1073.506,0.695,57.000,,
vino.mp4,1827,60.900,1145.450,776.518,949.691,479.624,1341.210,1073.411,0.627,57.000,,
vino.mp4,1828,60.933,1143.852,777.400,948.608,480.449,1339.097,1074.351,0.462,57.000,,
vino.mp4,1829,60.967,1143.585,778.217,949.712,482.868,1337.458,1073.566,0.357,57.000,,
vino.mp4,1830,61.000,1142.712,779.057,950.336,485.556,1335.088,1072.558,0.295,57.000,,
vino.mp4,1831,61.033,1142.026,780.074,950.570,487.533,1333.481,1072.615,0.339,57.000,,
vino.mp4,1832,61.067,1141.108,781.269,950.608,489.757,1331.608,1072.782,0.364,57.000,,
vino.mp4,1833,61.100,1140.376,782.154,950.841,491.742,1329.910,1072.567,0.425,57.000,,
vino.mp4,1834,61.133,1140.029,783.144,951.517,494.132,1328.541,1072.156,0.489,57.000,,
vino.mp4,1835,61.167,1139.810,782.914,951.443,493.825,1328.177,1072.003,0.660,57.000,,
vino.mp4,1836,61.200,1139.006,781.338,949.757,490.323,1328.255,1072.353,0.750,57.000,,
vino.mp4,1837,61.233,1138.765,779.385,948.621,486.239,1328.909,1072.531,0.537,57.000,,
vino.mp4,1838,61.267,1138.376,777.406,947.247,481.622,1329.505,1073.190,0.687,57.000,,
vino.mp4,1839,61.300,1137.788,775.997,946.236,478.365,1329.339,1073.630,0.674,57.000,,
vino.mp4,1840,61.333,1136.604,776.255,946.099,479.178,1327.109,1073.333,0.697,57.000,,
vino.mp4,1841,61.367,1135.555,781.015,948.197,488.215,1322.914,1073.814,0.713,57.000,,
vino.mp4,1842,61.400,1134.520,786.036,950.378,497.960,1318.661,1074.113,0.768,57.000,,
vino.mp4,1843,61.433,1133.721,788.080,951.200,502.227,1316.242,1073.933,0.709,57.000,,
vino.mp4,1844,61.467,1133.073,788.011,950.898,502.290,1315.247,1073.732,0.742,57.000,,
vino.mp4,1845,61.500,1133.343,786.504,950.696,499.639,1315.990,1073.369,0.703,57.000,,
vino.mp4,1846,61.533,1133.149,785.651,950.090,497.480,1316.207,1073.822,0.773,57.000,,
vino.mp4,1847,61.567,1132.793,783.771,949.023,493.562,1316.562,1073.981,0.806,57.000,,
vino.mp4,1848,61.600,1132.655,781.167,948.111,488.705,1317.199,1073.629,0.842,57.000,,
vino.mp4,1849,61.633,1132.595,779.790,947.753,485.831,1317.436,1073.749,0.855,57.000,,
vino.mp4,1850,61.667,1132.666,778.665,947.765,483.615,1317.567,1073.716,0.848,57.000,,
vino.mp4,1851,61.700,1132.731,777.761,947.888,481.838,1317.574,1073.683,0.821,57.000,,
vino.mp4,1852,61.733,1132.563,776.964,947.929,480.432,1317.196,1073.495,0.854,57.000,,
vino.mp4,1853,61.767,1132.416,776.464,948.176,479.688,1316.655,1073.241,0.843,57.000,,
vino.mp4,1854,61.800,1132.308,776.114,948.472,479.188,1316.145,1073.041,0.860,57.000,,
vino.mp4,1855,61.833,1132.368,775.707,948.788,478.454,1315.948,1072.960,0.828,57.000,,
vino.mp4,1856,61.867,1132.553,775.615,949.131,477.928,1315.975,1073.303,0.868,57.000,,
vino.mp4,1857,61.900,1132.632,775.314,949.469,477.424,1315.795,1073.205,0.858,57.000,,
vino.mp4,1858,61.933,1132.725,775.158,949.802,477.096,1315.648,1073.219,0.841,57.000,,
vino.mp4,1859,61.967,1132.842,774.941,950.066,476.634,1315.619,1073.249,0.821,57.000,,
vino.mp4,1860,62.000,1135.605,774.601,952.456,475.753,1318.754,1073.450,0.713,57.000,,
vino.mp4,1861,62.033,1138.678,774.544,954.432,474.470,1322.924,1074.618,0.884,57.000,,
vino.mp4,1862,62.067,1145.961,773.241,960.040,472.311,1331.883,1074.171,0.792,57.000,,
vino.mp4,1863,62.100,1152.482,772.398,964.966,471.534,1339.999,1073.262,0.748,57.000,,
vino.mp4,1864,62.133,1155.586,772.236,966.602,471.742,1344.571,1072.730,0.203,57.000,,
vino.mp4,1865,62.167,1260.860,773.033,1054.951,471.677,1466.770,1074.388,0.396,57.000,,
vino.mp4,1866,62.200,1300.605,773.616,1079.747,472.013,1521.462,1075.218,0.367,57.000,,
vino.mp4,1867,62.233,1315.842,774.016,1081.626,472.239,1550.058,1075.793,0.335,57.000,,
vino.mp4,1868,62.267,1321.654,773.968,1075.780,472.507,1567.528,1075.428,0.368,57.000,,
vino.mp4,1869,62.300,1323.203,774.156,1066.823,472.871,1579.582,1075.441,0.382,57.000,,
vino.mp4,1870,62.333,1146.756,774.721,959.307,474.469,1334.205,1074.973,0.432,62.000,,
vino.mp4,1871,62.367,1147.125,775.279,960.145,475.815,1334.105,1074.744,0.497,62.000,,
vino.mp4,1872,62.400,1149.488,776.248,963.216,478.088,1335.759,1074.407,0.480,62.000,,
vino.mp4,1873,62.433,1150.281,776.466,964.209,478.841,1336.353,1074.090,0.362,62.000,,
vino.mp4,1874,62.467,1151.103,776.223,965.012,478.892,1337.194,1073.553,0.352,62.000,,
vino.mp4,1875,62.500,1153.084,776.414,966.708,479.171,1339.460,1073.657,0.430,62.000,,
vino.mp4,1876,62.533,1154.504,776.793,967.892,479.869,1341.117,1073.717,0.361,62.000,,
vino.mp4,1877,62.567,1154.513,776.590,967.587,479.843,1341.440,1073.338,0.416,62.000,,
vino.mp4,1878,62.600,1153.514,776.735,966.039,479.601,1340.989,1073.869,0.489,62.000,,
vino.mp4,1879,62.633,1153.389,776.955,965.482,479.678,1341.296,1074.233,0.440,62.000,,
vino.mp4,1880,62.667,1153.718,777.017,965.522,479.927,1341.914,1074.106,0.462,62.000,,
vino.mp4,1881,62.700,1155.698,777.315,966.782,480.062,1344.614,1074.568,0.508,62.000,,
vino.mp4,1882,62.733,1154.431,777.464,965.253,480.308,1343.610,1074.621,0.629,62.000,,
vino.mp4,1883,62.767,1154.105,777.305,964.716,480.492,1343.495,1074.119,0.409,62.000,,
vino.mp4,1884,62.800,1153.903,777.245,964.104,480.487,1343.702,1074.004,0.430,62.000,,
vino.mp4,1885,62.833,1152.973,776.606,962.799,479.778,1343.147,1073.434,0.298,62.000,,
vino.mp4,1886,62.867,1152.228,775.854,961.921,479.389,1342.535,1072.319,0.258,62.000,,
vino.mp4,1887,62.900,1151.825,775.348,960.810,478.273,1342.839,1072.423,0.206,62.000,,
vino.mp4,1888,62.933,1318.175,776.113,974.821,475.997,1661.529,1076.229,0.455,57.000,,
vino.mp4,1889,62.967,1317.553,776.419,973.700,477.322,1661.406,1075.516,0.262,57.000,,
vino.mp4,1890,63.000,1164.612,772.947,973.068,478.559,1356.156,1067.334,0.393,62.000,,
vino.mp4,1891,63.033,1166.351,768.087,974.621,476.812,1358.081,1059.362,0.382,62.000,,
vino.mp4,1892,63.067,1165.568,763.883,976.547,480.309,1354.589,1047.458,0.429,62.000,,
vino.mp4,1893,63.100,1162.196,759.833,977.294,485.688,1347.099,1033.978,0.507,62.000,,
vino.mp4,1894,63.133,1158.248,759.020,977.071,493.221,1339.426,1024.818,0.666,62.000,,
vino.mp4,1895,63.167,1157.007,762.179,977.466,501.340,1336.549,1023.019,0.480,62.000,,
vino.mp4,1896,63.200,1157.708,767.947,977.069,507.660,1338.347,1028.234,0.547,62.000,,
vino.mp4,1897,63.233,1158.791,770.273,975.545,507.722,1342.038,1032.823,0.679,62.000,,
vino.mp4,1898,63.267,1159.650,765.978,975.540,503.733,1343.760,1028.223,0.728,62.000,,
vino.mp4,1899,63.300,1161.180,760.428,976.872,499.605,1345.487,1021.252,0.605,62.000,,
vino.mp4,1900,63.333,1161.024,755.514,976.360,495.497,1345.689,1015.530,0.748,62.000,,
vino.mp4,1901,63.367,1160.776,749.143,976.953,491.661,1344.600,1006.626,0.803,62.000,,
vino.mp4,1902,63.400,1160.843,744.942,976.901,488.140,1344.784,1001.745,0.892,62.000,,
vino.mp4,1903,63.433,1161.527,742.324,977.599,486.185,1345.456,998.462,0.891,62.000,,
vino.mp4,1904,63.467,1163.383,741.983,978.875,485.649,1347.891,998.316,0.882,62.000,,
vino.mp4,1905,63.500,1167.551,742.919,981.604,485.388,1353.498,1000.450,0.836,62.000,,
vino.mp4,1906,63.533,1170.525,746.276,982.016,485.538,1359.034,1007.014,0.788,62.000,,
vino.mp4,1907,63.567,1171.576,750.899,980.013,485.638,1363.139,1016.161,0.786,62.000,,
vino.mp4,1908,63.600,1171.444,754.253,977.667,485.227,1365.222,1023.278,0.830,62.000,,
vino.mp4,1909,63.633,1169.839,757.673,974.453,485.205,1365.224,1030.141,0.802,62.000,,
vino.mp4,1910,63.667,1168.788,759.667,973.004,485.340,1364.571,1033.994,0.828,62.000,,
vino.mp4,1911,63.700,1168.965,760.819,973.294,485.752,1364.636,1035.887,0.784,62.000,,
vino.mp4,1912,63.733,1168.675,761.630,973.089,485.782,1364.261,1037.477,0.799,62.000,,
vino.mp4,1913,63.767,1168.532,761.441,973.693,485.980,1363.370,1036.903,0.790,62.000,,
vino.mp4,1914,63.800,1168.252,760.540,974.267,485.804,1362.237,1035.277,0.779,62.000,,
vino.mp4,1915,63.833,1167.402,758.692,974.812,485.414,1359.992,1031.970,0.764,62.000,,
vino.mp4,1916,63.867,1167.390,756.860,976.224,485.462,1358.555,1028.258,0.827,62.000,,
vino.mp4,1917,63.900,1167.825,755.449,977.779,485.801,1357.871,1025.098,0.810,62.000,,
vino.mp4,1918,63.933,1167.680,754.078,978.538,485.994,1356.823,1022.163,0.825,62.000,,
vino.mp4,1919,63.967,1167.073,752.360,979.049,486.283,1355.096,1018.438,0.853,62.000,,
vino.mp4,1920,64.000,1166.234,750.770,979.029,486.351,1353.440,1015.188,0.887,62.000,,
vino.mp4,1921,64.033,1165.076,749.366,978.649,486.561,1351.503,1012.171,0.906,62.000,,
vino.mp4,1922,64.067,1164.045,748.809,978.072,487.220,1350.018,1010.398,0.894,62.000,,
vino.mp4,1923,64.100,1163.334,748.324,977.718,487.888,1348.949,1008.760,0.931,62.000,,
vino.mp4,1924,64.133,1162.621,748.144,977.111,488.514,1348.132,1007.775,0.931,62.000,,
vino.mp4,1925,64.167,1162.113,748.561,976.282,489.121,1347.944,1008.001,0.924,62.000,,
vino.mp4,1926,64.200,1161.710,749.406,975.494,490.045,1347.927,1008.767,0.926,62.000,,
vino.mp4,1927,64.233,1161.402,750.612,974.518,490.836,1348.286,1010.388,0.928,62.000,,
vino.mp4,1928,64.267,1161.634,751.915,974.012,491.573,1349.256,1012.257,0.926,62.000,,
vino.mp4,1929,64.300,1161.600,752.836,973.308,491.959,1349.892,1013.714,0.928,62.000,,
vino.mp4,1930,64.333,1161.566,753.473,972.510,491.810,1350.623,1015.136,0.928,62.000,,
vino.mp4,1931,64.367,1161.590,754.293,971.899,491.993,1351.282,1016.593,0.922,62.000,,
vino.mp4,1932,64.400,1161.585,754.882,971.585,492.384,1351.585,1017.380,0.911,62.000,,
vino.mp4,1933,64.433,1161.608,755.212,971.310,492.448,1351.906,1017.976,0.897,62.000,,
vino.mp4,1934,64.467,1161.689,755.782,971.042,492.628,1352.335,1018.936,0.833,62.000,,
vino.mp4,1935,64.500,1161.908,756.546,970.530,492.353,1353.286,1020.738,0.872,62.000,,
vino.mp4,1936,64.533,1162.376,757.101,970.359,491.908,1354.392,1022.294,0.905,62.000,,
vino.mp4,1937,64.567,1162.711,757.966,970.204,491.904,1355.219,1024.029,0.806,62.000,,
vino.mp4,1938,64.600,1163.095,757.771,970.543,491.482,1355.648,1024.060,0.879,62.000,,
vino.mp4,1939,64.633,1162.985,757.271,970.753,491.301,1355.217,1023.241,0.826,62.000,,
vino.mp4,1940,64.667,1162.993,756.492,971.044,490.936,1354.941,1022.047,0.820,62.000,,
vino.mp4,1941,64.700,1163.246,755.983,971.567,490.781,1354.926,1021.184,0.812,62.000,,
vino.mp4,1942,64.733,1163.033,755.384,971.538,490.461,1354.528,1020.307,0.883,62.000,,
vino.mp4,1943,64.767,1163.415,755.095,971.887,490.213,1354.944,1019.977,0.892,62.000,,
vino.mp4,1944,64.800,1163.457,754.773,971.979,490.073,1354.934,1019.473,0.864,62.000,,
vino.mp4,1945,64.833,1163.526,754.755,972.056,490.185,1354.995,1019.325,0.866,62.000,,
vino.mp4,1946,64.867,1163.577,754.816,972.217,490.558,1354.938,1019.074,0.878,62.000,,
vino.mp4,1947,64.900,1163.606,755.056,972.275,491.048,1354.936,1019.064,0.901,62.000,,
vino.mp4,1948,64.933,1163.647,755.024,972.354,491.309,1354.940,1018.738,0.920,62.000,,
vino.mp4,1949,64.967,1163.687,755.457,972.143,491.589,1355.231,1019.325,0.900,62.000,,
vino.mp4,1950,65.000,1163.603,756.361,971.701,492.114,1355.504,1020.608,0.889,62.000,,
vino.mp4,1951,65.033,1163.656,756.620,971.571,492.151,1355.741,1021.089,0.882,62.000,,
vino.mp4,1952,65.067,1163.636,756.572,971.664,492.344,1355.609,1020.801,0.874,62.000,,
vino.mp4,1953,65.100,1163.533,756.199,971.476,491.960,1355.590,1020.437,0.902,62.000,,
vino.mp4,1954,65.133,1163.320,755.848,971.306,491.845,1355.334,1019.852,0.909,62.000,,
vino.mp4,1955,65.167,1162.915,755.878,970.888,492.027,1354.942,1019.730,0.904,62.000,,
vino.mp4,1956,65.200,1162.590,756.215,970.572,492.503,1354.608,1019.928,0.922,62.000,,
vino.mp4,1957,65.233,1162.186,756.871,969.873,492.774,1354.499,1020.968,0.919,62.000,,
vino.mp4,1958,65.267,1162.038,757.532,969.484,493.062,1354.591,1022.002,0.886,62.000,,
vino.mp4,1959,65.300,1161.971,757.841,969.227,493.008,1354.714,1022.674,0.829,62.000,,
vino.mp4,1960,65.333,1162.021,758.061,969.050,492.796,1354.992,1023.326,0.822,62.000,,
vino.mp4,1961,65.367,1162.089,758.096,968.959,492.479,1355.220,1023.712,0.844,62.000,,
vino.mp4,1962,65.400,1162.136,758.065,969.049,492.376,1355.223,1023.755,0.860,62.000,,
vino.mp4,1963,65.433,1162.520,757.889,969.649,492.425,1355.391,1023.352,0.909,62.000,,
vino.mp4,1964,65.467,1162.474,757.454,970.007,492.532,1354.941,1022.375,0.918,62.000,,
vino.mp4,1965,65.500,1162.132,756.447,970.411,492.687,1353.853,1020.208,0.929,62.000,,
vino.mp4,1966,65.533,1162.078,755.605,970.847,492.733,1353.308,1018.477,0.926,62.000,,
vino.mp4,1967,65.567,1162.055,754.741,971.225,492.740,1352.884,1016.741,0.898,62.000,,
vino.mp4,1968,65.600,1161.844,753.698,971.458,492.651,1352.229,1014.745,0.927,62.000,,
vino.mp4,1969,65.633,1161.406,752.966,971.172,492.430,1351.640,1013.502,0.929,62.000,,
vino.mp4,1970,65.667,1161.203,752.679,970.910,492.370,1351.497,1012.989,0.911,62.000,,
vino.mp4,1971,65.700,1161.172,752.627,970.766,492.481,1351.578,1012.774,0.910,62.000,,
vino.mp4,1972,65.733,1161.298,752.215,970.779,492.214,1351.818,1012.216,0.925,62.000,,
vino.mp4,1973,65.767,1161.507,751.951,970.821,492.007,1352.193,1011.896,0.902,62.000,,
vino.mp4,1974,65.800,1161.489,751.632,970.834,492.009,1352.143,1011.254,0.897,62.000,,
vino.mp4,1975,65.833,1161.135,751.250,970.620,492.080,1351.651,1010.420,0.892,62.000,,
vino.mp4,1976,65.867,1160.504,751.143,969.995,492.209,1351.013,1010.077,0.904,62.000,,
vino.mp4,1977,65.900,1160.172,751.107,969.645,492.391,1350.700,1009.823,0.900,62.000,,
vino.mp4,1978,65.933,1161.650,752.265,970.613,493.540,1352.687,1010.990,0.597,62.000,,
vino.mp4,1979,65.967,1162.062,751.061,971.536,493.827,1352.588,1008.296,0.444,62.000,,
vino.mp4,1980,66.000,1161.563,750.082,971.391,494.033,1351.735,1006.131,0.687,62.000,,
vino.mp4,1981,66.033,1161.433,751.473,970.102,494.255,1352.764,1008.692,0.703,62.000,,
vino.mp4,1982,66.067,1161.638,751.571,969.953,494.258,1353.323,1008.885,0.815,62.000,,
vino.mp4,1983,66.100,1161.898,751.930,969.729,494.360,1354.066,1009.501,0.788,62.000,,
vino.mp4,1984,66.133,1161.799,752.687,968.821,494.316,1354.777,1011.058,0.721,62.000,,
vino.mp4,1985,66.167,1160.526,752.053,967.647,493.935,1353.406,1010.171,0.794,62.000,,
vino.mp4,1986,66.200,1160.637,752.260,967.881,494.688,1353.392,1009.831,0.746,62.000,,
vino.mp4,1987,66.233,1159.834,751.080,967.304,494.095,1352.364,1008.065,0.826,62.000,,
vino.mp4,1988,66.267,1160.174,750.433,968.464,495.112,1351.885,1005.754,0.882,62.000,,
vino.mp4,1989,66.300,1159.135,749.467,967.654,494.840,1350.617,1004.094,0.848,62.000,,
vino.mp4,1990,66.333,1158.508,749.156,967.119,495.062,1349.897,1003.250,0.924,62.000,,
vino.mp4,1991,66.367,1158.488,748.768,967.105,495.202,1349.870,1002.333,0.917,62.000,,
vino.mp4,1992,66.400,1158.016,749.272,966.038,495.277,1349.995,1003.267,0.862,62.000,,
vino.mp4,1993,66.433,1158.518,752.261,964.554,495.781,1352.483,1008.741,0.818,62.000,,
vino.mp4,1994,66.467,1158.479,752.219,964.379,495.863,1352.579,1008.576,0.794,62.000,,
vino.mp4,1995,66.500,1158.473,750.613,964.833,495.270,1352.113,1005.955,0.791,62.000,,
vino.mp4,1996,66.533,1158.689,750.276,965.200,495.595,1352.178,1004.958,0.753,62.000,,
vino.mp4,1997,66.567,1158.549,749.495,965.334,495.673,1351.764,1003.316,0.772,62.000,,
vino.mp4,1998,66.600,1158.755,750.794,964.375,495.640,1353.135,1005.947,0.806,62.000,,
vino.mp4,1999,66.633,1159.267,751.848,964.038,495.697,1354.496,1007.998,0.787,62.000,,
vino.mp4,2000,66.667,1159.666,753.136,963.521,495.828,1355.812,1010.443,0.745,62.000,,
vino.mp4,2001,66.700,1159.785,753.521,963.047,495.398,1356.524,1011.644,0.702,62.000,,
vino.mp4,2002,66.733,1159.756,753.486,962.935,495.281,1356.577,1011.691,0.678,62.000,,
vino.mp4,2003,66.767,1159.563,752.601,963.089,494.961,1356.036,1010.242,0.721,62.000,,
vino.mp4,2004,66.800,1159.393,752.710,961.942,493.614,1356.844,1011.805,0.761,62.000,,
vino.mp4,2005,66.833,1159.217,751.618,961.265,491.687,1357.168,1011.550,0.766,62.000,,
vino.mp4,2006,66.867,1159.041,752.209,960.527,491.243,1357.555,1013.174,0.716,62.000,,
vino.mp4,2007,66.900,1158.039,750.439,960.440,490.485,1355.639,1010.393,0.773,62.000,,
vino.mp4,2008,66.933,1158.152,751.902,959.860,490.723,1356.444,1013.081,0.762,62.000,,
vino.mp4,2009,66.967,1157.989,752.759,959.005,490.227,1356.972,1015.292,0.728,62.000,,
vino.mp4,2010,67.000,1157.684,752.881,958.188,489.124,1357.179,1016.638,0.731,62.000,,
vino.mp4,2011,67.033,1157.867,752.908,958.241,488.502,1357.493,1017.314,0.679,62.000,,
vino.mp4,2012,67.067,1158.108,752.556,958.563,487.845,1357.652,1017.267,0.708,62.000,,
vino.mp4,2013,67.100,1157.896,752.675,958.015,487.002,1357.777,1018.348,0.679,62.000,,
vino.mp4,2014,67.133,1157.800,752.818,957.637,486.225,1357.963,1019.410,0.682,62.000,,
vino.mp4,2015,67.167,1157.797,753.446,957.363,485.942,1358.230,1020.951,0.694,62.000,,
vino.mp4,2016,67.200,1157.704,754.041,956.916,485.454,1358.493,1022.629,0.733,62.000,,
vino.mp4,2017,67.233,1157.748,755.046,956.846,485.700,1358.650,1024.392,0.702,62.000,,
vino.mp4,2018,67.267,1157.426,756.423,956.161,485.858,1358.692,1026.987,0.692,62.000,,
vino.mp4,2019,67.300,1157.030,757.661,955.735,486.310,1358.325,1029.012,0.610,62.000,,
vino.mp4,2020,67.333,1156.760,757.918,955.650,486.099,1357.870,1029.737,0.621,62.000,,
vino.mp4,2021,67.367,1156.803,758.076,955.261,484.792,1358.345,1031.360,0.483,62.000,,
vino.mp4,2022,67.400,1156.331,759.330,953.924,483.827,1358.738,1034.833,0.591,62.000,,
vino.mp4,2023,67.433,,,,,,,,,,
vino.mp4,2024,67.467,,,,,,,,,,
vino.mp4,2025,67.500,1156.998,763.156,950.463,479.969,1363.532,1046.344,0.459,62.000,,
vino.mp4,2026,67.533,1157.292,764.812,950.479,479.238,1364.105,1050.387,0.489,62.000,,
vino.mp4,2027,67.567,,,,,,,,,,
vino.mp4,2028,67.600,,,,,,,,,,
vino.mp4,2029,67.633,,,,,,,,,,
vino.mp4,2030,67.667,,,,,,,,,,
vino.mp4,2031,67.700,,,,,,,,,,
vino.mp4,2032,67.733,,,,,,,,,,
vino.mp4,2033,67.767,,,,,,,,,,
vino.mp4,2034,67.800,,,,,,,,,,
vino.mp4,2035,67.833,,,,,,,,,,
vino.mp4,2036,67.867,,,,,,,,,,
vino.mp4,2037,67.900,,,,,,,,,,
vino.mp4,2038,67.933,,,,,,,,,,
vino.mp4,2039,67.967,,,,,,,,,,
vino.mp4,2040,68.000,,,,,,,,,,
vino.mp4,2041,68.033,,,,,,,,,,
vino.mp4,2042,68.067,,,,,,,,,,
vino.mp4,2043,68.100,1143.162,772.241,932.786,472.060,1353.539,1072.422,0.474,62.000,,
vino.mp4,2044,68.133,1142.741,772.047,936.459,470.769,1349.023,1073.326,0.603,62.000,,
vino.mp4,2045,68.167,1142.723,772.730,940.118,471.766,1345.329,1073.694,0.478,62.000,,
vino.mp4,2046,68.200,,,,,,,,,,
vino.mp4,2047,68.233,,,,,,,,,,
vino.mp4,2048,68.267,,,,,,,,,,
vino.mp4,2049,68.300,,,,,,,,,,
vino.mp4,2050,68.333,,,,,,,,,,
vino.mp4,2051,68.367,,,,,,,,,,
vino.mp4,2052,68.400,,,,,,,,,,
vino.mp4,2053,68.433,,,,,,,,,,
vino.mp4,2054,68.467,1142.277,785.852,951.941,502.652,1332.613,1069.051,0.358,62.000,,
vino.mp4,2055,68.500,1139.196,787.737,949.713,506.468,1328.680,1069.006,0.488,62.000,,
vino.mp4,2056,68.533,1133.895,791.744,944.194,512.214,1323.595,1071.275,0.488,62.000,,
vino.mp4,2057,68.567,1127.461,794.529,936.775,516.854,1318.147,1072.204,0.460,62.000,,
vino.mp4,2058,68.600,1123.505,795.588,931.913,519.979,1315.098,1071.197,0.454,62.000,,
vino.mp4,2059,68.633,1122.517,794.622,929.244,519.556,1315.791,1069.688,0.352,62.000,,
vino.mp4,2060,68.667,1120.266,793.442,924.827,517.507,1315.705,1069.377,0.593,62.000,,
vino.mp4,2061,68.700,1119.890,793.167,923.096,517.899,1316.683,1068.436,0.280,62.000,,
vino.mp4,2062,68.733,1117.391,794.399,919.507,519.994,1315.275,1068.804,0.199,62.000,,
vino.mp4,2063,68.767,,,,,,,,,,
vino.mp4,2064,68.800,1116.397,795.848,901.499,519.510,1331.294,1072.186,0.159,,,
vino.mp4,2065,68.833,1116.647,796.981,914.960,519.296,1318.334,1074.667,0.306,62.000,,
vino.mp4,2066,68.867,1118.224,798.227,914.745,519.757,1321.703,1076.697,0.259,62.000,,
vino.mp4,2067,68.900,1118.610,798.224,913.207,517.996,1324.014,1078.452,0.190,62.000,,
vino.mp4,2068,68.933,1120.390,795.984,914.104,515.122,1326.676,1076.845,0.322,62.000,,
vino.mp4,2069,68.967,1121.412,794.506,914.821,513.470,1328.004,1075.541,0.633,62.000,,
vino.mp4,2070,69.000,1122.674,793.252,916.259,512.559,1329.090,1073.946,0.666,62.000,,
vino.mp4,2071,69.033,1123.764,792.388,917.407,511.679,1330.122,1073.098,0.711,62.000,,
vino.mp4,2072,69.067,1124.422,791.598,918.261,510.995,1330.583,1072.201,0.693,62.000,,
vino.mp4,2073,69.100,1125.464,791.175,919.405,510.470,1331.524,1071.881,0.574,62.000,,
vino.mp4,2074,69.133,1126.186,791.168,920.056,510.062,1332.316,1072.275,0.618,62.000,,
vino.mp4,2075,69.167,1126.424,790.933,920.416,509.612,1332.433,1072.255,0.608,62.000,,
vino.mp4,2076,69.200,1127.002,790.962,920.589,508.721,1333.416,1073.203,0.544,62.000,,
vino.mp4,2077,69.233,1127.945,790.500,921.508,507.503,1334.382,1073.496,0.783,62.000,,
vino.mp4,2078,69.267,1130.035,789.723,923.739,506.164,1336.330,1073.283,0.376,62.000,,
vino.mp4,2079,69.300,1130.505,789.095,923.921,504.276,1337.089,1073.914,0.849,62.000,,
vino.mp4,2080,69.333,1131.671,787.730,925.817,503.045,1337.525,1072.415,0.650,62.000,,
vino.mp4,2081,69.367,1132.289,787.441,926.722,502.179,1337.856,1072.702,0.665,62.000,,
vino.mp4,2082,69.400,1134.248,785.533,929.703,501.216,1338.794,1069.851,0.330,62.000,,
vino.mp4,2083,69.433,1133.744,785.455,929.552,500.927,1337.936,1069.984,0.141,62.000,,
vino.mp4,2084,69.467,1131.190,786.393,925.222,498.448,1337.158,1074.337,0.191,62.000,,
vino.mp4,2085,69.500,,,,,,,,,,
vino.mp4,2086,69.533,1115.779,789.303,902.323,510.910,1329.235,1067.696,0.203,,,
vino.mp4,2087,69.567,1101.930,791.804,904.305,520.906,1299.556,1062.701,0.713,62.000,,
vino.mp4,2088,69.600,1080.280,805.314,887.366,550.191,1273.193,1060.437,0.813,62.000,,
vino.mp4,2089,69.633,1060.410,818.056,873.311,580.667,1247.508,1055.445,0.803,62.000,,
vino.mp4,2090,69.667,1050.726,824.947,862.467,594.205,1238.985,1055.689,0.569,62.000,,
vino.mp4,2091,69.700,1046.796,826.849,850.464,591.562,1243.128,1062.136,0.422,62.000,,
vino.mp4,2092,69.733,1034.061,818.185,831.925,580.824,1236.197,1055.545,0.416,62.000,,
vino.mp4,2093,69.767,1005.673,807.450,797.096,568.876,1214.250,1046.025,0.366,62.000,,
vino.mp4,2094,69.800,986.307,798.122,769.365,554.012,1203.249,1042.232,0.788,62.000,,
vino.mp4,2095,69.833,970.885,791.436,748.276,543.761,1193.494,1039.111,0.778,62.000,,
vino.mp4,2096,69.867,956.799,785.289,729.482,535.351,1184.116,1035.227,0.923,62.000,,
vino.mp4,2097,69.900,947.567,781.264,716.777,530.650,1178.356,1031.878,0.908,62.000,,
vino.mp4,2098,69.933,939.547,774.964,704.267,522.011,1174.827,1027.916,0.289,62.000,,
vino.mp4,2099,69.967,918.119,763.991,674.532,505.180,1161.706,1022.802,0.638,62.000,,
vino.mp4,2100,70.000,883.519,754.908,631.643,492.090,1135.395,1017.726,0.387,62.000,,
vino.mp4,2101,70.033,867.580,751.896,610.290,486.483,1124.869,1017.309,0.476,62.000,,
vino.mp4,2102,70.067,859.672,750.323,601.005,483.918,1118.339,1016.728,0.709,62.000,,
vino.mp4,2103,70.100,850.031,744.574,585.385,469.712,1114.676,1019.436,0.389,62.000,,
vino.mp4,2104,70.133,841.811,741.328,580.696,468.011,1102.925,1014.644,0.384,62.000,,
vino.mp4,2105,70.167,832.628,750.880,571.618,476.104,1093.638,1025.656,0.406,62.000,,
vino.mp4,2106,70.200,,,,,,,,,,
vino.mp4,2107,70.233,825.300,779.149,562.157,503.093,1088.443,1055.205,0.482,62.000,,
vino.mp4,2108,70.267,832.060,785.627,560.030,502.748,1104.089,1068.506,0.453,62.000,,
vino.mp4,2109,70.300,862.284,785.600,582.936,500.826,1141.632,1070.373,0.570,62.000,,
vino.mp4,2110,70.333,888.956,786.534,604.505,502.994,1173.407,1070.073,0.435,62.000,,
vino.mp4,2111,70.367,,,,,,,,,,
vino.mp4,2112,70.400,870.225,795.412,588.415,524.030,1152.035,1066.794,0.774,62.000,,
vino.mp4,2113,70.433,,,,,,,,,,
vino.mp4,2114,70.467,,,,,,,,,,
vino.mp4,2115,70.500,,,,,,,,,,
vino.mp4,2116,70.533,,,,,,,,,,
vino.mp4,2117,70.567,,,,,,,,,,
vino.mp4,2118,70.600,827.773,805.480,560.658,552.655,1094.888,1058.304,0.584,62.000,,
vino.mp4,2119,70.633,818.375,805.319,550.718,554.327,1086.033,1056.312,0.838,62.000,,
vino.mp4,2120,70.667,812.596,805.000,543.933,554.451,1081.258,1055.548,0.936,62.000,,
vino.mp4,2121,70.700,807.854,805.547,538.584,555.095,1077.123,1056.000,0.940,62.000,,
vino.mp4,2122,70.733,803.998,804.506,534.347,553.894,1073.649,1055.118,0.936,62.000,,
vino.mp4,2123,70.767,801.154,803.528,531.340,552.691,1070.967,1054.365,0.937,62.000,,
vino.mp4,2124,70.800,800.161,802.710,529.189,550.536,1071.133,1054.883,0.933,62.000,,
vino.mp4,2125,70.833,,,,,,,,,,
vino.mp4,2126,70.867,,,,,,,,,,
vino.mp4,2127,70.900,,,,,,,,,,
vino.mp4,2128,70.933,807.809,800.512,533.759,545.248,1081.859,1055.776,0.437,62.000,,
vino.mp4,2129,70.967,811.767,799.169,537.586,543.293,1085.949,1055.045,0.608,62.000,,
vino.mp4,2130,71.000,816.387,798.532,542.348,541.749,1090.426,1055.314,0.663,62.000,,
vino.mp4,2131,71.033,823.809,798.232,551.341,541.080,1096.277,1055.385,0.540,62.000,,
vino.mp4,2132,71.067,832.664,797.676,562.355,539.948,1102.973,1055.405,0.731,62.000,,
vino.mp4,2133,71.100,842.823,797.161,575.131,538.612,1110.516,1055.710,0.853,62.000,,
vino.mp4,2134,71.133,856.154,796.565,592.083,537.319,1120.224,1055.810,0.830,62.000,,
vino.mp4,2135,71.167,864.662,795.830,604.412,536.340,1124.911,1055.321,0.744,62.000,,
vino.mp4,2136,71.200,869.348,794.825,612.854,535.474,1125.841,1054.175,0.761,62.000,,
vino.mp4,2137,71.233,872.229,794.358,618.438,534.559,1126.020,1054.156,0.822,62.000,,
vino.mp4,2138,71.267,873.556,793.756,622.649,534.052,1124.464,1053.460,0.716,62.000,,
vino.mp4,2139,71.300,874.540,793.164,625.949,533.481,1123.132,1052.847,0.679,62.000,,
vino.mp4,2140,71.333,875.211,792.957,628.806,533.516,1121.617,1052.397,0.769,62.000,,
vino.mp4,2141,71.367,875.219,791.927,631.415,533.594,1119.024,1050.259,0.817,62.000,,
vino.mp4,2142,71.400,874.550,788.777,634.801,533.763,1114.298,1043.790,0.843,62.000,,
vino.mp4,2143,71.433,873.343,782.325,639.864,534.033,1106.822,1030.616,0.847,62.000,,
vino.mp4,2144,71.467,872.153,773.860,645.997,534.425,1098.308,1013.295,0.805,62.000,,
vino.mp4,2145,71.500,871.490,758.182,657.761,534.737,1085.219,981.626,0.799,62.000,,
vino.mp4,2146,71.533,872.128,740.034,671.489,534.401,1072.767,945.667,0.819,62.000,,
vino.mp4,2147,71.567,873.797,732.186,677.083,534.036,1070.510,930.336,0.773,62.000,,
vino.mp4,2148,71.600,875.463,728.336,677.841,531.819,1073.085,924.854,0.827,62.000,,
vino.mp4,2149,71.633,877.064,726.423,677.103,529.242,1077.025,923.603,0.836,62.000,,
vino.mp4,2150,71.667,878.665,724.938,675.743,525.573,1081.587,924.303,0.816,62.000,,
vino.mp4,2151,71.700,878.742,722.433,672.893,520.053,1084.591,924.813,0.913,62.000,,
vino.mp4,2152,71.733,877.857,719.636,669.802,514.317,1085.911,924.956,0.884,62.000,,
vino.mp4,2153,71.767,875.289,716.603,665.171,507.800,1085.407,925.407,0.901,62.000,,
vino.mp4,2154,71.800,873.947,714.152,661.793,501.526,1086.101,926.777,0.535,62.000,,
vino.mp4,2155,71.833,874.177,711.985,659.772,495.062,1088.582,928.907,0.433,62.000,,
vino.mp4,2156,71.867,876.103,708.921,659.097,487.397,1093.109,930.445,0.489,62.000,,
vino.mp4,2157,71.900,879.387,705.357,661.500,481.418,1097.275,929.297,0.768,62.000,,
vino.mp4,2158,71.933,882.014,700.952,663.360,474.978,1100.667,926.926,0.756,62.000,,
vino.mp4,2159,71.967,883.995,695.964,663.495,466.709,1104.496,925.219,0.858,62.000,,
vino.mp4,2160,72.000,,,,,,,,,,
vino.mp4,2161,72.033,901.682,661.655,685.199,430.991,1118.165,892.319,0.599,62.000,,
vino.mp4,2162,72.067,910.595,634.354,696.730,397.877,1124.460,870.832,0.804,62.000,,
vino.mp4,2163,72.100,907.751,617.019,695.255,371.797,1120.247,862.240,0.858,62.000,,
vino.mp4,2164,72.133,909.308,596.537,704.024,350.122,1114.592,842.952,0.816,62.000,,
vino.mp4,2165,72.167,917.413,566.486,723.304,326.137,1111.522,806.834,0.880,62.000,,
vino.mp4,2166,72.200,928.236,533.851,745.329,302.321,1111.143,765.381,0.926,62.000,,
vino.mp4,2167,72.233,941.667,514.347,760.432,280.210,1122.903,748.484,0.898,62.000,,
vino.mp4,2168,72.267,958.529,505.068,777.697,268.113,1139.361,742.022,0.869,62.000,,
vino.mp4,2169,72.300,982.427,504.656,803.746,270.040,1161.109,739.273,0.888,62.000,,
vino.mp4,2170,72.333,1008.786,507.115,830.242,276.023,1187.330,738.207,0.873,62.000,,
vino.mp4,2171,72.367,1032.104,502.794,866.557,302.008,1197.651,703.581,0.692,62.000,,
vino.mp4,2172,72.400,1049.195,525.841,896.441,362.740,1201.949,688.942,0.555,62.000,,
vino.mp4,2173,72.433,1085.980,539.882,770.362,387.825,1401.597,691.939,0.476,,,
vino.mp4,2174,72.467,1116.316,553.002,766.543,384.328,1466.088,721.677,0.417,70.000,,
vino.mp4,2175,72.500,,,,,,,,,,
vino.mp4,2176,72.533,,,,,,,,,,
vino.mp4,2177,72.567,,,,,,,,,,
vino.mp4,2178,72.600,1274.922,559.662,978.823,381.988,1571.020,737.336,0.290,,,
vino.mp4,2179,72.633,1321.754,560.659,946.160,376.442,1697.348,744.876,0.785,70.000,,
vino.mp4,2180,72.667,1367.865,555.603,987.699,364.455,1748.031,746.750,0.652,70.000,,
vino.mp4,2181,72.700,1389.154,546.291,1005.848,348.125,1772.460,744.458,0.648,70.000,,
vino.mp4,2182,72.733,1402.155,535.755,1018.556,331.130,1785.754,740.381,0.763,70.000,,
vino.mp4,2183,72.767,1407.021,537.725,1036.891,334.203,1777.151,741.248,0.670,70.000,,
vino.mp4,2184,72.800,1408.810,553.980,1075.108,366.083,1742.511,741.877,0.738,70.000,,
vino.mp4,2185,72.833,1408.303,568.952,1101.239,392.379,1715.367,745.525,0.901,70.000,,
vino.mp4,2186,72.867,1406.659,574.323,1109.565,399.652,1703.753,748.995,0.926,70.000,,
vino.mp4,2187,72.900,1405.898,576.643,1114.253,401.318,1697.544,751.967,0.902,70.000,,
vino.mp4,2188,72.933,1404.674,581.939,1121.847,408.481,1687.501,755.397,0.901,70.000,,
vino.mp4,2189,72.967,1403.335,589.287,1126.144,415.981,1680.526,762.593,0.908,70.000,,
vino.mp4,2190,73.000,1401.711,600.044,1130.912,427.892,1672.509,772.196,0.904,70.000,,
vino.mp4,2191,73.033,1395.564,610.027,1132.245,440.713,1658.883,779.341,0.881,70.000,,
vino.mp4,2192,73.067,1388.001,618.507,1129.305,450.815,1646.697,786.199,0.840,70.000,,
vino.mp4,2193,73.100,1382.174,628.041,1123.403,458.956,1640.945,797.126,0.855,70.000,,
vino.mp4,2194,73.133,1376.451,653.428,1101.337,470.440,1651.565,836.417,0.878,70.000,,
vino.mp4,2195,73.167,1353.160,671.820,1074.946,479.973,1631.375,863.666,0.889,70.000,,
vino.mp4,2196,73.200,1354.515,683.894,1079.301,486.265,1629.728,881.523,0.920,70.000,,
vino.mp4,2197,73.233,1368.459,691.877,1100.882,490.662,1636.036,893.091,0.904,70.000,,
vino.mp4,2198,73.267,1388.526,719.457,1102.118,494.412,1674.935,944.502,0.883,70.000,,
vino.mp4,2199,73.300,1440.823,764.177,1114.518,500.412,1767.127,1027.942,0.907,70.000,,
vino.mp4,2200,73.333,1464.946,783.594,1130.900,508.113,1798.992,1059.075,0.913,70.000,,
vino.mp4,2201,73.367,1475.574,794.660,1143.125,516.619,1808.023,1072.702,0.913,70.000,,
vino.mp4,2202,73.400,1484.501,800.158,1158.133,525.845,1810.868,1074.471,0.919,70.000,,
vino.mp4,2203,73.433,1494.697,805.147,1173.021,536.040,1816.374,1074.254,0.896,70.000,,
vino.mp4,2204,73.467,1488.804,797.966,1183.116,545.915,1794.493,1050.017,0.840,70.000,,
vino.mp4,2205,73.500,1450.176,782.774,1171.532,555.362,1728.819,1010.186,0.889,70.000,,
vino.mp4,2206,73.533,1416.679,778.649,1152.102,563.558,1681.256,993.739,0.946,70.000,,
vino.mp4,2207,73.567,1400.163,778.299,1142.986,570.444,1657.340,986.154,0.944,70.000,,
vino.mp4,2208,73.600,1406.534,780.686,1152.228,578.279,1660.839,983.093,0.948,70.000,,
vino.mp4,2209,73.633,1426.070,784.229,1168.683,584.477,1683.457,983.982,0.954,70.000,,
vino.mp4,2210,73.667,1443.409,793.297,1173.582,589.308,1713.237,997.286,0.935,70.000,,
vino.mp4,2211,73.700,1454.641,807.216,1163.768,591.934,1745.514,1022.498,0.944,70.000,,
vino.mp4,2212,73.733,1466.636,821.614,1151.802,592.352,1781.469,1050.877,0.930,70.000,,
vino.mp4,2213,73.767,1472.547,828.756,1145.213,594.746,1799.882,1062.766,0.894,70.000,,
vino.mp4,2214,73.800,1410.517,832.624,1083.314,596.319,1737.721,1068.930,0.894,70.000,,
vino.mp4,2215,73.833,1369.410,834.459,1044.710,596.218,1694.110,1072.700,0.923,70.000,,
vino.mp4,2216,73.867,1347.276,835.334,1025.944,595.794,1668.607,1074.874,0.918,70.000,,
vino.mp4,2217,73.900,1337.668,835.792,1019.247,595.094,1656.089,1076.489,0.911,70.000,,
vino.mp4,2218,73.933,1306.909,835.931,994.510,593.777,1619.308,1078.085,0.911,70.000,,
vino.mp4,2219,73.967,1325.624,835.073,1015.366,592.759,1635.883,1077.386,0.941,70.000,,
vino.mp4,2220,74.000,1332.558,834.577,1023.921,591.900,1641.196,1077.254,0.940,70.000,,
vino.mp4,2221,74.033,1334.322,834.124,1026.271,590.385,1642.374,1077.862,0.812,70.000,,
vino.mp4,2222,74.067,1326.536,832.637,1021.192,588.729,1631.881,1076.546,0.751,70.000,,
vino.mp4,2223,74.100,1301.092,832.193,1001.486,588.044,1600.698,1076.342,0.916,70.000,,
vino.mp4,2224,74.133,1318.450,830.781,1020.766,587.112,1616.134,1074.449,0.934,70.000,,
vino.mp4,2225,74.167,1327.367,829.095,1031.441,586.152,1623.292,1072.037,0.946,70.000,,
vino.mp4,2226,74.200,1336.930,826.758,1042.376,585.170,1631.484,1068.346,0.945,70.000,,
vino.mp4,2227,74.233,1359.055,825.331,1062.591,584.735,1655.519,1065.927,0.949,70.000,,
vino.mp4,2228,74.267,1386.033,823.584,1084.981,583.877,1687.085,1063.292,0.944,70.000,,
vino.mp4,2229,74.300,1411.298,820.372,1104.592,582.252,1718.004,1058.492,0.938,70.000,,
vino.mp4,2230,74.333,1387.368,785.522,1113.872,580.168,1660.864,990.876,0.938,70.000,,
vino.mp4,2231,74.367,1356.281,768.802,1097.728,578.605,1614.833,958.999,0.945,70.000,,
vino.mp4,2232,74.400,1332.010,762.828,1077.954,578.045,1586.065,947.611,0.940,70.000,,
vino.mp4,2233,74.433,1325.762,760.700,1070.816,577.343,1580.708,944.056,0.940,70.000,,
vino.mp4,2234,74.467,1338.395,761.115,1077.835,576.956,1598.956,945.274,0.944,70.000,,
vino.mp4,2235,74.500,1363.725,768.744,1086.308,576.503,1641.141,960.985,0.950,70.000,,
vino.mp4,2236,74.533,1391.527,787.091,1082.731,576.047,1700.324,998.135,0.941,70.000,,
vino.mp4,2237,74.567,1388.636,806.944,1049.801,574.652,1727.471,1039.236,0.924,70.000,,
vino.mp4,2238,74.600,1357.134,816.440,1009.812,574.312,1704.456,1058.568,0.930,70.000,,
vino.mp4,2239,74.633,1341.229,821.077,992.980,574.057,1689.477,1068.097,0.930,70.000,,
vino.mp4,2240,74.667,1323.128,823.209,978.768,573.647,1667.488,1072.771,0.889,70.000,,
vino.mp4,2241,74.700,1327.331,824.468,986.341,573.646,1668.320,1075.290,0.906,70.000,,
vino.mp4,2242,74.733,1328.857,824.841,991.700,573.351,1666.014,1076.332,0.812,70.000,,
vino.mp4,2243,74.767,1330.671,824.266,997.360,572.612,1663.982,1075.921,0.899,70.000,,
vino.mp4,2244,74.800,1331.729,823.830,1001.735,571.917,1661.722,1075.743,0.922,70.000,,
vino.mp4,2245,74.833,1332.990,823.325,1005.835,571.046,1660.146,1075.605,0.926,70.000,,
vino.mp4,2246,74.867,1333.334,823.208,1009.427,571.202,1657.241,1075.213,0.925,70.000,,
vino.mp4,2247,74.900,1333.702,823.260,1012.686,571.555,1654.719,1074.965,0.925,70.000,,
vino.mp4,2248,74.933,1334.144,823.374,1015.438,571.817,1652.850,1074.932,0.846,70.000,,
vino.mp4,2249,74.967,1333.949,823.158,1017.536,571.846,1650.362,1074.470,0.739,70.000,,
vino.mp4,2250,75.000,1334.909,823.016,1020.317,571.770,1649.500,1074.261,0.766,70.000,,
vino.mp4,2251,75.033,1335.547,822.940,1022.380,571.533,1648.713,1074.346,0.791,70.000,,
vino.mp4,2252,75.067,1335.920,823.034,1024.079,571.478,1647.762,1074.590,0.806,70.000,,
vino.mp4,2253,75.100,1335.895,823.114,1025.216,571.397,1646.575,1074.832,0.742,70.000,,
vino.mp4,2254,75.133,1318.575,823.262,1012.122,571.836,1625.028,1074.688,0.678,70.000,,
vino.mp4,2255,75.167,1285.118,822.761,986.195,571.528,1584.041,1073.995,0.844,70.000,,
vino.mp4,2256,75.200,1284.183,822.584,990.914,572.023,1577.452,1073.145,0.740,70.000,,
vino.mp4,2257,75.233,1275.022,821.911,987.685,571.569,1562.359,1072.254,0.788,70.000,,
vino.mp4,2258,75.267,1273.799,822.002,991.221,571.506,1556.376,1072.499,0.869,70.000,,
vino.mp4,2259,75.300,1276.988,822.178,998.357,571.552,1555.618,1072.805,0.880,70.000,,
vino.mp4,2260,75.333,1280.845,822.212,1005.499,571.482,1556.190,1072.942,0.894,70.000,,
vino.mp4,2261,75.367,1283.156,821.833,1010.512,570.780,1555.799,1072.886,0.897,70.000,,
vino.mp4,2262,75.400,1285.525,821.531,1015.295,570.222,1555.755,1072.839,0.897,70.000,,
vino.mp4,2263,75.433,1288.179,820.854,1020.137,569.449,1556.220,1072.258,0.896,70.000,,
vino.mp4,2264,75.467,1293.012,820.090,1025.386,567.408,1560.638,1072.771,0.903,70.000,,
vino.mp4,2265,75.500,1297.616,819.667,1030.691,566.418,1564.541,1072.916,0.898,70.000,,
vino.mp4,2266,75.533,1301.467,819.531,1035.209,566.080,1567.724,1072.983,0.892,70.000,,
vino.mp4,2267,75.567,1308.552,820.213,1042.302,566.989,1574.802,1073.437,0.863,70.000,,
vino.mp4,2268,75.600,1326.132,820.259,1057.867,567.605,1594.396,1072.912,0.909,70.000,,
vino.mp4,2269,75.633,1333.077,819.867,1063.158,568.070,1602.996,1071.664,0.890,70.000,,
vino.mp4,2270,75.667,1334.984,819.036,1063.860,568.445,1606.107,1069.627,0.892,70.000,,
vino.mp4,2271,75.700,1338.898,819.266,1065.534,569.543,1612.261,1068.989,0.901,70.000,,
vino.mp4,2272,75.733,1342.459,820.344,1067.465,572.380,1617.453,1068.308,0.916,70.000,,
vino.mp4,2273,75.767,1345.451,821.841,1068.460,575.652,1622.443,1068.029,0.910,70.000,,
vino.mp4,2274,75.800,1349.419,824.850,1070.859,581.264,1627.979,1068.435,0.915,70.000,,
vino.mp4,2275,75.833,1350.244,826.880,1069.058,585.115,1631.430,1068.646,0.880,70.000,,
vino.mp4,2276,75.867,1350.387,830.002,1068.360,592.044,1632.413,1067.960,0.876,70.000,,
vino.mp4,2277,75.900,1347.263,833.902,1063.495,599.309,1631.031,1068.495,0.861,70.000,,
vino.mp4,2278,75.933,1344.531,837.453,1059.375,607.098,1629.687,1067.809,0.863,70.000,,
vino.mp4,2279,75.967,1346.819,840.277,1059.204,614.720,1634.435,1065.834,0.917,70.000,,
vino.mp4,2280,76.000,1356.117,841.001,1062.621,619.360,1649.613,1062.642,0.926,70.000,,
vino.mp4,2281,76.033,1363.698,841.787,1062.210,623.324,1665.185,1060.251,0.834,70.000,,
vino.mp4,2282,76.067,1358.640,834.459,1059.631,628.285,1657.649,1040.633,0.832,70.000,,
vino.mp4,2283,76.100,1313.060,816.625,1025.427,632.212,1600.694,1001.038,0.809,70.000,,
vino.mp4,2284,76.133,1265.809,794.139,995.832,635.955,1535.785,952.323,0.856,70.000,,
vino.mp4,2285,76.167,1228.655,783.043,967.398,642.281,1489.913,923.804,0.878,70.000,,
vino.mp4,2286,76.200,1180.770,779.997,922.146,649.814,1439.394,910.181,0.846,70.000,,
vino.mp4,2287,76.233,1126.165,783.542,852.039,651.016,1400.292,916.068,0.694,70.000,,
vino.mp4,2288,76.267,1081.516,800.843,776.316,655.563,1386.715,946.122,0.380,70.000,,
vino.mp4,2289,76.300,1040.656,819.478,707.441,660.651,1373.872,978.305,0.398,70.000,,
vino.mp4,2290,76.333,1008.654,831.279,656.454,661.568,1360.855,1000.990,0.641,70.000,,
vino.mp4,2291,76.367,,,,,,,,,,
vino.mp4,2292,76.400,926.510,744.830,570.036,578.555,1282.985,911.106,0.304,,,
vino.mp4,2293,76.433,917.213,730.615,569.594,577.753,1264.832,883.478,0.262,,,
vino.mp4,2294,76.467,,,,,,,,,,
vino.mp4,2295,76.500,896.455,745.327,566.878,600.808,1226.032,889.846,0.225,,,
vino.mp4,2296,76.533,885.944,718.285,558.169,618.048,1213.719,818.521,0.124,,,
vino.mp4,2297,76.567,891.495,716.659,584.453,618.623,1198.537,814.695,0.181,,,
vino.mp4,2298,76.600,872.452,714.115,561.857,622.064,1183.047,806.167,0.133,,,
vino.mp4,2299,76.633,,,,,,,,,,
vino.mp4,2300,76.667,,,,,,,,,,
vino.mp4,2301,76.700,,,,,,,,,,
vino.mp4,2302,76.733,781.518,811.530,466.202,642.540,1096.834,980.520,0.260,,,
vino.mp4,2303,76.767,780.921,749.997,475.942,648.326,1085.900,851.668,0.340,,,
vino.mp4,2304,76.800,773.583,750.754,470.154,649.574,1077.012,851.934,0.573,75.000,,
vino.mp4,2305,76.833,760.064,751.444,456.330,650.031,1063.797,852.857,0.859,75.000,,
vino.mp4,2306,76.867,751.649,751.698,448.073,650.040,1055.224,853.356,0.705,75.000,,
vino.mp4,2307,76.900,737.680,751.124,431.912,648.451,1043.447,853.796,0.555,75.000,,
vino.mp4,2308,76.933,731.378,750.363,421.130,645.800,1041.625,854.926,0.170,75.000,,
vino.mp4,2309,76.967,743.993,749.696,433.037,644.137,1054.949,855.254,0.284,75.000,,
vino.mp4,2310,77.000,757.201,751.058,449.097,645.609,1065.305,856.507,0.147,75.000,,
vino.mp4,2311,77.033,770.322,753.028,472.702,650.497,1067.941,855.559,0.183,75.000,,
vino.mp4,2312,77.067,,,,,,,,,,
vino.mp4,2313,77.100,,,,,,,,,,
vino.mp4,2314,77.133,758.247,779.701,395.027,652.503,1121.468,906.899,0.304,75.000,,
vino.mp4,2315,77.167,,,,,,,,,,
vino.mp4,2316,77.200,757.932,776.962,392.010,646.498,1123.854,907.426,0.425,75.000,,
vino.mp4,2317,77.233,756.703,768.391,410.926,643.672,1102.480,893.111,0.444,75.000,,
vino.mp4,2318,77.267,755.928,763.640,420.530,641.429,1091.327,885.851,0.440,75.000,,
vino.mp4,2319,77.300,754.391,759.829,428.832,640.469,1079.951,879.188,0.486,75.000,,
vino.mp4,2320,77.333,754.675,758.876,429.445,638.764,1079.905,878.987,0.344,75.000,,
vino.mp4,2321,77.367,,,,,,,,,,
vino.mp4,2322,77.400,758.241,749.624,474.544,646.324,1041.938,852.924,0.778,75.000,,
vino.mp4,2323,77.433,765.958,751.081,481.734,647.993,1050.182,854.169,0.369,75.000,,
vino.mp4,2324,77.467,762.113,749.580,478.743,647.733,1045.482,851.428,0.823,75.000,,
vino.mp4,2325,77.500,766.427,746.721,477.520,643.032,1055.334,850.410,0.773,75.000,,
vino.mp4,2326,77.533,765.190,743.974,467.250,637.016,1063.130,850.932,0.730,75.000,,
vino.mp4,2327,77.567,762.244,741.435,459.055,632.648,1065.433,850.223,0.691,75.000,,
vino.mp4,2328,77.600,761.827,740.242,455.988,630.559,1067.665,849.926,0.816,75.000,,
vino.mp4,2329,77.633,763.198,740.904,459.099,631.993,1067.298,849.815,0.650,75.000,,
vino.mp4,2330,77.667,762.523,742.172,458.925,633.684,1066.121,850.661,0.721,75.000,,
vino.mp4,2331,77.700,763.804,744.106,463.298,637.132,1064.309,851.080,0.807,75.000,,
vino.mp4,2332,77.733,766.843,746.240,468.958,640.658,1064.728,851.822,0.803,75.000,,
vino.mp4,2333,77.767,771.433,747.907,475.644,643.605,1067.222,852.208,0.853,75.000,,
vino.mp4,2334,77.800,777.128,748.310,479.939,643.928,1074.318,852.692,0.893,75.000,,
vino.mp4,2335,77.833,780.785,747.031,477.319,640.608,1084.251,853.454,0.883,75.000,,
vino.mp4,2336,77.867,782.454,744.797,471.974,636.002,1092.933,853.591,0.865,75.000,,
vino.mp4,2337,77.900,786.028,741.998,469.945,631.211,1102.111,852.784,0.767,75.000,,
vino.mp4,2338,77.933,787.871,737.553,461.001,622.638,1114.740,852.469,0.794,75.000,,
vino.mp4,2339,77.967,792.393,732.704,454.208,613.086,1130.578,852.322,0.753,75.000,,
vino.mp4,2340,78.000,796.218,726.888,444.684,601.349,1147.753,852.428,0.718,75.000,,
vino.mp4,2341,78.033,800.964,720.115,447.283,592.859,1154.645,847.371,0.752,75.000,,
vino.mp4,2342,78.067,804.370,716.170,452.233,588.596,1156.507,843.744,0.763,75.000,,
vino.mp4,2343,78.100,804.985,716.769,451.961,587.805,1158.010,845.733,0.650,75.000,,
vino.mp4,2344,78.133,805.128,719.341,449.881,588.221,1160.375,850.461,0.799,75.000,,
vino.mp4,2345,78.167,803.285,722.808,445.143,589.161,1161.427,856.454,0.874,75.000,,
vino.mp4,2346,78.200,801.177,725.978,449.374,593.639,1152.981,858.317,0.867,75.000,,
vino.mp4,2347,78.233,802.289,729.648,457.222,598.856,1147.356,860.441,0.883,75.000,,
vino.mp4,2348,78.267,803.838,731.000,467.792,602.852,1139.885,859.148,0.828,75.000,,
vino.mp4,2349,78.300,802.731,726.473,482.760,604.443,1122.701,848.502,0.590,75.000,,
vino.mp4,2350,78.333,798.951,725.614,480.065,603.698,1117.837,847.530,0.443,75.000,,
vino.mp4,2351,78.367,793.952,727.466,463.937,600.364,1123.967,854.568,0.641,75.000,,
vino.mp4,2352,78.400,789.878,728.150,448.559,595.325,1131.197,860.975,0.583,75.000,,
vino.mp4,2353,78.433,787.221,727.029,443.152,591.776,1131.290,862.281,0.465,75.000,,
vino.mp4,2354,78.467,785.781,720.267,454.636,589.522,1116.927,851.011,0.401,75.000,,
vino.mp4,2355,78.500,,,,,,,,,,
vino.mp4,2356,78.533,782.770,733.348,420.155,587.396,1145.385,879.301,0.406,75.000,,
vino.mp4,2357,78.567,781.330,736.794,420.530,589.225,1142.129,884.363,0.289,75.000,,
vino.mp4,2358,78.600,,,,,,,,,,
vino.mp4,2359,78.633,,,,,,,,,,
vino.mp4,2360,78.667,,,,,,,,,,
vino.mp4,2361,78.700,,,,,,,,,,
vino.mp4,2362,78.733,790.602,747.103,493.380,627.530,1087.825,866.676,0.438,75.000,,
vino.mp4,2363,78.767,793.401,754.135,510.198,642.898,1076.604,865.372,0.373,75.000,,
vino.mp4,2364,78.800,,,,,,,,,,
vino.mp4,2365,78.833,,,,,,,,,,
vino.mp4,2366,78.867,,,,,,,,,,
vino.mp4,2367,78.900,,,,,,,,,,
vino.mp4,2368,78.933,,,,,,,,,,
vino.mp4,2369,78.967,,,,,,,,,,
vino.mp4,2370,79.000,,,,,,,,,,
vino.mp4,2371,79.033,,,,,,,,,,
vino.mp4,2372,79.067,,,,,,,,,,
vino.mp4,2373,79.100,,,,,,,,,,
vino.mp4,2374,79.133,,,,,,,,,,
vino.mp4,2375,79.167,,,,,,,,,,
vino.mp4,2376,79.200,,,,,,,,,,
vino.mp4,2377,79.233,,,,,,,,,,
vino.mp4,2378,79.267,,,,,,,,,,
vino.mp4,2379,79.300,,,,,,,,,,
vino.mp4,2380,79.333,,,,,,,,,,
vino.mp4,2381,79.367,,,,,,,,,,
vino.mp4,2382,79.400,,,,,,,,,,
vino.mp4,2383,79.433,817.766,752.257,476.601,651.815,1158.930,852.699,0.286,,,
vino.mp4,2384,79.467,820.224,751.832,541.158,650.853,1099.290,852.811,0.523,75.000,,
vino.mp4,2385,79.500,821.577,747.520,521.351,642.634,1121.804,852.406,0.648,75.000,,
vino.mp4,2386,79.533,820.709,743.256,500.053,632.573,1141.365,853.938,0.557,75.000,,
vino.mp4,2387,79.567,817.622,738.486,480.342,622.222,1154.901,854.750,0.559,75.000,,
vino.mp4,2388,79.600,815.552,734.516,469.227,614.817,1161.876,854.216,0.480,75.000,,
vino.mp4,2389,79.633,813.227,731.945,460.021,609.101,1166.434,854.789,0.435,75.000,,
vino.mp4,2390,79.667,810.994,730.975,457.133,607.192,1164.855,854.757,0.456,75.000,,
vino.mp4,2391,79.700,808.829,730.277,460.985,608.241,1156.674,852.313,0.463,75.000,,
vino.mp4,2392,79.733,807.304,730.858,468.332,612.034,1146.277,849.683,0.559,75.000,,
vino.mp4,2393,79.767,807.000,734.107,477.820,619.269,1136.179,848.944,0.546,75.000,,
vino.mp4,2394,79.800,,,,,,,,,,
vino.mp4,2395,79.833,,,,,,,,,,
vino.mp4,2396,79.867,,,,,,,,,,
vino.mp4,2397,79.900,,,,,,,,,,
vino.mp4,2398,79.933,817.850,740.253,509.065,634.281,1126.636,846.225,0.387,75.000,,
vino.mp4,2399,79.967,,,,,,,,,,
vino.mp4,2400,80.000,,,,,,,,,,
vino.mp4,2401,80.033,,,,,,,,,,
vino.mp4,2402,80.067,,,,,,,,,,
vino.mp4,2403,80.100,,,,,,,,,,
vino.mp4,2404,80.133,,,,,,,,,,
vino.mp4,2405,80.167,,,,,,,,,,
vino.mp4,2406,80.200,,,,,,,,,,
vino.mp4,2407,80.233,,,,,,,,,,
vino.mp4,2408,80.267,,,,,,,,,,
vino.mp4,2409,80.300,,,,,,,,,,
vino.mp4,2410,80.333,,,,,,,,,,
vino.mp4,2411,80.367,,,,,,,,,,
vino.mp4,2412,80.400,,,,,,,,,,
vino.mp4,2413,80.433,,,,,,,,,,
vino.mp4,2414,80.467,,,,,,,,,,
vino.mp4,2415,80.500,,,,,,,,,,
vino.mp4,2416,80.533,,,,,,,,,,
vino.mp4,2417,80.567,,,,,,,,,,
vino.mp4,2418,80.600,,,,,,,,,,
vino.mp4,2419,80.633,,,,,,,,,,
vino.mp4,2420,80.667,858.582,661.387,336.195,449.632,1380.970,873.141,0.507,75.000,,
vino.mp4,2421,80.700,857.866,658.167,383.957,441.863,1331.775,874.472,0.626,75.000,,
vino.mp4,2422,80.733,854.349,656.622,412.059,435.171,1296.638,878.073,0.695,75.000,,
vino.mp4,2423,80.767,851.184,655.487,435.807,431.242,1266.561,879.733,0.836,75.000,,
vino.mp4,2424,80.800,848.031,655.310,455.358,429.694,1240.704,880.925,0.876,75.000,,
vino.mp4,2425,80.833,845.615,657.991,472.578,432.127,1218.652,883.855,0.908,75.000,,
vino.mp4,2426,80.867,844.893,662.298,489.781,437.755,1200.006,886.841,0.913,75.000,,
vino.mp4,2427,80.900,843.717,668.633,502.787,445.062,1184.646,892.203,0.926,75.000,,
vino.mp4,2428,80.933,843.955,675.283,516.224,453.575,1171.686,896.991,0.877,75.000,,
vino.mp4,2429,80.967,843.392,681.186,526.457,460.963,1160.328,901.409,0.816,75.000,,
vino.mp4,2430,81.000,841.083,686.711,532.360,467.253,1149.805,906.168,0.809,75.000,,
vino.mp4,2431,81.033,838.592,691.037,537.934,473.431,1139.249,908.643,0.806,75.000,,
vino.mp4,2432,81.067,837.255,693.279,541.759,476.158,1132.751,910.401,0.744,75.000,,
vino.mp4,2433,81.100,836.597,694.756,544.521,477.421,1128.672,912.090,0.728,75.000,,
vino.mp4,2434,81.133,834.725,697.322,542.416,477.345,1127.034,917.299,0.668,75.000,,
vino.mp4,2435,81.167,831.157,699.682,537.797,476.720,1124.517,922.645,0.617,75.000,,
vino.mp4,2436,81.200,828.244,695.150,536.515,471.802,1119.974,918.499,0.572,75.000,,
vino.mp4,2437,81.233,828.306,690.913,536.274,465.955,1120.337,915.871,0.761,75.000,,
vino.mp4,2438,81.267,828.917,686.491,535.277,459.002,1122.557,913.980,0.744,75.000,,
vino.mp4,2439,81.300,829.841,683.089,533.609,452.383,1126.073,913.796,0.814,75.000,,
vino.mp4,2440,81.333,830.744,681.004,533.294,448.370,1128.194,913.638,0.837,75.000,,
vino.mp4,2441,81.367,831.343,679.812,534.339,446.717,1128.347,912.906,0.815,75.000,,
vino.mp4,2442,81.400,831.026,679.757,535.487,447.219,1126.565,912.296,0.793,75.000,,
vino.mp4,2443,81.433,828.948,681.679,536.662,451.561,1121.234,911.797,0.779,75.000,,
vino.mp4,2444,81.467,826.768,685.430,539.140,459.255,1114.396,911.604,0.688,75.000,,
vino.mp4,2445,81.500,825.157,689.606,542.634,468.138,1107.680,911.073,0.659,75.000,,
vino.mp4,2446,81.533,824.974,694.046,547.206,477.139,1102.742,910.954,0.757,75.000,,
vino.mp4,2447,81.567,825.072,698.230,551.711,485.645,1098.432,910.815,0.790,75.000,,
vino.mp4,2448,81.600,825.088,701.472,555.067,492.389,1095.109,910.555,0.707,75.000,,
vino.mp4,2449,81.633,825.563,702.773,556.637,495.334,1094.489,910.212,0.735,75.000,,
vino.mp4,2450,81.667,825.871,703.127,556.947,496.400,1094.795,909.854,0.715,75.000,,
vino.mp4,2451,81.700,826.215,702.814,556.466,496.019,1095.964,909.609,0.732,75.000,,
vino.mp4,2452,81.733,826.622,701.498,554.937,493.482,1098.307,909.513,0.731,75.000,,
vino.mp4,2453,81.767,828.530,699.540,554.500,489.523,1102.560,909.557,0.668,75.000,,
vino.mp4,2454,81.800,829.577,697.593,553.494,485.538,1105.661,909.648,0.727,75.000,,
vino.mp4,2455,81.833,830.228,696.013,552.941,482.444,1107.516,909.581,0.742,75.000,,
vino.mp4,2456,81.867,830.001,694.841,551.832,479.977,1108.171,909.705,0.732,75.000,,
vino.mp4,2457,81.900,829.405,692.896,549.881,476.208,1108.928,909.584,0.684,75.000,,
vino.mp4,2458,81.933,828.157,689.346,545.498,469.210,1110.816,909.483,0.591,75.000,,
vino.mp4,2459,81.967,826.994,686.025,541.831,462.794,1112.157,909.256,0.721,75.000,,
vino.mp4,2460,82.000,826.751,683.202,539.436,456.923,1114.066,909.481,0.833,75.000,,
vino.mp4,2461,82.033,825.568,680.148,537.213,451.555,1113.924,908.741,0.826,75.000,,
vino.mp4,2462,82.067,823.211,677.658,534.388,447.131,1112.035,908.185,0.822,75.000,,
vino.mp4,2463,82.100,819.593,675.440,530.795,443.127,1108.391,907.754,0.816,75.000,,
vino.mp4,2464,82.133,815.042,674.203,527.113,440.480,1102.971,907.927,0.817,75.000,,
vino.mp4,2465,82.167,812.204,673.185,526.381,439.005,1098.027,907.364,0.772,75.000,,
vino.mp4,2466,82.200,810.157,672.889,527.354,439.006,1092.960,906.773,0.829,75.000,,
vino.mp4,2467,82.233,808.403,673.117,528.380,439.404,1088.427,906.829,0.856,75.000,,
vino.mp4,2468,82.267,807.009,673.958,530.083,440.902,1083.934,907.013,0.843,75.000,,
vino.mp4,2469,82.300,806.357,675.729,533.590,444.552,1079.124,906.906,0.843,75.000,,
vino.mp4,2470,82.333,805.738,678.944,538.136,451.055,1073.340,906.833,0.823,75.000,,
vino.mp4,2471,82.367,805.463,683.006,543.312,459.101,1067.614,906.911,0.831,75.000,,
vino.mp4,2472,82.400,803.756,687.701,546.741,467.975,1060.771,907.428,0.788,75.000,,
vino.mp4,2473,82.433,802.903,691.964,550.460,476.230,1055.345,907.698,0.763,75.000,,
vino.mp4,2474,82.467,801.626,696.227,553.527,484.666,1049.725,907.787,0.753,75.000,,
vino.mp4,2475,82.500,800.086,699.125,554.642,490.480,1045.531,907.770,0.772,75.000,,
vino.mp4,2476,82.533,797.614,700.106,552.440,492.365,1042.787,907.847,0.748,75.000,,
vino.mp4,2477,82.567,793.642,700.092,547.523,492.353,1039.760,907.832,0.694,75.000,,
vino.mp4,2478,82.600,790.427,699.810,542.788,491.641,1038.067,907.979,0.635,75.000,,
vino.mp4,2479,82.633,788.957,699.368,539.945,490.665,1037.969,908.070,0.628,75.000,,
vino.mp4,2480,82.667,790.782,698.878,540.931,489.771,1040.633,907.985,0.642,75.000,,
vino.mp4,2481,82.700,795.175,697.441,543.502,486.832,1046.848,908.049,0.730,75.000,,
vino.mp4,2482,82.733,799.607,694.116,544.753,480.582,1054.461,907.649,0.711,75.000,,
vino.mp4,2483,82.767,803.747,688.550,543.555,469.861,1063.938,907.240,0.816,75.000,,
vino.mp4,2484,82.800,807.757,680.008,539.452,453.204,1076.062,906.813,0.855,75.000,,
vino.mp4,2485,82.833,812.514,673.868,538.661,441.071,1086.368,906.666,0.872,75.000,,
vino.mp4,2486,82.867,816.044,671.678,541.146,436.948,1090.943,906.409,0.849,75.000,,
vino.mp4,2487,82.900,814.355,675.653,544.715,444.654,1083.995,906.652,0.794,75.000,,
vino.mp4,2488,82.933,809.842,689.757,555.313,472.197,1064.371,907.317,0.656,75.000,,
vino.mp4,2489,82.967,,,,,,,,,,
vino.mp4,2490,83.000,,,,,,,,,,
vino.mp4,2491,83.033,,,,,,,,,,
vino.mp4,2492,83.067,,,,,,,,,,
vino.mp4,2493,83.100,,,,,,,,,,
vino.mp4,2494,83.133,,,,,,,,,,
vino.mp4,2495,83.167,,,,,,,,,,
vino.mp4,2496,83.200,815.850,694.167,567.382,480.704,1064.319,907.629,0.716,75.000,,
vino.mp4,2497,83.233,816.303,691.528,566.263,475.243,1066.342,907.814,0.842,75.000,,
vino.mp4,2498,83.267,816.222,689.021,565.715,470.712,1066.728,907.331,0.803,75.000,,
vino.mp4,2499,83.300,816.586,687.853,566.351,468.216,1066.820,907.490,0.729,75.000,,
vino.mp4,2500,83.333,817.502,688.003,568.158,467.872,1066.845,908.135,0.688,75.000,,
vino.mp4,2501,83.367,818.837,688.835,571.253,469.427,1066.421,908.243,0.785,75.000,,
vino.mp4,2502,83.400,820.214,689.025,573.125,469.460,1067.302,908.590,0.747,75.000,,
vino.mp4,2503,83.433,820.638,688.769,573.537,468.716,1067.740,908.821,0.803,75.000,,
vino.mp4,2504,83.467,820.166,687.895,572.389,466.756,1067.943,909.034,0.811,75.000,,
vino.mp4,2505,83.500,818.862,687.089,570.568,464.917,1067.157,909.261,0.819,75.000,,
vino.mp4,2506,83.533,817.848,686.726,569.311,463.773,1066.385,909.678,0.748,75.000,,
vino.mp4,2507,83.567,816.725,685.910,567.011,461.262,1066.440,910.558,0.736,75.000,,
vino.mp4,2508,83.600,815.140,684.856,564.605,458.811,1065.674,910.901,0.758,75.000,,
vino.mp4,2509,83.633,813.055,683.742,562.846,457.150,1063.264,910.334,0.767,75.000,,
vino.mp4,2510,83.667,812.798,682.201,562.557,454.384,1063.038,910.018,0.810,75.000,,
vino.mp4,2511,83.700,812.715,680.507,562.386,451.222,1063.044,909.793,0.767,75.000,,
vino.mp4,2512,83.733,812.611,678.725,562.042,447.604,1063.180,909.845,0.711,75.000,,
vino.mp4,2513,83.767,812.064,677.151,561.551,444.475,1062.577,909.827,0.727,75.000,,
vino.mp4,2514,83.800,810.722,676.091,560.610,442.308,1060.834,909.875,0.721,75.000,,
vino.mp4,2515,83.833,809.017,675.650,559.936,441.470,1058.098,909.829,0.646,75.000,,
vino.mp4,2516,83.867,805.990,675.411,557.967,440.970,1054.013,909.851,0.731,75.000,,
vino.mp4,2517,83.900,803.320,675.496,556.726,441.226,1049.914,909.766,0.793,75.000,,
vino.mp4,2518,83.933,801.555,675.499,556.165,441.308,1046.945,909.691,0.798,75.000,,
vino.mp4,2519,83.967,800.400,675.966,556.465,442.245,1044.335,909.687,0.799,75.000,,
vino.mp4,2520,84.000,799.307,677.423,557.515,445.204,1041.099,909.641,0.670,75.000,,
vino.mp4,2521,84.033,798.827,678.830,558.979,448.150,1038.675,909.510,0.749,75.000,,
vino.mp4,2522,84.067,798.498,680.054,560.039,450.611,1036.956,909.497,0.768,75.000,,
vino.mp4,2523,84.100,798.495,680.809,560.841,452.176,1036.149,909.441,0.800,75.000,,
vino.mp4,2524,84.133,798.806,681.719,562.048,454.148,1035.565,909.291,0.810,75.000,,
vino.mp4,2525,84.167,799.049,682.942,563.296,456.699,1034.802,909.184,0.800,75.000,,
vino.mp4,2526,84.200,799.748,683.801,564.452,458.382,1035.044,909.219,0.754,75.000,,
vino.mp4,2527,84.233,800.421,685.544,566.183,461.668,1034.658,909.419,0.764,75.000,,
vino.mp4,2528,84.267,800.924,686.798,567.230,464.049,1034.619,909.546,0.677,75.000,,
vino.mp4,2529,84.300,801.349,688.577,568.468,467.443,1034.231,909.711,0.595,75.000,,
vino.mp4,2530,84.333,802.076,690.750,570.234,471.636,1033.918,909.864,0.652,75.000,,
vino.mp4,2531,84.367,803.285,692.245,571.771,474.597,1034.798,909.894,0.755,75.000,,
vino.mp4,2532,84.400,805.012,692.762,572.862,475.658,1037.163,909.866,0.713,75.000,,
vino.mp4,2533,84.433,806.475,692.184,572.539,474.498,1040.411,909.870,0.680,75.000,,
vino.mp4,2534,84.467,808.307,690.569,571.390,471.069,1045.223,910.069,0.685,75.000,,
vino.mp4,2535,84.500,810.831,688.003,569.937,465.642,1051.725,910.365,0.669,75.000,,
vino.mp4,2536,84.533,812.741,684.679,567.034,458.418,1058.448,910.940,0.662,75.000,,
vino.mp4,2537,84.567,814.533,681.465,564.224,451.418,1064.843,911.513,0.648,75.000,,
vino.mp4,2538,84.600,817.187,679.571,563.756,447.211,1070.618,911.930,0.699,75.000,,
vino.mp4,2539,84.633,820.600,678.632,565.149,445.039,1076.051,912.225,0.710,75.000,,
vino.mp4,2540,84.667,824.207,678.125,567.441,444.077,1080.974,912.172,0.739,75.000,,
vino.mp4,2541,84.700,826.600,678.290,569.125,444.519,1084.076,912.062,0.703,75.000,,
vino.mp4,2542,84.733,828.033,679.643,570.969,447.430,1085.098,911.855,0.729,75.000,,
vino.mp4,2543,84.767,828.309,682.453,572.423,452.804,1084.195,912.101,0.691,75.000,,
vino.mp4,2544,84.800,828.109,684.991,573.340,457.975,1082.878,912.007,0.687,75.000,,
vino.mp4,2545,84.833,828.624,687.482,575.143,463.263,1082.105,911.702,0.739,75.000,,
vino.mp4,2546,84.867,829.020,690.860,577.329,469.914,1080.710,911.806,0.776,75.000,,
vino.mp4,2547,84.900,828.994,694.557,579.775,477.691,1078.213,911.423,0.809,75.000,,
vino.mp4,2548,84.933,828.778,698.397,581.829,485.508,1075.727,911.287,0.817,75.000,,
vino.mp4,2549,84.967,828.343,701.510,582.401,491.425,1074.285,911.595,0.805,75.000,,
vino.mp4,2550,85.000,827.486,703.115,581.323,494.641,1073.649,911.589,0.744,75.000,,
vino.mp4,2551,85.033,826.887,710.037,572.944,495.655,1080.829,924.419,0.717,75.000,,
vino.mp4,2552,85.067,826.701,705.157,576.049,495.197,1077.352,915.116,0.754,75.000,,
vino.mp4,2553,85.100,825.840,702.728,574.561,493.528,1077.119,911.927,0.854,75.000,,
vino.mp4,2554,85.133,825.403,701.056,571.450,490.451,1079.355,911.662,0.727,75.000,,
vino.mp4,2555,85.167,824.522,700.229,567.589,487.558,1081.456,912.900,0.640,75.000,,
vino.mp4,2556,85.200,822.712,697.460,563.889,483.506,1081.535,911.414,0.430,75.000,,
vino.mp4,2557,85.233,,,,,,,,,,
vino.mp4,2558,85.267,820.406,691.680,553.168,469.753,1087.643,913.607,0.468,75.000,,
vino.mp4,2559,85.300,818.377,688.317,548.361,462.724,1088.392,913.910,0.768,75.000,,
vino.mp4,2560,85.333,817.334,685.986,545.214,457.001,1089.454,914.972,0.575,75.000,,
vino.mp4,2561,85.367,814.701,683.690,541.093,451.345,1088.308,916.035,0.575,75.000,,
vino.mp4,2562,85.400,811.288,681.899,539.130,448.636,1083.447,915.162,0.490,75.000,,
vino.mp4,2563,85.433,808.402,681.778,539.286,449.004,1077.519,914.552,0.635,75.000,,
vino.mp4,2564,85.467,806.897,683.226,543.842,454.045,1069.953,912.407,0.677,75.000,,
vino.mp4,2565,85.500,803.584,686.564,542.440,457.153,1064.728,915.975,0.393,75.000,,
vino.mp4,2566,85.533,,,,,,,,,,
vino.mp4,2567,85.567,,,,,,,,,,
vino.mp4,2568,85.600,,,,,,,,,,
vino.mp4,2569,85.633,806.702,695.321,562.776,479.890,1050.628,910.752,0.637,75.000,,
vino.mp4,2570,85.667,,,,,,,,,,
vino.mp4,2571,85.700,810.184,698.433,570.567,485.279,1049.801,911.588,0.669,75.000,,
vino.mp4,2572,85.733,812.192,699.369,574.606,486.490,1049.778,912.249,0.689,75.000,,
vino.mp4,2573,85.767,814.440,699.851,577.852,486.192,1051.028,913.509,0.639,75.000,,
vino.mp4,2574,85.800,817.134,700.282,580.975,485.007,1053.294,915.557,0.746,75.000,,
vino.mp4,2575,85.833,819.869,699.897,584.705,483.382,1055.034,916.412,0.418,75.000,,
vino.mp4,2576,85.867,822.771,699.343,588.550,481.351,1056.992,917.335,0.846,75.000,,
vino.mp4,2577,85.900,824.251,698.361,591.877,479.943,1056.624,916.779,0.871,75.000,,
vino.mp4,2578,85.933,824.797,697.113,594.390,478.656,1055.204,915.570,0.877,75.000,,
vino.mp4,2579,85.967,824.932,698.351,594.533,477.920,1055.330,918.781,0.800,75.000,,
vino.mp4,2580,86.000,825.302,697.707,596.435,477.010,1054.168,918.404,0.756,75.000,,
vino.mp4,2581,86.033,823.931,698.313,596.009,477.056,1051.853,919.570,0.732,75.000,,
vino.mp4,2582,86.067,823.187,697.288,597.021,476.757,1049.353,917.818,0.717,75.000,,
vino.mp4,2583,86.100,822.439,694.758,598.633,476.147,1046.245,913.370,0.665,75.000,,
vino.mp4,2584,86.133,822.283,694.284,598.178,475.074,1046.388,913.494,0.715,75.000,,
vino.mp4,2585,86.167,821.940,694.225,597.432,474.536,1046.449,913.914,0.527,75.000,,
vino.mp4,2586,86.200,821.383,694.320,596.428,474.445,1046.337,914.195,0.672,75.000,,
vino.mp4,2587,86.233,821.500,694.624,595.113,473.892,1047.888,915.356,0.848,75.000,,
vino.mp4,2588,86.267,821.279,695.345,592.853,473.215,1049.706,917.476,0.636,75.000,,
vino.mp4,2589,86.300,821.968,695.108,591.648,471.807,1052.289,918.409,0.754,75.000,,
vino.mp4,2590,86.333,822.297,693.880,590.912,470.464,1053.682,917.295,0.620,75.000,,
vino.mp4,2591,86.367,823.887,692.507,589.893,467.462,1057.881,917.553,0.654,75.000,,
vino.mp4,2592,86.400,826.026,691.368,586.854,461.836,1065.198,920.901,0.482,75.000,,
vino.mp4,2593,86.433,831.040,691.942,585.191,456.321,1076.889,927.562,0.462,75.000,,
vino.mp4,2594,86.467,835.051,685.995,588.140,450.373,1081.962,921.617,0.597,75.000,,
vino.mp4,2595,86.500,838.632,687.915,587.085,448.340,1090.179,927.490,0.452,75.000,,
vino.mp4,2596,86.533,840.201,686.282,590.797,449.942,1089.605,922.623,0.673,75.000,,
vino.mp4,2597,86.567,839.455,688.072,594.176,457.147,1084.735,918.997,0.617,75.000,,
vino.mp4,2598,86.600,836.889,693.554,598.061,470.466,1075.716,916.642,0.717,75.000,,
vino.mp4,2599,86.633,833.356,701.493,601.358,486.795,1065.353,916.191,0.640,75.000,,
vino.mp4,2600,86.667,831.650,706.944,601.805,496.052,1061.496,917.836,0.797,75.000,,
vino.mp4,2601,86.700,830.764,709.469,602.588,501.994,1058.939,916.944,0.444,75.000,,
vino.mp4,2602,86.733,829.840,708.293,600.338,501.182,1059.343,915.403,0.413,75.000,,
vino.mp4,2603,86.767,828.957,706.397,596.194,497.318,1061.719,915.477,0.627,75.000,,
vino.mp4,2604,86.800,827.440,702.727,590.288,490.015,1064.592,915.439,0.518,75.000,,
vino.mp4,2605,86.833,824.766,698.530,584.127,482.394,1065.406,914.667,0.542,75.000,,
vino.mp4,2606,86.867,821.602,694.253,577.670,474.313,1065.534,914.192,0.443,75.000,,
vino.mp4,2607,86.900,818.176,692.066,572.036,468.726,1064.316,915.407,0.667,75.000,,
vino.mp4,2608,86.933,815.912,691.424,568.671,465.449,1063.153,917.399,0.702,75.000,,
vino.mp4,2609,86.967,814.207,691.037,567.081,463.482,1061.334,918.592,0.662,75.000,,
vino.mp4,2610,87.000,813.269,689.838,566.974,461.482,1059.563,918.193,0.564,75.000,,
vino.mp4,2611,87.033,811.850,687.865,566.089,458.330,1057.610,917.399,0.556,75.000,,
vino.mp4,2612,87.067,810.474,685.905,564.752,454.606,1056.196,917.203,0.547,75.000,,
vino.mp4,2613,87.100,808.433,683.838,563.261,451.103,1053.605,916.573,0.658,75.000,,
vino.mp4,2614,87.133,806.180,684.279,561.954,450.338,1050.407,918.220,0.401,75.000,,
vino.mp4,2615,87.167,,,,,,,,,,
vino.mp4,2616,87.200,,,,,,,,,,
vino.mp4,2617,87.233,,,,,,,,,,
vino.mp4,2618,87.267,,,,,,,,,,
vino.mp4,2619,87.300,807.090,688.613,570.592,459.517,1043.588,917.708,0.421,75.000,,
vino.mp4,2620,87.333,,,,,,,,,,
vino.mp4,2621,87.367,,,,,,,,,,
vino.mp4,2622,87.400,810.381,691.005,578.279,463.944,1042.482,918.066,0.358,75.000,,
vino.mp4,2623,87.433,812.234,692.286,582.455,465.705,1042.012,918.867,0.395,75.000,,
vino.mp4,2624,87.467,815.294,692.322,587.798,466.532,1042.789,918.113,0.575,75.000,,
vino.mp4,2625,87.500,817.773,692.802,591.816,467.204,1043.731,918.401,0.591,75.000,,
vino.mp4,2626,87.533,819.510,693.102,594.632,467.480,1044.388,918.724,0.636,75.000,,
vino.mp4,2627,87.567,821.394,693.328,597.560,467.720,1045.227,918.937,0.611,75.000,,
vino.mp4,2628,87.600,823.283,693.566,599.957,467.401,1046.610,919.732,0.530,75.000,,
vino.mp4,2629,87.633,825.412,694.010,602.590,467.129,1048.233,920.891,0.509,75.000,,
vino.mp4,2630,87.667,827.543,693.975,605.603,466.752,1049.483,921.198,0.424,75.000,,
vino.mp4,2631,87.700,,,,,,,,,,
vino.mp4,2632,87.733,832.024,693.632,611.699,466.533,1052.349,920.731,0.540,75.000,,
vino.mp4,2633,87.767,833.197,693.042,613.817,465.584,1052.577,920.500,0.572,75.000,,
vino.mp4,2634,87.800,,,,,,,,,,
vino.mp4,2635,87.833,,,,,,,,,,
vino.mp4,2636,87.867,833.513,692.753,614.896,464.732,1052.131,920.774,0.451,75.000,,
vino.mp4,2637,87.900,832.905,692.760,615.331,464.880,1050.479,920.639,0.548,75.000,,
vino.mp4,2638,87.933,832.428,692.792,615.647,464.987,1049.209,920.598,0.432,75.000,,
vino.mp4,2639,87.967,,,,,,,,,,
vino.mp4,2640,88.000,832.875,689.177,617.462,462.527,1048.287,915.827,0.424,75.000,,
vino.mp4,2641,88.033,,,,,,,,,,
vino.mp4,2642,88.067,,,,,,,,,,
vino.mp4,2643,88.100,833.044,679.523,622.998,461.817,1043.090,897.228,0.508,75.000,,
vino.mp4,2644,88.133,832.241,678.816,620.037,462.291,1044.446,895.341,0.663,75.000,,
vino.mp4,2645,88.167,830.791,675.198,618.222,462.193,1043.361,888.203,0.619,75.000,,
vino.mp4,2646,88.200,828.801,672.288,615.585,462.658,1042.016,881.919,0.704,75.000,,
vino.mp4,2647,88.233,827.141,670.521,612.429,463.163,1041.854,877.879,0.626,75.000,,
vino.mp4,2648,88.267,824.446,669.228,607.938,463.650,1040.953,874.806,0.626,75.000,,
vino.mp4,2649,88.300,818.941,666.960,599.432,461.473,1038.451,872.447,0.484,75.000,,
vino.mp4,2650,88.333,815.012,664.788,590.435,456.607,1039.589,872.969,0.596,75.000,,
vino.mp4,2651,88.367,809.603,664.920,579.050,452.461,1040.156,877.379,0.549,75.000,,
vino.mp4,2652,88.400,,,,,,,,,,
vino.mp4,2653,88.433,,,,,,,,,,
vino.mp4,2654,88.467,,,,,,,,,,
vino.mp4,2655,88.500,798.914,651.498,564.301,434.149,1033.527,868.846,0.433,75.000,,
vino.mp4,2656,88.533,796.701,650.250,562.174,431.734,1031.229,868.765,0.485,75.000,,
vino.mp4,2657,88.567,795.001,650.221,561.501,431.485,1028.502,868.957,0.455,75.000,,
vino.mp4,2658,88.600,793.554,649.896,561.109,431.043,1026.000,868.749,0.623,75.000,,
vino.mp4,2659,88.633,791.507,648.880,560.622,430.312,1022.392,867.448,0.618,75.000,,
vino.mp4,2660,88.667,789.063,649.406,560.182,431.552,1017.943,867.260,0.581,75.000,,
vino.mp4,2661,88.700,787.006,649.665,560.877,433.651,1013.136,865.679,0.673,75.000,,
vino.mp4,2662,88.733,785.677,652.912,561.268,438.110,1010.085,867.714,0.452,75.000,,
vino.mp4,2663,88.767,786.162,655.385,561.865,440.400,1010.458,870.369,0.435,75.000,,
vino.mp4,2664,88.800,787.614,658.587,562.465,442.353,1012.763,874.821,0.751,75.000,,
vino.mp4,2665,88.833,791.540,662.969,564.040,444.052,1019.040,881.885,0.809,75.000,,
vino.mp4,2666,88.867,793.557,663.770,566.147,444.378,1020.966,883.163,0.762,75.000,,
vino.mp4,2667,88.900,794.526,662.486,569.023,444.461,1020.029,880.511,0.789,75.000,,
vino.mp4,2668,88.933,796.853,663.682,570.575,444.256,1023.131,883.109,0.805,75.000,,
vino.mp4,2669,88.967,798.247,663.408,572.127,443.504,1024.367,883.311,0.838,75.000,,
vino.mp4,2670,89.000,799.450,662.467,574.182,442.866,1024.717,882.068,0.848,75.000,,
vino.mp4,2671,89.033,801.187,663.887,574.259,441.900,1028.115,885.874,0.835,75.000,,
vino.mp4,2672,89.067,802.535,664.175,576.252,442.069,1028.818,886.281,0.789,75.000,,
vino.mp4,2673,89.100,802.305,661.728,579.183,442.008,1025.427,881.448,0.725,75.000,,
vino.mp4,2674,89.133,802.872,661.259,581.555,442.548,1024.190,879.971,0.598,75.000,,
vino.mp4,2675,89.167,804.971,661.268,584.125,442.327,1025.817,880.209,0.632,75.000,,
vino.mp4,2676,89.200,804.967,661.071,585.022,442.480,1024.913,879.663,0.477,75.000,,
vino.mp4,2677,89.233,804.273,658.432,587.333,442.607,1021.213,874.256,0.606,75.000,,
vino.mp4,2678,89.267,,,,,,,,,,
vino.mp4,2679,89.300,805.668,656.172,587.848,439.157,1023.487,873.187,0.501,75.000,,
vino.mp4,2680,89.333,,,,,,,,,,
vino.mp4,2681,89.367,,,,,,,,,,
vino.mp4,2682,89.400,,,,,,,,,,
vino.mp4,2683,89.433,,,,,,,,,,
vino.mp4,2684,89.467,812.144,671.640,582.925,441.579,1041.363,901.700,0.478,75.000,,
vino.mp4,2685,89.500,814.494,679.529,587.216,450.426,1041.772,908.632,0.494,75.000,,
vino.mp4,2686,89.533,,,,,,,,,,
vino.mp4,2687,89.567,821.972,701.895,594.272,470.228,1049.671,933.562,0.471,75.000,,
vino.mp4,2688,89.600,824.518,708.161,596.838,474.068,1052.198,942.255,0.708,75.000,,
vino.mp4,2689,89.633,825.094,710.803,596.452,472.954,1053.736,948.652,0.602,75.000,,
vino.mp4,2690,89.667,824.646,711.104,596.259,470.740,1053.033,951.467,0.715,75.000,,
vino.mp4,2691,89.700,824.207,710.608,595.936,467.607,1052.478,953.609,0.777,75.000,,
vino.mp4,2692,89.733,823.796,709.835,596.049,464.825,1051.544,954.844,0.839,75.000,,
vino.mp4,2693,89.767,823.197,708.109,597.211,462.691,1049.183,953.527,0.876,75.000,,
vino.mp4,2694,89.800,823.354,706.222,598.215,459.496,1048.493,952.948,0.828,75.000,,
vino.mp4,2695,89.833,823.430,710.509,595.402,457.800,1051.458,963.218,0.858,75.000,,
vino.mp4,2696,89.867,823.735,704.915,601.838,457.529,1045.632,952.301,0.745,75.000,,
vino.mp4,2697,89.900,823.690,702.798,605.309,458.143,1042.070,947.453,0.503,75.000,,
vino.mp4,2698,89.933,823.820,702.125,607.323,458.564,1040.316,945.685,0.548,75.000,,
vino.mp4,2699,89.967,823.998,701.936,608.956,459.204,1039.040,944.668,0.432,75.000,,
vino.mp4,2700,90.000,,,,,,,,,,
vino.mp4,2701,90.033,824.673,701.494,610.913,459.577,1038.433,943.410,0.462,75.000,,
vino.mp4,2702,90.067,825.339,701.710,611.330,458.928,1039.349,944.492,0.437,75.000,,
vino.mp4,2703,90.100,825.067,701.795,610.628,458.004,1039.506,945.586,0.621,75.000,,
vino.mp4,2704,90.133,825.682,701.685,611.217,457.532,1040.146,945.837,0.531,75.000,,
vino.mp4,2705,90.167,824.208,701.435,608.596,456.216,1039.821,946.655,0.553,75.000,,
vino.mp4,2706,90.200,,,,,,,,,,
vino.mp4,2707,90.233,829.954,715.333,589.613,439.296,1070.295,991.370,0.635,75.000,,
vino.mp4,2708,90.267,843.300,723.532,591.732,429.898,1094.868,1017.167,0.701,75.000,,
vino.mp4,2709,90.300,859.478,726.496,605.681,426.576,1113.274,1026.417,0.609,75.000,,
vino.mp4,2710,90.333,870.883,723.736,622.594,428.171,1119.171,1019.301,0.664,75.000,,
vino.mp4,2711,90.367,879.930,719.500,640.031,432.762,1119.828,1006.238,0.880,75.000,,
vino.mp4,2712,90.400,883.637,714.948,654.951,441.283,1112.323,988.614,0.921,75.000,,
vino.mp4,2713,90.433,883.743,715.914,661.392,449.232,1106.094,982.596,0.876,75.000,,
vino.mp4,2714,90.467,881.475,717.145,663.543,454.517,1099.407,979.772,0.908,75.000,,
vino.mp4,2715,90.500,877.370,714.760,660.207,450.826,1094.532,978.695,0.914,75.000,,
vino.mp4,2716,90.533,876.044,712.183,660.008,446.989,1092.081,977.377,0.929,75.000,,
vino.mp4,2717,90.567,873.913,709.866,658.546,442.244,1089.281,977.488,0.919,75.000,,
vino.mp4,2718,90.600,872.034,709.180,658.774,440.175,1085.293,978.185,0.907,75.000,,
vino.mp4,2719,90.633,869.885,707.704,659.373,437.901,1080.397,977.507,0.929,75.000,,
vino.mp4,2720,90.667,868.698,707.163,661.943,437.957,1075.453,976.369,0.937,75.000,,
vino.mp4,2721,90.700,869.226,707.542,665.826,438.624,1072.625,976.460,0.938,75.000,,
vino.mp4,2722,90.733,870.847,707.615,670.682,439.156,1071.012,976.073,0.938,75.000,,
vino.mp4,2723,90.767,872.025,707.626,675.058,440.011,1068.991,975.241,0.938,75.000,,
vino.mp4,2724,90.800,872.846,708.921,679.368,443.063,1066.324,974.779,0.939,75.000,,
vino.mp4,2725,90.833,873.700,712.912,684.573,450.730,1062.827,975.095,0.935,75.000,,
vino.mp4,2726,90.867,873.767,716.592,688.248,457.571,1059.286,975.614,0.932,75.000,,
vino.mp4,2727,90.900,874.166,718.010,690.605,460.139,1057.726,975.881,0.930,75.000,,
vino.mp4,2728,90.933,874.294,718.210,691.918,460.539,1056.669,975.881,0.933,75.000,,
vino.mp4,2729,90.967,873.366,718.151,691.989,460.457,1054.743,975.844,0.935,75.000,,
vino.mp4,2730,91.000,871.856,717.645,691.163,459.406,1052.550,975.883,0.935,75.000,,
vino.mp4,2731,91.033,870.585,717.040,690.280,457.769,1050.890,976.312,0.931,75.000,,
vino.mp4,2732,91.067,870.095,715.628,689.852,454.880,1050.338,976.376,0.929,75.000,,
vino.mp4,2733,91.100,869.815,714.223,689.386,451.593,1050.243,976.854,0.931,75.000,,
vino.mp4,2734,91.133,869.673,712.939,689.579,449.269,1049.766,976.609,0.930,75.000,,
vino.mp4,2735,91.167,869.589,712.425,690.181,448.382,1048.996,976.469,0.934,75.000,,
vino.mp4,2736,91.200,869.430,712.127,690.769,447.985,1048.092,976.268,0.935,75.000,,
vino.mp4,2737,91.233,869.220,711.929,691.263,447.764,1047.178,976.094,0.937,75.000,,
vino.mp4,2738,91.267,868.845,712.107,691.606,448.113,1046.083,976.102,0.934,75.000,,
vino.mp4,2739,91.300,868.440,711.423,691.521,447.089,1045.360,975.756,0.926,75.000,,
vino.mp4,2740,91.333,868.024,711.434,691.845,447.616,1044.203,975.251,0.931,75.000,,
vino.mp4,2741,91.367,867.895,711.457,692.204,447.836,1043.586,975.078,0.932,75.000,,
vino.mp4,2742,91.400,867.419,711.249,691.740,447.110,1043.099,975.388,0.930,75.000,,
vino.mp4,2743,91.433,867.057,711.231,691.560,446.950,1042.554,975.512,0.931,75.000,,
vino.mp4,2744,91.467,867.004,711.152,691.855,447.059,1042.153,975.244,0.937,75.000,,
vino.mp4,2745,91.500,867.070,711.172,692.322,447.409,1041.818,974.934,0.939,75.000,,
vino.mp4,2746,91.533,867.481,711.266,692.970,447.519,1041.992,975.014,0.938,75.000,,
vino.mp4,2747,91.567,868.091,711.890,694.067,448.514,1042.116,975.267,0.937,75.000,,
vino.mp4,2748,91.600,868.486,712.232,694.877,449.113,1042.095,975.350,0.934,75.000,,
vino.mp4,2749,91.633,868.795,712.364,695.477,449.288,1042.113,975.440,0.935,75.000,,
vino.mp4,2750,91.667,869.011,712.252,695.924,449.179,1042.098,975.325,0.933,75.000,,
vino.mp4,2751,91.700,869.114,712.370,696.266,449.360,1041.963,975.380,0.934,75.000,,
vino.mp4,2752,91.733,869.124,712.531,696.686,449.980,1041.562,975.081,0.934,75.000,,
vino.mp4,2753,91.767,869.038,712.416,696.699,449.856,1041.377,974.976,0.932,75.000,,
vino.mp4,2754,91.800,869.019,712.450,696.907,450.127,1041.130,974.772,0.934,75.000,,
vino.mp4,2755,91.833,869.031,712.645,696.899,450.177,1041.162,975.114,0.936,75.000,,
vino.mp4,2756,91.867,869.637,711.918,697.078,448.710,1042.196,975.127,0.936,75.000,,
vino.mp4,2757,91.900,870.995,709.947,697.240,444.849,1044.749,975.045,0.933,75.000,,
vino.mp4,2758,91.933,872.480,709.120,698.226,443.513,1046.735,974.728,0.936,75.000,,
vino.mp4,2759,91.967,874.598,710.192,700.602,445.734,1048.595,974.650,0.936,75.000,,
vino.mp4,2760,92.000,876.189,717.066,705.590,459.600,1046.787,974.533,0.936,75.000,,
vino.mp4,2761,92.033,877.443,729.084,712.766,483.724,1042.121,974.444,0.937,75.000,,
vino.mp4,2762,92.067,876.401,734.503,713.621,494.574,1039.182,974.431,0.938,75.000,,
vino.mp4,2763,92.100,876.019,733.420,711.166,492.327,1040.873,974.512,0.936,75.000,,
vino.mp4,2764,92.133,873.771,727.440,704.352,480.123,1043.189,974.758,0.930,75.000,,
vino.mp4,2765,92.167,870.362,718.348,695.460,461.924,1045.264,974.772,0.932,75.000,,
vino.mp4,2766,92.200,868.915,709.746,689.368,444.756,1048.463,974.735,0.934,75.000,,
vino.mp4,2767,92.233,869.012,706.162,687.991,437.401,1050.033,974.923,0.940,75.000,,
vino.mp4,2768,92.267,868.993,706.186,688.721,437.174,1049.265,975.199,0.940,75.000,,
vino.mp4,2769,92.300,868.785,708.389,690.812,441.910,1046.758,974.867,0.928,75.000,,
vino.mp4,2770,92.333,868.813,710.755,692.920,446.810,1044.705,974.699,0.915,75.000,,
vino.mp4,2771,92.367,869.099,710.257,693.471,445.969,1044.726,974.545,0.871,75.000,,
vino.mp4,2772,92.400,869.506,709.852,693.854,444.687,1045.158,975.017,0.895,75.000,,
vino.mp4,2773,92.433,870.326,709.748,694.481,443.260,1046.171,976.236,0.915,75.000,,
vino.mp4,2774,92.467,870.893,709.083,695.304,441.936,1046.482,976.231,0.911,75.000,,
vino.mp4,2775,92.500,869.511,708.882,693.800,440.913,1045.223,976.852,0.904,75.000,,
vino.mp4,2776,92.533,867.654,708.537,691.536,439.582,1043.772,977.491,0.915,75.000,,
vino.mp4,2777,92.567,866.452,708.250,690.099,438.676,1042.806,977.824,0.930,75.000,,
vino.mp4,2778,92.600,865.711,707.887,689.227,437.917,1042.194,977.856,0.929,75.000,,
vino.mp4,2779,92.633,864.966,707.891,688.495,437.884,1041.438,977.898,0.930,75.000,,
vino.mp4,2780,92.667,864.353,707.872,687.654,437.491,1041.052,978.254,0.917,75.000,,
vino.mp4,2781,92.700,864.099,707.946,687.256,437.337,1040.942,978.554,0.912,75.000,,
vino.mp4,2782,92.733,863.835,707.801,686.778,436.860,1040.892,978.742,0.919,75.000,,
vino.mp4,2783,92.767,863.877,707.666,686.719,436.518,1041.035,978.815,0.918,75.000,,
vino.mp4,2784,92.800,866.084,707.513,689.201,436.261,1042.966,978.764,0.918,75.000,,
vino.mp4,2785,92.833,868.592,707.161,692.312,436.013,1044.873,978.310,0.878,75.000,,
vino.mp4,2786,92.867,869.266,707.419,693.382,436.266,1045.149,978.572,0.921,75.000,,
vino.mp4,2787,92.900,869.155,707.394,693.559,436.191,1044.750,978.596,0.937,75.000,,
vino.mp4,2788,92.933,868.949,707.395,693.562,436.079,1044.335,978.711,0.936,75.000,,
vino.mp4,2789,92.967,868.768,707.459,693.562,436.053,1043.973,978.864,0.937,75.000,,
vino.mp4,2790,93.000,868.421,707.015,693.828,436.247,1043.014,977.784,0.938,75.000,,
vino.mp4,2791,93.033,868.321,706.802,694.070,436.223,1042.573,977.381,0.939,75.000,,
vino.mp4,2792,93.067,868.486,706.751,694.518,436.270,1042.454,977.233,0.936,75.000,,
vino.mp4,2793,93.100,868.648,706.755,694.870,436.245,1042.427,977.264,0.936,75.000,,
vino.mp4,2794,93.133,868.906,706.838,695.285,436.287,1042.526,977.389,0.938,75.000,,
vino.mp4,2795,93.167,868.963,706.897,695.555,436.413,1042.372,977.381,0.936,75.000,,
vino.mp4,2796,93.200,869.015,706.850,695.790,436.423,1042.240,977.277,0.934,75.000,,
vino.mp4,2797,93.233,869.467,706.838,696.284,436.239,1042.650,977.437,0.936,75.000,,
vino.mp4,2798,93.267,869.800,707.240,696.610,436.331,1042.990,978.150,0.934,75.000,,
vino.mp4,2799,93.300,869.989,707.481,696.865,436.387,1043.113,978.575,0.935,75.000,,
vino.mp4,2800,93.333,869.928,707.112,697.071,436.224,1042.785,978.000,0.934,75.000,,
vino.mp4,2801,93.367,869.910,706.932,697.316,436.282,1042.504,977.582,0.935,75.000,,
vino.mp4,2802,93.400,869.838,706.866,697.425,436.361,1042.250,977.372,0.933,75.000,,
vino.mp4,2803,93.433,869.736,706.813,697.401,436.306,1042.072,977.321,0.934,75.000,,
vino.mp4,2804,93.467,869.650,706.754,697.404,436.286,1041.897,977.221,0.935,75.000,,
vino.mp4,2805,93.500,869.607,706.773,697.385,436.248,1041.828,977.298,0.934,75.000,,
vino.mp4,2806,93.533,869.643,706.841,697.543,436.440,1041.744,977.242,0.935,75.000,,
vino.mp4,2807,93.567,869.647,706.843,697.609,436.477,1041.685,977.209,0.936,75.000,,
vino.mp4,2808,93.600,869.660,706.473,697.454,435.734,1041.867,977.212,0.936,75.000,,
vino.mp4,2809,93.633,869.654,705.976,697.226,434.728,1042.083,977.224,0.937,75.000,,
vino.mp4,2810,93.667,869.641,705.337,696.904,433.395,1042.379,977.279,0.935,75.000,,
vino.mp4,2811,93.700,869.681,702.972,695.708,428.604,1043.654,977.339,0.934,75.000,,
vino.mp4,2812,93.733,869.785,701.534,694.966,425.222,1044.604,977.845,0.936,75.000,,
vino.mp4,2813,93.767,869.896,702.099,695.551,426.172,1044.241,978.026,0.931,75.000,,
vino.mp4,2814,93.800,869.389,708.350,699.142,439.523,1039.636,977.176,0.928,75.000,,
vino.mp4,2815,93.833,869.789,719.578,705.235,461.569,1034.344,977.587,0.934,75.000,,
vino.mp4,2816,93.867,871.788,728.868,711.652,480.774,1031.925,976.961,0.926,75.000,,
vino.mp4,2817,93.900,873.849,732.335,714.281,488.076,1033.417,976.594,0.925,75.000,,
vino.mp4,2818,93.933,874.302,729.721,711.776,482.955,1036.828,976.487,0.928,75.000,,
vino.mp4,2819,93.967,871.520,724.630,704.759,471.838,1038.280,977.422,0.933,75.000,,
vino.mp4,2820,94.000,870.630,718.059,699.473,458.280,1041.787,977.838,0.930,75.000,,
vino.mp4,2821,94.033,870.398,712.156,695.775,446.337,1045.020,977.975,0.934,75.000,,
vino.mp4,2822,94.067,870.240,708.031,693.534,438.052,1046.946,978.011,0.929,75.000,,
vino.mp4,2823,94.100,870.093,707.970,693.663,437.691,1046.523,978.250,0.926,75.000,,
vino.mp4,2824,94.133,869.432,707.845,693.735,438.102,1045.129,977.588,0.922,75.000,,
vino.mp4,2825,94.167,869.677,708.421,694.275,438.559,1045.079,978.282,0.927,75.000,,
vino.mp4,2826,94.200,869.779,708.663,694.752,438.866,1044.807,978.460,0.927,75.000,,
vino.mp4,2827,94.233,869.881,708.785,695.143,438.968,1044.620,978.602,0.929,75.000,,
vino.mp4,2828,94.267,869.871,708.887,695.415,439.085,1044.328,978.689,0.929,75.000,,
vino.mp4,2829,94.300,869.407,708.527,695.525,439.301,1043.289,977.753,0.925,75.000,,
vino.mp4,2830,94.333,869.710,708.792,695.907,439.353,1043.514,978.230,0.931,75.000,,
vino.mp4,2831,94.367,869.892,708.867,696.262,439.412,1043.522,978.322,0.930,75.000,,
vino.mp4,2832,94.400,869.978,708.885,696.509,439.415,1043.448,978.355,0.934,75.000,,
vino.mp4,2833,94.433,869.990,708.903,696.732,439.549,1043.248,978.257,0.932,75.000,,
vino.mp4,2834,94.467,869.990,709.002,696.863,439.641,1043.117,978.364,0.929,75.000,,
vino.mp4,2835,94.500,869.516,708.671,696.780,439.773,1042.253,977.569,0.932,75.000,,
vino.mp4,2836,94.533,869.368,708.701,696.882,440.072,1041.854,977.331,0.929,75.000,,
vino.mp4,2837,94.567,869.205,708.573,696.802,439.954,1041.608,977.192,0.922,75.000,,
vino.mp4,2838,94.600,869.185,708.467,696.972,440.049,1041.399,976.885,0.929,75.000,,
vino.mp4,2839,94.633,869.550,707.884,696.875,438.586,1042.226,977.182,0.932,75.000,,
vino.mp4,2840,94.667,869.770,707.248,696.789,437.267,1042.751,977.229,0.935,75.000,,
vino.mp4,2841,94.700,869.882,706.769,696.772,436.377,1042.992,977.161,0.934,75.000,,
vino.mp4,2842,94.733,869.803,706.836,696.847,436.518,1042.759,977.154,0.932,75.000,,
vino.mp4,2843,94.767,869.555,708.188,697.457,439.191,1041.653,977.185,0.934,75.000,,
vino.mp4,2844,94.800,870.582,710.606,699.674,444.012,1041.489,977.200,0.932,75.000,,
vino.mp4,2845,94.833,871.621,716.681,703.925,456.524,1039.318,976.839,0.931,75.000,,
vino.mp4,2846,94.867,875.177,723.265,710.160,469.877,1040.193,976.652,0.936,75.000,,
vino.mp4,2847,94.900,878.571,727.806,714.487,478.952,1042.654,976.661,0.926,75.000,,
vino.mp4,2848,94.933,880.696,729.078,715.549,481.484,1045.844,976.673,0.921,75.000,,
vino.mp4,2849,94.967,882.399,726.992,714.007,476.595,1050.791,977.388,0.865,75.000,,
vino.mp4,2850,95.000,882.250,724.247,711.066,470.626,1053.434,977.868,0.844,75.000,,
vino.mp4,2851,95.033,880.217,723.198,707.335,467.742,1053.098,978.654,0.883,75.000,,
vino.mp4,2852,95.067,875.656,722.711,701.200,466.434,1050.112,978.988,0.901,75.000,,
vino.mp4,2853,95.100,870.989,722.665,695.128,466.686,1046.850,978.645,0.902,75.000,,
vino.mp4,2854,95.133,869.122,724.095,690.889,467.289,1047.355,980.900,0.854,75.000,,
vino.mp4,2855,95.167,866.270,724.400,685.764,466.883,1046.776,981.918,0.875,75.000,,
vino.mp4,2856,95.200,864.108,725.032,681.738,467.443,1046.478,982.621,0.779,75.000,,
vino.mp4,2857,95.233,862.979,725.873,679.091,468.750,1046.866,982.995,0.857,75.000,,
vino.mp4,2858,95.267,864.306,726.854,678.943,470.221,1049.670,983.487,0.776,75.000,,
vino.mp4,2859,95.300,864.943,727.793,679.155,472.953,1050.732,982.632,0.893,75.000,,
vino.mp4,2860,95.333,867.477,728.902,680.880,475.228,1054.074,982.576,0.825,75.000,,
vino.mp4,2861,95.367,871.959,729.821,685.071,476.996,1058.848,982.646,0.838,75.000,,
vino.mp4,2862,95.400,880.732,730.208,694.080,477.411,1067.384,983.006,0.891,75.000,,
vino.mp4,2863,95.433,883.170,730.274,696.627,477.428,1069.713,983.121,0.881,75.000,,
vino.mp4,2864,95.467,883.983,730.167,697.598,477.347,1070.368,982.987,0.916,75.000,,
vino.mp4,2865,95.500,884.650,729.673,698.882,477.605,1070.418,981.740,0.918,75.000,,
vino.mp4,2866,95.533,884.306,728.663,698.441,476.086,1070.172,981.239,0.929,75.000,,
vino.mp4,2867,95.567,883.855,727.479,697.619,473.776,1070.092,981.183,0.933,75.000,,
vino.mp4,2868,95.600,883.208,726.729,696.987,472.266,1069.429,981.192,0.932,75.000,,
vino.mp4,2869,95.633,882.747,726.122,696.575,470.830,1068.918,981.413,0.935,75.000,,
vino.mp4,2870,95.667,882.712,725.748,696.961,470.241,1068.464,981.256,0.937,75.000,,
vino.mp4,2871,95.700,882.854,725.360,697.401,469.544,1068.307,981.176,0.936,75.000,,
vino.mp4,2872,95.733,882.681,725.167,697.622,469.272,1067.740,981.062,0.935,75.000,,
vino.mp4,2873,95.767,882.568,725.097,697.941,469.285,1067.195,980.909,0.934,75.000,,
vino.mp4,2874,95.800,882.352,725.051,698.023,469.197,1066.680,980.905,0.935,75.000,,
vino.mp4,2875,95.833,882.342,724.385,697.946,467.977,1066.738,980.792,0.935,75.000,,
vino.mp4,2876,95.867,882.139,723.211,697.232,465.500,1067.046,980.921,0.928,75.000,,
vino.mp4,2877,95.900,883.141,722.367,697.898,463.760,1068.385,980.973,0.940,75.000,,
vino.mp4,2878,95.933,884.612,722.197,699.382,463.484,1069.842,980.909,0.939,75.000,,
vino.mp4,2879,95.967,885.861,722.515,700.802,464.101,1070.921,980.928,0.938,75.000,,
vino.mp4,2880,96.000,887.602,723.892,703.348,467.113,1071.855,980.671,0.925,75.000,,
vino.mp4,2881,96.033,889.249,724.981,705.341,469.403,1073.156,980.558,0.924,75.000,,
vino.mp4,2882,96.067,890.246,725.783,706.407,471.134,1074.086,980.432,0.922,75.000,,
vino.mp4,2883,96.100,890.693,726.671,706.945,472.977,1074.441,980.364,0.929,75.000,,
vino.mp4,2884,96.133,890.838,727.183,706.873,473.949,1074.803,980.418,0.931,75.000,,
vino.mp4,2885,96.167,890.585,727.476,706.255,474.343,1074.915,980.609,0.932,75.000,,
vino.mp4,2886,96.200,890.322,727.014,705.351,473.464,1075.294,980.565,0.931,75.000,,
vino.mp4,2887,96.233,889.257,726.397,703.700,472.234,1074.813,980.560,0.934,75.000,,
vino.mp4,2888,96.267,886.367,725.984,700.771,471.452,1071.963,980.516,0.929,75.000,,
vino.mp4,2889,96.300,883.620,724.495,697.513,468.440,1069.727,980.549,0.934,75.000,,
vino.mp4,2890,96.333,881.110,722.730,694.532,464.818,1067.689,980.642,0.929,75.000,,
vino.mp4,2891,96.367,878.370,721.288,691.784,461.771,1064.955,980.805,0.931,75.000,,
vino.mp4,2892,96.400,874.917,720.015,688.522,458.692,1061.311,981.339,0.929,75.000,,
vino.mp4,2893,96.433,872.190,718.433,686.316,455.515,1058.064,981.350,0.936,75.000,,
vino.mp4,2894,96.467,871.445,717.615,685.833,452.823,1057.057,982.407,0.936,75.000,,
vino.mp4,2895,96.500,871.116,717.683,686.700,452.603,1055.533,982.763,0.940,75.000,,
vino.mp4,2896,96.533,870.980,718.544,688.263,454.214,1053.698,982.875,0.938,75.000,,
vino.mp4,2897,96.567,870.887,717.548,688.699,452.262,1053.074,982.834,0.935,75.000,,
vino.mp4,2898,96.600,870.791,711.843,686.585,441.419,1054.996,982.267,0.934,75.000,,
vino.mp4,2899,96.633,870.873,704.982,683.987,427.995,1057.759,981.969,0.936,75.000,,
vino.mp4,2900,96.667,873.150,702.068,685.631,422.079,1060.669,982.057,0.938,75.000,,
vino.mp4,2901,96.700,880.603,708.401,697.380,435.469,1063.826,981.334,0.936,75.000,,
vino.mp4,2902,96.733,883.577,736.667,716.520,492.355,1050.634,980.979,0.932,75.000,,
vino.mp4,2903,96.767,886.272,755.195,728.331,529.595,1044.212,980.794,0.934,75.000,,
vino.mp4,2904,96.800,889.994,766.738,736.028,552.781,1043.959,980.694,0.927,75.000,,
vino.mp4,2905,96.833,895.082,771.215,740.028,561.726,1050.136,980.703,0.926,75.000,,
vino.mp4,2906,96.867,900.243,771.052,740.039,560.003,1060.447,982.101,0.932,75.000,,
vino.mp4,2907,96.900,903.599,765.945,735.746,549.134,1071.452,982.756,0.934,75.000,,
vino.mp4,2908,96.933,905.042,759.568,729.594,536.231,1080.490,982.906,0.931,75.000,,
vino.mp4,2909,96.967,909.108,754.782,727.444,526.892,1090.773,982.672,0.936,75.000,,
vino.mp4,2910,97.000,909.555,750.501,723.364,519.737,1095.746,981.264,0.938,75.000,,
vino.mp4,2911,97.033,908.893,748.682,718.918,515.270,1098.868,982.093,0.938,75.000,,
vino.mp4,2912,97.067,909.421,747.410,717.542,513.856,1101.299,980.963,0.943,75.000,,
vino.mp4,2913,97.100,910.227,746.988,716.428,513.182,1104.026,980.793,0.942,75.000,,
vino.mp4,2914,97.133,910.390,746.387,714.889,512.367,1105.892,980.406,0.941,75.000,,
vino.mp4,2915,97.167,910.500,746.769,713.110,511.951,1107.890,981.588,0.940,75.000,,
vino.mp4,2916,97.200,909.517,745.718,710.859,510.624,1108.174,980.812,0.934,75.000,,
vino.mp4,2917,97.233,908.811,745.740,708.556,509.575,1109.067,981.905,0.939,75.000,,
vino.mp4,2918,97.267,907.938,745.586,706.765,508.998,1109.110,982.173,0.934,75.000,,
vino.mp4,2919,97.300,907.299,744.825,705.705,508.441,1108.894,981.208,0.937,75.000,,
vino.mp4,2920,97.333,906.944,744.440,704.941,508.200,1108.946,980.681,0.932,75.000,,
vino.mp4,2921,97.367,907.046,745.063,704.231,508.327,1109.860,981.799,0.931,75.000,,
vino.mp4,2922,97.400,906.902,744.612,703.933,508.246,1109.870,980.978,0.932,75.000,,
vino.mp4,2923,97.433,907.222,745.247,703.604,508.502,1110.840,981.991,0.934,75.000,,
vino.mp4,2924,97.467,907.852,745.512,703.821,508.756,1111.882,982.268,0.934,75.000,,
vino.mp4,2925,97.500,908.929,745.817,704.516,509.176,1113.343,982.458,0.936,75.000,,
vino.mp4,2926,97.533,910.079,746.235,705.371,509.949,1114.787,982.521,0.936,75.000,,
vino.mp4,2927,97.567,910.856,746.558,705.827,510.625,1115.885,982.490,0.937,75.000,,
vino.mp4,2928,97.600,911.806,747.011,706.380,511.373,1117.232,982.648,0.937,75.000,,
vino.mp4,2929,97.633,911.709,747.812,706.473,513.129,1116.945,982.496,0.911,75.000,,
vino.mp4,2930,97.667,910.035,749.216,705.558,515.913,1114.513,982.520,0.915,75.000,,
vino.mp4,2931,97.700,907.145,750.827,703.926,519.157,1110.364,982.496,0.907,75.000,,
vino.mp4,2932,97.733,903.512,751.115,700.651,519.543,1106.372,982.686,0.928,75.000,,
vino.mp4,2933,97.767,902.636,749.225,699.626,517.244,1105.646,981.206,0.920,75.000,,
vino.mp4,2934,97.800,903.342,746.886,698.837,512.886,1107.847,980.885,0.932,75.000,,
vino.mp4,2935,97.833,904.563,742.849,697.472,505.438,1111.655,980.260,0.936,75.000,,
vino.mp4,2936,97.867,904.761,740.159,696.024,500.223,1113.497,980.094,0.934,75.000,,
vino.mp4,2937,97.900,903.214,739.209,693.831,497.488,1112.597,980.930,0.935,75.000,,
vino.mp4,2938,97.933,902.478,738.536,692.998,495.655,1111.958,981.417,0.936,75.000,,
vino.mp4,2939,97.967,901.490,738.048,692.464,494.601,1110.517,981.495,0.936,75.000,,
vino.mp4,2940,98.000,900.814,737.506,692.586,493.967,1109.042,981.045,0.935,75.000,,
vino.mp4,2941,98.033,900.261,736.915,692.552,492.905,1107.969,980.924,0.935,75.000,,
vino.mp4,2942,98.067,899.198,735.536,690.921,489.482,1107.475,981.589,0.936,75.000,,
vino.mp4,2943,98.100,897.327,733.424,689.287,486.094,1105.368,980.754,0.939,75.000,,
vino.mp4,2944,98.133,895.826,732.388,688.472,484.269,1103.180,980.507,0.940,75.000,,
vino.mp4,2945,98.167,895.367,732.058,688.999,483.689,1101.736,980.427,0.940,75.000,,
vino.mp4,2946,98.200,895.063,731.908,689.715,483.461,1100.411,980.355,0.939,75.000,,
vino.mp4,2947,98.233,896.685,730.662,690.237,479.646,1103.133,981.678,0.939,75.000,,
vino.mp4,2948,98.267,898.907,729.766,692.034,477.286,1105.779,982.245,0.942,75.000,,
vino.mp4,2949,98.300,900.827,729.433,694.391,476.923,1107.262,981.942,0.940,75.000,,
vino.mp4,2950,98.333,901.305,732.236,697.652,483.012,1104.958,981.461,0.937,75.000,,
vino.mp4,2951,98.367,899.828,738.583,700.742,495.175,1098.913,981.991,0.935,75.000,,
vino.mp4,2952,98.400,898.004,744.843,704.246,508.702,1091.762,980.985,0.938,75.000,,
vino.mp4,2953,98.433,898.328,748.537,706.128,515.102,1090.528,981.972,0.938,75.000,,
vino.mp4,2954,98.467,901.295,748.007,708.410,514.951,1094.180,981.062,0.938,75.000,,
vino.mp4,2955,98.500,903.015,745.027,707.663,509.875,1098.367,980.178,0.938,75.000,,
vino.mp4,2956,98.533,902.931,741.035,704.326,502.260,1101.537,979.810,0.938,75.000,,
vino.mp4,2957,98.567,901.295,738.404,700.068,496.082,1102.523,980.725,0.937,75.000,,
vino.mp4,2958,98.600,899.544,736.192,696.063,490.300,1103.024,982.083,0.937,75.000,,
vino.mp4,2959,98.633,896.638,734.156,693.079,487.021,1100.197,981.291,0.941,75.000,,
vino.mp4,2960,98.667,893.841,732.451,690.367,483.931,1097.316,980.971,0.941,75.000,,
vino.mp4,2961,98.700,890.508,730.697,687.163,480.382,1093.853,981.012,0.941,75.000,,
vino.mp4,2962,98.733,887.939,728.090,684.414,475.288,1091.464,980.891,0.939,75.000,,
vino.mp4,2963,98.767,886.563,726.852,684.197,473.378,1088.930,980.327,0.940,75.000,,
vino.mp4,2964,98.800,885.928,726.362,684.897,472.590,1086.960,980.135,0.942,75.000,,
vino.mp4,2965,98.833,885.531,726.265,685.594,472.003,1085.468,980.526,0.940,75.000,,
vino.mp4,2966,98.867,885.450,726.459,686.703,472.001,1084.197,980.918,0.939,75.000,,
vino.mp4,2967,98.900,885.678,726.464,688.068,471.920,1083.289,981.009,0.942,75.000,,
vino.mp4,2968,98.933,885.761,726.734,689.300,472.304,1082.221,981.163,0.936,75.000,,
vino.mp4,2969,98.967,886.058,726.740,690.778,472.667,1081.339,980.813,0.936,75.000,,
vino.mp4,2970,99.000,886.235,726.780,691.813,472.786,1080.656,980.773,0.935,75.000,,
vino.mp4,2971,99.033,886.534,726.821,692.821,472.831,1080.248,980.811,0.939,75.000,,
vino.mp4,2972,99.067,886.870,727.108,693.988,473.459,1079.753,980.758,0.937,75.000,,
vino.mp4,2973,99.100,887.725,728.118,695.932,475.478,1079.518,980.758,0.937,75.000,,
vino.mp4,2974,99.133,888.433,728.984,697.448,477.158,1079.419,980.810,0.934,75.000,,
vino.mp4,2975,99.167,890.294,730.012,700.009,479.279,1080.579,980.745,0.937,75.000,,
vino.mp4,2976,99.200,892.147,731.560,702.629,482.386,1081.664,980.733,0.935,75.000,,
vino.mp4,2977,99.233,893.792,732.763,704.612,484.802,1082.972,980.723,0.929,75.000,,
vino.mp4,2978,99.267,894.749,733.488,705.478,486.191,1084.020,980.786,0.928,75.000,,
vino.mp4,2979,99.300,895.188,733.843,705.697,487.034,1084.679,980.652,0.931,75.000,,
vino.mp4,2980,99.333,895.496,733.906,705.548,487.226,1085.444,980.585,0.932,75.000,,
vino.mp4,2981,99.367,895.831,734.038,705.544,487.651,1086.119,980.424,0.932,75.000,,
vino.mp4,2982,99.400,896.050,734.213,705.333,487.978,1086.767,980.449,0.934,75.000,,
vino.mp4,2983,99.433,896.234,734.556,705.178,488.585,1087.289,980.527,0.932,75.000,,
vino.mp4,2984,99.467,896.288,734.955,704.960,489.292,1087.615,980.618,0.933,75.000,,
vino.mp4,2985,99.500,896.620,735.561,705.132,490.407,1088.108,980.714,0.930,75.000,,
vino.mp4,2986,99.533,897.620,736.494,705.441,491.183,1089.800,981.805,0.928,75.000,,
vino.mp4,2987,99.567,899.238,737.521,706.713,492.740,1091.764,982.303,0.932,75.000,,
vino.mp4,2988,99.600,900.789,738.279,707.893,494.165,1093.685,982.393,0.933,75.000,,
vino.mp4,2989,99.633,902.885,739.565,709.843,496.736,1095.927,982.393,0.934,75.000,,
vino.mp4,2990,99.667,904.528,741.023,711.322,499.616,1097.735,982.431,0.934,75.000,,
vino.mp4,2991,99.700,905.778,742.851,712.644,503.321,1098.912,982.380,0.933,75.000,,
vino.mp4,2992,99.733,906.178,744.533,712.989,506.699,1099.368,982.368,0.931,75.000,,
vino.mp4,2993,99.767,906.678,745.659,713.022,508.976,1100.335,982.342,0.931,75.000,,
vino.mp4,2994,99.800,907.004,746.220,712.498,510.106,1101.511,982.333,0.930,75.000,,
vino.mp4,2995,99.833,906.987,746.385,711.326,510.254,1102.648,982.516,0.934,75.000,,
vino.mp4,2996,99.867,906.756,745.744,709.762,509.163,1103.750,982.326,0.928,75.000,,
vino.mp4,2997,99.900,906.215,745.402,708.227,508.589,1104.204,982.216,0.929,75.000,,
vino.mp4,2998,99.933,905.593,744.430,706.254,506.672,1104.931,982.188,0.930,75.000,,
vino.mp4,2999,99.967,903.545,741.566,702.742,502.197,1104.347,980.935,0.933,75.000,,
vino.mp4,3000,100.000,898.109,735.462,693.888,490.616,1102.331,980.309,0.934,75.000,,
vino.mp4,3001,100.033,890.415,730.385,684.306,480.591,1096.524,980.179,0.933,75.000,,
vino.mp4,3002,100.067,882.167,726.212,675.694,472.231,1088.640,980.194,0.941,75.000,,
vino.mp4,3003,100.100,875.612,722.777,669.706,465.159,1081.518,980.395,0.929,75.000,,
vino.mp4,3004,100.133,872.087,721.096,667.436,460.639,1076.738,981.552,0.931,75.000,,
vino.mp4,3005,100.167,870.524,721.025,669.396,461.140,1071.652,980.910,0.936,75.000,,
vino.mp4,3006,100.200,870.492,719.334,671.024,457.837,1069.961,980.831,0.936,75.000,,
vino.mp4,3007,100.233,871.778,715.111,672.026,449.512,1071.531,980.709,0.934,75.000,,
vino.mp4,3008,100.267,875.284,709.258,673.455,437.419,1077.113,981.097,0.935,75.000,,
vino.mp4,3009,100.300,879.923,708.227,679.357,435.689,1080.488,980.766,0.934,75.000,,
vino.mp4,3010,100.333,882.518,716.894,689.038,453.242,1075.998,980.546,0.940,75.000,,
vino.mp4,3011,100.367,880.962,738.045,702.144,495.810,1059.780,980.280,0.933,75.000,,
vino.mp4,3012,100.400,880.531,753.482,711.370,526.680,1049.693,980.283,0.930,75.000,,
vino.mp4,3013,100.433,881.990,762.226,717.230,544.196,1046.750,980.257,0.922,75.000,,
vino.mp4,3014,100.467,885.570,765.474,720.895,550.692,1050.245,980.256,0.923,75.000,,
vino.mp4,3015,100.500,889.949,763.626,721.556,546.916,1058.343,980.336,0.931,75.000,,
vino.mp4,3016,100.533,894.526,759.058,720.564,537.797,1068.488,980.320,0.931,75.000,,
vino.mp4,3017,100.567,897.314,754.678,717.395,527.810,1077.232,981.546,0.934,75.000,,
vino.mp4,3018,100.600,899.457,749.880,714.204,517.847,1084.711,981.914,0.933,75.000,,
vino.mp4,3019,100.633,899.631,744.290,709.229,506.568,1090.034,982.011,0.937,75.000,,
vino.mp4,3020,100.667,895.304,738.764,702.211,497.389,1088.397,980.140,0.935,75.000,,
vino.mp4,3021,100.700,892.618,734.979,697.379,490.175,1087.858,979.782,0.936,75.000,,
vino.mp4,3022,100.733,889.390,732.446,693.226,485.250,1085.554,979.642,0.934,75.000,,
vino.mp4,3023,100.767,885.295,730.172,688.699,480.579,1081.890,979.764,0.933,75.000,,
vino.mp4,3024,100.800,882.173,727.640,685.319,475.509,1079.027,979.771,0.933,75.000,,
vino.mp4,3025,100.833,879.805,725.841,683.176,471.575,1076.435,980.107,0.935,75.000,,
vino.mp4,3026,100.867,877.950,724.002,681.925,467.969,1073.974,980.034,0.936,75.000,,
vino.mp4,3027,100.900,877.280,723.226,682.360,466.271,1072.201,980.181,0.935,75.000,,
vino.mp4,3028,100.933,876.975,723.175,683.633,466.163,1070.317,980.187,0.937,75.000,,
vino.mp4,3029,100.967,876.905,723.244,685.027,466.218,1068.784,980.270,0.933,75.000,,
vino.mp4,3030,101.000,877.090,723.343,686.551,466.363,1067.629,980.323,0.932,75.000,,
vino.mp4,3031,101.033,877.350,723.396,688.018,466.484,1066.682,980.309,0.934,75.000,,
vino.mp4,3032,101.067,877.498,723.517,689.358,466.840,1065.638,980.195,0.936,75.000,,
vino.mp4,3033,101.100,877.863,723.625,690.745,467.149,1064.980,980.101,0.937,75.000,,
vino.mp4,3034,101.133,878.243,723.804,691.935,467.395,1064.551,980.213,0.937,75.000,,
vino.mp4,3035,101.167,879.267,723.749,693.456,467.224,1065.079,980.274,0.937,75.000,,
vino.mp4,3036,101.200,880.533,723.854,695.214,467.475,1065.851,980.232,0.936,75.000,,
vino.mp4,3037,101.233,881.930,723.798,696.842,467.414,1067.017,980.182,0.937,75.000,,
vino.mp4,3038,101.267,884.103,724.629,699.482,469.054,1068.724,980.204,0.941,75.000,,
vino.mp4,3039,101.300,887.723,724.925,702.771,469.570,1072.676,980.280,0.941,75.000,,
vino.mp4,3040,101.333,891.316,726.101,706.386,472.011,1076.247,980.191,0.940,75.000,,
vino.mp4,3041,101.367,894.382,728.644,709.966,477.006,1078.798,980.281,0.938,75.000,,
vino.mp4,3042,101.400,895.512,732.168,712.320,484.152,1078.704,980.183,0.938,75.000,,
vino.mp4,3043,101.433,892.892,737.730,712.606,495.460,1073.178,980.001,0.935,75.000,,
vino.mp4,3044,101.467,889.278,741.673,710.938,503.398,1067.618,979.948,0.934,75.000,,
vino.mp4,3045,101.500,889.280,741.688,709.969,503.401,1068.591,979.975,0.935,75.000,,
vino.mp4,3046,101.533,890.172,737.586,707.177,495.124,1073.168,980.048,0.937,75.000,,
vino.mp4,3047,101.567,887.550,731.861,700.549,483.583,1074.551,980.139,0.936,75.000,,
vino.mp4,3048,101.600,882.697,726.186,692.618,472.140,1072.776,980.231,0.930,75.000,,
vino.mp4,3049,101.633,876.876,722.748,685.977,465.084,1067.776,980.412,0.933,75.000,,
vino.mp4,3050,101.667,873.042,720.573,682.584,460.755,1063.500,980.391,0.931,75.000,,
vino.mp4,3051,101.700,871.630,718.668,681.054,455.836,1062.206,981.500,0.934,75.000,,
vino.mp4,3052,101.733,871.206,716.820,680.954,451.669,1061.459,981.970,0.931,75.000,,
vino.mp4,3053,101.767,871.094,715.568,681.750,449.053,1060.439,982.083,0.934,75.000,,
vino.mp4,3054,101.800,871.140,714.962,683.052,447.800,1059.227,982.124,0.932,75.000,,
vino.mp4,3055,101.833,870.923,714.086,684.619,447.263,1057.227,980.909,0.934,75.000,,
vino.mp4,3056,101.867,870.769,713.805,685.931,447.035,1055.608,980.574,0.935,75.000,,
vino.mp4,3057,101.900,870.721,713.749,687.262,447.134,1054.180,980.364,0.939,75.000,,
vino.mp4,3058,101.933,870.763,713.813,688.530,447.304,1052.997,980.321,0.939,75.000,,
vino.mp4,3059,101.967,870.798,713.918,689.638,447.457,1051.958,980.379,0.939,75.000,,
vino.mp4,3060,102.000,870.593,713.801,690.381,447.407,1050.805,980.195,0.939,75.000,,
vino.mp4,3061,102.033,870.525,713.801,691.174,447.478,1049.877,980.124,0.938,75.000,,
vino.mp4,3062,102.067,870.510,713.812,691.876,447.453,1049.144,980.170,0.939,75.000,,
vino.mp4,3063,102.100,870.508,713.809,692.573,447.484,1048.443,980.135,0.937,75.000,,
vino.mp4,3064,102.133,870.563,713.802,693.266,447.492,1047.859,980.112,0.934,75.000,,
vino.mp4,3065,102.167,870.531,713.839,693.827,447.572,1047.235,980.106,0.931,75.000,,
vino.mp4,3066,102.200,870.441,713.788,694.269,447.539,1046.613,980.036,0.933,75.000,,
vino.mp4,3067,102.233,870.462,713.791,694.780,447.598,1046.143,979.985,0.938,75.000,,
vino.mp4,3068,102.267,870.470,713.819,695.251,447.703,1045.690,979.935,0.939,75.000,,
vino.mp4,3069,102.300,870.429,713.913,695.616,447.852,1045.242,979.975,0.938,75.000,,
vino.mp4,3070,102.333,870.372,713.972,695.934,447.977,1044.810,979.968,0.937,75.000,,
vino.mp4,3071,102.367,870.400,714.278,696.341,448.438,1044.459,980.117,0.939,75.000,,
vino.mp4,3072,102.400,870.423,714.684,696.728,449.046,1044.118,980.322,0.939,75.000,,
vino.mp4,3073,102.433,870.417,715.109,697.161,449.859,1043.673,980.360,0.938,75.000,,
vino.mp4,3074,102.467,870.380,715.337,697.360,450.172,1043.399,980.501,0.938,75.000,,
vino.mp4,3075,102.500,870.375,714.939,697.294,449.385,1043.457,980.493,0.939,75.000,,
vino.mp4,3076,102.533,871.403,714.869,698.322,449.265,1044.484,980.473,0.935,75.000,,
vino.mp4,3077,102.567,872.761,715.899,700.187,451.399,1045.335,980.400,0.932,75.000,,
vino.mp4,3078,102.600,875.354,718.559,703.786,456.696,1046.923,980.422,0.932,75.000,,
vino.mp4,3079,102.633,877.029,724.793,708.318,469.199,1045.740,980.386,0.938,75.000,,
vino.mp4,3080,102.667,878.150,731.401,712.246,482.517,1044.054,980.284,0.936,75.000,,
vino.mp4,3081,102.700,878.222,733.867,712.676,487.666,1043.769,980.068,0.935,75.000,,
vino.mp4,3082,102.733,878.194,731.605,710.137,483.117,1046.250,980.094,0.927,75.000,,
vino.mp4,3083,102.767,874.313,727.004,703.123,473.767,1045.503,980.240,0.931,75.000,,
vino.mp4,3084,102.800,871.766,720.480,696.802,460.681,1046.729,980.280,0.918,75.000,,
vino.mp4,3085,102.833,871.028,715.701,693.637,451.039,1048.418,980.362,0.932,75.000,,
vino.mp4,3086,102.867,870.690,711.350,691.459,442.483,1049.922,980.217,0.925,75.000,,
vino.mp4,3087,102.900,870.930,710.868,691.402,440.269,1050.458,981.467,0.924,75.000,,
vino.mp4,3088,102.933,871.048,710.371,691.556,438.568,1050.540,982.174,0.900,75.000,,
vino.mp4,3089,102.967,871.137,710.303,692.236,438.244,1050.038,982.363,0.904,75.000,,
vino.mp4,3090,103.000,871.164,710.470,692.931,438.372,1049.397,982.569,0.921,75.000,,
vino.mp4,3091,103.033,870.725,710.002,693.446,438.437,1048.005,981.568,0.927,75.000,,
vino.mp4,3092,103.067,870.518,710.034,693.946,438.749,1047.090,981.319,0.929,75.000,,
vino.mp4,3093,103.100,870.186,710.022,694.082,438.784,1046.290,981.260,0.935,75.000,,
vino.mp4,3094,103.133,869.873,709.992,694.187,438.825,1045.560,981.158,0.935,75.000,,
vino.mp4,3095,103.167,869.830,709.966,694.504,438.847,1045.156,981.086,0.935,75.000,,
vino.mp4,3096,103.200,869.894,709.957,694.902,438.873,1044.885,981.040,0.937,75.000,,
vino.mp4,3097,103.233,870.410,710.533,695.351,438.864,1045.469,982.203,0.937,75.000,,
vino.mp4,3098,103.267,870.661,710.615,695.811,438.843,1045.510,982.388,0.931,75.000,,
vino.mp4,3099,103.300,870.775,710.694,696.044,438.670,1045.507,982.718,0.934,75.000,,
vino.mp4,3100,103.333,870.331,710.218,696.145,438.688,1044.516,981.747,0.933,75.000,,
vino.mp4,3101,103.367,870.160,709.915,696.342,438.645,1043.979,981.185,0.936,75.000,,
vino.mp4,3102,103.400,870.544,710.342,696.663,438.669,1044.426,982.015,0.935,75.000,,
vino.mp4,3103,103.433,870.260,709.943,696.780,438.632,1043.739,981.254,0.936,75.000,,
vino.mp4,3104,103.467,870.249,709.804,697.030,438.661,1043.469,980.947,0.934,75.000,,
vino.mp4,3105,103.500,870.255,709.759,697.187,438.615,1043.322,980.903,0.933,75.000,,
vino.mp4,3106,103.533,870.769,710.263,697.489,438.514,1044.050,982.013,0.934,75.000,,
vino.mp4,3107,103.567,870.980,710.413,697.735,438.479,1044.224,982.347,0.934,75.000,,
vino.mp4,3108,103.600,871.012,710.497,697.881,438.539,1044.143,982.455,0.935,75.000,,
vino.mp4,3109,103.633,871.093,710.629,698.086,438.693,1044.101,982.564,0.935,75.000,,
vino.mp4,3110,103.667,871.097,710.750,698.215,438.857,1043.980,982.643,0.934,75.000,,
vino.mp4,3111,103.700,871.066,710.620,698.234,438.651,1043.899,982.589,0.931,75.000,,
vino.mp4,3112,103.733,871.022,710.696,698.328,438.820,1043.717,982.573,0.930,75.000,,
vino.mp4,3113,103.767,870.983,710.618,698.295,438.628,1043.670,982.609,0.928,75.000,,
vino.mp4,3114,103.800,871.061,710.627,698.433,438.611,1043.689,982.642,0.925,75.000,,
vino.mp4,3115,103.833,870.677,709.876,698.381,438.305,1042.972,981.447,0.928,75.000,,
vino.mp4,3116,103.867,870.821,710.218,698.423,438.391,1043.219,982.045,0.932,75.000,,
vino.mp4,3117,103.900,870.773,711.129,698.785,439.964,1042.762,982.293,0.932,75.000,,
vino.mp4,3118,103.933,870.594,712.605,699.378,442.809,1041.809,982.401,0.930,75.000,,
vino.mp4,3119,103.967,871.071,713.870,701.025,446.481,1041.116,981.259,0.931,75.000,,
vino.mp4,3120,104.000,872.509,717.521,704.556,454.763,1040.463,980.279,0.925,75.000,,
vino.mp4,3121,104.033,874.930,722.879,709.252,465.904,1040.608,979.855,0.926,75.000,,
vino.mp4,3122,104.067,875.876,726.749,710.718,472.688,1041.034,980.811,0.929,75.000,,
vino.mp4,3123,104.100,874.840,727.311,708.783,473.304,1040.897,981.319,0.929,75.000,,
vino.mp4,3124,104.133,872.869,723.906,704.779,467.307,1040.958,980.505,0.928,75.000,,
vino.mp4,3125,104.167,871.380,719.119,699.854,456.902,1042.906,981.336,0.927,75.000,,
vino.mp4,3126,104.200,871.311,715.652,697.771,449.727,1044.850,981.576,0.922,75.000,,
vino.mp4,3127,104.233,871.362,714.109,697.379,446.894,1045.345,981.324,0.879,75.000,,
vino.mp4,3128,104.267,871.782,713.793,698.074,446.402,1045.491,981.185,0.936,75.000,,
vino.mp4,3129,104.300,872.240,713.887,699.013,446.566,1045.467,981.207,0.937,75.000,,
vino.mp4,3130,104.333,873.390,713.825,701.569,447.874,1045.211,979.777,0.934,75.000,,
vino.mp4,3131,104.367,875.154,714.567,704.240,449.019,1046.068,980.115,0.926,75.000,,
vino.mp4,3132,104.400,876.717,715.278,707.018,450.359,1046.416,980.197,0.909,75.000,,
vino.mp4,3133,104.433,877.306,716.004,709.702,452.581,1044.910,979.427,0.813,75.000,,
vino.mp4,3134,104.467,879.630,717.973,714.034,455.479,1045.226,980.467,0.859,75.000,,
vino.mp4,3135,104.500,,,,,,,,,,
vino.mp4,3136,104.533,894.163,724.024,731.260,464.817,1057.065,983.232,0.484,75.000,,
vino.mp4,3137,104.567,,,,,,,,,,
vino.mp4,3138,104.600,916.515,723.882,760.851,477.300,1072.180,970.465,0.610,75.000,,
vino.mp4,3139,104.633,930.724,707.747,784.790,481.436,1076.658,934.058,0.774,75.000,,
vino.mp4,3140,104.667,942.076,675.668,813.474,485.336,1070.678,866.000,0.588,75.000,,
vino.mp4,3141,104.700,959.255,662.624,835.856,489.999,1082.653,835.250,0.462,75.000,,
vino.mp4,3142,104.733,980.066,650.275,848.124,474.690,1112.007,825.861,0.608,75.000,,
vino.mp4,3143,104.767,1014.896,636.005,867.193,449.728,1162.600,822.281,0.472,75.000,,
vino.mp4,3144,104.800,1047.554,624.133,883.173,428.428,1211.936,819.837,0.604,75.000,,
vino.mp4,3145,104.833,1059.679,623.731,887.298,428.359,1232.061,819.103,0.670,75.000,,
vino.mp4,3146,104.867,1066.563,623.765,888.249,429.690,1244.878,817.841,0.570,75.000,,
vino.mp4,3147,104.900,1068.153,617.192,878.829,416.805,1257.476,817.579,0.931,75.000,,
vino.mp4,3148,104.933,1059.047,618.333,864.696,419.464,1253.398,817.203,0.910,75.000,,
vino.mp4,3149,104.967,1041.341,627.321,850.061,441.744,1232.621,812.898,0.928,75.000,,
vino.mp4,3150,105.000,1022.309,627.216,843.883,468.365,1200.736,786.066,0.937,75.000,,
vino.mp4,3151,105.033,1008.001,635.600,843.514,504.525,1172.488,766.676,0.934,75.000,,
vino.mp4,3152,105.067,1006.074,639.164,844.037,523.321,1168.111,755.008,0.650,75.000,,
vino.mp4,3153,105.100,1020.540,633.719,700.594,527.184,1340.485,740.253,0.108,,,
vino.mp4,3154,105.133,,,,,,,,,,
vino.mp4,3155,105.167,,,,,,,,,,
vino.mp4,3156,105.200,,,,,,,,,,
vino.mp4,3157,105.233,,,,,,,,,,
vino.mp4,3158,105.267,1164.820,612.370,847.837,494.847,1481.802,729.894,0.400,,,
vino.mp4,3159,105.300,,,,,,,,,,
vino.mp4,3160,105.333,1239.611,592.602,939.127,458.538,1540.095,726.666,0.762,,,
vino.mp4,3161,105.367,1250.714,592.781,1041.156,457.265,1460.271,728.297,0.863,75.000,,
vino.mp4,3162,105.400,1273.274,589.560,1044.133,452.089,1502.415,727.031,0.450,75.000,,
vino.mp4,3163,105.433,1310.414,588.793,1068.234,449.654,1552.594,727.932,0.722,75.000,,
vino.mp4,3164,105.467,1339.335,586.720,1092.767,450.512,1585.903,722.929,0.700,75.000,,
vino.mp4,3165,105.500,1355.548,589.781,1106.357,457.449,1604.740,722.114,0.863,75.000,,
vino.mp4,3166,105.533,1347.870,608.335,1078.360,466.461,1617.380,750.209,0.834,75.000,,
vino.mp4,3167,105.567,1341.664,619.756,1058.111,471.425,1625.216,768.087,0.361,75.000,,
vino.mp4,3168,105.600,1345.692,621.961,1050.172,469.848,1641.211,774.074,0.708,75.000,,
vino.mp4,3169,105.633,1347.945,598.236,1003.386,419.877,1692.505,776.595,0.866,75.000,,
vino.mp4,3170,105.667,1364.566,569.575,970.280,361.528,1758.852,777.622,0.850,75.000,,
vino.mp4,3171,105.700,1446.326,528.884,1010.748,287.468,1881.903,770.300,0.564,75.000,,
vino.mp4,3172,105.733,,,,,,,,,,
vino.mp4,3173,105.767,,,,,,,,,,
vino.mp4,3174,105.800,1474.091,474.877,1028.181,178.446,1920.000,771.309,0.851,75.000,,
vino.mp4,3175,105.833,,,,,,,,,,
vino.mp4,3176,105.867,1473.111,404.217,1026.222,86.227,1920.000,722.207,0.886,75.000,,
vino.mp4,3177,105.900,1490.842,383.914,1061.683,75.659,1920.000,692.169,0.574,75.000,,
vino.mp4,3178,105.933,1504.191,387.984,1088.383,88.716,1920.000,687.251,0.729,75.000,,
vino.mp4,3179,105.967,,,,,,,,,,
vino.mp4,3180,106.000,,,,,,,,,,
vino.mp4,3181,106.033,,,,,,,,,,
vino.mp4,3182,106.067,1547.533,530.940,1175.065,280.013,1920.000,781.867,0.703,75.000,,
vino.mp4,3183,106.100,,,,,,,,,,
vino.mp4,3184,106.133,1573.283,568.019,1292.549,392.133,1854.017,743.905,0.518,75.000,,
vino.mp4,3185,106.167,1570.781,600.336,1301.584,439.601,1839.978,761.071,0.917,75.000,,
vino.mp4,3186,106.200,,,,,,,,,,
vino.mp4,3187,106.233,1548.237,612.696,1268.800,454.062,1827.674,771.331,0.681,75.000,,
vino.mp4,3188,106.267,1478.778,587.161,1157.899,402.375,1799.658,771.948,0.743,75.000,,
vino.mp4,3189,106.300,1452.892,546.688,1087.637,330.498,1818.146,762.879,0.877,75.000,,
vino.mp4,3190,106.333,1419.824,526.468,1048.452,299.441,1791.195,753.496,0.869,75.000,,
vino.mp4,3191,106.367,1401.259,516.191,1036.750,286.915,1765.768,745.466,0.851,75.000,,
vino.mp4,3192,106.400,1391.661,517.168,1039.318,290.311,1744.005,744.024,0.934,75.000,,
vino.mp4,3193,106.433,1384.646,525.702,1050.751,307.489,1718.541,743.916,0.925,75.000,,
vino.mp4,3194,106.467,1390.189,535.793,1075.509,330.372,1704.869,741.214,0.889,75.000,,
vino.mp4,3195,106.500,1396.683,546.409,1096.783,354.105,1696.582,738.712,0.898,75.000,,
vino.mp4,3196,106.533,1385.926,569.135,1110.521,398.955,1661.331,739.315,0.852,75.000,,
vino.mp4,3197,106.567,1366.192,590.397,1112.126,441.765,1620.257,739.028,0.597,75.000,,
vino.mp4,3198,106.600,,,,,,,,,,
vino.mp4,3199,106.633,,,,,,,,,,
vino.mp4,3200,106.667,,,,,,,,,,
vino.mp4,3201,106.700,,,,,,,,,,
vino.mp4,3202,106.733,,,,,,,,,,
vino.mp4,3203,106.767,,,,,,,,,,
vino.mp4,3204,106.800,,,,,,,,,,
vino.mp4,3205,106.833,,,,,,,,,,
vino.mp4,3206,106.867,,,,,,,,,,
vino.mp4,3207,106.900,867.134,731.726,503.708,518.133,1230.560,945.319,0.247,,,
vino.mp4,3208,106.933,851.026,710.304,527.726,501.873,1174.327,918.735,0.510,,,
vino.mp4,3209,106.967,825.058,689.440,487.561,471.532,1162.554,907.348,0.417,80.000,,
vino.mp4,3210,107.000,793.024,695.857,431.773,461.456,1154.276,930.259,0.650,80.000,,
vino.mp4,3211,107.033,762.424,699.064,390.392,455.697,1134.456,942.431,0.678,80.000,,
vino.mp4,3212,107.067,822.194,629.263,647.612,460.538,996.777,797.988,0.129,,,
vino.mp4,3213,107.100,727.635,711.112,366.069,471.298,1089.202,950.926,0.479,80.000,,
vino.mp4,3214,107.133,,,,,,,,,,
vino.mp4,3215,107.167,710.334,724.048,379.619,500.450,1041.048,947.647,0.457,80.000,,
vino.mp4,3216,107.200,708.295,735.266,390.228,516.039,1026.361,954.493,0.550,80.000,,
vino.mp4,3217,107.233,706.394,749.987,400.598,535.245,1012.190,964.729,0.650,80.000,,
vino.mp4,3218,107.267,703.222,766.190,413.980,559.897,992.463,972.483,0.430,80.000,,
vino.mp4,3219,107.300,701.730,781.494,427.095,583.569,976.365,979.420,0.656,80.000,,
vino.mp4,3220,107.333,,,,,,,,,,
vino.mp4,3221,107.367,,,,,,,,,,
vino.mp4,3222,107.400,,,,,,,,,,
vino.mp4,3223,107.433,726.334,797.284,462.721,608.318,989.946,986.250,0.540,80.000,,
vino.mp4,3224,107.467,736.016,796.945,471.400,608.648,1000.632,985.242,0.508,80.000,,
vino.mp4,3225,107.500,741.687,797.194,474.449,608.481,1008.926,985.907,0.562,80.000,,
vino.mp4,3226,107.533,748.013,795.015,477.770,605.535,1018.257,984.496,0.534,80.000,,
vino.mp4,3227,107.567,751.422,792.361,478.463,602.263,1024.380,982.459,0.634,80.000,,
vino.mp4,3228,107.600,753.438,792.430,474.838,599.228,1032.039,985.633,0.665,80.000,,
vino.mp4,3229,107.633,754.533,792.633,471.714,597.144,1037.352,988.122,0.689,80.000,,
vino.mp4,3230,107.667,755.895,790.705,467.157,591.415,1044.633,989.995,0.543,80.000,,
vino.mp4,3231,107.700,756.521,784.256,457.964,577.833,1055.078,990.679,0.644,80.000,,
vino.mp4,3232,107.733,755.145,768.234,436.349,545.665,1073.940,990.802,0.851,80.000,,
vino.mp4,3233,107.767,753.157,752.155,417.093,513.983,1089.222,990.327,0.838,80.000,,
vino.mp4,3234,107.800,748.638,738.165,401.545,487.447,1095.732,988.883,0.826,80.000,,
vino.mp4,3235,107.833,743.344,729.575,390.988,469.578,1095.700,989.572,0.823,80.000,,
vino.mp4,3236,107.867,739.155,725.105,390.804,462.606,1087.507,987.605,0.837,80.000,,
vino.mp4,3237,107.900,737.270,725.492,395.854,463.005,1078.686,987.980,0.842,80.000,,
vino.mp4,3238,107.933,736.108,726.067,402.365,464.691,1069.852,987.444,0.846,80.000,,
vino.mp4,3239,107.967,737.549,728.289,412.041,469.137,1063.057,987.442,0.821,80.000,,
vino.mp4,3240,108.000,740.436,729.580,420.768,471.228,1060.104,987.933,0.835,80.000,,
vino.mp4,3241,108.033,744.946,728.966,430.935,471.609,1058.958,986.323,0.836,80.000,,
vino.mp4,3242,108.067,742.866,728.561,432.931,472.034,1052.801,985.087,0.865,80.000,,
vino.mp4,3243,108.100,743.434,729.247,436.666,473.282,1050.203,985.212,0.838,80.000,,
vino.mp4,3244,108.133,746.812,730.619,443.863,475.938,1049.761,985.301,0.862,80.000,,
vino.mp4,3245,108.167,749.358,732.907,449.425,479.144,1049.292,986.670,0.880,80.000,,
vino.mp4,3246,108.200,751.153,734.510,453.080,481.045,1049.227,987.975,0.880,80.000,,
vino.mp4,3247,108.233,752.287,736.471,456.484,484.054,1048.090,988.888,0.848,80.000,,
vino.mp4,3248,108.267,755.805,738.438,463.605,488.494,1048.006,988.382,0.893,80.000,,
vino.mp4,3249,108.300,758.253,742.321,472.215,497.823,1044.290,986.820,0.783,80.000,,
vino.mp4,3250,108.333,757.062,748.528,478.163,511.751,1035.961,985.306,0.805,80.000,,
vino.mp4,3251,108.367,754.419,758.196,481.250,529.007,1027.588,987.384,0.548,80.000,,
vino.mp4,3252,108.400,,,,,,,,,,
vino.mp4,3253,108.433,,,,,,,,,,
vino.mp4,3254,108.467,,,,,,,,,,
vino.mp4,3255,108.500,766.101,789.696,526.242,593.740,1005.960,985.651,0.476,80.000,,
vino.mp4,3256,108.533,768.494,790.974,530.499,600.138,1006.490,981.811,0.443,80.000,,
vino.mp4,3257,108.567,769.528,791.312,530.205,602.033,1008.850,980.591,0.608,80.000,,
vino.mp4,3258,108.600,,,,,,,,,,
vino.mp4,3259,108.633,,,,,,,,,,
vino.mp4,3260,108.667,,,,,,,,,,
vino.mp4,3261,108.700,802.450,780.042,544.017,579.801,1060.883,980.284,0.864,80.000,,
vino.mp4,3262,108.733,806.919,759.383,523.517,539.216,1090.322,979.550,0.783,80.000,,
vino.mp4,3263,108.767,799.853,737.671,495.347,496.484,1104.358,978.858,0.568,80.000,,
vino.mp4,3264,108.800,782.264,722.546,468.940,467.090,1095.588,978.002,0.902,80.000,,
vino.mp4,3265,108.833,768.661,714.459,455.916,451.584,1081.406,977.335,0.924,80.000,,
vino.mp4,3266,108.867,759.377,712.426,453.923,448.234,1064.831,976.618,0.899,80.000,,
vino.mp4,3267,108.900,750.169,716.268,455.403,455.518,1044.935,977.018,0.886,80.000,,
vino.mp4,3268,108.933,744.783,722.245,461.374,467.265,1028.193,977.224,0.901,80.000,,
vino.mp4,3269,108.967,742.615,727.542,468.955,478.166,1016.275,976.918,0.929,80.000,,
vino.mp4,3270,109.000,742.413,729.585,474.522,483.070,1010.304,976.100,0.905,80.000,,
vino.mp4,3271,109.033,743.272,731.644,477.107,484.702,1009.436,978.586,0.693,80.000,,
vino.mp4,3272,109.067,744.240,730.801,476.840,481.096,1011.641,980.507,0.727,80.000,,
vino.mp4,3273,109.100,747.209,726.748,477.392,473.676,1017.026,979.821,0.518,80.000,,
vino.mp4,3274,109.133,752.932,724.530,481.913,470.154,1023.952,978.906,0.497,80.000,,
vino.mp4,3275,109.167,761.628,727.065,491.342,474.623,1031.915,979.507,0.516,80.000,,
vino.mp4,3276,109.200,770.648,736.485,506.836,493.426,1034.461,979.544,0.407,80.000,,
vino.mp4,3277,109.233,777.474,747.773,522.188,517.651,1032.760,977.895,0.532,80.000,,
vino.mp4,3278,109.267,783.150,764.815,540.884,552.725,1025.416,976.905,0.828,80.000,,
vino.mp4,3279,109.300,784.868,775.631,545.404,570.916,1024.332,980.345,0.913,80.000,,
vino.mp4,3280,109.333,779.981,781.607,540.247,580.753,1019.716,982.460,0.839,80.000,,
vino.mp4,3281,109.367,774.286,784.678,534.265,587.318,1014.307,982.038,0.783,80.000,,
vino.mp4,3282,109.400,771.111,785.268,528.411,589.190,1013.811,981.345,0.942,80.000,,
vino.mp4,3283,109.433,772.629,783.665,525.109,587.158,1020.148,980.171,0.943,80.000,,
vino.mp4,3284,109.467,774.080,778.848,517.112,577.701,1031.048,979.996,0.919,80.000,,
vino.mp4,3285,109.500,772.978,765.662,500.460,553.293,1045.495,978.031,0.919,80.000,,
vino.mp4,3286,109.533,767.761,752.434,480.953,528.195,1054.569,976.673,0.927,80.000,,
vino.mp4,3287,109.567,754.512,744.080,459.141,510.383,1049.883,977.777,0.882,80.000,,
vino.mp4,3288,109.600,743.472,739.870,448.852,503.564,1038.092,976.176,0.904,80.000,,
vino.mp4,3289,109.633,737.548,738.913,446.464,502.388,1028.632,975.437,0.882,80.000,,
vino.mp4,3290,109.667,735.197,740.266,449.809,505.743,1020.585,974.789,0.845,80.000,,
vino.mp4,3291,109.700,734.491,742.263,453.711,509.110,1015.271,975.415,0.719,80.000,,
vino.mp4,3292,109.733,733.882,745.313,457.096,513.439,1010.669,977.188,0.591,80.000,,
vino.mp4,3293,109.767,734.338,746.927,462.221,517.428,1006.455,976.426,0.703,80.000,,
vino.mp4,3294,109.800,738.868,748.348,470.206,520.285,1007.531,976.410,0.917,80.000,,
vino.mp4,3295,109.833,740.791,749.967,473.300,521.897,1008.281,978.037,0.502,80.000,,
vino.mp4,3296,109.867,744.832,750.083,478.148,521.879,1011.517,978.287,0.578,80.000,,
vino.mp4,3297,109.900,752.508,749.692,487.113,521.523,1017.903,977.862,0.559,80.000,,
vino.mp4,3298,109.933,763.545,749.843,500.023,521.953,1027.068,977.734,0.426,80.000,,
vino.mp4,3299,109.967,772.102,750.011,510.324,522.504,1033.880,977.518,0.724,80.000,,
vino.mp4,3300,110.000,779.556,750.801,519.465,524.335,1039.646,977.266,0.621,80.000,,
vino.mp4,3301,110.033,787.369,752.806,529.589,528.812,1045.149,976.800,0.542,80.000,,
vino.mp4,3302,110.067,,,,,,,,,,
vino.mp4,3303,110.100,,,,,,,,,,
vino.mp4,3304,110.133,797.808,780.808,566.827,585.230,1028.789,976.386,0.414,80.000,,
vino.mp4,3305,110.167,,,,,,,,,,
vino.mp4,3306,110.200,786.752,792.360,563.780,607.582,1009.724,977.138,0.501,80.000,,
vino.mp4,3307,110.233,782.996,794.397,558.408,611.508,1007.584,977.287,0.632,80.000,,
vino.mp4,3308,110.267,,,,,,,,,,
vino.mp4,3309,110.300,,,,,,,,,,
vino.mp4,3310,110.333,787.602,772.920,535.025,568.039,1040.179,977.800,0.541,80.000,,
vino.mp4,3311,110.367,779.214,759.043,512.051,539.855,1046.378,978.231,0.528,80.000,,
vino.mp4,3312,110.400,759.936,748.426,486.841,519.078,1033.031,977.775,0.585,80.000,,
vino.mp4,3313,110.433,744.826,745.617,475.348,513.741,1014.304,977.494,0.671,80.000,,
vino.mp4,3314,110.467,735.060,749.523,476.073,522.043,994.047,977.002,0.625,80.000,,
vino.mp4,3315,110.500,727.522,754.460,479.314,532.514,975.729,976.406,0.779,80.000,,
vino.mp4,3316,110.533,723.895,755.337,481.123,534.567,966.668,976.107,0.563,80.000,,
vino.mp4,3317,110.567,724.245,752.105,483.403,529.822,965.086,974.389,0.523,80.000,,
vino.mp4,3318,110.600,727.649,748.696,486.338,522.993,968.961,974.398,0.646,80.000,,
vino.mp4,3319,110.633,734.028,746.680,492.716,518.946,975.340,974.414,0.672,80.000,,
vino.mp4,3320,110.667,743.305,747.868,504.135,521.660,982.474,974.077,0.653,80.000,,
vino.mp4,3321,110.700,754.783,752.673,520.141,532.188,989.425,973.158,0.529,80.000,,
vino.mp4,3322,110.733,,,,,,,,,,
vino.mp4,3323,110.767,779.842,773.982,561.564,575.078,998.120,972.887,0.508,80.000,,
vino.mp4,3324,110.800,790.481,783.499,573.635,591.819,1007.326,975.179,0.550,80.000,,
vino.mp4,3325,110.833,,,,,,,,,,
vino.mp4,3326,110.867,798.732,785.547,576.363,594.071,1021.100,977.023,0.806,80.000,,
vino.mp4,3327,110.900,800.669,784.727,572.304,592.270,1029.035,977.184,0.625,80.000,,
vino.mp4,3328,110.933,801.570,783.719,568.091,590.378,1035.049,977.060,0.672,80.000,,
vino.mp4,3329,110.967,801.154,781.869,562.914,587.295,1039.393,976.443,0.647,80.000,,
vino.mp4,3330,111.000,,,,,,,,,,
vino.mp4,3331,111.033,799.155,776.205,560.079,583.523,1038.231,968.886,0.461,80.000,,
vino.mp4,3332,111.067,797.514,773.110,555.953,580.304,1039.075,965.915,0.464,80.000,,
vino.mp4,3333,111.100,796.746,771.769,552.368,578.161,1041.124,965.378,0.365,80.000,,
vino.mp4,3334,111.133,,,,,,,,,,
vino.mp4,3335,111.167,,,,,,,,,,
vino.mp4,3336,111.200,,,,,,,,,,
vino.mp4,3337,111.233,795.516,765.091,547.190,568.760,1043.842,961.423,0.451,80.000,,
vino.mp4,3338,111.267,795.565,762.794,547.151,566.667,1043.979,958.922,0.614,80.000,,
vino.mp4,3339,111.300,795.646,759.227,549.063,564.870,1042.229,953.584,0.501,80.000,,
vino.mp4,3340,111.333,795.523,753.988,551.802,562.298,1039.245,945.678,0.789,80.000,,
vino.mp4,3341,111.367,795.271,750.712,552.603,559.958,1037.940,941.466,0.708,80.000,,
vino.mp4,3342,111.400,794.605,748.024,552.280,557.418,1036.929,938.629,0.527,80.000,,
vino.mp4,3343,111.433,793.932,746.017,551.507,555.037,1036.356,936.996,0.725,80.000,,
vino.mp4,3344,111.467,793.067,743.839,550.785,552.579,1035.349,935.098,0.850,80.000,,
vino.mp4,3345,111.500,791.528,740.179,550.348,549.341,1032.709,931.017,0.721,80.000,,
vino.mp4,3346,111.533,790.182,733.833,553.225,546.235,1027.138,921.432,0.769,80.000,,
vino.mp4,3347,111.567,788.700,730.223,551.608,541.818,1025.792,918.628,0.826,80.000,,
vino.mp4,3348,111.600,787.255,727.867,548.911,537.253,1025.599,918.481,0.758,80.000,,
vino.mp4,3349,111.633,784.937,725.227,545.622,532.134,1024.253,918.319,0.863,80.000,,
vino.mp4,3350,111.667,782.752,723.656,543.042,528.143,1022.463,919.169,0.863,80.000,,
vino.mp4,3351,111.700,781.322,721.974,542.081,524.590,1020.563,919.358,0.789,80.000,,
vino.mp4,3352,111.733,780.239,720.098,541.299,520.423,1019.179,919.773,0.763,80.000,,
vino.mp4,3353,111.767,780.012,718.416,541.840,516.716,1018.185,920.116,0.758,80.000,,
vino.mp4,3354,111.800,779.485,717.239,541.411,512.609,1017.559,921.869,0.893,80.000,,
vino.mp4,3355,111.833,778.912,715.511,542.894,509.561,1014.931,921.461,0.857,80.000,,
vino.mp4,3356,111.867,777.829,713.983,543.093,505.832,1012.566,922.134,0.908,80.000,,
vino.mp4,3357,111.900,777.845,712.460,545.261,503.011,1010.429,921.908,0.758,80.000,,
vino.mp4,3358,111.933,777.201,711.276,546.766,500.383,1007.635,922.169,0.691,80.000,,
vino.mp4,3359,111.967,775.824,710.134,547.860,498.076,1003.789,922.193,0.592,80.000,,
vino.mp4,3360,112.000,774.138,709.790,548.846,496.806,999.429,922.774,0.803,80.000,,
vino.mp4,3361,112.033,772.462,709.619,550.414,496.372,994.510,922.866,0.908,80.000,,
vino.mp4,3362,112.067,771.460,709.392,552.769,496.242,990.151,922.542,0.645,80.000,,
vino.mp4,3363,112.100,,,,,,,,,,
vino.mp4,3364,112.133,774.691,709.816,559.415,497.252,989.966,922.380,0.714,80.000,,
vino.mp4,3365,112.167,777.277,710.229,564.788,498.208,989.766,922.250,0.778,80.000,,
vino.mp4,3366,112.200,779.964,710.202,569.482,498.307,990.447,922.098,0.831,80.000,,
vino.mp4,3367,112.233,782.226,710.121,573.290,498.090,991.161,922.151,0.490,80.000,,
vino.mp4,3368,112.267,784.504,709.823,577.015,497.868,991.994,921.778,0.624,80.000,,
vino.mp4,3369,112.300,785.877,709.498,579.643,497.499,992.111,921.496,0.580,80.000,,
vino.mp4,3370,112.333,787.014,709.766,581.515,497.110,992.512,922.422,0.716,80.000,,
vino.mp4,3371,112.367,,,,,,,,,,
vino.mp4,3372,112.400,787.548,709.663,582.859,496.384,992.238,922.942,0.649,80.000,,
vino.mp4,3373,112.433,787.565,709.120,584.249,495.984,990.881,922.256,0.762,80.000,,
vino.mp4,3374,112.467,787.346,706.568,586.945,495.611,987.747,917.526,0.725,80.000,,
vino.mp4,3375,112.500,786.538,703.410,589.296,495.210,983.781,911.610,0.605,80.000,,
vino.mp4,3376,112.533,786.493,695.452,596.192,495.248,976.795,895.656,0.751,80.000,,
vino.mp4,3377,112.567,785.859,690.841,599.265,495.481,972.453,886.201,0.808,80.000,,
vino.mp4,3378,112.600,784.993,692.659,596.477,495.669,973.509,889.648,0.910,80.000,,
vino.mp4,3379,112.633,784.114,694.260,594.244,496.121,973.984,892.399,0.873,80.000,,
vino.mp4,3380,112.667,783.635,695.053,593.092,496.511,974.178,893.595,0.932,80.000,,
vino.mp4,3381,112.700,783.042,695.200,591.977,496.429,974.107,893.971,0.934,80.000,,
vino.mp4,3382,112.733,782.466,695.301,590.834,496.258,974.098,894.345,0.938,80.000,,
vino.mp4,3383,112.767,782.212,693.053,588.168,491.508,976.255,894.598,0.936,80.000,,
vino.mp4,3384,112.800,781.746,688.738,583.874,482.784,979.617,894.691,0.930,80.000,,
vino.mp4,3385,112.833,781.500,685.674,581.252,476.644,981.749,894.704,0.935,80.000,,
vino.mp4,3386,112.867,781.205,684.771,580.524,474.821,981.887,894.721,0.934,80.000,,
vino.mp4,3387,112.900,781.404,685.083,581.324,475.405,981.484,894.760,0.930,80.000,,
vino.mp4,3388,112.933,781.537,686.781,583.388,479.090,979.685,894.472,0.923,80.000,,
vino.mp4,3389,112.967,781.889,688.804,585.751,483.459,978.028,894.150,0.888,80.000,,
vino.mp4,3390,113.000,782.150,690.049,586.970,485.966,977.331,894.132,0.922,80.000,,
vino.mp4,3391,113.033,782.476,690.670,587.641,487.184,977.310,894.156,0.875,80.000,,
vino.mp4,3392,113.067,783.069,691.035,588.244,487.755,977.894,894.314,0.708,80.000,,
vino.mp4,3393,113.100,783.320,691.142,588.342,487.854,978.299,894.430,0.736,80.000,,
vino.mp4,3394,113.133,783.482,691.125,588.345,487.789,978.619,894.462,0.668,80.000,,
vino.mp4,3395,113.167,783.580,691.277,588.242,487.820,978.917,894.734,0.742,80.000,,
vino.mp4,3396,113.200,783.641,691.338,588.164,487.817,979.119,894.859,0.756,80.000,,
vino.mp4,3397,113.233,783.693,691.320,588.089,487.742,979.298,894.897,0.844,80.000,,
vino.mp4,3398,113.267,783.766,691.334,588.103,487.766,979.429,894.901,0.889,80.000,,
vino.mp4,3399,113.300,783.805,691.191,588.067,487.611,979.543,894.771,0.879,80.000,,
vino.mp4,3400,113.333,783.820,691.294,588.008,487.691,979.633,894.897,0.882,80.000,,
vino.mp4,3401,113.367,783.782,691.274,587.942,487.710,979.622,894.838,0.888,80.000,,
vino.mp4,3402,113.400,783.704,691.179,587.816,487.633,979.592,894.726,0.903,80.000,,
vino.mp4,3403,113.433,783.688,691.051,587.684,487.434,979.692,894.669,0.896,80.000,,
vino.mp4,3404,113.467,783.566,690.819,587.223,486.862,979.910,894.776,0.927,80.000,,
vino.mp4,3405,113.500,783.531,690.789,586.997,486.644,980.066,894.934,0.930,80.000,,
vino.mp4,3406,113.533,783.392,690.547,586.654,486.173,980.130,894.920,0.938,80.000,,
vino.mp4,3407,113.567,783.323,689.776,586.055,484.736,980.592,894.815,0.917,80.000,,
vino.mp4,3408,113.600,783.211,688.170,584.619,481.442,981.803,894.898,0.935,80.000,,
vino.mp4,3409,113.633,783.249,687.722,584.376,480.432,982.123,895.011,0.912,80.000,,
vino.mp4,3410,113.667,783.248,688.535,585.133,481.927,981.364,895.144,0.902,80.000,,
vino.mp4,3411,113.700,783.274,688.561,585.269,481.921,981.278,895.200,0.878,80.000,,
vino.mp4,3412,113.733,783.174,688.809,585.602,482.531,980.745,895.088,0.840,80.000,,
vino.mp4,3413,113.767,783.168,688.779,585.827,482.664,980.509,894.893,0.703,80.000,,
vino.mp4,3414,113.800,783.259,688.964,586.251,483.199,980.266,894.730,0.641,80.000,,
vino.mp4,3415,113.833,783.398,689.394,586.542,483.836,980.255,894.952,0.601,80.000,,
vino.mp4,3416,113.867,,,,,,,,,,
vino.mp4,3417,113.900,,,,,,,,,,
vino.mp4,3418,113.933,,,,,,,,,,
vino.mp4,3419,113.967,,,,,,,,,,
vino.mp4,3420,114.000,782.990,689.974,586.959,485.344,979.021,894.604,0.608,80.000,,
vino.mp4,3421,114.033,783.146,690.096,587.154,485.635,979.138,894.557,0.695,80.000,,
vino.mp4,3422,114.067,783.133,690.078,587.240,485.840,979.027,894.317,0.564,80.000,,
vino.mp4,3423,114.100,783.184,689.981,587.446,486.043,978.923,893.920,0.602,80.000,,
vino.mp4,3424,114.133,783.208,689.884,587.503,486.122,978.914,893.646,0.618,80.000,,
vino.mp4,3425,114.167,783.216,690.019,587.464,486.338,978.968,893.700,0.576,80.000,,
vino.mp4,3426,114.200,783.162,690.179,587.418,486.623,978.906,893.736,0.736,80.000,,
vino.mp4,3427,114.233,783.134,690.188,587.408,486.764,978.860,893.611,0.602,80.000,,
vino.mp4,3428,114.267,783.202,690.220,586.998,486.407,979.406,894.033,0.537,80.000,,
vino.mp4,3429,114.300,783.206,689.871,586.844,485.932,979.568,893.810,0.701,80.000,,
vino.mp4,3430,114.333,783.180,686.947,584.292,479.964,982.068,893.929,0.757,80.000,,
vino.mp4,3431,114.367,783.161,682.150,580.283,470.066,986.038,894.234,0.852,80.000,,
vino.mp4,3432,114.400,783.200,676.420,575.868,458.198,990.532,894.643,0.630,80.000,,
vino.mp4,3433,114.433,783.159,670.026,571.767,445.611,994.551,894.441,0.449,80.000,,
vino.mp4,3434,114.467,,,,,,,,,,
vino.mp4,3435,114.500,,,,,,,,,,
vino.mp4,3436,114.533,784.659,662.378,569.973,431.628,999.345,893.128,0.491,80.000,,
vino.mp4,3437,114.567,785.168,661.688,572.170,430.224,998.167,893.152,0.478,80.000,,
vino.mp4,3438,114.600,,,,,,,,,,
vino.mp4,3439,114.633,,,,,,,,,,
vino.mp4,3440,114.667,780.402,664.111,570.672,434.808,990.132,893.415,0.459,80.000,,
vino.mp4,3441,114.700,778.931,665.889,571.352,438.091,986.511,893.687,0.529,80.000,,
vino.mp4,3442,114.733,777.923,668.301,572.688,442.758,983.158,893.844,0.596,80.000,,
vino.mp4,3443,114.767,777.497,670.735,574.125,447.210,980.869,894.261,0.620,80.000,,
vino.mp4,3444,114.800,777.274,672.475,575.076,450.366,979.473,894.584,0.510,80.000,,
vino.mp4,3445,114.833,777.133,673.566,575.415,452.080,978.851,895.053,0.473,80.000,,
vino.mp4,3446,114.867,776.881,674.058,575.348,452.938,978.414,895.179,0.447,80.000,,
vino.mp4,3447,114.900,776.560,674.071,574.834,452.925,978.286,895.217,0.519,80.000,,
vino.mp4,3448,114.933,776.109,674.208,574.203,453.071,978.015,895.345,0.441,80.000,,
vino.mp4,3449,114.967,775.950,673.279,573.160,451.223,978.740,895.336,0.495,80.000,,
vino.mp4,3450,115.000,775.936,672.854,572.657,450.287,979.215,895.421,0.474,80.000,,
vino.mp4,3451,115.033,775.196,674.350,572.484,452.666,977.908,896.034,0.424,80.000,,
vino.mp4,3452,115.067,774.633,679.081,575.309,461.966,973.958,896.196,0.471,80.000,,
vino.mp4,3453,115.100,774.322,681.114,576.026,465.952,972.619,896.275,0.523,80.000,,
vino.mp4,3454,115.133,774.965,681.665,576.560,467.022,973.369,896.309,0.521,80.000,,
vino.mp4,3455,115.167,,,,,,,,,,
vino.mp4,3456,115.200,,,,,,,,,,
vino.mp4,3457,115.233,,,,,,,,,,
vino.mp4,3458,115.267,,,,,,,,,,
vino.mp4,3459,115.300,,,,,,,,,,
vino.mp4,3460,115.333,1345.349,406.741,1259.849,236.205,1430.849,577.278,0.523,,,
vino.mp4,3461,115.367,,,,,,,,,,
vino.mp4,3462,115.400,,,,,,,,,,
vino.mp4,3463,115.433,783.433,675.028,580.668,453.968,986.198,896.088,0.582,80.000,,
vino.mp4,3464,115.467,783.849,673.020,580.691,449.943,987.006,896.097,0.733,80.000,,
vino.mp4,3465,115.500,784.082,671.323,580.533,446.301,987.631,896.345,0.663,80.000,,
vino.mp4,3466,115.533,784.074,668.073,579.364,440.104,988.783,896.042,0.648,80.000,,
vino.mp4,3467,115.567,784.173,665.404,578.663,434.817,989.683,895.991,0.924,80.000,,
vino.mp4,3468,115.600,784.222,663.169,578.302,430.491,990.143,895.847,0.921,80.000,,
vino.mp4,3469,115.633,783.828,661.495,577.808,427.227,989.848,895.764,0.924,80.000,,
vino.mp4,3470,115.667,783.036,660.570,577.122,425.260,988.949,895.879,0.923,80.000,,
vino.mp4,3471,115.700,782.795,661.073,577.187,425.242,988.403,896.905,0.887,80.000,,
vino.mp4,3472,115.733,782.997,662.831,578.675,428.208,987.319,897.455,0.828,80.000,,
vino.mp4,3473,115.767,782.288,667.161,580.326,435.515,984.250,898.807,0.590,80.000,,
vino.mp4,3474,115.800,780.886,668.012,579.362,436.852,982.409,899.172,0.479,80.000,,
vino.mp4,3475,115.833,778.812,670.126,579.481,441.324,978.143,898.928,0.792,80.000,,
vino.mp4,3476,115.867,776.035,666.111,574.531,433.373,977.538,898.850,0.623,80.000,,
vino.mp4,3477,115.900,,,,,,,,,,
vino.mp4,3478,115.933,776.128,664.792,579.391,436.999,972.865,892.584,0.525,80.000,,
vino.mp4,3479,115.967,779.386,639.926,585.899,416.409,972.872,863.443,0.854,80.000,,
vino.mp4,3480,116.000,781.489,598.899,589.760,378.196,973.219,819.602,0.907,80.000,,
vino.mp4,3481,116.033,781.003,563.101,605.059,364.481,956.948,761.720,0.801,80.000,,
vino.mp4,3482,116.067,779.395,563.571,631.484,405.241,927.306,721.900,0.635,80.000,,
vino.mp4,3483,116.100,775.940,559.335,639.323,420.228,912.557,698.442,0.637,80.000,,
vino.mp4,3484,116.133,771.721,552.179,640.305,424.725,903.136,679.633,0.812,80.000,,
vino.mp4,3485,116.167,767.731,554.795,634.838,430.966,900.623,678.624,0.862,80.000,,
vino.mp4,3486,116.200,767.100,566.268,621.477,433.506,912.723,699.030,0.811,80.000,,
vino.mp4,3487,116.233,767.775,587.470,607.037,442.208,928.513,732.732,0.762,80.000,,
vino.mp4,3488,116.267,769.808,598.847,585.685,416.546,953.932,781.149,0.271,,,
vino.mp4,3489,116.300,,,,,,,,,,
vino.mp4,3490,116.333,,,,,,,,,,
vino.mp4,3491,116.367,767.897,584.299,550.782,383.000,985.011,785.597,0.487,80.000,,
vino.mp4,3492,116.400,,,,,,,,,,
vino.mp4,3493,116.433,,,,,,,,,,
vino.mp4,3494,116.467,,,,,,,,,,
vino.mp4,3495,116.500,771.977,595.090,564.888,398.622,979.066,791.558,0.388,80.000,,
vino.mp4,3496,116.533,774.056,603.071,578.361,414.835,969.751,791.306,0.440,80.000,,
vino.mp4,3497,116.567,,,,,,,,,,
vino.mp4,3498,116.600,,,,,,,,,,
vino.mp4,3499,116.633,781.338,619.353,603.297,447.598,959.379,791.107,0.521,80.000,,
vino.mp4,3500,116.667,783.556,608.269,597.449,425.793,969.663,790.744,0.212,80.000,,
vino.mp4,3501,116.700,785.250,612.697,604.880,434.733,965.621,790.661,0.302,80.000,,
vino.mp4,3502,116.733,,,,,,,,,,
vino.mp4,3503,116.767,,,,,,,,,,
vino.mp4,3504,116.800,,,,,,,,,,
vino.mp4,3505,116.833,788.455,604.506,603.550,419.321,973.360,789.691,0.250,80.000,,
vino.mp4,3506,116.867,788.368,601.748,603.277,413.744,973.459,789.753,0.428,80.000,,
vino.mp4,3507,116.900,788.444,604.976,608.139,420.443,968.749,789.509,0.241,80.000,,
vino.mp4,3508,116.933,788.654,601.932,606.987,414.112,970.321,789.752,0.371,80.000,,
vino.mp4,3509,116.967,788.521,605.493,611.050,421.142,965.991,789.844,0.335,80.000,,
vino.mp4,3510,117.000,788.230,615.710,619.906,441.554,956.554,789.866,0.478,80.000,,
vino.mp4,3511,117.033,788.270,620.260,623.554,450.574,952.987,789.946,0.541,80.000,,
vino.mp4,3512,117.067,788.167,622.076,624.647,454.321,951.687,789.832,0.394,80.000,,
vino.mp4,3513,117.100,787.827,622.718,624.179,455.395,951.475,790.041,0.456,80.000,,
vino.mp4,3514,117.133,787.620,622.157,622.867,454.093,952.373,790.222,0.621,80.000,,
vino.mp4,3515,117.167,787.335,618.173,618.895,446.149,955.775,790.198,0.672,80.000,,
vino.mp4,3516,117.200,787.192,617.932,618.419,445.589,955.964,790.275,0.572,80.000,,
vino.mp4,3517,117.233,787.316,619.103,619.516,448.003,955.116,790.203,0.535,80.000,,
vino.mp4,3518,117.267,787.231,605.964,608.404,421.911,966.058,790.017,0.338,80.000,,
vino.mp4,3519,117.300,,,,,,,,,,
vino.mp4,3520,117.333,786.878,589.111,617.676,387.963,956.079,790.259,0.249,,,
vino.mp4,3521,117.367,786.733,586.622,617.686,382.894,955.781,790.349,0.143,,,
vino.mp4,3522,117.400,,,,,,,,,,
vino.mp4,3523,117.433,,,,,,,,,,
vino.mp4,3524,117.467,,,,,,,,,,
vino.mp4,3525,117.500,787.714,620.955,623.154,452.571,952.274,789.338,0.455,80.000,,
vino.mp4,3526,117.533,787.975,622.568,623.891,455.508,952.060,789.627,0.425,80.000,,
vino.mp4,3527,117.567,788.296,623.111,623.909,456.406,952.683,789.815,0.572,80.000,,
vino.mp4,3528,117.600,788.218,622.166,623.586,455.651,952.850,788.680,0.312,80.000,,
vino.mp4,3529,117.633,788.331,621.541,623.155,454.821,953.508,788.260,0.232,80.000,,
vino.mp4,3530,117.667,,,,,,,,,,
vino.mp4,3531,117.700,787.992,619.737,619.838,451.189,956.147,788.285,0.228,,,
vino.mp4,3532,117.733,,,,,,,,,,
vino.mp4,3533,117.767,788.232,620.975,621.014,452.413,955.450,789.538,0.409,80.000,,
vino.mp4,3534,117.800,788.019,619.752,620.317,450.747,955.721,788.756,0.157,80.000,,
vino.mp4,3535,117.833,788.120,619.878,619.774,450.291,956.465,789.465,0.476,80.000,,
vino.mp4,3536,117.867,788.252,621.594,620.846,453.292,955.659,789.896,0.600,80.000,,
vino.mp4,3537,117.900,788.361,622.314,621.237,454.618,955.486,790.009,0.658,80.000,,
vino.mp4,3538,117.933,788.439,622.789,621.479,455.579,955.400,789.999,0.647,80.000,,
vino.mp4,3539,117.967,788.447,622.825,621.253,455.629,955.642,790.022,0.620,80.000,,
vino.mp4,3540,118.000,788.221,621.745,619.862,453.425,956.580,790.066,0.446,80.000,,
vino.mp4,3541,118.033,788.223,621.453,619.479,452.830,956.967,790.076,0.395,80.000,,
vino.mp4,3542,118.067,788.018,620.080,618.091,450.115,957.946,790.045,0.427,80.000,,
vino.mp4,3543,118.100,787.997,619.136,617.306,448.212,958.688,790.059,0.321,80.000,,
vino.mp4,3544,118.133,,,,,,,,,,
vino.mp4,3545,118.167,787.894,592.408,618.738,395.267,957.051,789.548,0.134,,,
vino.mp4,3546,118.200,,,,,,,,,,
vino.mp4,3547,118.233,,,,,,,,,,
vino.mp4,3548,118.267,,,,,,,,,,
vino.mp4,3549,118.300,,,,,,,,,,
vino.mp4,3550,118.333,,,,,,,,,,
vino.mp4,3551,118.367,,,,,,,,,,
vino.mp4,3552,118.400,,,,,,,,,,
vino.mp4,3553,118.433,,,,,,,,,,
vino.mp4,3554,118.467,,,,,,,,,,
vino.mp4,3555,118.500,,,,,,,,,,
vino.mp4,3556,118.533,788.384,620.911,619.755,452.113,957.014,789.708,0.379,80.000,,
vino.mp4,3557,118.567,787.315,611.988,612.163,434.373,962.467,789.604,0.583,80.000,,
vino.mp4,3558,118.600,785.246,608.286,608.929,427.105,961.562,789.467,0.610,80.000,,
vino.mp4,3559,118.633,783.042,606.796,607.617,424.223,958.466,789.370,0.474,80.000,,
vino.mp4,3560,118.667,782.064,605.635,608.196,422.658,955.931,788.612,0.431,80.000,,
vino.mp4,3561,118.700,782.532,604.910,610.049,421.525,955.015,788.295,0.553,80.000,,
vino.mp4,3562,118.733,785.113,606.534,614.911,424.465,955.315,788.604,0.783,80.000,,
vino.mp4,3563,118.767,788.344,608.109,620.163,427.430,956.524,788.788,0.831,80.000,,
vino.mp4,3564,118.800,793.605,613.967,630.891,439.889,956.320,788.045,0.883,80.000,,
vino.mp4,3565,118.833,800.171,608.172,632.872,428.719,967.471,787.625,0.863,80.000,,
vino.mp4,3566,118.867,806.773,607.799,639.441,428.361,974.105,787.236,0.883,80.000,,
vino.mp4,3567,118.900,816.171,606.514,646.502,424.771,985.839,788.258,0.866,80.000,,
vino.mp4,3568,118.933,824.566,606.435,652.712,422.931,996.420,789.940,0.863,80.000,,
vino.mp4,3569,118.967,833.554,605.003,658.915,419.044,1008.194,790.962,0.931,80.000,,
vino.mp4,3570,119.000,842.209,603.398,664.305,414.108,1020.114,792.689,0.932,80.000,,
vino.mp4,3571,119.033,851.161,600.248,670.247,407.935,1032.076,792.561,0.910,80.000,,
vino.mp4,3572,119.067,858.629,596.396,673.652,400.522,1043.605,792.270,0.902,80.000,,
vino.mp4,3573,119.100,864.247,590.971,672.940,389.571,1055.554,792.371,0.909,80.000,,
vino.mp4,3574,119.133,869.727,585.793,672.652,380.241,1066.801,791.346,0.939,80.000,,
vino.mp4,3575,119.167,875.823,571.616,686.317,379.495,1065.329,763.737,0.902,80.000,,
vino.mp4,3576,119.200,879.424,558.634,701.516,387.782,1057.333,729.486,0.831,80.000,,
vino.mp4,3577,119.233,882.156,550.155,722.843,411.488,1041.469,688.821,0.662,80.000,,
vino.mp4,3578,119.267,,,,,,,,,,
vino.mp4,3579,119.300,,,,,,,,,,
vino.mp4,3580,119.333,936.684,527.030,640.957,418.277,1232.410,635.783,0.152,,,
vino.mp4,3581,119.367,961.442,525.379,813.064,413.849,1109.819,636.910,0.467,80.000,,
vino.mp4,3582,119.400,989.067,517.986,833.171,414.584,1144.962,621.388,0.594,80.000,,
vino.mp4,3583,119.433,1013.547,515.904,845.501,414.838,1181.594,616.970,0.728,80.000,,
vino.mp4,3584,119.467,1044.948,518.323,841.885,399.894,1248.011,636.753,0.755,80.000,,
vino.mp4,3585,119.500,1071.200,517.276,829.644,377.317,1312.756,657.235,0.844,80.000,,
vino.mp4,3586,119.533,1087.629,480.708,762.959,287.250,1412.298,674.165,0.705,80.000,,
vino.mp4,3587,119.567,1112.356,448.720,736.385,216.893,1488.328,680.548,0.908,80.000,,
vino.mp4,3588,119.600,1170.403,402.895,916.704,117.127,1424.102,688.662,0.339,,,
vino.mp4,3589,119.633,1250.448,333.147,1060.979,35.475,1439.916,630.820,0.306,,,
vino.mp4,3590,119.667,1257.056,346.034,784.554,38.323,1729.558,653.744,0.571,80.000,,
vino.mp4,3591,119.700,,,,,,,,,,
vino.mp4,3592,119.733,1179.741,342.110,912.844,0.228,1446.638,683.992,0.377,,,
vino.mp4,3593,119.767,1242.720,335.755,752.179,0.000,1733.261,671.511,0.530,80.000,,
vino.mp4,3594,119.800,1210.230,338.845,739.670,0.000,1680.790,677.690,0.523,80.000,,
vino.mp4,3595,119.833,1206.421,336.838,763.173,0.000,1649.670,673.676,0.865,80.000,,
vino.mp4,3596,119.867,1213.343,329.818,800.042,0.000,1626.644,659.637,0.473,80.000,,
vino.mp4,3597,119.900,1219.980,322.412,835.820,0.000,1604.139,644.824,0.909,80.000,,
vino.mp4,3598,119.933,1216.447,328.352,868.592,20.527,1564.303,636.178,0.898,80.000,,
vino.mp4,3599,119.967,1250.393,365.951,959.227,93.715,1541.558,638.187,0.751,80.000,,
vino.mp4,3600,120.000,1237.268,449.494,926.085,141.608,1548.450,757.380,0.870,80.000,,
vino.mp4,3601,120.033,1201.968,482.497,897.957,170.201,1505.980,794.793,0.902,80.000,,
vino.mp4,3602,120.067,1197.108,499.972,907.942,193.213,1486.275,806.732,0.575,80.000,,
vino.mp4,3603,120.100,1200.971,506.421,937.679,221.340,1464.263,791.502,0.691,80.000,,
vino.mp4,3604,120.133,1201.129,507.155,965.432,249.753,1436.826,764.556,0.753,80.000,,
vino.mp4,3605,120.167,1188.886,508.108,979.468,279.985,1398.304,736.232,0.515,80.000,,
vino.mp4,3606,120.200,1152.601,511.160,965.876,310.226,1339.326,712.093,0.542,80.000,,
vino.mp4,3607,120.233,1124.237,527.089,944.155,336.122,1304.318,718.057,0.806,80.000,,
vino.mp4,3608,120.267,,,,,,,,,,
vino.mp4,3609,120.300,,,,,,,,,,
vino.mp4,3610,120.333,,,,,,,,,,
vino.mp4,3611,120.367,1039.558,572.063,853.604,380.043,1225.511,764.083,0.462,80.000,,
vino.mp4,3612,120.400,1017.194,571.389,832.216,385.354,1202.173,757.424,0.722,80.000,,
vino.mp4,3613,120.433,,,,,,,,,,
vino.mp4,3614,120.467,988.181,577.811,805.243,399.522,1171.120,756.100,0.792,80.000,,
vino.mp4,3615,120.500,977.382,603.208,778.604,411.550,1176.159,794.865,0.561,80.000,,
vino.mp4,3616,120.533,964.194,624.470,757.414,427.666,1170.974,821.274,0.330,80.000,,
vino.mp4,3617,120.567,953.958,630.219,742.525,435.392,1165.391,825.046,0.498,80.000,,
vino.mp4,3618,120.600,965.100,625.235,760.947,442.227,1169.253,808.243,0.497,80.000,,
vino.mp4,3619,120.633,,,,,,,,,,
vino.mp4,3620,120.667,908.026,674.968,655.575,451.658,1160.477,898.278,0.508,80.000,,
vino.mp4,3621,120.700,901.161,686.860,636.387,453.396,1165.935,920.323,0.585,80.000,,
vino.mp4,3622,120.733,,,,,,,,,,
vino.mp4,3623,120.767,912.958,687.499,620.208,424.377,1205.707,950.621,0.797,80.000,,
vino.mp4,3624,120.800,918.079,683.261,616.425,406.355,1219.733,960.166,0.730,80.000,,
vino.mp4,3625,120.833,914.758,682.537,607.869,395.573,1221.646,969.501,0.456,80.000,,
vino.mp4,3626,120.867,,,,,,,,,,
vino.mp4,3627,120.900,899.500,688.570,590.283,393.759,1208.718,983.381,0.329,80.000,,
vino.mp4,3628,120.933,887.656,693.183,583.124,397.690,1192.188,988.676,0.486,80.000,,
vino.mp4,3629,120.967,881.441,704.508,583.984,410.594,1178.898,998.423,0.151,80.000,,
vino.mp4,3630,121.000,,,,,,,,,,
vino.mp4,3631,121.033,,,,,,,,,,
vino.mp4,3632,121.067,836.962,764.991,648.861,499.554,1025.063,1030.427,0.304,,,
vino.mp4,3633,121.100,,,,,,,,,,
vino.mp4,3634,121.133,,,,,,,,,,
vino.mp4,3635,121.167,,,,,,,,,,
vino.mp4,3636,121.200,791.810,771.835,636.119,538.469,947.501,1005.201,0.401,,,
vino.mp4,3637,121.233,789.019,772.196,562.112,534.442,1015.926,1009.950,0.765,80.000,,
vino.mp4,3638,121.267,786.120,774.909,571.194,538.615,1001.046,1011.203,0.700,80.000,,
vino.mp4,3639,121.300,785.150,776.776,578.246,539.813,992.054,1013.739,0.522,80.000,,
vino.mp4,3640,121.333,785.422,778.074,584.688,540.005,986.156,1016.142,0.550,80.000,,
vino.mp4,3641,121.367,786.224,778.779,590.347,539.418,982.100,1018.139,0.517,80.000,,
vino.mp4,3642,121.400,786.530,779.857,593.741,538.314,979.318,1021.401,0.583,80.000,,
vino.mp4,3643,121.433,787.092,779.219,596.128,534.806,978.056,1023.631,0.807,80.000,,
vino.mp4,3644,121.467,785.868,778.313,596.062,531.638,975.673,1024.988,0.856,80.000,,
vino.mp4,3645,121.500,785.847,779.306,596.135,529.967,975.560,1028.646,0.528,80.000,,
vino.mp4,3646,121.533,787.491,777.983,599.101,528.859,975.881,1027.107,0.676,80.000,,
vino.mp4,3647,121.567,789.648,776.037,602.482,528.184,976.813,1023.891,0.777,80.000,,
vino.mp4,3648,121.600,793.353,774.879,606.260,527.746,980.446,1022.011,0.766,80.000,,
vino.mp4,3649,121.633,797.481,772.452,610.127,526.393,984.835,1018.510,0.796,80.000,,
vino.mp4,3650,121.667,802.114,770.496,614.832,527.215,989.397,1013.777,0.498,80.000,,
vino.mp4,3651,121.700,807.120,767.984,619.189,527.714,995.050,1008.254,0.547,80.000,,
vino.mp4,3652,121.733,813.440,763.727,623.736,526.188,1003.143,1001.266,0.392,80.000,,
vino.mp4,3653,121.767,,,,,,,,,,
vino.mp4,3654,121.800,,,,,,,,,,
vino.mp4,3655,121.833,,,,,,,,,,
vino.mp4,3656,121.867,,,,,,,,,,
vino.mp4,3657,121.900,826.243,700.684,605.455,423.270,1047.031,978.099,0.405,80.000,,
vino.mp4,3658,121.933,,,,,,,,,,
vino.mp4,3659,121.967,,,,,,,,,,
vino.mp4,3660,122.000,,,,,,,,,,
vino.mp4,3661,122.033,,,,,,,,,,
vino.mp4,3662,122.067,,,,,,,,,,
vino.mp4,3663,122.100,822.225,676.272,607.523,400.455,1036.927,952.089,0.404,80.000,,
vino.mp4,3664,122.133,826.520,676.311,618.499,404.996,1034.541,947.626,0.757,80.000,,
vino.mp4,3665,122.167,831.123,679.163,628.196,411.501,1034.049,946.825,0.674,80.000,,
vino.mp4,3666,122.200,834.361,682.170,636.239,417.821,1032.484,946.519,0.717,80.000,,
vino.mp4,3667,122.233,835.480,685.814,642.380,425.038,1028.580,946.591,0.823,80.000,,
vino.mp4,3668,122.267,833.175,688.005,644.268,428.931,1022.083,947.079,0.516,80.000,,
vino.mp4,3669,122.300,,,,,,,,,,
vino.mp4,3670,122.333,826.996,686.400,640.660,423.381,1013.331,949.420,0.432,80.000,,
vino.mp4,3671,122.367,,,,,,,,,,
vino.mp4,3672,122.400,830.088,678.014,688.730,405.748,971.446,950.281,0.122,,,
vino.mp4,3673,122.433,830.794,672.167,641.652,394.167,1019.936,950.168,0.528,80.000,,
vino.mp4,3674,122.467,834.282,662.860,645.144,374.080,1023.420,951.640,0.886,80.000,,
vino.mp4,3675,122.500,836.283,653.202,647.399,354.029,1025.166,952.374,0.888,80.000,,
vino.mp4,3676,122.533,836.852,647.552,650.466,342.314,1023.237,952.791,0.881,80.000,,
vino.mp4,3677,122.567,836.531,645.397,654.161,337.703,1018.902,953.091,0.913,80.000,,
vino.mp4,3678,122.600,835.655,648.397,659.455,343.688,1011.855,953.105,0.917,80.000,,
vino.mp4,3679,122.633,834.170,660.788,667.820,368.427,1000.519,953.149,0.921,80.000,,
vino.mp4,3680,122.667,832.570,673.152,674.835,393.264,990.306,953.041,0.828,80.000,,
vino.mp4,3681,122.700,831.004,681.010,678.858,409.429,983.151,952.591,0.778,80.000,,
vino.mp4,3682,122.733,829.643,683.790,679.714,414.913,979.572,952.667,0.778,80.000,,
vino.mp4,3683,122.767,827.642,680.833,676.825,408.913,978.459,952.753,0.798,80.000,,
vino.mp4,3684,122.800,825.325,674.606,671.906,396.164,978.743,953.048,0.825,80.000,,
vino.mp4,3685,122.833,822.898,665.414,665.760,377.787,980.036,953.042,0.874,80.000,,
vino.mp4,3686,122.867,821.335,661.387,663.093,369.424,979.576,953.350,0.907,80.000,,
vino.mp4,3687,122.900,819.168,664.440,663.223,375.253,975.113,953.627,0.902,80.000,,
vino.mp4,3688,122.933,816.715,677.787,667.746,402.011,965.685,953.562,0.870,80.000,,
vino.mp4,3689,122.967,818.303,702.794,680.480,452.238,956.126,953.351,0.876,80.000,,
vino.mp4,3690,123.000,820.039,721.365,689.105,489.508,950.973,953.222,0.843,80.000,,
vino.mp4,3691,123.033,821.996,733.495,694.200,514.109,949.791,952.881,0.848,80.000,,
vino.mp4,3692,123.067,824.055,740.934,696.281,528.908,951.828,952.960,0.879,80.000,,
vino.mp4,3693,123.100,826.545,743.846,696.190,534.716,956.899,952.975,0.845,80.000,,
vino.mp4,3694,123.133,831.629,744.447,696.720,535.425,966.538,953.469,0.783,80.000,,
vino.mp4,3695,123.167,834.458,742.629,694.037,532.082,974.880,953.176,0.866,80.000,,
vino.mp4,3696,123.200,835.696,741.175,690.130,529.098,981.262,953.253,0.845,80.000,,
vino.mp4,3697,123.233,835.118,739.231,684.639,525.302,985.597,953.159,0.749,80.000,,
vino.mp4,3698,123.267,832.853,735.874,677.378,518.783,988.328,952.966,0.847,80.000,,
vino.mp4,3699,123.300,830.552,733.406,670.944,513.562,990.160,953.250,0.895,80.000,,
vino.mp4,3700,123.333,827.973,730.599,665.458,509.152,990.487,952.046,0.895,80.000,,
vino.mp4,3701,123.367,825.734,728.399,660.054,504.119,991.413,952.678,0.863,80.000,,
vino.mp4,3702,123.400,823.702,726.777,656.532,501.696,990.871,951.859,0.933,80.000,,
vino.mp4,3703,123.433,822.788,725.588,654.237,499.606,991.339,951.569,0.938,80.000,,
vino.mp4,3704,123.467,822.769,724.977,653.025,498.167,992.513,951.787,0.922,80.000,,
vino.mp4,3705,123.500,823.183,724.808,652.709,497.713,993.657,951.903,0.926,80.000,,
vino.mp4,3706,123.533,823.623,724.704,652.419,497.196,994.827,952.211,0.929,80.000,,
vino.mp4,3707,123.567,824.825,724.737,652.635,496.336,997.014,953.139,0.855,80.000,,
vino.mp4,3708,123.600,825.661,724.683,652.766,495.651,998.556,953.715,0.917,80.000,,
vino.mp4,3709,123.633,826.227,724.520,652.997,495.300,999.457,953.741,0.878,80.000,,
vino.mp4,3710,123.667,826.828,724.416,653.458,495.216,1000.197,953.617,0.773,80.000,,
vino.mp4,3711,123.700,827.272,724.401,653.678,495.020,1000.865,953.781,0.827,80.000,,
vino.mp4,3712,123.733,827.694,724.276,654.148,495.040,1001.240,953.513,0.784,80.000,,
vino.mp4,3713,123.767,828.126,724.589,654.770,495.587,1001.482,953.591,0.700,80.000,,
vino.mp4,3714,123.800,827.956,724.664,654.818,496.004,1001.095,953.323,0.743,80.000,,
vino.mp4,3715,123.833,827.887,724.445,654.617,495.675,1001.157,953.215,0.888,80.000,,
vino.mp4,3716,123.867,827.832,724.637,654.672,496.080,1000.993,953.195,0.926,80.000,,
vino.mp4,3717,123.900,827.587,724.984,654.683,496.809,1000.491,953.158,0.914,80.000,,
vino.mp4,3718,123.933,827.277,725.222,655.095,498.137,999.459,952.306,0.929,80.000,,
vino.mp4,3719,123.967,826.886,725.523,655.026,499.055,998.745,951.992,0.933,80.000,,
vino.mp4,3720,124.000,826.655,725.955,654.895,499.810,998.415,952.101,0.937,80.000,,
vino.mp4,3721,124.033,826.110,726.304,654.408,500.380,997.813,952.227,0.935,80.000,,
vino.mp4,3722,124.067,825.155,726.556,653.593,500.808,996.717,952.303,0.936,80.000,,
vino.mp4,3723,124.100,824.247,726.536,652.343,500.143,996.151,952.930,0.921,80.000,,
vino.mp4,3724,124.133,823.103,726.849,651.884,501.165,994.321,952.533,0.938,80.000,,
vino.mp4,3725,124.167,822.602,726.929,651.693,501.558,993.511,952.299,0.937,80.000,,
vino.mp4,3726,124.200,822.294,726.995,651.507,501.716,993.081,952.274,0.934,80.000,,
vino.mp4,3727,124.233,822.625,727.230,651.503,501.358,993.746,953.102,0.930,80.000,,
vino.mp4,3728,124.267,823.214,727.447,652.033,501.473,994.394,953.420,0.923,80.000,,
vino.mp4,3729,124.300,822.835,727.494,651.889,501.736,993.781,953.252,0.921,80.000,,
vino.mp4,3730,124.333,822.327,727.467,651.572,501.788,993.081,953.146,0.930,80.000,,
vino.mp4,3731,124.367,822.195,727.530,651.570,501.874,992.820,953.187,0.928,80.000,,
vino.mp4,3732,124.400,822.110,727.387,651.609,501.703,992.610,953.072,0.925,80.000,,
vino.mp4,3733,124.433,822.218,727.249,651.854,501.519,992.583,952.979,0.890,80.000,,
vino.mp4,3734,124.467,822.307,727.250,651.978,501.348,992.636,953.151,0.710,80.000,,
vino.mp4,3735,124.500,822.128,727.163,651.850,501.224,992.406,953.102,0.824,80.000,,
vino.mp4,3736,124.533,821.791,727.047,651.743,501.283,991.839,952.810,0.899,80.000,,
vino.mp4,3737,124.567,821.330,727.067,651.323,501.305,991.337,952.830,0.852,80.000,,
vino.mp4,3738,124.600,820.286,727.513,649.721,501.128,990.852,953.897,0.866,80.000,,
vino.mp4,3739,124.633,819.971,727.342,649.357,501.139,990.585,953.545,0.915,80.000,,
vino.mp4,3740,124.667,818.985,727.810,647.558,500.938,990.412,954.682,0.870,80.000,,
vino.mp4,3741,124.700,817.840,728.421,645.424,500.651,990.256,956.190,0.860,80.000,,
vino.mp4,3742,124.733,816.552,728.548,642.913,499.671,990.190,957.426,0.580,80.000,,
vino.mp4,3743,124.767,,,,,,,,,,
vino.mp4,3744,124.800,,,,,,,,,,
vino.mp4,3745,124.833,808.353,724.463,629.133,489.895,987.572,959.031,0.596,80.000,,
vino.mp4,3746,124.867,802.889,704.942,629.360,481.894,976.418,927.990,0.794,80.000,,
vino.mp4,3747,124.900,796.144,664.557,632.995,461.351,959.292,867.764,0.729,80.000,,
vino.mp4,3748,124.933,,,,,,,,,,
vino.mp4,3749,124.967,777.379,625.653,623.900,441.763,930.859,809.543,0.467,80.000,,
vino.mp4,3750,125.000,747.904,610.141,598.537,434.241,897.271,786.041,0.849,80.000,,
vino.mp4,3751,125.033,748.439,596.573,600.498,428.752,896.380,764.394,0.884,80.000,,
vino.mp4,3752,125.067,753.686,578.880,614.069,429.587,893.303,728.174,0.873,80.000,,
vino.mp4,3753,125.100,753.569,564.384,613.253,422.501,893.885,706.266,0.529,80.000,,
vino.mp4,3754,125.133,748.884,553.293,601.002,410.789,896.767,695.797,0.882,80.000,,
vino.mp4,3755,125.167,741.384,546.290,587.051,403.173,895.717,689.408,0.601,80.000,,
vino.mp4,3756,125.200,734.468,539.684,574.483,395.662,894.453,683.705,0.494,80.000,,
vino.mp4,3757,125.233,727.512,535.550,564.004,391.865,891.021,679.236,0.834,80.000,,
vino.mp4,3758,125.267,721.415,534.262,555.989,391.774,886.842,676.750,0.549,80.000,,
vino.mp4,3759,125.300,711.684,534.291,544.797,392.260,878.572,676.323,0.786,80.000,,
vino.mp4,3760,125.333,711.786,537.961,547.512,400.821,876.060,675.101,0.131,80.000,,
vino.mp4,3761,125.367,,,,,,,,,,
vino.mp4,3762,125.400,,,,,,,,,,
vino.mp4,3763,125.433,,,,,,,,,,
vino.mp4,3764,125.467,,,,,,,,,,
vino.mp4,3765,125.500,,,,,,,,,,
vino.mp4,3766,125.533,721.668,497.219,506.367,312.794,936.968,681.643,0.762,80.000,,
vino.mp4,3767,125.567,728.342,498.239,511.811,308.675,944.874,687.803,0.150,80.000,,
vino.mp4,3768,125.600,736.994,503.037,521.005,310.488,952.983,695.586,0.482,80.000,,
vino.mp4,3769,125.633,745.965,507.866,528.874,310.945,963.057,704.787,0.207,80.000,,
vino.mp4,3770,125.667,753.173,512.249,535.362,311.020,970.984,713.477,0.266,80.000,,
vino.mp4,3771,125.700,761.313,517.198,539.812,308.258,982.814,726.138,0.537,80.000,,
vino.mp4,3772,125.733,770.862,522.887,543.853,303.604,997.872,742.171,0.647,80.000,,
vino.mp4,3773,125.767,,,,,,,,,,
vino.mp4,3774,125.800,787.547,535.642,552.435,302.072,1022.660,769.212,0.396,80.000,,
vino.mp4,3775,125.833,,,,,,,,,,
vino.mp4,3776,125.867,,,,,,,,,,
vino.mp4,3777,125.900,,,,,,,,,,
vino.mp4,3778,125.933,809.378,570.023,569.501,323.086,1049.254,816.959,0.441,80.000,,
vino.mp4,3779,125.967,812.664,578.900,580.105,332.200,1045.224,825.600,0.544,80.000,,
vino.mp4,3780,126.000,,,,,,,,,,
vino.mp4,3781,126.033,,,,,,,,,,
vino.mp4,3782,126.067,,,,,,,,,,
vino.mp4,3783,126.100,,,,,,,,,,
vino.mp4,3784,126.133,,,,,,,,,,
vino.mp4,3785,126.167,,,,,,,,,,
vino.mp4,3786,126.200,,,,,,,,,,
vino.mp4,3787,126.233,,,,,,,,,,
vino.mp4,3788,126.267,,,,,,,,,,
vino.mp4,3789,126.300,,,,,,,,,,
vino.mp4,3790,126.333,,,,,,,,,,
vino.mp4,3791,126.367,,,,,,,,,,
vino.mp4,3792,126.400,,,,,,,,,,
vino.mp4,3793,126.433,,,,,,,,,,
vino.mp4,3794,126.467,,,,,,,,,,
vino.mp4,3795,126.500,,,,,,,,,,
vino.mp4,3796,126.533,,,,,,,,,,
vino.mp4,3797,126.567,,,,,,,,,,
vino.mp4,3798,126.600,,,,,,,,,,
vino.mp4,3799,126.633,810.005,586.722,586.482,335.894,1033.528,837.550,0.538,80.000,,
vino.mp4,3800,126.667,809.655,589.109,595.790,340.890,1023.519,837.328,0.754,80.000,,
vino.mp4,3801,126.700,809.525,592.929,603.254,348.383,1015.797,837.476,0.660,80.000,,
vino.mp4,3802,126.733,809.857,598.823,610.525,359.528,1009.189,838.117,0.623,80.000,,
vino.mp4,3803,126.767,809.979,605.673,616.096,371.447,1003.861,839.900,0.652,80.000,,
vino.mp4,3804,126.800,809.675,611.539,619.799,381.586,999.550,841.493,0.656,80.000,,
vino.mp4,3805,126.833,,,,,,,,,,
vino.mp4,3806,126.867,,,,,,,,,,
vino.mp4,3807,126.900,,,,,,,,,,
vino.mp4,3808,126.933,,,,,,,,,,
vino.mp4,3809,126.967,,,,,,,,,,
vino.mp4,3810,127.000,,,,,,,,,,
vino.mp4,3811,127.033,796.439,667.379,599.291,433.419,993.587,901.339,0.160,,,
vino.mp4,3812,127.067,,,,,,,,,,
vino.mp4,3813,127.100,,,,,,,,,,
vino.mp4,3814,127.133,,,,,,,,,,
vino.mp4,3815,127.167,,,,,,,,,,
vino.mp4,3816,127.200,,,,,,,,,,
vino.mp4,3817,127.233,,,,,,,,,,
vino.mp4,3818,127.267,,,,,,,,,,
vino.mp4,3819,127.300,,,,,,,,,,
vino.mp4,3820,127.333,792.019,680.215,587.275,430.989,996.763,929.441,0.459,80.000,,
vino.mp4,3821,127.367,791.740,680.363,586.922,430.348,996.557,930.378,0.576,80.000,,
vino.mp4,3822,127.400,792.065,679.076,587.264,428.370,996.865,929.782,0.584,80.000,,
vino.mp4,3823,127.433,792.966,676.800,587.963,424.912,997.969,928.688,0.599,80.000,,
vino.mp4,3824,127.467,793.992,674.588,588.645,421.159,999.339,928.017,0.476,80.000,,
vino.mp4,3825,127.500,793.874,669.685,589.409,416.819,998.339,922.551,0.636,80.000,,
vino.mp4,3826,127.533,793.368,662.939,589.608,410.666,997.127,915.211,0.640,80.000,,
vino.mp4,3827,127.567,792.510,656.991,587.244,402.310,997.776,911.672,0.561,80.000,,
vino.mp4,3828,127.600,790.357,650.277,582.503,391.834,998.211,908.720,0.480,80.000,,
vino.mp4,3829,127.633,789.382,643.630,577.673,379.170,1001.092,908.091,0.657,80.000,,
vino.mp4,3830,127.667,790.416,636.677,576.352,367.550,1004.481,905.804,0.698,80.000,,
vino.mp4,3831,127.700,794.324,631.095,578.093,356.312,1010.555,905.879,0.603,80.000,,
vino.mp4,3832,127.733,800.613,626.774,584.682,348.604,1016.543,904.945,0.623,80.000,,
vino.mp4,3833,127.767,806.195,624.140,592.082,344.171,1020.309,904.108,0.453,80.000,,
vino.mp4,3834,127.800,808.285,625.195,598.442,347.499,1018.128,902.890,0.501,80.000,,
vino.mp4,3835,127.833,809.206,630.070,606.024,359.010,1012.387,901.131,0.531,80.000,,
vino.mp4,3836,127.867,809.703,633.552,611.657,367.732,1007.749,899.372,0.572,80.000,,
vino.mp4,3837,127.900,809.772,635.834,615.444,373.824,1004.100,897.844,0.531,80.000,,
vino.mp4,3838,127.933,809.725,636.335,616.828,375.090,1002.622,897.580,0.471,80.000,,
vino.mp4,3839,127.967,809.683,636.650,617.848,375.770,1001.518,897.530,0.507,80.000,,
vino.mp4,3840,128.000,809.841,637.172,619.642,377.701,1000.040,896.643,0.487,80.000,,
vino.mp4,3841,128.033,809.937,638.646,620.985,380.236,998.889,897.057,0.551,80.000,,
vino.mp4,3842,128.067,809.922,641.210,622.368,384.312,997.476,898.107,0.621,80.000,,
vino.mp4,3843,128.100,809.487,644.135,623.754,389.484,995.220,898.786,0.800,80.000,,
vino.mp4,3844,128.133,809.039,646.419,624.894,393.878,993.184,898.959,0.855,80.000,,
vino.mp4,3845,128.167,808.428,648.747,626.174,399.052,990.681,898.442,0.838,80.000,,
vino.mp4,3846,128.200,807.443,650.647,626.561,403.185,988.325,898.109,0.800,80.000,,
vino.mp4,3847,128.233,806.566,652.869,627.505,408.700,985.627,897.038,0.878,80.000,,
vino.mp4,3848,128.267,805.353,654.535,628.145,414.033,982.560,895.036,0.914,80.000,,
vino.mp4,3849,128.300,804.506,658.487,629.697,422.930,979.315,894.044,0.908,80.000,,
vino.mp4,3850,128.333,804.175,665.141,633.486,437.560,974.865,892.722,0.921,80.000,,
vino.mp4,3851,128.367,802.713,667.248,632.480,442.691,972.945,891.805,0.918,80.000,,
vino.mp4,3852,128.400,802.180,668.819,631.491,445.928,972.868,891.710,0.897,80.000,,
vino.mp4,3853,128.433,802.010,669.505,630.166,447.139,973.853,891.871,0.892,80.000,,
vino.mp4,3854,128.467,802.003,669.643,628.898,447.465,975.109,891.821,0.814,80.000,,
vino.mp4,3855,128.500,802.033,669.323,627.713,447.169,976.354,891.478,0.857,80.000,,
vino.mp4,3856,128.533,802.343,668.781,627.156,446.936,977.530,890.626,0.845,80.000,,
vino.mp4,3857,128.567,802.570,668.354,626.146,446.133,978.995,890.576,0.880,80.000,,
vino.mp4,3858,128.600,802.998,668.137,625.398,445.409,980.598,890.865,0.867,80.000,,
vino.mp4,3859,128.633,803.189,667.778,624.548,444.577,981.830,890.978,0.868,80.000,,
vino.mp4,3860,128.667,803.364,667.337,623.719,443.563,983.009,891.112,0.867,80.000,,
vino.mp4,3861,128.700,803.620,666.927,623.331,442.932,983.908,890.921,0.887,80.000,,
vino.mp4,3862,128.733,803.769,666.643,622.900,442.407,984.638,890.880,0.886,80.000,,
vino.mp4,3863,128.767,803.841,666.193,622.391,441.619,985.292,890.767,0.890,80.000,,
vino.mp4,3864,128.800,803.777,665.886,621.835,440.985,985.719,890.787,0.864,80.000,,
vino.mp4,3865,128.833,803.709,665.342,621.423,440.233,985.995,890.451,0.896,80.000,,
vino.mp4,3866,128.867,803.724,665.184,621.215,440.003,986.233,890.364,0.883,80.000,,
vino.mp4,3867,128.900,803.784,664.816,620.816,439.193,986.752,890.439,0.895,80.000,,
vino.mp4,3868,128.933,803.715,664.795,620.730,439.294,986.699,890.295,0.912,80.000,,
vino.mp4,3869,128.967,803.676,664.757,620.523,439.139,986.829,890.376,0.908,80.000,,
vino.mp4,3870,129.000,803.670,664.624,620.496,439.077,986.844,890.171,0.917,80.000,,
vino.mp4,3871,129.033,803.498,664.627,620.217,438.965,986.779,890.289,0.919,80.000,,
vino.mp4,3872,129.067,803.468,664.555,620.187,438.917,986.748,890.193,0.909,80.000,,
vino.mp4,3873,129.100,803.562,664.268,620.139,438.444,986.984,890.092,0.916,80.000,,
vino.mp4,3874,129.133,803.730,663.607,619.863,437.132,987.597,890.082,0.925,80.000,,
vino.mp4,3875,129.167,803.826,662.957,619.597,435.820,988.056,890.094,0.931,80.000,,
vino.mp4,3876,129.200,804.122,661.823,619.147,433.301,989.097,890.344,0.927,80.000,,
vino.mp4,3877,129.233,804.442,659.627,618.255,428.894,990.629,890.360,0.929,80.000,,
vino.mp4,3878,129.267,804.580,655.610,616.135,421.048,993.025,890.171,0.929,80.000,,
vino.mp4,3879,129.300,804.590,651.441,613.942,412.799,995.237,890.082,0.939,80.000,,
vino.mp4,3880,129.333,804.416,647.162,611.710,404.396,997.122,889.929,0.937,80.000,,
vino.mp4,3881,129.367,804.519,643.949,610.672,398.027,998.366,889.872,0.935,80.000,,
vino.mp4,3882,129.400,804.557,645.024,612.513,400.113,996.601,889.936,0.936,80.000,,
vino.mp4,3883,129.433,804.502,651.906,617.967,413.883,991.037,889.929,0.935,80.000,,
vino.mp4,3884,129.467,804.430,657.091,621.906,424.403,986.954,889.779,0.929,80.000,,
vino.mp4,3885,129.500,804.463,658.621,622.929,427.355,985.998,889.887,0.921,80.000,,
vino.mp4,3886,129.533,803.026,658.442,621.023,426.844,985.029,890.040,0.914,80.000,,
vino.mp4,3887,129.567,795.047,664.360,615.146,437.838,974.948,890.881,0.906,80.000,,
vino.mp4,3888,129.600,782.606,674.127,604.846,454.985,960.366,893.270,0.890,80.000,,
vino.mp4,3889,129.633,774.191,686.806,599.575,477.363,948.806,896.248,0.908,80.000,,
vino.mp4,3890,129.667,768.200,696.286,593.727,492.929,942.674,899.643,0.873,80.000,,
vino.mp4,3891,129.700,763.566,702.412,585.108,499.765,942.025,905.060,0.849,80.000,,
vino.mp4,3892,129.733,762.365,705.511,578.873,501.786,945.857,909.237,0.867,80.000,,
vino.mp4,3893,129.767,762.648,706.537,574.214,500.995,951.083,912.079,0.883,80.000,,
vino.mp4,3894,129.800,766.474,704.546,572.883,495.820,960.065,913.272,0.871,80.000,,
vino.mp4,3895,129.833,772.531,699.541,572.437,484.557,972.626,914.524,0.857,80.000,,
vino.mp4,3896,129.867,781.462,691.648,574.784,468.441,988.141,914.854,0.913,80.000,,
vino.mp4,3897,129.900,792.810,681.879,580.028,448.700,1005.591,915.058,0.900,80.000,,
vino.mp4,3898,129.933,800.212,667.300,578.985,419.629,1021.439,914.972,0.901,80.000,,
vino.mp4,3899,129.967,803.147,646.664,569.418,377.976,1036.877,915.353,0.913,80.000,,
vino.mp4,3900,130.000,804.236,635.051,566.255,354.228,1042.217,915.873,0.932,80.000,,
vino.mp4,3901,130.033,804.512,640.455,575.583,364.877,1033.440,916.034,0.926,80.000,,
vino.mp4,3902,130.067,804.509,660.135,593.757,403.874,1015.262,916.396,0.925,80.000,,
vino.mp4,3903,130.100,804.215,671.371,604.228,426.433,1004.203,916.308,0.927,80.000,,
vino.mp4,3904,130.133,804.256,677.628,610.428,438.988,998.085,916.267,0.925,80.000,,
vino.mp4,3905,130.167,804.444,677.698,612.055,439.480,996.834,915.916,0.930,80.000,,
vino.mp4,3906,130.200,804.356,675.873,611.705,435.828,997.008,915.918,0.930,80.000,,
vino.mp4,3907,130.233,804.409,672.851,610.846,430.008,997.973,915.694,0.928,80.000,,
vino.mp4,3908,130.267,804.481,670.644,610.480,425.579,998.481,915.709,0.930,80.000,,
vino.mp4,3909,130.300,804.445,668.981,610.461,422.302,998.428,915.660,0.927,80.000,,
vino.mp4,3910,130.333,804.250,669.237,611.459,422.685,997.040,915.789,0.922,80.000,,
vino.mp4,3911,130.367,804.143,671.630,614.061,427.640,994.224,915.620,0.913,80.000,,
vino.mp4,3912,130.400,804.003,675.327,617.229,435.179,990.777,915.475,0.893,80.000,,
vino.mp4,3913,130.433,803.986,676.720,618.540,437.887,989.431,915.554,0.869,80.000,,
vino.mp4,3914,130.467,803.866,677.207,618.680,438.293,989.052,916.121,0.815,80.000,,
vino.mp4,3915,130.500,803.885,677.207,619.302,438.730,988.468,915.684,0.836,80.000,,
vino.mp4,3916,130.533,803.844,677.002,619.675,438.743,988.013,915.260,0.848,80.000,,
vino.mp4,3917,130.567,803.789,676.715,619.941,438.613,987.638,914.817,0.864,80.000,,
vino.mp4,3918,130.600,804.270,676.054,620.100,437.206,988.440,914.902,0.840,80.000,,
vino.mp4,3919,130.633,804.330,675.370,619.894,435.797,988.766,914.943,0.782,80.000,,
vino.mp4,3920,130.667,804.168,674.552,619.279,433.959,989.056,915.144,0.809,80.000,,
vino.mp4,3921,130.700,804.170,673.709,619.032,432.337,989.308,915.080,0.784,80.000,,
vino.mp4,3922,130.733,804.142,672.742,618.395,430.015,989.889,915.469,0.674,80.000,,
vino.mp4,3923,130.767,803.827,672.758,617.914,429.263,989.740,916.254,0.416,80.000,,
vino.mp4,3924,130.800,803.565,671.981,617.473,427.694,989.658,916.268,0.664,80.000,,
vino.mp4,3925,130.833,803.368,671.387,617.163,426.379,989.573,916.395,0.824,80.000,,
vino.mp4,3926,130.867,803.067,670.709,616.636,424.733,989.499,916.685,0.815,80.000,,
vino.mp4,3927,130.900,802.671,669.230,615.788,421.932,989.554,916.529,0.782,80.000,,
vino.mp4,3928,130.933,802.387,667.838,615.072,419.205,989.702,916.470,0.843,80.000,,
vino.mp4,3929,130.967,802.745,666.540,615.401,417.202,990.089,915.878,0.739,80.000,,
vino.mp4,3930,131.000,802.859,665.981,615.664,416.240,990.053,915.722,0.520,80.000,,
vino.mp4,3931,131.033,802.499,665.619,615.292,415.235,989.706,916.004,0.686,80.000,,
vino.mp4,3932,131.067,802.241,665.356,615.220,414.618,989.261,916.095,0.806,80.000,,
vino.mp4,3933,131.100,,,,,,,,,,
vino.mp4,3934,131.133,,,,,,,,,,
vino.mp4,3935,131.167,800.950,664.833,614.242,413.725,987.658,915.941,0.497,80.000,,
vino.mp4,3936,131.200,800.382,664.724,614.271,413.998,986.492,915.450,0.477,80.000,,
vino.mp4,3937,131.233,800.509,665.147,614.822,414.651,986.197,915.642,0.710,80.000,,
vino.mp4,3938,131.267,800.328,666.232,615.959,417.471,984.698,914.993,0.674,80.000,,
vino.mp4,3939,131.300,800.450,667.782,617.151,420.539,983.748,915.026,0.703,80.000,,
vino.mp4,3940,131.333,800.847,669.751,618.693,424.237,983.002,915.265,0.685,80.000,,
vino.mp4,3941,131.367,801.207,670.405,619.223,425.228,983.192,915.582,0.735,80.000,,
vino.mp4,3942,131.400,801.781,670.652,619.870,425.728,983.693,915.576,0.744,80.000,,
vino.mp4,3943,131.433,801.764,671.014,619.611,425.824,983.918,916.204,0.718,80.000,,
vino.mp4,3944,131.467,802.118,671.097,619.942,426.015,984.295,916.179,0.732,80.000,,
vino.mp4,3945,131.500,,,,,,,,,,
vino.mp4,3946,131.533,802.157,670.888,619.992,425.948,984.323,915.828,0.825,80.000,,
vino.mp4,3947,131.567,802.273,670.490,619.719,425.147,984.827,915.834,0.718,80.000,,
vino.mp4,3948,131.600,802.694,668.804,619.027,421.851,986.361,915.757,0.445,80.000,,
vino.mp4,3949,131.633,802.717,666.340,617.786,417.334,987.648,915.346,0.669,80.000,,
vino.mp4,3950,131.667,802.693,663.791,616.503,412.535,988.882,915.046,0.555,80.000,,
vino.mp4,3951,131.700,,,,,,,,,,
vino.mp4,3952,131.733,,,,,,,,,,
vino.mp4,3953,131.767,,,,,,,,,,
vino.mp4,3954,131.800,,,,,,,,,,
vino.mp4,3955,131.833,,,,,,,,,,
vino.mp4,3956,131.867,,,,,,,,,,
vino.mp4,3957,131.900,802.813,656.742,612.024,397.192,993.602,916.293,0.464,80.000,,
vino.mp4,3958,131.933,802.764,657.956,614.142,400.340,991.385,915.572,0.563,80.000,,
vino.mp4,3959,131.967,802.490,658.034,614.938,401.077,990.041,914.991,0.814,80.000,,
vino.mp4,3960,132.000,802.170,657.956,615.294,401.183,989.046,914.729,0.880,80.000,,
vino.mp4,3961,132.033,802.241,657.570,615.733,400.643,988.749,914.497,0.876,80.000,,
vino.mp4,3962,132.067,802.045,657.636,615.994,400.742,988.096,914.530,0.911,80.000,,
vino.mp4,3963,132.100,802.015,657.404,616.301,400.464,987.730,914.343,0.925,80.000,,
vino.mp4,3964,132.133,802.275,657.608,616.839,400.626,987.711,914.590,0.884,80.000,,
vino.mp4,3965,132.167,802.339,657.782,617.117,400.674,987.561,914.891,0.798,80.000,,
vino.mp4,3966,132.200,802.378,657.247,617.210,399.797,987.546,914.697,0.839,80.000,,
vino.mp4,3967,132.233,802.620,656.257,617.113,397.858,988.128,914.655,0.783,80.000,,
vino.mp4,3968,132.267,802.671,654.943,616.464,394.934,988.877,914.952,0.745,80.000,,
vino.mp4,3969,132.300,802.794,653.928,616.137,392.648,989.451,915.209,0.635,80.000,,
vino.mp4,3970,132.333,802.903,653.229,616.197,391.287,989.608,915.172,0.787,80.000,,
vino.mp4,3971,132.367,803.035,652.827,616.594,390.746,989.476,914.908,0.544,80.000,,
vino.mp4,3972,132.400,,,,,,,,,,
vino.mp4,3973,132.433,803.203,653.678,617.429,392.063,988.977,915.293,0.462,80.000,,
vino.mp4,3974,132.467,,,,,,,,,,
vino.mp4,3975,132.500,,,,,,,,,,
vino.mp4,3976,132.533,,,,,,,,,,
vino.mp4,3977,132.567,,,,,,,,,,
vino.mp4,3978,132.600,,,,,,,,,,
vino.mp4,3979,132.633,,,,,,,,,,
vino.mp4,3980,132.667,,,,,,,,,,
vino.mp4,3981,132.700,,,,,,,,,,
vino.mp4,3982,132.733,803.121,656.219,619.630,397.215,986.613,915.223,0.685,80.000,,
vino.mp4,3983,132.767,803.235,656.426,619.905,397.465,986.566,915.387,0.521,80.000,,
vino.mp4,3984,132.800,803.393,656.333,620.190,397.393,986.597,915.274,0.566,80.000,,
vino.mp4,3985,132.833,803.351,656.256,620.292,397.430,986.411,915.082,0.704,80.000,,
vino.mp4,3986,132.867,803.264,655.869,620.211,396.914,986.318,914.824,0.642,80.000,,
vino.mp4,3987,132.900,802.968,654.554,619.398,394.574,986.538,914.533,0.879,80.000,,
vino.mp4,3988,132.933,802.851,653.311,618.729,392.209,986.973,914.412,0.864,80.000,,
vino.mp4,3989,132.967,802.762,651.828,617.983,389.340,987.541,914.316,0.884,80.000,,
vino.mp4,3990,133.000,802.545,650.238,617.235,386.441,987.855,914.034,0.850,80.000,,
vino.mp4,3991,133.033,802.889,649.035,617.312,384.368,988.467,913.701,0.713,80.000,,
vino.mp4,3992,133.067,802.739,649.258,617.489,384.673,987.990,913.842,0.840,80.000,,
vino.mp4,3993,133.100,802.666,649.745,617.835,385.448,987.498,914.043,0.849,80.000,,
vino.mp4,3994,133.133,802.858,650.310,618.567,386.582,987.149,914.037,0.826,80.000,,
vino.mp4,3995,133.167,802.519,651.450,619.281,389.217,985.758,913.683,0.912,80.000,,
vino.mp4,3996,133.200,802.526,652.282,619.871,390.967,985.181,913.598,0.832,80.000,,
vino.mp4,3997,133.233,802.369,653.795,620.780,394.217,983.958,913.372,0.914,80.000,,
vino.mp4,3998,133.267,801.783,655.875,621.223,398.060,982.343,913.689,0.931,80.000,,
vino.mp4,3999,133.300,800.723,657.238,621.111,400.857,980.335,913.620,0.853,80.000,,
vino.mp4,4000,133.333,799.878,658.980,622.017,405.320,977.738,912.641,0.526,80.000,,
vino.mp4,4001,133.367,794.841,658.770,616.690,403.515,972.992,914.025,0.878,80.000,,
vino.mp4,4002,133.400,791.418,657.375,612.493,399.299,970.342,915.450,0.635,80.000,,
vino.mp4,4003,133.433,788.820,656.412,609.739,396.122,967.902,916.702,0.444,80.000,,
vino.mp4,4004,133.467,,,,,,,,,,
vino.mp4,4005,133.500,782.930,655.721,605.787,395.523,960.074,915.920,0.605,80.000,,
vino.mp4,4006,133.533,777.452,655.502,602.127,394.498,952.777,916.506,0.673,80.000,,
vino.mp4,4007,133.567,,,,,,,,,,
vino.mp4,4008,133.600,,,,,,,,,,
vino.mp4,4009,133.633,780.750,653.086,606.524,390.259,954.975,915.913,0.504,80.000,,
vino.mp4,4010,133.667,,,,,,,,,,
vino.mp4,4011,133.700,,,,,,,,,,
vino.mp4,4012,133.733,783.469,593.431,641.511,383.915,925.427,802.947,0.666,80.000,,
vino.mp4,4013,133.767,783.737,577.522,647.133,380.712,920.341,774.332,0.802,80.000,,
vino.mp4,4014,133.800,794.060,571.306,656.634,380.478,931.487,762.135,0.792,80.000,,
vino.mp4,4015,133.833,801.866,568.138,661.625,380.811,942.106,755.464,0.883,80.000,,
vino.mp4,4016,133.867,804.241,566.375,660.330,380.430,948.152,752.319,0.690,80.000,,
vino.mp4,4017,133.900,804.126,566.049,656.805,381.066,951.447,751.032,0.323,80.000,,
vino.mp4,4018,133.933,801.939,566.305,651.634,381.711,952.245,750.898,0.541,80.000,,
vino.mp4,4019,133.967,800.876,566.423,647.177,381.059,954.575,751.786,0.497,80.000,,
vino.mp4,4020,134.000,801.989,566.501,644.731,380.066,959.247,752.936,0.589,80.000,,
vino.mp4,4021,134.033,802.700,567.085,642.400,379.810,963.001,754.360,0.489,80.000,,
vino.mp4,4022,134.067,800.814,567.907,638.550,380.341,963.079,755.473,0.502,80.000,,
vino.mp4,4023,134.100,,,,,,,,,,
vino.mp4,4024,134.133,,,,,,,,,,
vino.mp4,4025,134.167,,,,,,,,,,
vino.mp4,4026,134.200,802.392,570.551,631.521,374.260,973.263,766.843,0.326,80.000,,
vino.mp4,4027,134.233,803.365,572.963,629.213,373.394,977.517,772.533,0.505,80.000,,
vino.mp4,4028,134.267,804.317,575.015,628.614,373.935,980.021,776.096,0.513,80.000,,
vino.mp4,4029,134.300,805.613,577.020,628.608,374.377,982.618,779.663,0.570,80.000,,
vino.mp4,4030,134.333,806.882,578.071,628.724,373.833,985.040,782.308,0.852,80.000,,
vino.mp4,4031,134.367,806.357,579.842,629.726,377.200,982.989,782.484,0.810,80.000,,
vino.mp4,4032,134.400,806.520,581.122,630.867,379.568,982.173,782.677,0.842,80.000,,
vino.mp4,4033,134.433,807.074,582.843,632.488,382.675,981.661,783.012,0.854,80.000,,
vino.mp4,4034,134.467,807.921,583.414,633.122,383.049,982.719,783.779,0.797,80.000,,
vino.mp4,4035,134.500,806.803,586.194,634.434,388.948,979.172,783.441,0.734,80.000,,
vino.mp4,4036,134.533,806.959,587.625,635.308,391.596,978.611,783.653,0.865,80.000,,
vino.mp4,4037,134.567,807.000,588.834,635.346,393.124,978.654,784.545,0.835,80.000,,
vino.mp4,4038,134.600,806.116,588.651,634.799,393.563,977.433,783.739,0.822,80.000,,
vino.mp4,4039,134.633,806.089,588.613,634.695,393.692,977.482,783.534,0.771,80.000,,
vino.mp4,4040,134.667,,,,,,,,,,
vino.mp4,4041,134.700,807.731,583.151,634.806,386.669,980.655,779.632,0.452,80.000,,
vino.mp4,4042,134.733,808.327,581.404,635.129,384.904,981.526,777.903,0.482,80.000,,
vino.mp4,4043,134.767,808.072,580.169,635.289,384.603,980.854,775.734,0.552,80.000,,
vino.mp4,4044,134.800,806.527,579.674,634.506,385.281,978.549,774.067,0.776,80.000,,
vino.mp4,4045,134.833,806.429,578.632,634.647,385.188,978.210,772.075,0.901,80.000,,
vino.mp4,4046,134.867,806.334,577.546,634.881,385.481,977.787,769.611,0.655,80.000,,
vino.mp4,4047,134.900,804.746,576.092,633.942,385.826,975.551,766.358,0.836,80.000,,
vino.mp4,4048,134.933,,,,,,,,,,
vino.mp4,4049,134.967,,,,,,,,,,
vino.mp4,4050,135.000,,,,,,,,,,
vino.mp4,4051,135.033,,,,,,,,,,
vino.mp4,4052,135.067,,,,,,,,,,
vino.mp4,4053,135.100,,,,,,,,,,
vino.mp4,4054,135.133,,,,,,,,,,
vino.mp4,4055,135.167,,,,,,,,,,
vino.mp4,4056,135.200,,,,,,,,,,
vino.mp4,4057,135.233,,,,,,,,,,
vino.mp4,4058,135.267,724.601,570.211,507.112,317.728,942.089,822.694,0.333,,,
vino.mp4,4059,135.300,727.409,562.283,507.649,307.014,947.168,817.551,0.338,89.000,,
vino.mp4,4060,135.333,724.411,556.751,503.181,299.291,945.641,814.211,0.351,89.000,,
vino.mp4,4061,135.367,713.725,558.872,490.812,298.567,936.639,819.178,0.572,89.000,,
vino.mp4,4062,135.400,704.893,571.371,481.599,309.225,928.187,833.518,0.506,89.000,,
vino.mp4,4063,135.433,701.779,591.776,481.035,331.127,922.523,852.424,0.677,89.000,,
vino.mp4,4064,135.467,,,,,,,,,,
vino.mp4,4065,135.500,,,,,,,,,,
vino.mp4,4066,135.533,,,,,,,,,,
vino.mp4,4067,135.567,,,,,,,,,,
vino.mp4,4068,135.600,,,,,,,,,,
vino.mp4,4069,135.633,,,,,,,,,,
vino.mp4,4070,135.667,732.426,669.863,483.301,370.214,981.550,969.513,0.646,89.000,,
vino.mp4,4071,135.700,736.490,674.539,489.212,372.096,983.769,976.982,0.518,89.000,,
vino.mp4,4072,135.733,738.311,676.413,493.502,372.453,983.121,980.373,0.668,89.000,,
vino.mp4,4073,135.767,739.796,675.903,498.364,372.161,981.227,979.646,0.666,89.000,,
vino.mp4,4074,135.800,740.877,674.905,503.554,373.075,978.199,976.735,0.677,89.000,,
vino.mp4,4075,135.833,741.235,672.480,509.387,375.165,973.084,969.796,0.512,89.000,,
vino.mp4,4076,135.867,,,,,,,,,,
vino.mp4,4077,135.900,,,,,,,,,,
vino.mp4,4078,135.933,,,,,,,,,,
vino.mp4,4079,135.967,,,,,,,,,,
vino.mp4,4080,136.000,,,,,,,,,,
vino.mp4,4081,136.033,,,,,,,,,,
vino.mp4,4082,136.067,,,,,,,,,,
vino.mp4,4083,136.100,,,,,,,,,,
vino.mp4,4084,136.133,,,,,,,,,,
vino.mp4,4085,136.167,,,,,,,,,,
vino.mp4,4086,136.200,,,,,,,,,,
vino.mp4,4087,136.233,,,,,,,,,,
vino.mp4,4088,136.267,,,,,,,,,,
vino.mp4,4089,136.300,,,,,,,,,,
vino.mp4,4090,136.333,,,,,,,,,,
vino.mp4,4091,136.367,,,,,,,,,,
vino.mp4,4092,136.400,,,,,,,,,,
vino.mp4,4093,136.433,,,,,,,,,,
vino.mp4,4094,136.467,,,,,,,,,,
vino.mp4,4095,136.500,,,,,,,,,,
vino.mp4,4096,136.533,,,,,,,,,,
vino.mp4,4097,136.567,,,,,,,,,,
vino.mp4,4098,136.600,,,,,,,,,,
vino.mp4,4099,136.633,758.663,628.326,561.466,379.367,955.859,877.285,0.487,89.000,,
vino.mp4,4100,136.667,758.478,630.020,558.789,379.882,958.167,880.158,0.484,89.000,,
vino.mp4,4101,136.700,,,,,,,,,,
vino.mp4,4102,136.733,757.559,643.777,549.774,382.829,965.345,904.725,0.615,89.000,,
vino.mp4,4103,136.767,756.439,648.822,545.616,383.025,967.262,914.619,0.856,89.000,,
vino.mp4,4104,136.800,754.974,650.351,542.866,381.925,967.082,918.777,0.804,89.000,,
vino.mp4,4105,136.833,753.923,651.045,541.867,381.914,965.979,920.176,0.843,89.000,,
vino.mp4,4106,136.867,753.133,651.825,541.927,383.343,964.338,920.308,0.813,89.000,,
vino.mp4,4107,136.900,753.109,652.331,543.031,385.267,963.188,919.396,0.768,89.000,,
vino.mp4,4108,136.933,752.916,653.497,543.724,387.548,962.108,919.445,0.870,89.000,,
vino.mp4,4109,136.967,753.095,653.896,545.090,389.652,961.101,918.141,0.853,89.000,,
vino.mp4,4110,137.000,753.213,655.659,546.076,392.711,960.350,918.607,0.767,89.000,,
vino.mp4,4111,137.033,753.102,658.197,547.386,397.489,958.817,918.906,0.774,89.000,,
vino.mp4,4112,137.067,753.034,661.811,549.191,404.192,956.877,919.430,0.873,89.000,,
vino.mp4,4113,137.100,752.927,665.413,551.023,411.236,954.830,919.590,0.871,89.000,,
vino.mp4,4114,137.133,752.866,669.077,552.791,418.419,952.941,919.736,0.800,89.000,,
vino.mp4,4115,137.167,752.850,671.514,554.110,423.859,951.591,919.169,0.784,89.000,,
vino.mp4,4116,137.200,752.913,672.449,554.080,425.792,951.747,919.107,0.795,89.000,,
vino.mp4,4117,137.233,753.157,672.787,553.753,426.403,952.562,919.170,0.892,89.000,,
vino.mp4,4118,137.267,753.144,672.807,553.057,426.425,953.231,919.188,0.885,89.000,,
vino.mp4,4119,137.300,753.384,672.667,552.504,426.022,954.263,919.313,0.882,89.000,,
vino.mp4,4120,137.333,753.594,672.334,552.139,425.597,955.050,919.071,0.889,89.000,,
vino.mp4,4121,137.367,753.637,671.935,551.507,424.875,955.767,918.994,0.832,89.000,,
vino.mp4,4122,137.400,753.992,671.814,551.490,424.704,956.494,918.924,0.887,89.000,,
vino.mp4,4123,137.433,754.066,671.278,551.166,424.002,956.966,918.553,0.910,89.000,,
vino.mp4,4124,137.467,754.044,670.962,550.861,423.628,957.228,918.297,0.904,89.000,,
vino.mp4,4125,137.500,754.182,670.745,550.623,423.191,957.741,918.299,0.903,89.000,,
vino.mp4,4126,137.533,754.198,670.636,550.445,423.087,957.951,918.186,0.903,89.000,,
vino.mp4,4127,137.567,754.018,670.303,550.074,422.726,957.961,917.880,0.908,89.000,,
vino.mp4,4128,137.600,753.938,670.274,549.742,422.538,958.135,918.010,0.907,89.000,,
vino.mp4,4129,137.633,753.967,670.388,549.576,422.567,958.358,918.209,0.907,89.000,,
vino.mp4,4130,137.667,754.384,670.066,549.583,421.792,959.184,918.340,0.867,89.000,,
vino.mp4,4131,137.700,754.760,670.096,549.684,421.557,959.836,918.634,0.822,89.000,,
vino.mp4,4132,137.733,754.915,669.036,549.920,420.693,959.909,917.380,0.606,89.000,,
vino.mp4,4133,137.767,754.952,668.269,549.470,419.369,960.433,917.168,0.663,89.000,,
vino.mp4,4134,137.800,754.707,668.560,548.855,419.063,960.558,918.056,0.841,89.000,,
vino.mp4,4135,137.833,754.566,668.140,548.420,418.102,960.713,918.177,0.863,89.000,,
vino.mp4,4136,137.867,754.706,667.365,548.155,416.572,961.257,918.158,0.885,89.000,,
vino.mp4,4137,137.900,755.064,667.163,548.638,416.292,961.490,918.035,0.840,89.000,,
vino.mp4,4138,137.933,755.074,667.105,548.889,416.298,961.260,917.913,0.848,89.000,,
vino.mp4,4139,137.967,754.917,667.170,549.032,416.537,960.802,917.803,0.847,89.000,,
vino.mp4,4140,138.000,754.992,667.577,549.385,417.060,960.599,918.094,0.910,89.000,,
vino.mp4,4141,138.033,754.979,667.787,549.821,417.699,960.136,917.876,0.932,89.000,,
vino.mp4,4142,138.067,754.402,667.707,549.407,417.799,959.396,917.615,0.923,89.000,,
vino.mp4,4143,138.100,753.543,667.363,548.661,417.751,958.425,916.974,0.840,89.000,,
vino.mp4,4144,138.133,752.744,667.397,547.883,418.035,957.605,916.760,0.811,89.000,,
vino.mp4,4145,138.167,751.319,667.200,545.943,417.340,956.695,917.060,0.909,89.000,,
vino.mp4,4146,138.200,750.740,668.842,544.618,418.142,956.863,919.542,0.646,89.000,,
vino.mp4,4147,138.233,,,,,,,,,,
vino.mp4,4148,138.267,,,,,,,,,,
vino.mp4,4149,138.300,749.364,670.290,542.625,418.742,956.103,921.839,0.452,89.000,,
vino.mp4,4150,138.333,747.333,671.718,541.062,420.597,953.605,922.839,0.403,89.000,,
vino.mp4,4151,138.367,,,,,,,,,,
vino.mp4,4152,138.400,743.814,672.374,540.070,423.645,947.558,921.104,0.804,89.000,,
vino.mp4,4153,138.433,,,,,,,,,,
vino.mp4,4154,138.467,,,,,,,,,,
vino.mp4,4155,138.500,733.226,682.123,539.106,443.095,927.346,921.151,0.325,89.000,,
vino.mp4,4156,138.533,729.094,684.980,539.073,448.516,919.115,921.444,0.536,89.000,,
vino.mp4,4157,138.567,733.507,687.614,545.825,452.559,921.188,922.669,0.792,89.000,,
vino.mp4,4158,138.600,,,,,,,,,,
vino.mp4,4159,138.633,,,,,,,,,,
vino.mp4,4160,138.667,,,,,,,,,,
vino.mp4,4161,138.700,,,,,,,,,,
vino.mp4,4162,138.733,,,,,,,,,,
vino.mp4,4163,138.767,772.156,656.635,606.668,453.421,937.644,859.849,0.431,89.000,,
vino.mp4,4164,138.800,776.592,635.161,619.093,446.778,934.090,823.544,0.252,89.000,,
vino.mp4,4165,138.833,,,,,,,,,,
vino.mp4,4166,138.867,,,,,,,,,,
vino.mp4,4167,138.900,788.295,624.419,628.858,436.833,947.732,812.004,0.538,89.000,,
vino.mp4,4168,138.933,791.373,622.516,629.748,434.201,952.998,810.831,0.633,89.000,,
vino.mp4,4169,138.967,793.176,620.984,629.642,431.660,956.709,810.308,0.798,89.000,,
vino.mp4,4170,139.000,794.921,618.544,629.103,427.067,960.738,810.020,0.703,89.000,,
vino.mp4,4171,139.033,796.726,616.816,629.602,424.242,963.849,809.390,0.918,89.000,,
vino.mp4,4172,139.067,797.481,614.711,628.869,420.403,966.094,809.018,0.853,89.000,,
vino.mp4,4173,139.100,797.939,614.110,628.741,419.131,967.136,809.089,0.918,89.000,,
vino.mp4,4174,139.133,797.510,614.792,629.049,420.852,965.970,808.733,0.921,89.000,,
vino.mp4,4175,139.167,797.071,616.427,629.948,424.486,964.194,808.369,0.917,89.000,,
vino.mp4,4176,139.200,796.199,618.066,630.081,427.908,962.317,808.225,0.917,89.000,,
vino.mp4,4177,139.233,795.459,619.986,629.470,430.740,961.449,809.232,0.917,89.000,,
vino.mp4,4178,139.267,794.397,620.897,628.374,432.486,960.419,809.309,0.923,89.000,,
vino.mp4,4179,139.300,793.511,621.142,627.090,433.090,959.932,809.195,0.920,89.000,,
vino.mp4,4180,139.333,792.789,620.864,625.706,432.806,959.872,808.921,0.911,89.000,,
vino.mp4,4181,139.367,791.693,619.555,623.698,431.070,959.688,808.041,0.911,89.000,,
vino.mp4,4182,139.400,790.972,618.591,622.211,429.717,959.734,807.466,0.913,89.000,,
vino.mp4,4183,139.433,790.862,618.297,621.551,429.148,960.173,807.446,0.905,89.000,,
vino.mp4,4184,139.467,791.055,618.702,621.616,429.772,960.493,807.631,0.914,89.000,,
vino.mp4,4185,139.500,790.981,618.958,621.971,430.951,959.992,806.965,0.919,89.000,,
vino.mp4,4186,139.533,791.131,619.734,622.322,432.343,959.940,807.125,0.929,89.000,,
vino.mp4,4187,139.567,790.884,620.426,622.187,433.464,959.581,807.388,0.692,89.000,,
vino.mp4,4188,139.600,790.714,620.810,622.042,434.169,959.385,807.451,0.660,89.000,,
vino.mp4,4189,139.633,791.365,620.727,622.741,434.416,959.990,807.039,0.904,89.000,,
vino.mp4,4190,139.667,791.473,621.108,623.129,435.423,959.818,806.793,0.922,89.000,,
vino.mp4,4191,139.700,791.701,621.392,622.591,435.070,960.811,807.714,0.915,89.000,,
vino.mp4,4192,139.733,791.529,620.767,622.531,434.830,960.526,806.703,0.917,89.000,,
vino.mp4,4193,139.767,791.075,621.171,622.363,435.831,959.787,806.510,0.913,89.000,,
vino.mp4,4194,139.800,790.794,621.333,622.065,436.222,959.524,806.444,0.925,89.000,,
vino.mp4,4195,139.833,790.664,621.119,621.600,435.868,959.729,806.371,0.933,89.000,,
vino.mp4,4196,139.867,790.610,619.802,620.329,433.274,960.890,806.330,0.929,89.000,,
vino.mp4,4197,139.900,790.352,617.702,617.995,428.699,962.708,806.704,0.925,89.000,,
vino.mp4,4198,139.933,790.342,615.244,616.113,423.773,964.572,806.715,0.925,89.000,,
vino.mp4,4199,139.967,790.422,613.439,615.411,420.684,965.432,806.194,0.909,89.000,,
vino.mp4,4200,140.000,790.071,612.619,614.721,419.025,965.422,806.212,0.920,89.000,,
vino.mp4,4201,140.033,789.808,611.496,613.801,416.557,965.814,806.435,0.761,89.000,,
vino.mp4,4202,140.067,790.898,611.163,614.391,415.206,967.404,807.120,0.796,89.000,,
vino.mp4,4203,140.100,788.856,604.421,617.358,413.995,960.355,794.848,0.175,89.000,,
vino.mp4,4204,140.133,788.161,604.195,616.754,413.530,959.568,794.859,0.460,89.000,,
vino.mp4,4205,140.167,788.546,607.645,614.436,413.303,962.656,801.986,0.580,89.000,,
vino.mp4,4206,140.200,789.123,610.293,616.297,417.275,961.949,803.311,0.868,89.000,,
vino.mp4,4207,140.233,789.682,613.093,616.948,420.078,962.416,806.108,0.857,89.000,,
vino.mp4,4208,140.267,,,,,,,,,,
vino.mp4,4209,140.300,791.473,617.233,618.047,426.578,964.899,807.888,0.140,,,
vino.mp4,4210,140.333,,,,,,,,,,
vino.mp4,4211,140.367,790.836,617.760,619.407,426.741,962.266,808.779,0.339,89.000,,
vino.mp4,4212,140.400,790.741,617.633,619.418,427.327,962.065,807.940,0.549,89.000,,
vino.mp4,4213,140.433,790.294,617.123,618.732,426.963,961.857,807.283,0.533,89.000,,
vino.mp4,4214,140.467,789.951,617.019,618.076,426.997,961.827,807.040,0.673,89.000,,
vino.mp4,4215,140.500,789.972,617.184,617.319,426.699,962.625,807.668,0.537,89.000,,
vino.mp4,4216,140.533,790.161,617.328,616.237,425.609,964.086,809.047,0.837,89.000,,
vino.mp4,4217,140.567,,,,,,,,,,
vino.mp4,4218,140.600,789.748,615.321,612.630,420.095,966.867,810.547,0.369,89.000,,
vino.mp4,4219,140.633,,,,,,,,,,
vino.mp4,4220,140.667,,,,,,,,,,
vino.mp4,4221,140.700,,,,,,,,,,
vino.mp4,4222,140.733,,,,,,,,,,
vino.mp4,4223,140.767,,,,,,,,,,
vino.mp4,4224,140.800,774.275,605.566,581.024,393.056,967.526,818.077,0.399,89.000,,
vino.mp4,4225,140.833,,,,,,,,,,
vino.mp4,4226,140.867,,,,,,,,,,
vino.mp4,4227,140.900,,,,,,,,,,
vino.mp4,4228,140.933,,,,,,,,,,
vino.mp4,4229,140.967,,,,,,,,,,
vino.mp4,4230,141.000,,,,,,,,,,
vino.mp4,4231,141.033,,,,,,,,,,
vino.mp4,4232,141.067,,,,,,,,,,
vino.mp4,4233,141.100,,,,,,,,,,
vino.mp4,4234,141.133,,,,,,,,,,
vino.mp4,4235,141.167,,,,,,,,,,
vino.mp4,4236,141.200,,,,,,,,,,
vino.mp4,4237,141.233,,,,,,,,,,
vino.mp4,4238,141.267,647.636,713.603,444.404,447.768,850.868,979.439,0.432,,,
vino.mp4,4239,141.300,,,,,,,,,,
vino.mp4,4240,141.333,,,,,,,,,,
vino.mp4,4241,141.367,,,,,,,,,,
vino.mp4,4242,141.400,,,,,,,,,,
vino.mp4,4243,141.433,644.777,708.075,445.961,447.767,843.594,968.383,0.435,,,
vino.mp4,4244,141.467,644.426,707.974,445.457,447.461,843.396,968.488,0.328,91.000,,
vino.mp4,4245,141.500,644.126,710.337,443.572,447.682,844.681,972.992,0.378,91.000,,
vino.mp4,4246,141.533,643.813,709.465,443.849,447.526,843.777,971.403,0.365,91.000,,
vino.mp4,4247,141.567,643.816,707.272,445.339,447.296,842.294,967.247,0.476,91.000,,
vino.mp4,4248,141.600,643.411,707.211,444.875,447.160,841.946,967.261,0.362,91.000,,
vino.mp4,4249,141.633,,,,,,,,,,
vino.mp4,4250,141.667,642.155,705.572,444.586,446.927,839.723,964.217,0.403,91.000,,
vino.mp4,4251,141.700,641.474,704.618,444.335,446.731,838.612,962.505,0.428,91.000,,
vino.mp4,4252,141.733,641.346,704.519,443.969,446.492,838.722,962.546,0.426,91.000,,
vino.mp4,4253,141.767,641.160,703.039,444.689,446.526,837.631,959.551,0.469,91.000,,
vino.mp4,4254,141.800,,,,,,,,,,
vino.mp4,4255,141.833,640.416,703.798,443.347,446.628,837.485,960.968,0.444,91.000,,
vino.mp4,4256,141.867,639.990,704.964,442.231,446.884,837.748,963.043,0.388,91.000,,
vino.mp4,4257,141.900,640.265,708.838,440.183,447.372,840.346,970.305,0.470,91.000,,
vino.mp4,4258,141.933,640.755,712.365,439.175,448.554,842.336,976.176,0.433,91.000,,
vino.mp4,4259,141.967,641.210,713.204,439.734,449.311,842.687,977.097,0.497,91.000,,
vino.mp4,4260,142.000,641.937,713.275,440.801,449.832,843.073,976.718,0.487,91.000,,
vino.mp4,4261,142.033,642.375,712.467,442.108,450.372,842.642,974.561,0.501,91.000,,
vino.mp4,4262,142.067,642.526,708.807,444.539,450.343,840.514,967.272,0.555,91.000,,
vino.mp4,4263,142.100,642.096,708.845,443.919,450.378,840.272,967.313,0.651,91.000,,
vino.mp4,4264,142.133,646.255,707.539,448.296,450.494,844.215,964.584,0.600,91.000,,
vino.mp4,4265,142.167,673.181,711.450,468.639,450.767,877.723,972.132,0.450,91.000,,
vino.mp4,4266,142.200,695.668,710.292,486.953,451.034,904.383,969.550,0.384,91.000,,
vino.mp4,4267,142.233,,,,,,,,,,
vino.mp4,4268,142.267,,,,,,,,,,
vino.mp4,4269,142.300,,,,,,,,,,
vino.mp4,4270,142.333,,,,,,,,,,
vino.mp4,4271,142.367,,,,,,,,,,
vino.mp4,4272,142.400,,,,,,,,,,
vino.mp4,4273,142.433,,,,,,,,,,
vino.mp4,4274,142.467,,,,,,,,,,
vino.mp4,4275,142.500,,,,,,,,,,
vino.mp4,4276,142.533,,,,,,,,,,
vino.mp4,4277,142.567,700.546,725.456,489.731,473.244,911.361,977.668,0.370,91.000,,
vino.mp4,4278,142.600,699.626,725.010,483.799,473.772,915.453,976.249,0.439,91.000,,
vino.mp4,4279,142.633,698.583,722.645,479.868,473.467,917.299,971.824,0.450,91.000,,
vino.mp4,4280,142.667,697.827,720.511,477.545,474.058,918.109,966.964,0.417,91.000,,
vino.mp4,4281,142.700,,,,,,,,,,
vino.mp4,4282,142.733,,,,,,,,,,
vino.mp4,4283,142.767,691.328,716.996,473.638,477.458,909.017,956.534,0.445,91.000,,
vino.mp4,4284,142.800,687.064,716.641,468.460,478.873,905.667,954.409,0.531,91.000,,
vino.mp4,4285,142.833,,,,,,,,,,
vino.mp4,4286,142.867,679.444,716.849,459.799,479.265,899.089,954.434,0.428,91.000,,
vino.mp4,4287,142.900,674.713,717.038,454.262,478.877,895.164,955.198,0.419,91.000,,
vino.mp4,4288,142.933,670.888,717.019,450.110,478.255,891.666,955.782,0.480,91.000,,
vino.mp4,4289,142.967,669.067,717.208,448.216,478.023,889.919,956.393,0.499,91.000,,
vino.mp4,4290,143.000,668.535,717.343,447.840,478.015,889.230,956.671,0.510,91.000,,
vino.mp4,4291,143.033,668.506,717.651,448.116,478.410,888.896,956.891,0.808,91.000,,
vino.mp4,4292,143.067,668.713,717.392,448.222,477.664,889.205,957.119,0.702,91.000,,
vino.mp4,4293,143.100,669.242,716.639,448.381,476.014,890.102,957.265,0.803,91.000,,
vino.mp4,4294,143.133,671.677,715.671,450.863,474.171,892.490,957.171,0.849,91.000,,
vino.mp4,4295,143.167,674.759,714.159,453.800,471.282,895.719,957.037,0.736,91.000,,
vino.mp4,4296,143.200,675.610,712.248,454.202,467.586,897.018,956.910,0.841,91.000,,
vino.mp4,4297,143.233,674.160,711.802,452.994,466.577,895.327,957.027,0.814,91.000,,
vino.mp4,4298,143.267,669.681,711.821,449.142,467.359,890.220,956.284,0.668,91.000,,
vino.mp4,4299,143.300,664.161,713.123,443.977,469.823,884.346,956.424,0.461,91.000,,
vino.mp4,4300,143.333,663.790,714.144,443.817,471.551,883.763,956.736,0.515,91.000,,
vino.mp4,4301,143.367,669.886,711.041,447.625,464.852,892.148,957.230,0.604,91.000,,
vino.mp4,4302,143.400,687.287,702.110,461.338,447.418,913.236,956.802,0.748,91.000,,
vino.mp4,4303,143.433,710.201,695.567,484.986,434.450,935.415,956.684,0.786,91.000,,
vino.mp4,4304,143.467,720.404,696.167,501.465,435.729,939.343,956.605,0.619,91.000,,
vino.mp4,4305,143.500,722.180,697.775,509.322,438.984,935.038,956.567,0.592,91.000,,
vino.mp4,4306,143.533,717.121,700.842,510.012,445.171,924.230,956.512,0.682,91.000,,
vino.mp4,4307,143.567,704.805,704.907,502.341,453.721,907.269,956.092,0.653,91.000,,
vino.mp4,4308,143.600,695.366,707.451,495.094,458.715,895.639,956.188,0.639,91.000,,
vino.mp4,4309,143.633,690.831,707.922,490.977,459.577,890.686,956.267,0.532,91.000,,
vino.mp4,4310,143.667,688.867,707.401,488.264,457.875,889.470,956.927,0.463,91.000,,
vino.mp4,4311,143.700,688.303,708.251,488.615,459.876,887.992,956.625,0.567,91.000,,
vino.mp4,4312,143.733,688.078,708.936,489.194,461.662,886.962,956.211,0.523,91.000,,
vino.mp4,4313,143.767,688.083,709.922,490.019,463.870,886.148,955.973,0.608,91.000,,
vino.mp4,4314,143.800,687.757,709.808,489.226,463.271,886.289,956.344,0.632,91.000,,
vino.mp4,4315,143.833,687.718,710.066,489.262,463.756,886.175,956.377,0.620,91.000,,
vino.mp4,4316,143.867,687.691,710.647,489.487,464.812,885.895,956.482,0.521,91.000,,
vino.mp4,4317,143.900,687.640,711.014,489.753,465.750,885.527,956.278,0.667,91.000,,
vino.mp4,4318,143.933,687.961,712.870,491.233,469.364,884.689,956.375,0.794,91.000,,
vino.mp4,4319,143.967,688.583,712.841,491.752,469.320,885.415,956.363,0.669,91.000,,
vino.mp4,4320,144.000,689.046,712.911,492.679,470.113,885.413,955.708,0.469,91.000,,
vino.mp4,4321,144.033,689.870,712.154,493.146,468.895,886.594,955.413,0.416,91.000,,
vino.mp4,4322,144.067,690.489,710.585,492.827,465.839,888.151,955.331,0.459,91.000,,
vino.mp4,4323,144.100,692.436,709.171,494.171,462.966,890.700,955.376,0.462,91.000,,
vino.mp4,4324,144.133,694.848,706.761,495.187,457.473,894.510,956.049,0.496,91.000,,
vino.mp4,4325,144.167,697.605,704.103,497.436,452.481,897.774,955.725,0.381,91.000,,
vino.mp4,4326,144.200,702.259,701.835,502.013,447.632,902.505,956.038,0.477,91.000,,
vino.mp4,4327,144.233,705.561,700.663,506.421,445.271,904.701,956.056,0.553,91.000,,
vino.mp4,4328,144.267,708.219,700.038,510.654,443.997,905.785,956.078,0.581,91.000,,
vino.mp4,4329,144.300,709.437,699.958,513.706,443.803,905.167,956.113,0.583,91.000,,
vino.mp4,4330,144.333,709.771,700.139,515.787,443.998,903.756,956.279,0.625,91.000,,
vino.mp4,4331,144.367,709.795,700.544,517.562,444.698,902.029,956.391,0.586,91.000,,
vino.mp4,4332,144.400,709.624,700.835,518.947,445.243,900.301,956.428,0.647,91.000,,
vino.mp4,4333,144.433,709.541,700.930,520.265,445.587,898.817,956.273,0.469,91.000,,
vino.mp4,4334,144.467,709.550,701.240,521.909,446.686,897.191,955.793,0.449,91.000,,
vino.mp4,4335,144.500,708.646,700.564,522.194,446.414,895.098,954.713,0.406,91.000,,
vino.mp4,4336,144.533,704.055,700.610,518.118,446.981,889.992,954.238,0.448,91.000,,
vino.mp4,4337,144.567,695.198,703.798,509.843,452.576,880.553,955.021,0.405,91.000,,
vino.mp4,4338,144.600,688.248,706.915,502.766,457.826,873.731,956.004,0.574,91.000,,
vino.mp4,4339,144.633,,,,,,,,,,
vino.mp4,4340,144.667,,,,,,,,,,
vino.mp4,4341,144.700,665.737,706.157,475.365,456.057,856.109,956.257,0.422,91.000,,
vino.mp4,4342,144.733,660.804,705.969,466.416,455.598,855.192,956.339,0.401,91.000,,
vino.mp4,4343,144.767,659.051,706.017,461.125,455.360,856.978,956.675,0.619,91.000,,
vino.mp4,4344,144.800,658.981,706.395,458.166,455.738,859.797,957.051,0.732,91.000,,
vino.mp4,4345,144.833,659.412,706.481,456.112,455.848,862.712,957.113,0.709,91.000,,
vino.mp4,4346,144.867,659.588,706.576,454.129,456.037,865.048,957.115,0.657,91.000,,
vino.mp4,4347,144.900,659.724,706.431,452.138,455.668,867.311,957.195,0.611,91.000,,
vino.mp4,4348,144.933,659.946,707.923,452.168,459.367,867.724,956.479,0.646,91.000,,
vino.mp4,4349,144.967,659.944,707.174,449.598,457.388,870.290,956.959,0.634,91.000,,
vino.mp4,4350,145.000,660.157,708.797,449.996,461.290,870.317,956.304,0.672,91.000,,
vino.mp4,4351,145.033,660.338,709.327,449.315,462.595,871.361,956.059,0.726,91.000,,
vino.mp4,4352,145.067,660.476,708.805,447.091,460.658,873.861,956.952,0.761,91.000,,
vino.mp4,4353,145.100,660.497,708.558,445.657,459.950,875.336,957.166,0.732,91.000,,
vino.mp4,4354,145.133,660.490,708.447,444.583,459.714,876.397,957.179,0.719,91.000,,
vino.mp4,4355,145.167,660.818,710.046,445.798,463.656,875.837,956.435,0.652,91.000,,
vino.mp4,4356,145.200,660.840,710.126,445.197,464.152,876.483,956.099,0.641,91.000,,
vino.mp4,4357,145.233,660.681,708.880,442.671,460.934,878.691,956.827,0.684,91.000,,
vino.mp4,4358,145.267,660.651,708.286,441.233,459.363,880.070,957.208,0.666,91.000,,
vino.mp4,4359,145.300,660.661,708.343,440.706,459.422,880.616,957.264,0.692,91.000,,
vino.mp4,4360,145.333,660.614,708.330,440.026,459.218,881.203,957.442,0.676,91.000,,
vino.mp4,4361,145.367,660.572,708.747,439.795,459.972,881.350,957.522,0.735,91.000,,
vino.mp4,4362,145.400,660.412,708.129,438.772,458.807,882.052,957.451,0.819,91.000,,
vino.mp4,4363,145.433,660.086,708.047,438.108,458.815,882.064,957.280,0.830,91.000,,
vino.mp4,4364,145.467,660.107,707.658,437.544,458.111,882.671,957.205,0.737,91.000,,
vino.mp4,4365,145.500,659.813,707.607,436.898,458.028,882.729,957.185,0.760,91.000,,
vino.mp4,4366,145.533,659.612,707.485,436.247,457.716,882.978,957.253,0.787,91.000,,
vino.mp4,4367,145.567,659.550,707.591,436.036,457.966,883.065,957.216,0.803,91.000,,
vino.mp4,4368,145.600,659.541,707.480,435.663,457.680,883.419,957.280,0.744,91.000,,
vino.mp4,4369,145.633,659.492,707.248,435.206,457.194,883.779,957.301,0.801,91.000,,
vino.mp4,4370,145.667,659.490,706.967,434.866,456.693,884.114,957.242,0.718,91.000,,
vino.mp4,4371,145.700,659.607,706.931,434.875,456.685,884.339,957.177,0.764,91.000,,
vino.mp4,4372,145.733,659.633,706.950,434.830,456.761,884.436,957.140,0.682,91.000,,
vino.mp4,4373,145.767,659.871,707.224,435.115,457.292,884.626,957.156,0.700,91.000,,
vino.mp4,4374,145.800,659.940,707.540,435.178,457.807,884.701,957.273,0.678,91.000,,
vino.mp4,4375,145.833,659.615,706.986,434.303,456.707,884.926,957.265,0.674,91.000,,
vino.mp4,4376,145.867,659.729,707.638,434.817,458.045,884.641,957.232,0.632,91.000,,
vino.mp4,4377,145.900,659.896,707.658,434.973,458.248,884.818,957.068,0.636,91.000,,
vino.mp4,4378,145.933,659.673,708.338,435.745,460.320,883.601,956.357,0.608,91.000,,
vino.mp4,4379,145.967,660.100,708.633,436.493,461.161,883.708,956.104,0.631,91.000,,
vino.mp4,4380,146.000,660.156,707.085,434.913,457.741,885.399,956.430,0.767,91.000,,
vino.mp4,4381,146.033,660.224,706.491,434.313,456.322,886.134,956.660,0.764,91.000,,
vino.mp4,4382,146.067,660.294,706.263,434.143,455.735,886.445,956.790,0.729,91.000,,
vino.mp4,4383,146.100,660.395,706.157,434.111,455.367,886.679,956.947,0.695,91.000,,
vino.mp4,4384,146.133,660.494,706.052,434.317,455.276,886.672,956.828,0.675,91.000,,
vino.mp4,4385,146.167,660.511,707.752,436.288,459.417,884.734,956.088,0.698,91.000,,
vino.mp4,4386,146.200,660.383,706.040,434.973,456.308,885.793,955.771,0.430,91.000,,
vino.mp4,4387,146.233,,,,,,,,,,
vino.mp4,4388,146.267,,,,,,,,,,
vino.mp4,4389,146.300,660.795,706.696,436.012,457.714,885.579,955.678,0.458,91.000,,
vino.mp4,4390,146.333,660.864,706.752,436.008,457.705,885.719,955.799,0.478,91.000,,
vino.mp4,4391,146.367,660.924,705.676,435.267,455.553,886.581,955.799,0.441,91.000,,
vino.mp4,4392,146.400,660.678,705.690,434.564,454.886,886.792,956.493,0.495,91.000,,
vino.mp4,4393,146.433,660.864,706.753,435.940,457.362,885.788,956.144,0.584,91.000,,
vino.mp4,4394,146.467,660.811,705.633,435.251,455.379,886.370,955.887,0.372,91.000,,
vino.mp4,4395,146.500,660.762,705.606,435.219,455.280,886.304,955.932,0.425,91.000,,
vino.mp4,4396,146.533,660.610,705.945,434.844,455.258,886.376,956.632,0.454,91.000,,
vino.mp4,4397,146.567,660.876,706.862,436.188,457.468,885.565,956.256,0.594,91.000,,
vino.mp4,4398,146.600,660.973,707.206,436.731,458.398,885.215,956.013,0.640,91.000,,
vino.mp4,4399,146.633,660.676,706.585,435.404,456.515,885.947,956.655,0.626,91.000,,
vino.mp4,4400,146.667,660.883,707.389,436.798,458.816,884.968,955.961,0.651,91.000,,
vino.mp4,4401,146.700,660.695,706.445,435.435,456.447,885.956,956.444,0.533,91.000,,
vino.mp4,4402,146.733,660.610,706.010,434.798,455.268,886.421,956.752,0.509,91.000,,
vino.mp4,4403,146.767,660.652,705.786,434.655,454.721,886.649,956.850,0.534,91.000,,
vino.mp4,4404,146.800,660.672,705.686,434.663,454.496,886.681,956.875,0.545,91.000,,
vino.mp4,4405,146.833,660.685,705.655,434.754,454.447,886.617,956.862,0.559,91.000,,
vino.mp4,4406,146.867,660.689,705.770,434.931,454.687,886.448,956.853,0.588,91.000,,
vino.mp4,4407,146.900,660.846,705.812,435.284,454.850,886.408,956.775,0.615,91.000,,
vino.mp4,4408,146.933,660.896,705.847,435.453,454.944,886.339,956.750,0.647,91.000,,
vino.mp4,4409,146.967,661.065,705.782,435.648,454.834,886.482,956.730,0.627,91.000,,
vino.mp4,4410,147.000,661.206,705.871,435.876,454.952,886.536,956.789,0.599,91.000,,
vino.mp4,4411,147.033,661.329,705.770,435.959,454.717,886.698,956.822,0.509,91.000,,
vino.mp4,4412,147.067,661.423,705.829,436.163,454.803,886.683,956.856,0.489,91.000,,
vino.mp4,4413,147.100,661.521,705.800,436.649,455.172,886.393,956.427,0.487,91.000,,
vino.mp4,4414,147.133,661.598,706.282,436.788,455.680,886.408,956.884,0.499,91.000,,
vino.mp4,4415,147.167,661.713,706.083,437.192,455.785,886.233,956.380,0.418,91.000,,
vino.mp4,4416,147.200,661.762,705.939,437.478,455.929,886.046,955.949,0.466,91.000,,
vino.mp4,4417,147.233,661.811,705.940,437.641,456.073,885.981,955.807,0.441,91.000,,
vino.mp4,4418,147.267,662.096,707.525,439.114,459.168,885.077,955.883,0.513,91.000,,
vino.mp4,4419,147.300,661.977,706.455,438.123,457.086,885.831,955.825,0.374,91.000,,
vino.mp4,4420,147.333,662.161,706.955,438.796,458.201,885.525,955.709,0.471,91.000,,
vino.mp4,4421,147.367,661.968,705.913,437.758,456.142,886.177,955.684,0.460,91.000,,
vino.mp4,4422,147.400,661.858,705.755,437.088,455.243,886.629,956.266,0.520,91.000,,
vino.mp4,4423,147.433,661.767,705.855,436.879,455.119,886.655,956.592,0.485,91.000,,
vino.mp4,4424,147.467,661.662,705.799,436.735,454.926,886.590,956.673,0.473,91.000,,
vino.mp4,4425,147.500,661.608,705.811,436.677,454.853,886.540,956.769,0.516,91.000,,
vino.mp4,4426,147.533,661.602,705.870,436.729,454.911,886.476,956.829,0.473,91.000,,
vino.mp4,4427,147.567,661.805,706.871,438.319,457.603,885.291,956.138,0.635,91.000,,
vino.mp4,4428,147.600,661.639,706.502,437.462,456.430,885.815,956.575,0.539,91.000,,
vino.mp4,4429,147.633,661.542,706.299,437.039,455.818,886.045,956.780,0.502,91.000,,
vino.mp4,4430,147.667,661.494,706.232,436.881,455.581,886.108,956.884,0.501,91.000,,
vino.mp4,4431,147.700,661.505,706.169,436.797,455.359,886.213,956.978,0.635,91.000,,
vino.mp4,4432,147.733,661.462,706.344,436.846,455.608,886.078,957.079,0.602,91.000,,
vino.mp4,4433,147.767,661.601,706.413,437.076,455.740,886.127,957.086,0.554,91.000,,
vino.mp4,4434,147.800,661.583,706.496,437.172,455.934,885.994,957.058,0.542,91.000,,
vino.mp4,4435,147.833,661.605,706.502,437.225,455.960,885.984,957.044,0.543,91.000,,
vino.mp4,4436,147.867,661.828,707.326,438.709,458.366,884.947,956.286,0.513,91.000,,
vino.mp4,4437,147.900,661.651,706.855,437.737,456.990,885.564,956.719,0.533,91.000,,
vino.mp4,4438,147.933,661.569,706.726,437.408,456.578,885.729,956.873,0.518,91.000,,
vino.mp4,4439,147.967,661.544,706.614,437.234,456.284,885.854,956.943,0.511,91.000,,
vino.mp4,4440,148.000,661.860,706.061,437.175,455.181,886.544,956.940,0.569,91.000,,
vino.mp4,4441,148.033,662.104,705.934,437.369,454.869,886.839,956.999,0.609,91.000,,
vino.mp4,4442,148.067,662.161,706.018,437.666,455.139,886.655,956.896,0.711,91.000,,
vino.mp4,4443,148.100,662.156,706.108,437.698,455.189,886.614,957.026,0.769,91.000,,
vino.mp4,4444,148.133,662.177,706.001,437.662,454.923,886.691,957.079,0.777,91.000,,
vino.mp4,4445,148.167,662.329,706.792,438.874,456.963,885.784,956.621,0.562,91.000,,
vino.mp4,4446,148.200,662.255,706.238,438.029,455.448,886.481,957.027,0.572,91.000,,
vino.mp4,4447,148.233,662.266,706.270,437.905,455.270,886.626,957.270,0.779,91.000,,
vino.mp4,4448,148.267,662.311,706.599,438.173,455.838,886.448,957.359,0.835,91.000,,
vino.mp4,4449,148.300,662.331,706.566,438.171,455.744,886.491,957.388,0.844,91.000,,
vino.mp4,4450,148.333,662.275,706.369,438.092,455.480,886.458,957.257,0.861,91.000,,
vino.mp4,4451,148.367,662.230,706.425,438.186,455.678,886.274,957.172,0.823,91.000,,
vino.mp4,4452,148.400,662.186,706.043,437.911,454.967,886.460,957.119,0.849,91.000,,
vino.mp4,4453,148.433,662.129,705.943,437.808,454.771,886.449,957.114,0.838,91.000,,
vino.mp4,4454,148.467,662.337,706.285,438.324,455.541,886.350,957.030,0.773,91.000,,
vino.mp4,4455,148.500,662.204,706.737,439.181,457.220,885.226,956.254,0.675,91.000,,
vino.mp4,4456,148.533,662.243,706.688,439.400,457.460,885.086,955.915,0.581,91.000,,
vino.mp4,4457,148.567,662.274,706.711,439.493,457.651,885.055,955.771,0.640,91.000,,
vino.mp4,4458,148.600,662.371,706.733,438.822,456.885,885.919,956.582,0.723,91.000,,
vino.mp4,4459,148.633,662.379,706.685,438.501,456.535,886.256,956.835,0.687,91.000,,
vino.mp4,4460,148.667,662.326,706.653,438.200,456.268,886.452,957.039,0.690,91.000,,
vino.mp4,4461,148.700,662.327,706.689,438.126,456.272,886.528,957.106,0.685,91.000,,
vino.mp4,4462,148.733,662.258,706.539,437.873,455.938,886.643,957.139,0.679,91.000,,
vino.mp4,4463,148.767,662.235,706.599,437.794,455.960,886.676,957.238,0.642,91.000,,
vino.mp4,4464,148.800,662.140,706.784,437.806,456.309,886.474,957.258,0.688,91.000,,
vino.mp4,4465,148.833,662.199,706.874,437.863,456.429,886.534,957.319,0.668,91.000,,
vino.mp4,4466,148.867,661.979,706.538,437.349,455.690,886.610,957.386,0.681,91.000,,
vino.mp4,4467,148.900,662.125,706.783,437.824,456.347,886.426,957.219,0.662,91.000,,
vino.mp4,4468,148.933,662.142,706.960,437.949,456.686,886.335,957.234,0.725,91.000,,
vino.mp4,4469,148.967,662.152,706.936,437.985,456.737,886.318,957.134,0.730,91.000,,
vino.mp4,4470,149.000,661.921,706.530,437.351,455.798,886.490,957.261,0.787,91.000,,
vino.mp4,4471,149.033,661.811,706.287,437.079,455.293,886.543,957.281,0.770,91.000,,
vino.mp4,4472,149.067,661.707,706.346,437.052,455.384,886.361,957.308,0.761,91.000,,
vino.mp4,4473,149.100,661.682,706.153,437.050,455.153,886.314,957.152,0.730,91.000,,
vino.mp4,4474,149.133,662.065,706.272,437.594,455.465,886.535,957.078,0.642,91.000,,
vino.mp4,4475,149.167,661.912,706.167,437.461,455.333,886.363,957.000,0.758,91.000,,
vino.mp4,4476,149.200,661.849,706.252,438.084,456.273,885.614,956.232,0.626,91.000,,
vino.mp4,4477,149.233,661.450,705.830,436.973,455.013,885.926,956.647,0.576,91.000,,
vino.mp4,4478,149.267,661.483,706.000,436.810,455.003,886.157,956.998,0.568,91.000,,
vino.mp4,4479,149.300,661.298,706.102,436.462,454.982,886.134,957.222,0.628,91.000,,
vino.mp4,4480,149.333,660.922,705.766,435.818,454.351,886.026,957.181,0.645,91.000,,
vino.mp4,4481,149.367,660.633,705.491,435.294,453.822,885.971,957.161,0.494,91.000,,
vino.mp4,4482,149.400,660.554,705.596,435.216,453.938,885.892,957.254,0.637,91.000,,
vino.mp4,4483,149.433,660.556,705.547,435.154,453.803,885.958,957.291,0.787,91.000,,
vino.mp4,4484,149.467,660.563,705.595,435.242,453.951,885.883,957.239,0.798,91.000,,
vino.mp4,4485,149.500,660.619,705.608,435.327,453.993,885.912,957.223,0.798,91.000,,
vino.mp4,4486,149.533,660.619,705.626,435.435,454.137,885.804,957.115,0.770,91.000,,
vino.mp4,4487,149.567,660.654,705.671,435.505,454.234,885.804,957.107,0.768,91.000,,
vino.mp4,4488,149.600,660.726,705.731,435.655,454.417,885.797,957.045,0.795,91.000,,
vino.mp4,4489,149.633,660.742,705.742,435.651,454.433,885.832,957.051,0.694,91.000,,
vino.mp4,4490,149.667,660.788,705.604,435.587,454.167,885.990,957.040,0.648,91.000,,
vino.mp4,4491,149.700,661.168,705.745,436.048,454.438,886.288,957.052,0.584,91.000,,
vino.mp4,4492,149.733,660.919,705.699,435.711,454.299,886.127,957.099,0.611,91.000,,
vino.mp4,4493,149.767,660.793,705.646,435.504,454.157,886.082,957.136,0.642,91.000,,
vino.mp4,4494,149.800,660.743,705.595,435.403,454.045,886.084,957.144,0.639,91.000,,
vino.mp4,4495,149.833,660.746,705.627,435.429,454.110,886.064,957.144,0.564,91.000,,
vino.mp4,4496,149.867,660.701,705.648,435.424,454.194,885.979,957.101,0.623,91.000,,
vino.mp4,4497,149.900,660.807,705.603,435.443,454.061,886.171,957.146,0.645,91.000,,
vino.mp4,4498,149.933,660.872,705.607,435.463,454.024,886.281,957.191,0.633,91.000,,
vino.mp4,4499,149.967,660.890,705.570,435.451,453.970,886.328,957.170,0.623,91.000,,
vino.mp4,4500,150.000,661.144,705.665,435.788,454.188,886.501,957.142,0.626,91.000,,
vino.mp4,4501,150.033,661.246,705.716,435.922,454.303,886.569,957.129,0.583,91.000,,
vino.mp4,4502,150.067,660.714,705.692,435.305,454.188,886.122,957.196,0.703,91.000,,
vino.mp4,4503,150.100,662.578,705.405,437.324,453.731,887.831,957.079,0.712,91.000,,
vino.mp4,4504,150.133,673.955,705.220,450.581,453.626,897.330,956.814,0.747,91.000,,
vino.mp4,4505,150.167,686.365,705.292,465.944,453.906,906.786,956.678,0.731,91.000,,
vino.mp4,4506,150.200,693.381,705.178,475.850,453.845,910.913,956.510,0.757,91.000,,
vino.mp4,4507,150.233,694.654,706.055,480.126,455.551,909.183,956.559,0.875,91.000,,
vino.mp4,4508,150.267,694.404,706.063,481.949,455.643,906.858,956.483,0.866,91.000,,
vino.mp4,4509,150.300,693.243,704.039,480.953,451.539,905.533,956.538,0.838,91.000,,
vino.mp4,4510,150.333,717.340,681.124,493.392,405.610,941.287,956.637,0.657,91.000,,
vino.mp4,4511,150.367,735.722,658.555,504.705,362.190,966.739,954.921,0.663,91.000,,
vino.mp4,4512,150.400,743.848,663.532,525.056,372.680,962.639,954.385,0.533,91.000,,
vino.mp4,4513,150.433,746.472,703.953,607.334,454.201,885.610,953.705,0.313,,,
vino.mp4,4514,150.467,747.915,704.396,609.110,455.228,886.721,953.565,0.333,93.000,,
vino.mp4,4515,150.500,,,,,,,,,,
vino.mp4,4516,150.533,,,,,,,,,,
vino.mp4,4517,150.567,748.051,704.590,607.913,452.901,888.189,956.278,0.525,93.000,,
vino.mp4,4518,150.600,747.614,704.672,607.467,452.878,887.762,956.466,0.498,93.000,,
vino.mp4,4519,150.633,,,,,,,,,,
vino.mp4,4520,150.667,,,,,,,,,,
vino.mp4,4521,150.700,746.420,698.601,604.225,442.748,888.615,954.453,0.357,93.000,,
vino.mp4,4522,150.733,746.047,695.021,602.482,436.124,889.611,953.918,0.380,93.000,,
vino.mp4,4523,150.767,745.757,690.996,600.413,427.997,891.102,953.996,0.474,93.000,,
vino.mp4,4524,150.800,745.670,690.117,600.332,426.354,891.008,953.880,0.447,93.000,,
vino.mp4,4525,150.833,745.615,689.899,600.570,425.912,890.660,953.887,0.434,93.000,,
vino.mp4,4526,150.867,745.633,689.885,600.904,425.717,890.363,954.053,0.408,93.000,,
vino.mp4,4527,150.900,745.667,689.946,601.303,425.733,890.031,954.160,0.400,93.000,,
vino.mp4,4528,150.933,745.687,689.976,601.704,425.817,889.669,954.135,0.404,93.000,,
vino.mp4,4529,150.967,745.740,690.116,602.112,425.996,889.369,954.237,0.462,93.000,,
vino.mp4,4530,151.000,745.949,690.781,602.176,425.658,889.722,955.904,0.483,93.000,,
vino.mp4,4531,151.033,746.058,691.085,602.471,425.617,889.644,956.554,0.466,93.000,,
vino.mp4,4532,151.067,746.092,691.181,602.778,425.596,889.405,956.767,0.530,93.000,,
vino.mp4,4533,151.100,746.003,691.315,603.106,425.894,888.900,956.737,0.507,93.000,,
vino.mp4,4534,151.133,745.711,690.660,603.595,426.351,887.827,954.969,0.443,93.000,,
vino.mp4,4535,151.167,745.893,691.209,603.704,426.308,888.083,956.110,0.500,93.000,,
vino.mp4,4536,151.200,745.632,690.937,604.142,427.124,887.122,954.750,0.421,93.000,,
vino.mp4,4537,151.233,745.524,691.231,604.569,428.284,886.478,954.179,0.390,93.000,,
vino.mp4,4538,151.267,745.479,691.554,604.819,429.060,886.138,954.047,0.415,93.000,,
vino.mp4,4539,151.300,745.756,691.862,604.639,428.145,886.873,955.578,0.472,93.000,,
vino.mp4,4540,151.333,745.947,691.318,604.388,426.317,887.506,956.320,0.585,93.000,,
vino.mp4,4541,151.367,745.972,689.879,603.843,423.217,888.100,956.540,0.472,93.000,,
vino.mp4,4542,151.400,746.072,686.785,602.777,417.026,889.366,956.544,0.549,93.000,,
vino.mp4,4543,151.433,746.208,684.456,602.072,412.144,890.343,956.768,0.472,93.000,,
vino.mp4,4544,151.467,,,,,,,,,,
vino.mp4,4545,151.500,,,,,,,,,,
vino.mp4,4546,151.533,,,,,,,,,,
vino.mp4,4547,151.567,,,,,,,,,,
vino.mp4,4548,151.600,746.266,689.287,605.315,422.704,887.217,955.871,0.609,93.000,,
vino.mp4,4549,151.633,746.077,691.783,607.142,429.505,885.011,954.061,0.399,93.000,,
vino.mp4,4550,151.667,746.143,695.174,608.198,435.241,884.089,955.107,0.414,93.000,,
vino.mp4,4551,151.700,746.234,696.961,608.680,438.203,883.787,955.718,0.476,93.000,,
vino.mp4,4552,151.733,,,,,,,,,,
vino.mp4,4553,151.767,745.979,696.340,608.684,438.692,883.274,953.988,0.360,93.000,,
vino.mp4,4554,151.800,746.217,696.644,608.099,437.741,884.335,955.548,0.444,93.000,,
vino.mp4,4555,151.833,746.487,696.862,608.125,437.786,884.850,955.939,0.448,93.000,,
vino.mp4,4556,151.867,746.292,696.449,608.294,438.537,884.290,954.360,0.361,93.000,,
vino.mp4,4557,151.900,746.171,696.459,608.172,438.970,884.171,953.949,0.353,93.000,,
vino.mp4,4558,151.933,746.041,696.551,608.002,439.387,884.080,953.714,0.434,93.000,,
vino.mp4,4559,151.967,745.993,696.632,607.838,439.616,884.147,953.647,0.417,93.000,,
vino.mp4,4560,152.000,745.794,696.568,607.553,439.697,884.035,953.439,0.345,93.000,,
vino.mp4,4561,152.033,745.751,696.565,607.398,439.761,884.103,953.369,0.350,93.000,,
vino.mp4,4562,152.067,745.749,696.589,607.262,439.763,884.235,953.414,0.380,93.000,,
vino.mp4,4563,152.100,745.820,696.731,607.244,439.943,884.395,953.518,0.379,93.000,,
vino.mp4,4564,152.133,745.881,696.767,607.310,440.205,884.451,953.330,0.348,93.000,,
vino.mp4,4565,152.167,745.937,696.801,607.325,440.353,884.548,953.249,0.373,93.000,,
vino.mp4,4566,152.200,745.957,696.864,607.303,440.523,884.610,953.206,0.344,93.000,,
vino.mp4,4567,152.233,746.016,697.240,607.406,441.198,884.626,953.282,0.380,93.000,,
vino.mp4,4568,152.267,746.046,697.801,607.552,442.215,884.540,953.386,0.355,93.000,,
vino.mp4,4569,152.300,746.072,697.912,607.536,442.498,884.608,953.326,0.377,93.000,,
vino.mp4,4570,152.333,745.944,696.949,606.872,440.601,885.016,953.298,0.403,93.000,,
vino.mp4,4571,152.367,746.062,695.225,606.053,437.010,886.072,953.439,0.429,93.000,,
vino.mp4,4572,152.400,746.521,692.551,604.394,429.714,888.648,955.389,0.591,93.000,,
vino.mp4,4573,152.433,,,,,,,,,,
vino.mp4,4574,152.467,746.812,686.013,601.608,416.102,892.016,955.924,0.554,93.000,,
vino.mp4,4575,152.500,746.944,683.626,601.209,411.374,892.678,955.877,0.647,93.000,,
vino.mp4,4576,152.533,746.885,682.084,601.007,408.249,892.762,955.918,0.531,93.000,,
vino.mp4,4577,152.567,746.870,680.900,600.989,405.773,892.751,956.027,0.474,93.000,,
vino.mp4,4578,152.600,746.850,679.753,601.018,403.456,892.682,956.050,0.531,93.000,,
vino.mp4,4579,152.633,746.958,679.095,601.342,402.075,892.574,956.115,0.499,93.000,,
vino.mp4,4580,152.667,746.885,680.515,602.571,405.186,891.198,955.845,0.759,93.000,,
vino.mp4,4581,152.700,746.671,682.768,603.660,409.475,889.682,956.061,0.846,93.000,,
vino.mp4,4582,152.733,746.704,683.726,604.411,411.438,888.998,956.014,0.872,93.000,,
vino.mp4,4583,152.767,746.531,684.164,604.560,412.120,888.503,956.208,0.817,93.000,,
vino.mp4,4584,152.800,746.472,684.495,604.701,412.507,888.242,956.482,0.658,93.000,,
vino.mp4,4585,152.833,746.211,684.761,604.799,413.218,887.623,956.305,0.769,93.000,,
vino.mp4,4586,152.867,746.030,685.581,605.042,414.727,887.019,956.434,0.801,93.000,,
vino.mp4,4587,152.900,745.667,686.347,604.986,416.107,886.348,956.588,0.807,93.000,,
vino.mp4,4588,152.933,745.728,686.588,605.265,416.785,886.191,956.390,0.768,93.000,,
vino.mp4,4589,152.967,745.648,686.752,605.371,417.290,885.925,956.213,0.786,93.000,,
vino.mp4,4590,153.000,745.595,686.720,605.203,417.059,885.987,956.382,0.650,93.000,,
vino.mp4,4591,153.033,745.846,686.750,605.413,417.049,886.280,956.450,0.748,93.000,,
vino.mp4,4592,153.067,745.719,686.837,605.214,417.049,886.224,956.626,0.782,93.000,,
vino.mp4,4593,153.100,745.538,686.875,604.977,417.043,886.100,956.707,0.751,93.000,,
vino.mp4,4594,153.133,745.636,687.108,605.195,417.492,886.076,956.724,0.720,93.000,,
vino.mp4,4595,153.167,745.726,687.060,605.194,417.272,886.259,956.848,0.641,93.000,,
vino.mp4,4596,153.200,745.625,686.696,605.603,418.125,885.647,955.267,0.468,93.000,,
vino.mp4,4597,153.233,745.606,686.551,605.760,418.518,885.452,954.584,0.395,93.000,,
vino.mp4,4598,153.267,745.542,686.554,605.689,418.695,885.395,954.414,0.450,93.000,,
vino.mp4,4599,153.300,745.662,686.802,605.204,417.755,886.121,955.849,0.504,93.000,,
vino.mp4,4600,153.333,745.690,686.881,605.006,417.379,886.375,956.382,0.613,93.000,,
vino.mp4,4601,153.367,745.733,686.905,604.953,417.188,886.513,956.622,0.646,93.000,,
vino.mp4,4602,153.400,745.784,686.887,604.911,416.936,886.656,956.838,0.645,93.000,,
vino.mp4,4603,153.433,745.855,686.834,604.979,416.825,886.731,956.843,0.516,93.000,,
vino.mp4,4604,153.467,745.888,685.990,604.640,415.099,887.135,956.880,0.486,93.000,,
vino.mp4,4605,153.500,745.782,685.178,604.323,413.570,887.241,956.786,0.688,93.000,,
vino.mp4,4606,153.533,745.717,683.865,603.829,411.007,887.604,956.724,0.711,93.000,,
vino.mp4,4607,153.567,745.613,681.935,603.100,407.281,888.126,956.588,0.726,93.000,,
vino.mp4,4608,153.600,745.631,679.897,602.428,403.149,888.833,956.645,0.645,93.000,,
vino.mp4,4609,153.633,745.624,678.507,602.092,400.353,889.157,956.662,0.652,93.000,,
vino.mp4,4610,153.667,745.772,677.810,602.328,399.066,889.216,956.555,0.777,93.000,,
vino.mp4,4611,153.700,745.769,677.604,602.604,398.714,888.934,956.494,0.774,93.000,,
vino.mp4,4612,153.733,745.728,678.955,603.493,401.499,887.964,956.412,0.817,93.000,,
vino.mp4,4613,153.767,745.341,681.846,604.564,407.364,886.117,956.327,0.876,93.000,,
vino.mp4,4614,153.800,744.299,683.422,604.078,410.459,884.521,956.384,0.880,93.000,,
vino.mp4,4615,153.833,742.074,685.500,602.261,414.520,881.887,956.481,0.901,93.000,,
vino.mp4,4616,153.867,739.149,688.026,599.677,419.624,878.622,956.429,0.907,93.000,,
vino.mp4,4617,153.900,736.949,691.906,598.257,427.457,875.642,956.355,0.883,93.000,,
vino.mp4,4618,153.933,735.941,697.513,598.695,438.696,873.188,956.330,0.801,93.000,,
vino.mp4,4619,153.967,735.613,703.337,599.807,450.357,871.419,956.316,0.668,93.000,,
vino.mp4,4620,154.000,735.413,705.467,599.412,454.997,871.414,955.937,0.596,93.000,,
vino.mp4,4621,154.033,735.345,706.164,598.390,456.447,872.300,955.881,0.757,93.000,,
vino.mp4,4622,154.067,736.193,706.040,598.077,456.226,874.310,955.854,0.747,93.000,,
vino.mp4,4623,154.100,1822.606,592.379,1725.212,459.093,1920.000,725.664,0.748,96.000,,
vino.mp4,4624,154.133,1822.608,592.311,1725.217,459.363,1920.000,725.258,0.772,96.000,,
vino.mp4,4625,154.167,1822.665,593.544,1725.331,460.681,1920.000,726.408,0.793,96.000,,
vino.mp4,4626,154.200,744.264,703.072,603.353,450.149,885.175,955.995,0.745,93.000,,
vino.mp4,4627,154.233,744.968,701.401,603.309,446.836,886.627,955.966,0.710,93.000,,
vino.mp4,4628,154.267,745.371,700.518,603.410,445.075,887.332,955.962,0.676,93.000,,
vino.mp4,4629,154.300,745.358,700.186,603.382,444.430,887.335,955.942,0.698,93.000,,
vino.mp4,4630,154.333,745.281,700.082,603.375,444.197,887.186,955.967,0.745,93.000,,
vino.mp4,4631,154.367,1803.498,645.104,1686.996,469.973,1920.000,820.235,0.827,96.000,,
vino.mp4,4632,154.400,1798.028,659.196,1676.057,470.046,1920.000,848.347,0.886,96.000,,
vino.mp4,4633,154.433,1794.881,665.290,1669.762,471.024,1920.000,859.557,0.886,96.000,,
vino.mp4,4634,154.467,1792.528,668.822,1665.056,471.874,1920.000,865.771,0.876,96.000,,
vino.mp4,4635,154.500,1791.044,669.816,1662.087,473.037,1920.000,866.594,0.855,96.000,,
vino.mp4,4636,154.533,1788.773,671.065,1657.546,474.235,1920.000,867.895,0.871,96.000,,
vino.mp4,4637,154.567,1787.770,670.550,1655.541,474.475,1920.000,866.625,0.883,96.000,,
vino.mp4,4638,154.600,745.089,698.552,603.497,441.328,886.680,955.775,0.851,93.000,,
vino.mp4,4639,154.633,745.178,698.564,603.673,441.319,886.684,955.809,0.792,93.000,,
vino.mp4,4640,154.667,745.204,698.461,603.758,441.158,886.649,955.763,0.839,93.000,,
vino.mp4,4641,154.700,745.296,698.559,604.009,441.396,886.582,955.722,0.766,93.000,,
vino.mp4,4642,154.733,745.314,698.602,604.170,441.574,886.459,955.630,0.757,93.000,,
vino.mp4,4643,154.767,1766.380,667.575,1625.849,471.654,1906.912,863.496,0.747,96.000,,
vino.mp4,4644,154.800,1762.648,666.365,1620.020,469.746,1905.276,862.984,0.753,96.000,,
vino.mp4,4645,154.833,745.495,697.461,603.967,439.182,887.023,955.739,0.735,93.000,,
vino.mp4,4646,154.867,745.675,695.921,603.473,435.963,887.877,955.880,0.741,93.000,,
vino.mp4,4647,154.900,1750.348,600.095,1636.504,462.709,1864.191,737.481,0.815,96.000,,
vino.mp4,4648,154.933,746.132,688.799,601.121,421.674,891.143,955.923,0.768,93.000,,
vino.mp4,4649,154.967,746.177,685.243,599.943,414.475,892.411,956.011,0.852,93.000,,
vino.mp4,4650,155.000,746.002,683.905,599.666,411.733,892.338,956.076,0.872,93.000,,
vino.mp4,4651,155.033,745.708,683.664,599.731,411.162,891.685,956.166,0.899,93.000,,
vino.mp4,4652,155.067,745.208,684.254,599.934,412.339,890.481,956.169,0.877,93.000,,
vino.mp4,4653,155.100,742.866,685.032,598.064,414.000,887.668,956.064,0.885,93.000,,
vino.mp4,4654,155.133,1723.806,591.014,1570.854,445.042,1876.757,736.986,0.885,96.000,,
vino.mp4,4655,155.167,737.971,687.141,593.601,418.428,882.341,955.853,0.898,93.000,,
vino.mp4,4656,155.200,736.745,687.433,592.053,419.033,881.438,955.832,0.901,93.000,,
vino.mp4,4657,155.233,736.189,687.526,591.085,419.215,881.293,955.838,0.905,93.000,,
vino.mp4,4658,155.267,735.952,687.446,590.367,418.996,881.538,955.895,0.900,93.000,,
vino.mp4,4659,155.300,735.939,687.269,589.939,418.701,881.938,955.837,0.899,93.000,,
vino.mp4,4660,155.333,736.019,687.298,589.747,418.808,882.292,955.788,0.900,93.000,,
vino.mp4,4661,155.367,736.306,687.241,589.696,418.568,882.916,955.914,0.892,93.000,,
vino.mp4,4662,155.400,736.905,686.962,589.959,418.001,883.850,955.924,0.908,93.000,,
vino.mp4,4663,155.433,1693.154,584.813,1504.730,444.276,1881.578,725.350,0.894,96.000,,
vino.mp4,4664,155.467,1693.428,584.320,1502.341,444.376,1884.515,724.264,0.900,96.000,,
vino.mp4,4665,155.500,1694.683,583.726,1501.516,444.521,1887.850,722.930,0.906,96.000,,
vino.mp4,4666,155.533,1693.088,583.898,1496.980,444.785,1889.196,723.012,0.905,96.000,,
vino.mp4,4667,155.567,1691.553,584.150,1492.208,444.773,1890.898,723.528,0.901,96.000,,
vino.mp4,4668,155.600,1691.972,584.327,1490.021,444.853,1893.924,723.801,0.906,96.000,,
vino.mp4,4669,155.633,1692.875,584.394,1488.997,445.102,1896.754,723.686,0.904,96.000,,
vino.mp4,4670,155.667,1692.547,584.430,1486.701,445.225,1898.393,723.635,0.908,96.000,,
vino.mp4,4671,155.700,1692.408,584.368,1484.837,445.303,1899.979,723.432,0.911,96.000,,
vino.mp4,4672,155.733,1692.580,584.761,1482.924,445.406,1902.236,724.117,0.909,96.000,,
vino.mp4,4673,155.767,1691.991,585.195,1480.211,445.448,1903.772,724.942,0.910,96.000,,
vino.mp4,4674,155.800,1692.173,584.374,1480.057,445.432,1904.290,723.317,0.911,96.000,,
vino.mp4,4675,155.833,1691.185,584.126,1478.064,445.559,1904.305,722.692,0.906,96.000,,
vino.mp4,4676,155.867,1691.132,583.533,1477.541,445.642,1904.723,721.424,0.913,96.000,,
vino.mp4,4677,155.900,1691.071,583.518,1476.131,445.605,1906.010,721.431,0.916,96.000,,
vino.mp4,4678,155.933,1691.286,583.925,1474.702,445.651,1907.871,722.199,0.916,96.000,,
vino.mp4,4679,155.967,1691.635,583.723,1474.139,445.498,1909.130,721.947,0.914,96.000,,
vino.mp4,4680,156.000,1691.208,583.795,1472.355,445.286,1910.061,722.304,0.905,96.000,,
vino.mp4,4681,156.033,1692.369,583.550,1473.403,445.448,1911.334,721.652,0.914,96.000,,
vino.mp4,4682,156.067,1692.837,583.403,1473.549,445.541,1912.125,721.265,0.920,96.000,,
vino.mp4,4683,156.100,1693.176,583.432,1473.240,445.531,1913.113,721.333,0.919,96.000,,
vino.mp4,4684,156.133,1693.825,583.070,1474.113,445.673,1913.536,720.467,0.915,96.000,,
vino.mp4,4685,156.167,1694.343,582.804,1474.762,445.823,1913.925,719.784,0.916,96.000,,
vino.mp4,4686,156.200,1694.529,583.240,1473.987,445.889,1915.072,720.591,0.915,96.000,,
vino.mp4,4687,156.233,1693.749,583.726,1472.108,445.931,1915.391,721.522,0.909,96.000,,
vino.mp4,4688,156.267,1692.524,583.860,1470.309,446.029,1914.739,721.691,0.913,96.000,,
vino.mp4,4689,156.300,1692.286,583.291,1470.738,446.261,1913.834,720.320,0.908,96.000,,
vino.mp4,4690,156.333,1691.957,583.205,1470.178,446.392,1913.737,720.017,0.900,96.000,,
vino.mp4,4691,156.367,1691.493,583.311,1469.428,446.696,1913.557,719.927,0.899,96.000,,
vino.mp4,4692,156.400,1691.537,583.740,1468.996,447.143,1914.078,720.337,0.900,96.000,,
vino.mp4,4693,156.433,1691.748,584.085,1469.006,447.653,1914.489,720.516,0.897,96.000,,
vino.mp4,4694,156.467,1691.285,584.367,1467.834,447.779,1914.737,720.955,0.900,96.000,,
vino.mp4,4695,156.500,1691.297,583.880,1468.514,448.056,1914.081,719.704,0.903,96.000,,
vino.mp4,4696,156.533,1691.041,583.796,1468.294,448.353,1913.788,719.240,0.903,96.000,,
vino.mp4,4697,156.567,1691.235,583.779,1467.514,447.970,1914.955,719.587,0.900,96.000,,
vino.mp4,4698,156.600,1691.669,584.172,1466.279,447.408,1917.058,720.937,0.905,96.000,,
vino.mp4,4699,156.633,1691.497,584.238,1465.091,446.909,1917.904,721.568,0.910,96.000,,
vino.mp4,4700,156.667,1691.372,584.245,1464.999,447.037,1917.744,721.452,0.909,96.000,,
vino.mp4,4701,156.700,1691.508,583.785,1465.764,447.103,1917.251,720.468,0.911,96.000,,
vino.mp4,4702,156.733,1692.115,583.315,1467.396,447.383,1916.834,719.247,0.907,96.000,,
vino.mp4,4703,156.767,1692.800,582.391,1467.974,446.427,1917.627,718.355,0.907,96.000,,
vino.mp4,4704,156.800,1692.989,581.760,1467.671,445.491,1918.308,718.029,0.913,96.000,,
vino.mp4,4705,156.833,1692.890,582.074,1465.780,444.556,1920.000,719.592,0.919,96.000,,
vino.mp4,4706,156.867,1691.805,581.907,1463.609,443.488,1920.000,720.326,0.918,96.000,,
vino.mp4,4707,156.900,1691.393,581.463,1462.786,442.551,1920.000,720.375,0.920,96.000,,
vino.mp4,4708,156.933,1691.188,580.871,1462.375,441.816,1920.000,719.926,0.915,96.000,,
vino.mp4,4709,156.967,1691.291,580.347,1462.582,441.328,1920.000,719.366,0.906,96.000,,
vino.mp4,4710,157.000,1690.808,580.011,1461.965,441.085,1919.651,718.937,0.897,96.000,,
vino.mp4,4711,157.033,1691.315,578.938,1463.565,440.675,1919.065,717.202,0.898,96.000,,
vino.mp4,4712,157.067,1691.834,578.709,1464.404,440.598,1919.264,716.820,0.899,96.000,,
vino.mp4,4713,157.100,1691.992,578.475,1464.922,440.572,1919.063,716.377,0.897,96.000,,
vino.mp4,4714,157.133,1691.202,578.900,1463.612,440.716,1918.793,717.084,0.894,96.000,,
vino.mp4,4715,157.167,1691.115,578.652,1463.910,440.747,1918.319,716.557,0.899,96.000,,
vino.mp4,4716,157.200,1690.971,578.461,1463.887,440.684,1918.055,716.237,0.899,96.000,,
vino.mp4,4717,157.233,1690.994,578.010,1464.250,440.517,1917.738,715.502,0.899,96.000,,
vino.mp4,4718,157.267,1691.841,577.184,1465.428,439.914,1918.254,714.453,0.893,96.000,,
vino.mp4,4719,157.300,1692.034,576.715,1465.799,439.591,1918.269,713.839,0.897,96.000,,
vino.mp4,4720,157.333,1692.075,576.531,1465.829,439.433,1918.320,713.628,0.893,96.000,,
vino.mp4,4721,157.367,1692.005,576.465,1465.745,439.400,1918.265,713.531,0.890,96.000,,
vino.mp4,4722,157.400,1691.926,576.302,1465.804,439.387,1918.047,713.217,0.890,96.000,,
vino.mp4,4723,157.433,1691.115,576.648,1464.171,439.309,1918.059,713.987,0.874,96.000,,
vino.mp4,4724,157.467,1690.817,576.789,1463.582,439.348,1918.053,714.230,0.872,96.000,,
vino.mp4,4725,157.500,1691.108,576.767,1463.737,439.276,1918.478,714.259,0.884,96.000,,
vino.mp4,4726,157.533,1691.444,576.102,1464.818,439.119,1918.069,713.086,0.896,96.000,,
vino.mp4,4727,157.567,1690.772,576.503,1463.914,439.469,1917.630,713.537,0.891,96.000,,
vino.mp4,4728,157.600,1691.316,575.929,1464.589,439.007,1918.044,712.851,0.893,96.000,,
vino.mp4,4729,157.633,1691.788,575.743,1465.076,438.836,1918.500,712.651,0.904,96.000,,
vino.mp4,4730,157.667,1691.692,575.928,1464.695,438.850,1918.689,713.005,0.914,96.000,,
vino.mp4,4731,157.700,1691.856,575.464,1465.271,438.669,1918.441,712.260,0.912,96.000,,
vino.mp4,4732,157.733,1691.939,575.234,1465.538,438.582,1918.339,711.885,0.913,96.000,,
vino.mp4,4733,157.767,1691.702,575.741,1464.732,438.743,1918.673,712.740,0.914,96.000,,
vino.mp4,4734,157.800,1689.464,576.248,1461.590,438.867,1917.338,713.628,0.891,96.000,,
vino.mp4,4735,157.833,729.485,701.697,564.270,446.577,894.700,956.818,0.913,93.000,,
vino.mp4,4736,157.867,732.136,702.224,566.094,447.168,898.177,957.280,0.919,93.000,,
vino.mp4,4737,157.900,736.563,703.110,569.416,448.450,903.710,957.769,0.928,93.000,,
vino.mp4,4738,157.933,741.244,704.358,572.647,449.956,909.842,958.759,0.934,93.000,,
vino.mp4,4739,157.967,745.230,706.288,575.488,453.242,914.972,959.333,0.931,93.000,,
vino.mp4,4740,158.000,748.278,708.075,577.477,457.058,919.079,959.093,0.937,93.000,,
vino.mp4,4741,158.033,750.365,711.209,578.531,462.971,922.199,959.446,0.945,93.000,,
vino.mp4,4742,158.067,750.357,713.524,576.491,467.157,924.223,959.892,0.935,93.000,,
vino.mp4,4743,158.100,753.585,710.245,574.220,460.453,932.950,960.038,0.931,93.000,,
vino.mp4,4744,158.133,760.154,706.819,576.404,454.944,943.904,958.695,0.929,93.000,,
vino.mp4,4745,158.167,1692.689,574.099,1466.053,437.280,1919.325,710.918,0.911,96.000,,
vino.mp4,4746,158.200,1692.628,574.061,1465.959,437.175,1919.296,710.947,0.910,96.000,,
vino.mp4,4747,158.233,1692.804,574.067,1466.284,437.224,1919.324,710.909,0.910,96.000,,
vino.mp4,4748,158.267,1692.646,574.063,1466.234,437.268,1919.059,710.859,0.909,96.000,,
vino.mp4,4749,158.300,1692.686,574.776,1465.793,437.626,1919.579,711.927,0.912,96.000,,
vino.mp4,4750,158.333,1692.702,575.067,1465.578,437.704,1919.827,712.430,0.912,96.000,,
vino.mp4,4751,158.367,1692.638,575.052,1465.660,437.735,1919.615,712.368,0.914,96.000,,
vino.mp4,4752,158.400,1692.764,575.170,1465.938,437.897,1919.591,712.444,0.916,96.000,,
vino.mp4,4753,158.433,1692.948,574.965,1466.296,437.745,1919.601,712.185,0.911,96.000,,
vino.mp4,4754,158.467,1693.242,575.319,1466.483,437.866,1920.000,712.771,0.920,96.000,,
vino.mp4,4755,158.500,968.172,563.007,743.958,301.316,1192.386,824.699,0.902,93.000,,
vino.mp4,4756,158.533,1689.847,576.393,1460.269,437.482,1919.425,715.304,0.912,96.000,,
vino.mp4,4757,158.567,1000.411,541.276,768.425,279.414,1232.398,803.138,0.932,93.000,,
vino.mp4,4758,158.600,1026.946,545.122,797.068,288.941,1256.823,801.303,0.941,93.000,,
vino.mp4,4759,158.633,1052.184,552.878,826.209,304.799,1278.158,800.958,0.901,93.000,,
vino.mp4,4760,158.667,1069.612,563.203,845.108,321.091,1294.117,805.315,0.813,93.000,,
vino.mp4,4761,158.700,1079.449,583.035,844.899,333.124,1314.000,832.946,0.883,93.000,,
vino.mp4,4762,158.733,1082.717,602.028,847.431,355.534,1318.003,848.522,0.888,93.000,,
vino.mp4,4763,158.767,1077.060,620.453,843.813,380.250,1310.306,860.655,0.877,93.000,,
vino.mp4,4764,158.800,1066.070,637.474,839.169,408.936,1292.972,866.011,0.916,93.000,,
vino.mp4,4765,158.833,1050.343,656.664,834.560,445.284,1266.126,868.044,0.900,93.000,,
vino.mp4,4766,158.867,1701.873,574.432,1483.745,432.502,1920.000,716.362,0.793,96.000,,
vino.mp4,4767,158.900,1078.213,611.504,805.824,352.919,1350.603,870.089,0.867,93.000,,
vino.mp4,4768,158.933,1065.099,624.232,796.741,379.095,1333.456,869.369,0.933,93.000,,
vino.mp4,4769,158.967,1030.638,632.328,761.817,396.024,1299.460,868.631,0.720,93.000,,
vino.mp4,4770,159.000,1008.717,632.817,731.470,398.401,1285.964,867.232,0.452,93.000,,
vino.mp4,4771,159.033,1004.416,632.946,721.141,404.376,1287.692,861.516,0.865,93.000,,
vino.mp4,4772,159.067,1718.743,569.208,1517.486,420.505,1920.000,717.911,0.888,96.000,,
vino.mp4,4773,159.100,1721.355,566.371,1522.709,415.099,1920.000,717.643,0.916,96.000,,
vino.mp4,4774,159.133,1723.893,563.618,1527.786,409.945,1920.000,717.291,0.917,96.000,,
vino.mp4,4775,159.167,1726.878,563.098,1533.757,409.034,1920.000,717.162,0.914,96.000,,
vino.mp4,4776,159.200,1729.519,563.468,1539.038,409.665,1920.000,717.272,0.862,96.000,,
vino.mp4,4777,159.233,1731.645,563.867,1543.290,410.261,1920.000,717.474,0.914,96.000,,
vino.mp4,4778,159.267,1733.100,564.192,1546.201,409.882,1920.000,718.502,0.891,96.000,,
vino.mp4,4779,159.300,1734.772,564.655,1549.545,410.743,1920.000,718.567,0.851,96.000,,
vino.mp4,4780,159.333,1737.241,566.030,1554.482,413.927,1920.000,718.133,0.558,96.000,,
vino.mp4,4781,159.367,1738.813,566.657,1557.625,415.688,1920.000,717.625,0.557,96.000,,
vino.mp4,4782,159.400,1740.176,566.746,1560.351,416.546,1920.000,716.945,0.721,96.000,,
vino.mp4,4783,159.433,1741.017,567.039,1562.035,417.119,1920.000,716.960,0.599,96.000,,
vino.mp4,4784,159.467,1742.377,567.678,1564.754,418.216,1920.000,717.139,0.587,96.000,,
vino.mp4,4785,159.500,1010.494,712.198,833.064,560.175,1187.924,864.221,0.463,103.000,,
vino.mp4,4786,159.533,1000.926,715.353,826.407,565.703,1175.446,865.004,0.708,103.000,,
vino.mp4,4787,159.567,992.339,719.768,819.883,571.610,1164.795,867.926,0.657,103.000,,
vino.mp4,4788,159.600,984.671,722.202,814.013,575.355,1155.329,869.049,0.685,103.000,,
vino.mp4,4789,159.633,979.117,722.952,810.003,577.177,1148.232,868.726,0.677,103.000,,
vino.mp4,4790,159.667,972.698,723.235,805.465,578.674,1139.931,867.797,0.530,103.000,,
vino.mp4,4791,159.700,967.991,723.420,801.797,579.260,1134.186,867.581,0.566,103.000,,
vino.mp4,4792,159.733,1744.051,565.457,1568.102,415.493,1920.000,715.422,0.611,96.000,,
vino.mp4,4793,159.767,1744.478,564.909,1568.957,415.181,1920.000,714.636,0.334,96.000,,
vino.mp4,4794,159.800,959.900,724.443,795.345,580.065,1124.454,868.822,0.159,103.000,,
vino.mp4,4795,159.833,1744.742,564.272,1569.483,413.497,1920.000,715.047,0.611,96.000,,
vino.mp4,4796,159.867,958.369,730.642,793.395,584.440,1123.342,876.844,0.278,103.000,,
vino.mp4,4797,159.900,1745.521,565.581,1571.042,414.321,1920.000,716.841,0.369,96.000,,
vino.mp4,4798,159.933,1745.885,565.126,1571.770,414.595,1920.000,715.657,0.282,96.000,,
vino.mp4,4799,159.967,1746.320,565.108,1572.641,414.488,1920.000,715.728,0.507,96.000,,
vino.mp4,4800,160.000,1747.167,564.543,1574.333,414.476,1920.000,714.610,0.517,96.000,,
vino.mp4,4801,160.033,1747.569,564.915,1575.138,414.556,1920.000,715.273,0.370,96.000,,
vino.mp4,4802,160.067,1747.706,565.006,1575.412,414.396,1920.000,715.616,0.323,96.000,,
vino.mp4,4803,160.100,1748.110,564.082,1576.221,414.111,1920.000,714.053,0.620,96.000,,
vino.mp4,4804,160.133,1748.266,563.678,1576.531,413.943,1920.000,713.414,0.608,96.000,,
vino.mp4,4805,160.167,1748.177,563.583,1576.354,413.646,1920.000,713.521,0.558,96.000,,
vino.mp4,4806,160.200,898.581,715.960,681.246,539.319,1115.917,892.601,0.675,103.000,,
vino.mp4,4807,160.233,960.334,711.883,744.996,530.536,1175.673,893.229,0.187,103.000,,
vino.mp4,4808,160.267,1749.613,565.112,1579.883,414.370,1919.343,715.855,0.152,,,
vino.mp4,4809,160.300,1748.728,563.831,1577.457,414.353,1920.000,713.309,0.603,96.000,,
vino.mp4,4810,160.333,1748.788,564.168,1577.576,414.689,1920.000,713.648,0.671,96.000,,
vino.mp4,4811,160.367,1748.900,564.973,1577.800,415.052,1920.000,714.893,0.200,96.000,,
vino.mp4,4812,160.400,1028.327,744.891,832.800,597.269,1223.855,892.513,0.129,,,
vino.mp4,4813,160.433,,,,,,,,,,
vino.mp4,4814,160.467,948.893,751.007,756.918,608.568,1140.868,893.445,0.390,103.000,,
vino.mp4,4815,160.500,950.458,756.891,747.272,620.351,1153.645,893.432,0.590,103.000,,
vino.mp4,4816,160.533,950.570,760.809,737.309,628.188,1163.830,893.430,0.556,103.000,,
vino.mp4,4817,160.567,949.203,763.609,726.613,634.095,1171.793,893.123,0.558,103.000,,
vino.mp4,4818,160.600,947.108,765.774,715.523,638.266,1178.694,893.283,0.655,103.000,,
vino.mp4,4819,160.633,944.142,766.172,703.412,639.659,1184.872,892.685,0.510,103.000,,
vino.mp4,4820,160.667,942.107,766.104,692.363,639.869,1191.851,892.339,0.532,103.000,,
vino.mp4,4821,160.700,1749.018,564.280,1579.315,415.994,1918.722,712.567,0.737,96.000,,
vino.mp4,4822,160.733,1748.989,563.749,1579.371,415.622,1918.606,711.875,0.728,96.000,,
vino.mp4,4823,160.767,1749.192,563.472,1579.404,415.181,1918.979,711.764,0.820,96.000,,
vino.mp4,4824,160.800,1749.322,563.291,1579.263,414.709,1919.380,711.872,0.688,96.000,,
vino.mp4,4825,160.833,1749.180,564.096,1578.961,415.316,1919.399,712.876,0.574,96.000,,
vino.mp4,4826,160.867,,,,,,,,,,
vino.mp4,4827,160.900,,,,,,,,,,
vino.mp4,4828,160.933,,,,,,,,,,
vino.mp4,4829,160.967,,,,,,,,,,
vino.mp4,4830,161.000,955.236,768.167,679.447,644.539,1231.026,891.795,0.851,103.000,,
vino.mp4,4831,161.033,959.130,769.263,674.766,645.213,1243.494,893.313,0.903,103.000,,
vino.mp4,4832,161.067,962.191,770.076,671.848,646.210,1252.533,893.942,0.803,103.000,,
vino.mp4,4833,161.100,,,,,,,,,,
vino.mp4,4834,161.133,964.668,769.809,668.011,645.398,1261.324,894.220,0.443,103.000,,
vino.mp4,4835,161.167,965.796,770.630,665.099,646.301,1266.492,894.959,0.728,103.000,,
vino.mp4,4836,161.200,966.122,770.484,662.669,646.462,1269.574,894.505,0.526,103.000,,
vino.mp4,4837,161.233,968.187,770.614,663.381,647.607,1272.994,893.622,0.850,103.000,,
vino.mp4,4838,161.267,965.632,770.755,659.323,648.288,1271.942,893.222,0.863,103.000,,
vino.mp4,4839,161.300,964.760,770.924,657.353,649.118,1272.167,892.731,0.913,103.000,,
vino.mp4,4840,161.333,963.737,770.516,654.188,648.710,1273.286,892.322,0.786,103.000,,
vino.mp4,4841,161.367,962.816,770.685,650.236,648.314,1275.396,893.056,0.871,103.000,,
vino.mp4,4842,161.400,962.591,770.571,648.752,648.313,1276.429,892.828,0.839,103.000,,
vino.mp4,4843,161.433,961.786,769.977,647.873,648.312,1275.698,891.643,0.893,103.000,,
vino.mp4,4844,161.467,961.059,769.660,646.337,648.252,1275.781,891.068,0.916,103.000,,
vino.mp4,4845,161.500,959.979,769.684,644.248,648.392,1275.711,890.976,0.905,103.000,,
vino.mp4,4846,161.533,960.654,769.419,643.999,648.311,1277.310,890.527,0.917,103.000,,
vino.mp4,4847,161.567,962.597,769.811,644.878,648.935,1280.317,890.688,0.923,103.000,,
vino.mp4,4848,161.600,964.553,769.485,645.344,648.611,1283.763,890.359,0.888,103.000,,
vino.mp4,4849,161.633,966.644,769.489,645.936,648.579,1287.353,890.398,0.736,103.000,,
vino.mp4,4850,161.667,970.795,769.521,648.099,648.454,1293.491,890.588,0.703,103.000,,
vino.mp4,4851,161.700,975.145,769.294,650.815,648.235,1299.475,890.352,0.811,103.000,,
vino.mp4,4852,161.733,978.034,769.175,652.200,648.151,1303.868,890.198,0.696,103.000,,
vino.mp4,4853,161.767,981.470,769.101,654.113,648.050,1308.828,890.153,0.800,103.000,,
vino.mp4,4854,161.800,983.732,769.693,651.232,646.947,1316.232,892.439,0.721,103.000,,
vino.mp4,4855,161.833,987.611,772.560,646.990,646.711,1328.233,898.409,0.732,103.000,,
vino.mp4,4856,161.867,991.371,776.862,642.685,647.636,1340.057,906.089,0.800,103.000,,
vino.mp4,4857,161.900,1747.972,565.278,1578.336,417.160,1917.608,713.396,0.594,96.000,,
vino.mp4,4858,161.933,994.855,787.998,624.382,648.462,1365.328,927.534,0.629,103.000,,
vino.mp4,4859,161.967,989.894,793.139,610.608,648.319,1369.179,937.959,0.729,103.000,,
vino.mp4,4860,162.000,981.103,797.001,598.329,648.377,1363.877,945.625,0.853,103.000,,
vino.mp4,4861,162.033,1748.151,565.242,1578.606,417.891,1917.695,712.592,0.763,96.000,,
vino.mp4,4862,162.067,976.157,804.746,584.867,647.050,1367.447,962.442,0.588,103.000,,
vino.mp4,4863,162.100,1748.719,565.342,1579.376,418.269,1918.061,712.415,0.768,96.000,,
vino.mp4,4864,162.133,979.014,811.340,585.557,646.854,1372.470,975.826,0.658,103.000,,
vino.mp4,4865,162.167,979.527,814.615,585.223,646.715,1373.831,982.515,0.591,103.000,,
vino.mp4,4866,162.200,979.984,818.399,586.493,647.758,1373.475,989.040,0.407,103.000,,
vino.mp4,4867,162.233,,,,,,,,,,
vino.mp4,4868,162.267,,,,,,,,,,
vino.mp4,4869,162.300,,,,,,,,,,
vino.mp4,4870,162.333,,,,,,,,,,
vino.mp4,4871,162.367,,,,,,,,,,
vino.mp4,4872,162.400,,,,,,,,,,
vino.mp4,4873,162.433,,,,,,,,,,
vino.mp4,4874,162.467,980.671,812.904,608.090,647.999,1353.251,977.810,0.374,103.000,,
vino.mp4,4875,162.500,980.873,812.843,616.235,648.780,1345.511,976.907,0.240,103.000,,
vino.mp4,4876,162.533,980.889,811.824,621.745,648.139,1340.033,975.509,0.353,103.000,,
vino.mp4,4877,162.567,981.051,811.196,626.507,647.924,1335.595,974.469,0.414,103.000,,
vino.mp4,4878,162.600,981.129,811.085,629.752,647.806,1332.505,974.363,0.381,103.000,,
vino.mp4,4879,162.633,980.960,811.073,632.184,647.703,1329.735,974.443,0.426,103.000,,
vino.mp4,4880,162.667,981.143,812.103,634.772,648.639,1327.513,975.567,0.375,103.000,,
vino.mp4,4881,162.700,980.770,812.441,636.785,648.961,1324.754,975.921,0.404,103.000,,
vino.mp4,4882,162.733,980.129,812.824,638.038,649.144,1322.221,976.505,0.485,103.000,,
vino.mp4,4883,162.767,,,,,,,,,,
vino.mp4,4884,162.800,,,,,,,,,,
vino.mp4,4885,162.833,976.340,819.722,624.749,648.966,1327.931,990.477,0.461,103.000,,
vino.mp4,4886,162.867,974.936,821.450,622.272,647.650,1327.600,995.250,0.548,103.000,,
vino.mp4,4887,162.900,973.712,822.912,622.121,647.233,1325.303,998.591,0.587,103.000,,
vino.mp4,4888,162.933,973.086,824.585,623.835,647.838,1322.336,1001.333,0.806,103.000,,
vino.mp4,4889,162.967,972.044,826.183,625.318,648.572,1318.770,1003.794,0.793,103.000,,
vino.mp4,4890,163.000,972.302,826.607,628.582,648.678,1316.022,1004.536,0.749,103.000,,
vino.mp4,4891,163.033,969.524,824.956,630.487,647.731,1308.561,1002.182,0.706,103.000,,
vino.mp4,4892,163.067,967.680,824.513,632.195,647.522,1303.166,1001.503,0.713,103.000,,
vino.mp4,4893,163.100,965.981,824.437,633.709,647.626,1298.252,1001.248,0.581,103.000,,
vino.mp4,4894,163.133,964.732,824.314,635.875,647.913,1293.589,1000.714,0.688,103.000,,
vino.mp4,4895,163.167,963.607,823.861,638.470,648.231,1288.744,999.492,0.635,103.000,,
vino.mp4,4896,163.200,962.437,822.469,642.507,648.712,1282.366,996.226,0.676,103.000,,
vino.mp4,4897,163.233,960.033,820.548,644.723,648.545,1275.344,992.550,0.695,103.000,,
vino.mp4,4898,163.267,958.053,819.177,646.799,648.742,1269.307,989.612,0.675,103.000,,
vino.mp4,4899,163.300,955.818,817.660,648.529,648.854,1263.107,986.465,0.576,103.000,,
vino.mp4,4900,163.333,951.840,815.723,650.706,649.905,1252.973,981.541,0.398,103.000,,
vino.mp4,4901,163.367,948.852,814.889,650.698,650.324,1247.006,979.453,0.432,103.000,,
vino.mp4,4902,163.400,948.611,813.124,651.441,648.965,1245.780,977.284,0.588,103.000,,
vino.mp4,4903,163.433,949.763,812.545,652.965,648.597,1246.560,976.494,0.525,103.000,,
vino.mp4,4904,163.467,,,,,,,,,,
vino.mp4,4905,163.500,,,,,,,,,,
vino.mp4,4906,163.533,,,,,,,,,,
vino.mp4,4907,163.567,946.002,811.230,650.218,647.691,1241.787,974.769,0.650,103.000,,
vino.mp4,4908,163.600,945.942,810.745,649.541,646.753,1242.342,974.738,0.557,103.000,,
vino.mp4,4909,163.633,944.834,810.693,647.716,646.199,1241.953,975.187,0.579,103.000,,
vino.mp4,4910,163.667,944.533,810.663,647.053,645.748,1242.013,975.578,0.419,103.000,,
vino.mp4,4911,163.700,944.502,810.946,646.621,645.591,1242.383,976.301,0.379,103.000,,
vino.mp4,4912,163.733,943.545,811.996,644.817,645.934,1242.272,978.059,0.495,103.000,,
vino.mp4,4913,163.767,943.664,811.937,645.263,645.821,1242.065,978.053,0.384,103.000,,
vino.mp4,4914,163.800,944.321,813.333,644.411,646.130,1244.232,980.535,0.639,103.000,,
vino.mp4,4915,163.833,945.373,815.502,643.151,646.626,1247.596,984.378,0.218,103.000,,
vino.mp4,4916,163.867,,,,,,,,,,
vino.mp4,4917,163.900,945.017,816.766,643.546,647.932,1246.488,985.600,0.439,103.000,,
vino.mp4,4918,163.933,1747.814,568.625,1579.457,424.959,1916.171,712.290,0.589,96.000,,
vino.mp4,4919,163.967,1747.727,568.994,1578.721,425.333,1916.733,712.655,0.827,96.000,,
vino.mp4,4920,164.000,1747.852,568.943,1578.801,425.635,1916.903,712.252,0.700,96.000,,
vino.mp4,4921,164.033,1748.334,568.610,1579.399,425.771,1917.269,711.449,0.503,96.000,,
vino.mp4,4922,164.067,948.923,818.981,647.768,649.362,1250.077,988.600,0.568,103.000,,
vino.mp4,4923,164.100,949.985,818.972,648.641,649.237,1251.328,988.708,0.446,103.000,,
vino.mp4,4924,164.133,950.535,818.652,649.704,649.263,1251.366,988.041,0.339,103.000,,
vino.mp4,4925,164.167,952.231,817.907,652.191,649.177,1252.271,986.638,0.667,103.000,,
vino.mp4,4926,164.200,955.097,814.475,658.789,648.564,1251.406,980.385,0.609,103.000,,
vino.mp4,4927,164.233,957.520,807.842,669.703,648.294,1245.337,967.389,0.784,103.000,,
vino.mp4,4928,164.267,960.526,799.745,682.757,648.178,1238.295,951.312,0.665,103.000,,
vino.mp4,4929,164.300,964.333,793.722,692.220,647.874,1236.446,939.570,0.469,103.000,,
vino.mp4,4930,164.333,967.645,788.414,701.684,649.053,1233.605,927.775,0.545,103.000,,
vino.mp4,4931,164.367,,,,,,,,,,
vino.mp4,4932,164.400,,,,,,,,,,
vino.mp4,4933,164.433,,,,,,,,,,
vino.mp4,4934,164.467,,,,,,,,,,
vino.mp4,4935,164.500,,,,,,,,,,
vino.mp4,4936,164.533,,,,,,,,,,
vino.mp4,4937,164.567,,,,,,,,,,
vino.mp4,4938,164.600,,,,,,,,,,
vino.mp4,4939,164.633,1748.832,567.756,1577.663,421.260,1920.000,714.253,0.413,96.000,,
vino.mp4,4940,164.667,,,,,,,,,,
vino.mp4,4941,164.700,970.327,774.160,726.262,654.433,1214.391,893.886,0.711,103.000,,
vino.mp4,4942,164.733,1736.280,594.602,1552.560,420.834,1920.000,768.371,0.441,96.000,,
vino.mp4,4943,164.767,,,,,,,,,,
vino.mp4,4944,164.800,,,,,,,,,,
vino.mp4,4945,164.833,,,,,,,,,,
vino.mp4,4946,164.867,,,,,,,,,,
vino.mp4,4947,164.900,,,,,,,,,,
vino.mp4,4948,164.933,,,,,,,,,,
vino.mp4,4949,164.967,929.999,773.289,678.637,653.755,1181.360,892.824,0.543,103.000,,
vino.mp4,4950,165.000,917.978,773.300,662.299,653.185,1173.657,893.414,0.733,103.000,,
vino.mp4,4951,165.033,904.304,772.614,647.789,652.483,1160.818,892.745,0.235,103.000,,
vino.mp4,4952,165.067,,,,,,,,,,
vino.mp4,4953,165.100,,,,,,,,,,
vino.mp4,4954,165.133,,,,,,,,,,
vino.mp4,4955,165.167,1749.493,548.827,1591.903,413.202,1907.083,684.452,0.464,96.000,,
vino.mp4,4956,165.200,911.565,777.705,612.245,634.420,1210.885,920.990,0.510,103.000,,
vino.mp4,4957,165.233,914.689,781.260,601.174,626.528,1228.203,935.993,0.651,103.000,,
vino.mp4,4958,165.267,910.540,768.481,579.513,597.840,1241.567,939.123,0.807,103.000,,
vino.mp4,4959,165.300,893.587,763.385,539.910,569.138,1247.263,957.633,0.809,103.000,,
vino.mp4,4960,165.333,,,,,,,,,,
vino.mp4,4961,165.367,1748.216,547.562,1586.872,413.756,1909.560,681.368,0.410,96.000,,
vino.mp4,4962,165.400,,,,,,,,,,
vino.mp4,4963,165.433,1748.409,546.617,1585.728,413.165,1911.091,680.068,0.598,96.000,,
vino.mp4,4964,165.467,,,,,,,,,,
vino.mp4,4965,165.500,,,,,,,,,,
vino.mp4,4966,165.533,,,,,,,,,,
vino.mp4,4967,165.567,,,,,,,,,,
vino.mp4,4968,165.600,,,,,,,,,,
vino.mp4,4969,165.633,1748.942,554.280,1582.720,418.780,1915.165,689.779,0.461,96.000,,
vino.mp4,4970,165.667,,,,,,,,,,
vino.mp4,4971,165.700,1748.293,555.781,1576.680,415.495,1919.906,696.068,0.586,96.000,,
vino.mp4,4972,165.733,1746.342,553.453,1572.684,409.334,1920.000,697.572,0.704,96.000,,
vino.mp4,4973,165.767,1744.844,550.546,1569.688,402.444,1920.000,698.647,0.923,96.000,,
vino.mp4,4974,165.800,1743.516,548.398,1567.031,396.774,1920.000,700.021,0.943,96.000,,
vino.mp4,4975,165.833,1743.564,547.148,1567.128,394.616,1920.000,699.679,0.927,96.000,,
vino.mp4,4976,165.867,1743.786,547.212,1567.571,394.252,1920.000,700.173,0.930,96.000,,
vino.mp4,4977,165.900,1744.246,547.389,1568.492,394.543,1920.000,700.236,0.945,96.000,,
vino.mp4,4978,165.933,1745.461,547.700,1570.922,396.423,1920.000,698.976,0.932,96.000,,
vino.mp4,4979,165.967,1746.473,549.352,1572.946,399.686,1920.000,699.019,0.899,96.000,,
vino.mp4,4980,166.000,1747.142,550.332,1574.284,401.589,1920.000,699.075,0.909,96.000,,
vino.mp4,4981,166.033,1747.663,551.006,1575.326,402.976,1920.000,699.035,0.869,96.000,,
vino.mp4,4982,166.067,1747.906,551.562,1575.813,403.642,1920.000,699.482,0.854,96.000,,
vino.mp4,4983,166.100,1747.825,552.144,1575.773,404.542,1919.877,699.747,0.854,96.000,,
vino.mp4,4984,166.133,1747.709,552.769,1575.981,405.469,1919.437,700.069,0.890,96.000,,
vino.mp4,4985,166.167,1747.871,552.908,1577.044,406.469,1918.698,699.347,0.851,96.000,,
vino.mp4,4986,166.200,788.429,632.913,513.430,409.979,1063.428,855.847,0.849,103.000,,
vino.mp4,4987,166.233,801.887,616.797,525.709,385.966,1078.065,847.628,0.887,103.000,,
vino.mp4,4988,166.267,813.630,605.614,537.609,369.160,1089.651,842.067,0.892,103.000,,
vino.mp4,4989,166.300,819.886,596.776,547.051,358.174,1092.720,835.377,0.895,103.000,,
vino.mp4,4990,166.333,822.221,591.813,553.094,351.598,1091.347,832.029,0.908,103.000,,
vino.mp4,4991,166.367,823.311,587.363,560.815,347.768,1085.806,826.958,0.903,103.000,,
vino.mp4,4992,166.400,821.685,585.298,566.300,347.228,1077.071,823.369,0.905,103.000,,
vino.mp4,4993,166.433,818.442,586.629,571.326,352.186,1065.559,821.073,0.915,103.000,,
vino.mp4,4994,166.467,817.205,589.648,578.047,359.466,1056.362,819.830,0.914,103.000,,
vino.mp4,4995,166.500,819.678,595.036,589.082,370.779,1050.274,819.292,0.919,103.000,,
vino.mp4,4996,166.533,825.615,604.413,605.555,389.648,1045.676,819.178,0.926,103.000,,
vino.mp4,4997,166.567,834.442,615.345,624.637,411.354,1044.248,819.336,0.921,103.000,,
vino.mp4,4998,166.600,842.960,621.740,638.005,424.005,1047.915,819.475,0.921,103.000,,
vino.mp4,4999,166.633,1746.415,546.957,1572.830,395.573,1920.000,698.341,0.924,96.000,,
vino.mp4,5000,166.667,1745.838,546.819,1571.676,394.298,1920.000,699.340,0.946,96.000,,
vino.mp4,5001,166.700,1745.734,546.532,1571.468,393.545,1920.000,699.520,0.945,96.000,,
vino.mp4,5002,166.733,1745.727,546.223,1571.454,392.802,1920.000,699.645,0.946,96.000,,
vino.mp4,5003,166.767,1745.817,546.106,1571.634,392.470,1920.000,699.742,0.947,96.000,,
vino.mp4,5004,166.800,1745.968,545.878,1571.936,392.161,1920.000,699.594,0.948,96.000,,
vino.mp4,5005,166.833,1746.099,545.924,1572.199,392.077,1920.000,699.770,0.948,96.000,,
vino.mp4,5006,166.867,1746.297,545.727,1572.593,392.008,1920.000,699.445,0.938,96.000,,
vino.mp4,5007,166.900,1746.864,545.352,1573.728,392.206,1920.000,698.499,0.938,96.000,,
vino.mp4,5008,166.933,1747.142,545.022,1574.283,392.020,1920.000,698.025,0.940,96.000,,
vino.mp4,5009,166.967,1747.244,544.922,1574.489,391.956,1920.000,697.888,0.942,96.000,,
vino.mp4,5010,167.000,1747.226,545.089,1574.453,391.970,1920.000,698.208,0.941,96.000,,
vino.mp4,5011,167.033,1747.345,544.896,1574.690,391.628,1920.000,698.164,0.937,96.000,,
vino.mp4,5012,167.067,1747.355,544.971,1574.710,391.669,1920.000,698.273,0.939,96.000,,
vino.mp4,5013,167.100,1746.963,544.515,1573.926,390.509,1920.000,698.521,0.953,96.000,,
vino.mp4,5014,167.133,1746.077,543.026,1572.154,387.106,1920.000,698.946,0.952,96.000,,
vino.mp4,5015,167.167,1744.697,540.063,1569.393,380.991,1920.000,699.136,0.952,96.000,,
vino.mp4,5016,167.200,1744.249,538.681,1568.499,378.133,1920.000,699.229,0.933,96.000,,
vino.mp4,5017,167.233,1744.242,537.710,1568.485,376.440,1920.000,698.979,0.928,96.000,,
vino.mp4,5018,167.267,1744.420,537.171,1568.840,375.550,1920.000,698.792,0.922,96.000,,
vino.mp4,5019,167.300,1744.658,536.967,1569.315,375.140,1920.000,698.794,0.924,96.000,,
vino.mp4,5020,167.333,1744.987,537.126,1569.975,375.363,1920.000,698.889,0.884,96.000,,
vino.mp4,5021,167.367,1745.087,536.890,1570.174,374.773,1920.000,699.006,0.907,96.000,,
vino.mp4,5022,167.400,1745.307,537.029,1570.614,374.851,1920.000,699.208,0.858,96.000,,
vino.mp4,5023,167.433,1745.635,537.058,1571.270,374.926,1920.000,699.191,0.873,96.000,,
vino.mp4,5024,167.467,920.722,723.778,659.997,528.430,1181.447,919.127,0.874,103.000,,
vino.mp4,5025,167.500,921.193,723.742,663.503,528.358,1178.884,919.125,0.889,103.000,,
vino.mp4,5026,167.533,1747.002,536.425,1574.004,375.982,1920.000,696.869,0.902,96.000,,
vino.mp4,5027,167.567,1746.965,536.222,1573.930,375.913,1920.000,696.532,0.890,96.000,,
vino.mp4,5028,167.600,1746.801,535.462,1573.602,374.642,1920.000,696.282,0.913,96.000,,
vino.mp4,5029,167.633,1746.672,535.086,1573.344,373.699,1920.000,696.474,0.915,96.000,,
vino.mp4,5030,167.667,1746.405,535.276,1572.811,372.967,1920.000,697.586,0.936,96.000,,
vino.mp4,5031,167.700,1746.301,535.450,1572.601,372.629,1920.000,698.270,0.922,96.000,,
vino.mp4,5032,167.733,1746.163,534.902,1572.326,371.420,1920.000,698.384,0.933,96.000,,
vino.mp4,5033,167.767,1746.351,534.362,1572.701,370.952,1920.000,697.773,0.931,96.000,,
vino.mp4,5034,167.800,1746.467,534.471,1572.933,370.791,1920.000,698.150,0.921,96.000,,
vino.mp4,5035,167.833,1746.384,534.580,1572.769,370.339,1920.000,698.821,0.913,96.000,,
vino.mp4,5036,167.867,1746.497,534.390,1572.995,370.088,1920.000,698.691,0.908,96.000,,
vino.mp4,5037,167.900,1746.620,534.640,1573.241,370.253,1920.000,699.027,0.901,96.000,,
vino.mp4,5038,167.933,1746.742,534.737,1573.484,370.279,1920.000,699.195,0.910,96.000,,
vino.mp4,5039,167.967,1746.801,534.571,1573.602,370.066,1920.000,699.077,0.912,96.000,,
vino.mp4,5040,168.000,1747.162,534.296,1574.325,370.325,1920.000,698.268,0.851,96.000,,
vino.mp4,5041,168.033,1747.260,534.128,1574.521,370.173,1920.000,698.083,0.844,96.000,,
vino.mp4,5042,168.067,1747.241,534.134,1574.482,369.926,1920.000,698.341,0.865,96.000,,
vino.mp4,5043,168.100,1747.315,534.182,1574.629,369.946,1920.000,698.419,0.900,96.000,,
vino.mp4,5044,168.133,1747.323,534.280,1574.646,370.029,1920.000,698.530,0.898,96.000,,
vino.mp4,5045,168.167,1747.587,534.260,1575.173,370.487,1920.000,698.033,0.888,96.000,,
vino.mp4,5046,168.200,1747.537,534.152,1575.318,370.530,1919.755,697.774,0.889,96.000,,
vino.mp4,5047,168.233,1747.612,533.671,1575.971,370.594,1919.253,696.748,0.902,96.000,,
vino.mp4,5048,168.267,1747.522,533.286,1576.235,370.579,1918.808,695.993,0.894,96.000,,
vino.mp4,5049,168.300,1747.438,533.122,1576.301,370.600,1918.575,695.643,0.906,96.000,,
vino.mp4,5050,168.333,1747.336,533.308,1576.052,370.663,1918.620,695.953,0.855,96.000,,
vino.mp4,5051,168.367,1747.301,533.128,1576.013,370.503,1918.589,695.752,0.891,96.000,,
vino.mp4,5052,168.400,1747.236,533.489,1575.598,370.509,1918.874,696.470,0.877,96.000,,
vino.mp4,5053,168.433,1747.709,533.335,1576.209,370.433,1919.209,696.236,0.862,96.000,,
vino.mp4,5054,168.467,1747.859,533.909,1575.717,370.167,1920.000,697.651,0.886,96.000,,
vino.mp4,5055,168.500,1747.681,534.416,1575.363,370.250,1920.000,698.582,0.882,96.000,,
vino.mp4,5056,168.533,1747.625,534.507,1575.250,370.187,1920.000,698.827,0.895,96.000,,
vino.mp4,5057,168.567,1747.660,534.429,1575.321,370.131,1920.000,698.728,0.925,96.000,,
vino.mp4,5058,168.600,1747.740,534.746,1575.676,370.800,1919.804,698.693,0.897,96.000,,
vino.mp4,5059,168.633,1747.845,535.646,1576.994,372.980,1918.696,698.313,0.940,96.000,,
vino.mp4,5060,168.667,1747.933,536.668,1578.474,375.589,1917.393,697.747,0.949,96.000,,
vino.mp4,5061,168.700,1748.095,537.428,1580.409,378.442,1915.781,696.415,0.936,96.000,,
vino.mp4,5062,168.733,1747.811,540.367,1581.724,383.546,1913.898,697.189,0.939,96.000,,
vino.mp4,5063,168.767,1747.642,544.204,1584.361,391.023,1910.922,697.384,0.934,96.000,,
vino.mp4,5064,168.800,1747.906,546.625,1586.233,395.967,1909.579,697.283,0.882,96.000,,
vino.mp4,5065,168.833,1747.840,548.485,1587.433,400.145,1908.246,696.825,0.603,96.000,,
vino.mp4,5066,168.867,1747.878,550.042,1588.479,403.854,1907.276,696.229,0.857,96.000,,
vino.mp4,5067,168.900,1747.637,551.614,1588.376,406.762,1906.899,696.466,0.853,96.000,,
vino.mp4,5068,168.933,1747.543,552.957,1588.434,409.462,1906.653,696.451,0.848,96.000,,
vino.mp4,5069,168.967,1747.635,554.316,1588.648,412.134,1906.621,696.498,0.888,96.000,,
vino.mp4,5070,169.000,1747.657,555.123,1588.403,413.826,1906.910,696.419,0.885,96.000,,
vino.mp4,5071,169.033,1747.761,555.626,1588.015,414.958,1907.507,696.293,0.917,96.000,,
vino.mp4,5072,169.067,1747.750,556.027,1587.356,415.788,1908.145,696.267,0.901,96.000,,
vino.mp4,5073,169.100,1748.004,556.193,1586.931,416.252,1909.077,696.134,0.881,96.000,,
vino.mp4,5074,169.133,1747.729,556.265,1585.610,416.217,1909.848,696.314,0.809,96.000,,
vino.mp4,5075,169.167,1747.931,557.342,1584.728,416.991,1911.133,697.693,0.734,96.000,,
vino.mp4,5076,169.200,1747.832,556.765,1583.942,416.460,1911.721,697.071,0.806,96.000,,
vino.mp4,5077,169.233,1748.354,557.321,1583.951,417.080,1912.756,697.563,0.796,96.000,,
vino.mp4,5078,169.267,1748.313,556.775,1583.155,416.359,1913.470,697.190,0.810,96.000,,
vino.mp4,5079,169.300,1748.531,557.521,1582.715,416.916,1914.348,698.125,0.838,96.000,,
vino.mp4,5080,169.333,1748.379,557.335,1582.401,417.014,1914.357,697.657,0.860,96.000,,
vino.mp4,5081,169.367,1748.388,557.894,1581.579,417.164,1915.196,698.625,0.854,96.000,,
vino.mp4,5082,169.400,1748.272,558.308,1580.847,417.325,1915.697,699.290,0.856,96.000,,
vino.mp4,5083,169.433,1748.190,558.537,1580.379,417.480,1916.001,699.593,0.860,96.000,,
vino.mp4,5084,169.467,1748.177,558.845,1579.931,417.628,1916.424,700.061,0.860,96.000,,
vino.mp4,5085,169.500,1748.243,558.911,1579.793,417.715,1916.693,700.107,0.849,96.000,,
vino.mp4,5086,169.533,1748.176,558.524,1579.790,417.605,1916.562,699.442,0.869,96.000,,
vino.mp4,5087,169.567,1748.264,558.138,1579.788,417.334,1916.740,698.942,0.857,96.000,,
vino.mp4,5088,169.600,1748.216,557.571,1579.765,417.000,1916.667,698.142,0.822,96.000,,
vino.mp4,5089,169.633,1748.225,557.534,1579.371,416.777,1917.080,698.291,0.819,96.000,,
vino.mp4,5090,169.667,1748.345,557.573,1579.296,416.832,1917.394,698.313,0.769,96.000,,
vino.mp4,5091,169.700,1748.391,557.684,1578.938,416.727,1917.845,698.641,0.712,96.000,,
vino.mp4,5092,169.733,1748.135,557.025,1578.380,415.952,1917.890,698.099,0.779,96.000,,
vino.mp4,5093,169.767,1748.548,556.575,1578.455,415.229,1918.641,697.920,0.833,96.000,,
vino.mp4,5094,169.800,1748.561,556.704,1577.846,414.801,1919.275,698.607,0.825,96.000,,
vino.mp4,5095,169.833,1748.294,556.407,1577.578,414.534,1919.011,698.280,0.817,96.000,,
vino.mp4,5096,169.867,1748.226,555.815,1577.609,414.063,1918.844,697.567,0.872,96.000,,
vino.mp4,5097,169.900,1748.335,556.869,1576.671,414.030,1920.000,699.708,0.829,96.000,,
vino.mp4,5098,169.933,1748.394,556.538,1576.788,413.615,1920.000,699.460,0.799,96.000,,
vino.mp4,5099,169.967,1748.323,556.093,1576.904,413.355,1919.743,698.831,0.731,96.000,,
vino.mp4,5100,170.000,1748.245,556.102,1576.687,413.172,1919.803,699.033,0.827,96.000,,
vino.mp4,5101,170.033,1748.269,556.306,1576.538,412.974,1920.000,699.638,0.716,96.000,,
vino.mp4,5102,170.067,1748.242,556.346,1576.485,412.692,1920.000,700.001,0.711,96.000,,
vino.mp4,5103,170.100,1748.591,555.932,1577.183,412.638,1920.000,699.227,0.665,96.000,,
vino.mp4,5104,170.133,1748.646,555.980,1577.293,412.550,1920.000,699.410,0.495,96.000,,
vino.mp4,5105,170.167,1748.420,556.023,1576.839,412.434,1920.000,699.612,0.438,96.000,,
vino.mp4,5106,170.200,934.637,699.742,737.906,482.555,1131.369,916.928,0.394,103.000,,
vino.mp4,5107,170.233,930.510,693.753,733.409,473.116,1127.610,914.391,0.727,103.000,,
vino.mp4,5108,170.267,1746.157,550.804,1572.314,402.638,1920.000,698.969,0.904,96.000,,
vino.mp4,5109,170.300,922.243,680.467,726.700,456.518,1117.786,904.416,0.798,103.000,,
vino.mp4,5110,170.333,1741.903,542.311,1563.806,385.086,1920.000,699.536,0.772,96.000,,
vino.mp4,5111,170.367,1741.214,538.871,1562.428,378.787,1920.000,698.954,0.827,96.000,,
vino.mp4,5112,170.400,1741.362,536.106,1562.723,374.611,1920.000,697.602,0.853,96.000,,
vino.mp4,5113,170.433,1740.597,534.621,1561.193,370.397,1920.000,698.844,0.917,96.000,,
vino.mp4,5114,170.467,1740.889,533.653,1561.778,368.758,1920.000,698.547,0.801,96.000,,
vino.mp4,5115,170.500,1740.767,533.063,1561.534,366.812,1920.000,699.315,0.820,96.000,,
vino.mp4,5116,170.533,1741.151,532.953,1562.302,366.038,1920.000,699.868,0.846,96.000,,
vino.mp4,5117,170.567,1742.280,532.254,1564.560,366.044,1920.000,698.464,0.911,96.000,,
vino.mp4,5118,170.600,1742.580,532.818,1565.159,366.161,1920.000,699.476,0.835,96.000,,
vino.mp4,5119,170.633,1742.898,533.002,1565.796,365.929,1920.000,700.076,0.924,96.000,,
vino.mp4,5120,170.667,1743.326,532.643,1566.653,365.385,1920.000,699.900,0.911,96.000,,
vino.mp4,5121,170.700,1743.573,532.183,1567.146,364.462,1920.000,699.904,0.933,96.000,,
vino.mp4,5122,170.733,1743.866,531.944,1567.732,363.872,1920.000,700.015,0.931,96.000,,
vino.mp4,5123,170.767,1744.232,531.726,1568.464,363.488,1920.000,699.965,0.917,96.000,,
vino.mp4,5124,170.800,1745.042,531.156,1570.084,363.343,1920.000,698.970,0.885,96.000,,
vino.mp4,5125,170.833,1745.478,531.725,1570.955,363.973,1920.000,699.478,0.935,96.000,,
vino.mp4,5126,170.867,1745.674,531.750,1571.349,364.046,1920.000,699.455,0.940,96.000,,
vino.mp4,5127,170.900,1746.457,532.878,1572.915,366.764,1920.000,698.992,0.937,96.000,,
vino.mp4,5128,170.933,1746.850,533.376,1573.700,368.282,1920.000,698.471,0.911,96.000,,
vino.mp4,5129,170.967,1746.286,533.886,1572.572,368.756,1920.000,699.016,0.844,96.000,,
vino.mp4,5130,171.000,1745.488,534.169,1573.145,370.679,1917.830,697.659,0.889,96.000,,
vino.mp4,5131,171.033,1744.203,533.322,1571.630,369.871,1916.777,696.772,0.897,96.000,,
vino.mp4,5132,171.067,1743.610,533.632,1569.729,369.058,1917.490,698.205,0.895,96.000,,
vino.mp4,5133,171.100,1743.246,533.965,1568.923,369.119,1917.568,698.812,0.871,96.000,,
vino.mp4,5134,171.133,1743.150,533.749,1568.794,369.032,1917.505,698.466,0.843,96.000,,
vino.mp4,5135,171.167,1743.155,533.097,1570.280,370.141,1916.030,696.053,0.851,96.000,,
vino.mp4,5136,171.200,1743.535,533.300,1569.698,369.525,1917.373,697.075,0.827,96.000,,
vino.mp4,5137,171.233,1743.921,532.312,1570.408,368.977,1917.434,695.648,0.890,96.000,,
vino.mp4,5138,171.267,1743.946,532.272,1570.479,369.119,1917.413,695.425,0.878,96.000,,
vino.mp4,5139,171.300,1743.942,532.043,1570.200,368.727,1917.684,695.359,0.883,96.000,,
vino.mp4,5140,171.333,1743.890,531.604,1569.769,367.994,1918.010,695.215,0.896,96.000,,
vino.mp4,5141,171.367,1743.474,531.573,1569.363,368.119,1917.585,695.027,0.878,96.000,,
vino.mp4,5142,171.400,892.125,675.954,716.979,444.803,1067.271,907.105,0.895,103.000,,
vino.mp4,5143,171.433,1743.673,533.169,1568.870,369.251,1918.475,697.088,0.863,96.000,,
vino.mp4,5144,171.467,892.521,675.751,716.998,443.845,1068.044,907.657,0.811,103.000,,
vino.mp4,5145,171.500,892.526,675.640,717.007,443.707,1068.045,907.574,0.890,103.000,,
vino.mp4,5146,171.533,892.234,675.445,716.693,443.519,1067.775,907.372,0.823,103.000,,
vino.mp4,5147,171.567,1740.629,535.864,1567.160,374.793,1914.098,696.935,0.781,96.000,,
vino.mp4,5148,171.600,1739.831,536.902,1566.789,376.929,1912.872,696.876,0.781,96.000,,
vino.mp4,5149,171.633,1739.062,538.295,1565.504,378.494,1912.619,698.095,0.796,96.000,,
vino.mp4,5150,171.667,1738.849,540.391,1567.087,383.185,1910.611,697.597,0.929,96.000,,
vino.mp4,5151,171.700,1737.945,543.325,1568.025,389.058,1907.865,697.591,0.929,96.000,,
vino.mp4,5152,171.733,1736.963,544.467,1567.176,391.569,1906.750,697.366,0.929,96.000,,
vino.mp4,5153,171.767,1736.714,545.311,1566.601,393.272,1906.828,697.350,0.922,96.000,,
vino.mp4,5154,171.800,1735.820,547.005,1565.631,396.182,1906.008,697.828,0.926,96.000,,
vino.mp4,5155,171.833,1735.200,548.169,1564.362,397.995,1906.037,698.343,0.922,96.000,,
vino.mp4,5156,171.867,1734.779,549.018,1563.533,399.707,1906.026,698.330,0.920,96.000,,
vino.mp4,5157,171.900,1734.319,549.580,1562.419,400.882,1906.220,698.278,0.919,96.000,,
vino.mp4,5158,171.933,1734.267,550.685,1562.248,403.063,1906.286,698.307,0.910,96.000,,
vino.mp4,5159,171.967,1734.242,551.750,1561.926,405.007,1906.557,698.492,0.921,96.000,,
vino.mp4,5160,172.000,1733.899,553.072,1561.000,406.927,1906.797,699.218,0.935,96.000,,
vino.mp4,5161,172.033,1734.223,553.813,1560.808,408.215,1907.637,699.411,0.929,96.000,,
vino.mp4,5162,172.067,1735.625,554.458,1562.541,410.000,1908.708,698.917,0.895,96.000,,
vino.mp4,5163,172.100,1736.380,555.233,1563.342,411.627,1909.418,698.839,0.904,96.000,,
vino.mp4,5164,172.133,1737.908,555.043,1565.688,412.893,1910.129,697.193,0.908,96.000,,
vino.mp4,5165,172.167,1738.578,556.440,1566.093,414.725,1911.064,698.155,0.787,96.000,,
vino.mp4,5166,172.200,1739.518,556.754,1567.428,415.985,1911.608,697.523,0.655,96.000,,
vino.mp4,5167,172.233,1739.457,556.604,1566.929,416.085,1911.985,697.123,0.708,96.000,,
vino.mp4,5168,172.267,1740.172,556.974,1567.390,416.730,1912.954,697.218,0.737,96.000,,
vino.mp4,5169,172.300,1741.064,557.081,1567.949,416.931,1914.178,697.231,0.834,96.000,,
vino.mp4,5170,172.333,1741.281,557.256,1567.888,417.240,1914.674,697.272,0.787,96.000,,
vino.mp4,5171,172.367,1741.688,557.307,1567.960,417.300,1915.415,697.314,0.755,96.000,,
vino.mp4,5172,172.400,1741.610,557.600,1567.688,417.739,1915.532,697.460,0.670,96.000,,
vino.mp4,5173,172.433,1742.315,557.694,1568.285,417.937,1916.344,697.451,0.625,96.000,,
vino.mp4,5174,172.467,1742.541,557.662,1568.488,418.084,1916.595,697.241,0.525,96.000,,
vino.mp4,5175,172.500,1742.753,557.749,1568.563,418.225,1916.942,697.274,0.430,96.000,,
vino.mp4,5176,172.533,1742.595,557.757,1568.196,418.239,1916.994,697.276,0.522,96.000,,
vino.mp4,5177,172.567,,,,,,,,,,
vino.mp4,5178,172.600,912.981,671.167,736.187,487.021,1089.775,855.312,0.774,103.000,,
vino.mp4,5179,172.633,,,,,,,,,,
vino.mp4,5180,172.667,1740.838,558.824,1565.064,418.497,1916.613,699.150,0.503,96.000,,
vino.mp4,5181,172.700,1741.441,558.827,1565.430,418.454,1917.451,699.200,0.558,96.000,,
vino.mp4,5182,172.733,,,,,,,,,,
vino.mp4,5183,172.767,1743.916,557.803,1568.432,417.756,1919.400,697.849,0.442,96.000,,
vino.mp4,5184,172.800,1744.426,558.266,1568.852,417.743,1920.000,698.789,0.685,96.000,,
vino.mp4,5185,172.833,1744.580,558.405,1569.161,417.219,1920.000,699.592,0.475,96.000,,
vino.mp4,5186,172.867,1744.967,558.162,1569.934,416.657,1920.000,699.667,0.495,96.000,,
vino.mp4,5187,172.900,1745.255,558.279,1570.510,416.239,1920.000,700.319,0.556,96.000,,
vino.mp4,5188,172.933,1745.838,557.278,1571.676,415.698,1920.000,698.857,0.528,96.000,,
vino.mp4,5189,172.967,1746.445,556.747,1572.890,415.318,1920.000,698.176,0.583,96.000,,
vino.mp4,5190,173.000,1746.939,556.571,1573.879,415.274,1920.000,697.868,0.583,96.000,,
vino.mp4,5191,173.033,1747.268,556.285,1574.536,415.076,1920.000,697.495,0.581,96.000,,
vino.mp4,5192,173.067,918.771,620.972,716.567,393.565,1120.974,848.379,0.807,103.000,,
vino.mp4,5193,173.100,918.977,619.345,715.624,384.904,1122.329,853.785,0.835,103.000,,
vino.mp4,5194,173.133,917.675,617.687,716.359,380.354,1118.991,855.019,0.840,103.000,,
vino.mp4,5195,173.167,915.713,617.305,716.688,377.886,1114.738,856.725,0.782,103.000,,
vino.mp4,5196,173.200,913.276,616.750,716.401,375.467,1110.151,858.034,0.738,103.000,,
vino.mp4,5197,173.233,910.562,616.592,716.180,374.386,1104.944,858.798,0.835,103.000,,
vino.mp4,5198,173.267,907.424,617.138,716.198,375.360,1098.651,858.916,0.844,103.000,,
vino.mp4,5199,173.300,905.031,618.192,716.919,377.458,1093.144,858.927,0.914,103.000,,
vino.mp4,5200,173.333,904.057,619.510,718.144,379.086,1089.971,859.935,0.904,103.000,,
vino.mp4,5201,173.367,903.264,619.920,720.144,381.232,1086.383,858.607,0.904,103.000,,
vino.mp4,5202,173.400,903.348,620.500,722.280,383.166,1084.417,857.834,0.905,103.000,,
vino.mp4,5203,173.433,903.212,620.981,723.635,384.716,1082.788,857.245,0.914,103.000,,
vino.mp4,5204,173.467,903.851,621.681,725.856,386.999,1081.847,856.363,0.908,103.000,,
vino.mp4,5205,173.500,905.482,623.486,729.060,390.933,1081.903,856.039,0.867,103.000,,
vino.mp4,5206,173.533,907.787,624.660,732.497,394.096,1083.077,855.224,0.862,103.000,,
vino.mp4,5207,173.567,909.963,626.551,735.244,397.424,1084.682,855.678,0.810,103.000,,
vino.mp4,5208,173.600,1749.882,555.878,1579.781,414.717,1919.982,697.038,0.740,96.000,,
vino.mp4,5209,173.633,1748.570,556.516,1577.530,414.546,1919.609,698.486,0.731,96.000,,
vino.mp4,5210,173.667,1748.039,556.689,1576.773,414.523,1919.305,698.856,0.756,96.000,,
vino.mp4,5211,173.700,1748.089,556.134,1577.371,414.540,1918.806,697.727,0.846,96.000,,
vino.mp4,5212,173.733,1748.128,555.792,1577.306,414.180,1918.950,697.403,0.868,96.000,,
vino.mp4,5213,173.767,1748.290,555.492,1577.191,413.661,1919.390,697.323,0.892,96.000,,
vino.mp4,5214,173.800,1748.273,555.311,1577.121,413.455,1919.426,697.168,0.900,96.000,,
vino.mp4,5215,173.833,1748.267,555.328,1577.074,413.454,1919.460,697.202,0.874,96.000,,
vino.mp4,5216,173.867,1748.289,555.399,1577.272,413.713,1919.306,697.086,0.855,96.000,,
vino.mp4,5217,173.900,1748.379,555.486,1577.458,413.911,1919.301,697.062,0.837,96.000,,
vino.mp4,5218,173.933,1747.784,556.356,1576.601,414.584,1918.967,698.128,0.679,96.000,,
vino.mp4,5219,173.967,1747.816,556.639,1576.572,414.808,1919.060,698.471,0.596,96.000,,
vino.mp4,5220,174.000,1747.973,556.645,1576.572,414.634,1919.375,698.656,0.491,96.000,,
vino.mp4,5221,174.033,1749.501,556.154,1579.002,414.728,1920.000,697.581,0.504,96.000,,
vino.mp4,5222,174.067,1748.596,556.485,1577.577,414.624,1919.616,698.347,0.558,96.000,,
vino.mp4,5223,174.100,1749.677,556.083,1579.354,414.674,1920.000,697.492,0.553,96.000,,
vino.mp4,5224,174.133,1749.979,556.031,1579.959,414.770,1920.000,697.293,0.607,96.000,,
vino.mp4,5225,174.167,1749.946,555.908,1580.069,414.711,1919.823,697.105,0.596,96.000,,
vino.mp4,5226,174.200,1749.716,555.832,1579.966,414.714,1919.466,696.950,0.453,96.000,,
vino.mp4,5227,174.233,1748.489,556.390,1577.750,414.443,1919.228,698.338,0.610,96.000,,
vino.mp4,5228,174.267,1748.102,556.477,1577.068,414.278,1919.136,698.675,0.526,96.000,,
vino.mp4,5229,174.300,1747.886,556.398,1576.639,414.011,1919.134,698.784,0.637,96.000,,
vino.mp4,5230,174.333,1747.835,556.318,1576.698,414.039,1918.972,698.597,0.686,96.000,,
vino.mp4,5231,174.367,1747.847,556.492,1576.533,414.044,1919.161,698.940,0.673,96.000,,
vino.mp4,5232,174.400,1748.660,556.094,1577.522,413.700,1919.798,698.488,0.728,96.000,,
vino.mp4,5233,174.433,1748.936,556.149,1577.907,413.766,1919.965,698.533,0.807,96.000,,
vino.mp4,5234,174.467,1748.272,556.574,1577.090,414.058,1919.454,699.090,0.754,96.000,,
vino.mp4,5235,174.500,1748.020,556.675,1577.021,414.336,1919.020,699.014,0.678,96.000,,
vino.mp4,5236,174.533,1747.877,556.940,1576.819,414.566,1918.936,699.314,0.707,96.000,,
vino.mp4,5237,174.567,1747.703,557.128,1576.734,414.872,1918.671,699.383,0.695,96.000,,
vino.mp4,5238,174.600,1747.898,556.840,1577.129,414.777,1918.667,698.903,0.667,96.000,,
vino.mp4,5239,174.633,1747.960,556.774,1577.046,414.584,1918.874,698.963,0.660,96.000,,
vino.mp4,5240,174.667,1747.933,556.816,1576.896,414.518,1918.969,699.113,0.655,96.000,,
vino.mp4,5241,174.700,1747.978,556.967,1576.953,414.669,1919.003,699.264,0.672,96.000,,
vino.mp4,5242,174.733,1748.045,557.133,1576.995,414.799,1919.095,699.467,0.475,96.000,,
vino.mp4,5243,174.767,1748.135,557.267,1576.973,414.800,1919.298,699.733,0.568,96.000,,
vino.mp4,5244,174.800,1748.224,556.998,1577.349,414.767,1919.100,699.229,0.616,96.000,,
vino.mp4,5245,174.833,1748.228,556.764,1577.529,414.689,1918.927,698.839,0.639,96.000,,
vino.mp4,5246,174.867,1748.213,556.635,1577.612,414.657,1918.814,698.612,0.660,96.000,,
vino.mp4,5247,174.900,1748.212,556.490,1577.849,414.757,1918.574,698.222,0.692,96.000,,
vino.mp4,5248,174.933,1748.360,556.576,1578.118,414.973,1918.602,698.180,0.576,96.000,,
vino.mp4,5249,174.967,918.220,698.321,739.355,466.319,1097.084,930.323,0.523,103.000,,
vino.mp4,5250,175.000,918.280,693.717,740.906,463.578,1095.654,923.856,0.784,103.000,,
vino.mp4,5251,175.033,915.708,687.150,740.269,459.538,1091.146,914.762,0.603,103.000,,
vino.mp4,5252,175.067,912.515,677.045,738.709,451.110,1086.321,902.980,0.468,103.000,,
vino.mp4,5253,175.100,909.184,665.759,737.684,442.463,1080.684,889.055,0.642,103.000,,
vino.mp4,5254,175.133,,,,,,,,,,
vino.mp4,5255,175.167,898.479,647.871,729.142,425.233,1067.817,870.509,0.636,103.000,,
vino.mp4,5256,175.200,,,,,,,,,,
vino.mp4,5257,175.233,889.428,636.939,719.928,410.182,1058.928,863.695,0.614,103.000,,
vino.mp4,5258,175.267,883.216,631.947,714.582,402.844,1051.850,861.050,0.595,103.000,,
vino.mp4,5259,175.300,875.628,628.233,707.085,396.781,1044.171,859.685,0.916,103.000,,
vino.mp4,5260,175.333,870.711,624.272,702.011,390.671,1039.411,857.873,0.922,103.000,,
vino.mp4,5261,175.367,870.125,620.915,701.038,384.554,1039.213,857.275,0.925,103.000,,
vino.mp4,5262,175.400,870.637,617.903,700.724,377.935,1040.550,857.871,0.935,103.000,,
vino.mp4,5263,175.433,869.202,616.319,698.468,373.234,1039.936,859.404,0.922,103.000,,
vino.mp4,5264,175.467,866.143,616.113,695.456,372.033,1036.830,860.194,0.926,103.000,,
vino.mp4,5265,175.500,865.324,618.028,696.023,375.745,1034.626,860.311,0.927,103.000,,
vino.mp4,5266,175.533,869.066,620.906,702.031,382.242,1036.102,859.569,0.927,103.000,,
vino.mp4,5267,175.567,876.602,624.688,711.935,389.789,1041.270,859.587,0.902,103.000,,
vino.mp4,5268,175.600,882.545,628.114,720.110,397.035,1044.979,859.193,0.856,103.000,,
vino.mp4,5269,175.633,886.072,631.878,725.575,404.716,1046.568,859.039,0.838,103.000,,
vino.mp4,5270,175.667,887.351,634.573,728.011,410.519,1046.692,858.626,0.901,103.000,,
vino.mp4,5271,175.700,888.732,636.503,730.030,415.156,1047.433,857.850,0.924,103.000,,
vino.mp4,5272,175.733,891.094,638.902,732.245,419.555,1049.943,858.249,0.908,103.000,,
vino.mp4,5273,175.767,892.420,639.500,732.445,420.647,1052.396,858.354,0.925,103.000,,
vino.mp4,5274,175.800,893.186,639.996,732.219,421.562,1054.154,858.430,0.922,103.000,,
vino.mp4,5275,175.833,893.102,639.850,731.193,421.507,1055.012,858.194,0.920,103.000,,
vino.mp4,5276,175.867,892.786,639.468,729.750,420.696,1055.823,858.239,0.916,103.000,,
vino.mp4,5277,175.900,892.515,639.265,728.700,420.356,1056.330,858.173,0.929,103.000,,
vino.mp4,5278,175.933,892.341,639.920,728.033,421.351,1056.649,858.489,0.751,103.000,,
vino.mp4,5279,175.967,893.281,640.944,728.657,423.166,1057.905,858.723,0.822,103.000,,
vino.mp4,5280,176.000,895.116,642.443,730.392,426.066,1059.840,858.821,0.911,103.000,,
vino.mp4,5281,176.033,895.939,642.995,731.015,427.781,1060.863,858.208,0.928,103.000,,
vino.mp4,5282,176.067,896.389,643.181,730.853,428.458,1061.925,857.903,0.923,103.000,,
vino.mp4,5283,176.100,896.402,643.591,729.935,428.840,1062.870,858.342,0.915,103.000,,
vino.mp4,5284,176.133,896.928,643.570,729.831,429.164,1064.025,857.977,0.920,103.000,,
vino.mp4,5285,176.167,898.010,643.549,730.316,429.585,1065.705,857.512,0.920,103.000,,
vino.mp4,5286,176.200,899.678,644.462,731.465,431.297,1067.891,857.627,0.922,103.000,,
vino.mp4,5287,176.233,900.951,645.056,732.104,432.522,1069.797,857.590,0.921,103.000,,
vino.mp4,5288,176.267,901.433,646.176,731.855,434.213,1071.010,858.139,0.912,103.000,,
vino.mp4,5289,176.300,902.329,646.070,731.720,434.192,1072.939,857.947,0.905,103.000,,
vino.mp4,5290,176.333,902.470,645.532,730.558,433.173,1074.382,857.891,0.915,103.000,,
vino.mp4,5291,176.367,902.106,644.633,728.860,431.484,1075.353,857.781,0.914,103.000,,
vino.mp4,5292,176.400,901.567,643.536,727.010,429.401,1076.124,857.672,0.914,103.000,,
vino.mp4,5293,176.433,901.102,643.057,725.868,428.592,1076.336,857.521,0.919,103.000,,
vino.mp4,5294,176.467,900.944,642.937,725.251,428.320,1076.637,857.553,0.923,103.000,,
vino.mp4,5295,176.500,901.255,643.092,725.255,428.493,1077.254,857.691,0.921,103.000,,
vino.mp4,5296,176.533,901.980,644.894,726.900,432.107,1077.060,857.680,0.920,103.000,,
vino.mp4,5297,176.567,903.124,647.572,729.464,437.542,1076.784,857.601,0.921,103.000,,
vino.mp4,5298,176.600,903.424,649.325,730.367,441.010,1076.482,857.641,0.918,103.000,,
vino.mp4,5299,176.633,903.797,650.613,730.935,443.544,1076.658,857.682,0.920,103.000,,
vino.mp4,5300,176.667,904.729,651.348,731.587,445.042,1077.871,857.653,0.920,103.000,,
vino.mp4,5301,176.700,906.765,652.943,733.626,448.082,1079.905,857.804,0.903,103.000,,
vino.mp4,5302,176.733,908.731,655.358,736.124,452.900,1081.338,857.816,0.898,103.000,,
vino.mp4,5303,176.767,909.714,656.642,736.672,455.330,1082.756,857.954,0.904,103.000,,
vino.mp4,5304,176.800,909.934,657.299,736.145,456.637,1083.722,857.961,0.888,103.000,,
vino.mp4,5305,176.833,909.501,656.089,733.852,454.390,1085.151,857.788,0.878,103.000,,
vino.mp4,5306,176.867,908.679,653.370,730.295,449.073,1087.062,857.666,0.859,103.000,,
vino.mp4,5307,176.900,907.116,651.236,726.404,444.383,1087.828,858.089,0.700,103.000,,
vino.mp4,5308,176.933,905.598,649.184,723.166,440.063,1088.031,858.305,0.841,103.000,,
vino.mp4,5309,176.967,905.121,647.978,721.726,437.262,1088.516,858.693,0.730,103.000,,
vino.mp4,5310,177.000,1747.913,551.869,1576.393,407.723,1919.433,696.014,0.533,96.000,,
vino.mp4,5311,177.033,903.462,648.003,720.359,437.065,1086.566,858.942,0.733,103.000,,
vino.mp4,5312,177.067,1747.944,553.093,1576.355,408.820,1919.533,697.366,0.435,96.000,,
vino.mp4,5313,177.100,1747.940,552.390,1576.260,408.007,1919.620,696.774,0.569,96.000,,
vino.mp4,5314,177.133,1748.212,553.616,1576.464,409.106,1919.960,698.126,0.383,96.000,,
vino.mp4,5315,177.167,1748.057,552.804,1576.504,408.446,1919.611,697.162,0.466,96.000,,
vino.mp4,5316,177.200,1748.296,553.823,1576.732,409.394,1919.860,698.251,0.352,96.000,,
vino.mp4,5317,177.233,1748.511,554.229,1577.334,410.133,1919.688,698.325,0.612,96.000,,
vino.mp4,5318,177.267,887.104,651.288,703.350,442.949,1070.858,859.626,0.734,103.000,,
vino.mp4,5319,177.300,1748.279,553.512,1577.608,409.908,1918.949,697.116,0.509,96.000,,
vino.mp4,5320,177.333,877.710,651.478,691.763,444.017,1063.656,858.939,0.725,103.000,,
vino.mp4,5321,177.367,1748.067,553.186,1577.426,409.677,1918.708,696.695,0.591,96.000,,
vino.mp4,5322,177.400,1747.450,553.402,1577.215,410.269,1917.684,696.536,0.304,96.000,,
vino.mp4,5323,177.433,,,,,,,,,,
vino.mp4,5324,177.467,,,,,,,,,,
vino.mp4,5325,177.500,,,,,,,,,,
vino.mp4,5326,177.533,,,,,,,,,,
vino.mp4,5327,177.567,,,,,,,,,,
vino.mp4,5328,177.600,,,,,,,,,,
vino.mp4,5329,177.633,,,,,,,,,,
vino.mp4,5330,177.667,794.756,634.565,488.921,283.137,1100.592,985.992,0.604,103.000,,
vino.mp4,5331,177.700,789.950,635.663,488.339,275.843,1091.560,995.483,0.647,103.000,,
vino.mp4,5332,177.733,785.532,636.972,492.613,276.220,1078.450,997.725,0.635,103.000,,
vino.mp4,5333,177.767,781.256,639.953,499.112,282.907,1063.399,996.999,0.625,103.000,,
vino.mp4,5334,177.800,777.482,642.976,505.273,290.369,1049.692,995.583,0.529,103.000,,
vino.mp4,5335,177.833,,,,,,,,,,
vino.mp4,5336,177.867,776.066,661.008,523.915,329.671,1028.218,992.346,0.516,103.000,,
vino.mp4,5337,177.900,,,,,,,,,,
vino.mp4,5338,177.933,,,,,,,,,,
vino.mp4,5339,177.967,776.574,682.241,543.622,374.092,1009.526,990.390,0.529,103.000,,
vino.mp4,5340,178.000,777.338,681.998,545.940,373.709,1008.737,990.288,0.421,103.000,,
vino.mp4,5341,178.033,1750.878,549.402,1586.867,412.611,1914.888,686.194,0.843,96.000,,
vino.mp4,5342,178.067,1750.991,551.298,1586.744,414.825,1915.239,687.771,0.479,96.000,,
vino.mp4,5343,178.100,1750.905,553.864,1585.708,416.798,1916.101,690.930,0.511,96.000,,
vino.mp4,5344,178.133,764.299,679.626,536.528,370.569,992.071,988.683,0.515,103.000,,
vino.mp4,5345,178.167,1750.660,556.965,1584.354,419.066,1916.966,694.864,0.619,96.000,,
vino.mp4,5346,178.200,1750.681,558.589,1584.317,420.736,1917.045,696.442,0.661,96.000,,
vino.mp4,5347,178.233,801.709,667.095,593.430,362.768,1009.988,971.422,0.850,103.000,,
vino.mp4,5348,178.267,807.177,657.267,608.592,359.662,1005.761,954.872,0.827,103.000,,
vino.mp4,5349,178.300,810.254,649.112,623.223,364.438,997.285,933.785,0.648,103.000,,
vino.mp4,5350,178.333,812.331,636.472,638.924,371.031,985.738,901.914,0.825,103.000,,
vino.mp4,5351,178.367,813.743,621.210,650.746,371.778,976.741,870.642,0.904,103.000,,
vino.mp4,5352,178.400,814.393,614.680,655.606,371.936,973.180,857.425,0.908,103.000,,
vino.mp4,5353,178.433,815.352,611.946,657.593,370.842,973.111,853.050,0.926,103.000,,
vino.mp4,5354,178.467,816.799,610.286,658.870,368.779,974.728,851.792,0.888,103.000,,
vino.mp4,5355,178.500,818.541,609.820,660.527,368.027,976.555,851.614,0.915,103.000,,
vino.mp4,5356,178.533,819.873,609.758,661.664,367.484,978.083,852.032,0.853,103.000,,
vino.mp4,5357,178.567,820.972,609.800,662.539,367.011,979.406,852.589,0.906,103.000,,
vino.mp4,5358,178.600,821.709,609.893,663.148,366.711,980.270,853.074,0.902,103.000,,
vino.mp4,5359,178.633,822.750,610.012,664.088,366.534,981.412,853.490,0.926,103.000,,
vino.mp4,5360,178.667,823.969,610.291,665.200,366.645,982.738,853.936,0.916,103.000,,
vino.mp4,5361,178.700,825.218,610.631,666.277,366.842,984.160,854.419,0.911,103.000,,
vino.mp4,5362,178.733,826.378,610.756,667.120,366.769,985.636,854.742,0.921,103.000,,
vino.mp4,5363,178.767,826.996,610.838,667.509,366.800,986.483,854.876,0.927,103.000,,
vino.mp4,5364,178.800,827.935,610.978,668.122,366.813,987.748,855.143,0.927,103.000,,
vino.mp4,5365,178.833,828.497,611.175,668.367,366.851,988.627,855.499,0.930,103.000,,
vino.mp4,5366,178.867,829.232,611.179,668.790,366.698,989.674,855.659,0.931,103.000,,
vino.mp4,5367,178.900,829.687,611.271,668.982,366.681,990.393,855.862,0.932,103.000,,
vino.mp4,5368,178.933,830.061,611.349,669.057,366.595,991.065,856.104,0.936,103.000,,
vino.mp4,5369,178.967,830.281,611.452,669.050,366.629,991.513,856.276,0.932,103.000,,
vino.mp4,5370,179.000,830.370,611.494,668.996,366.700,991.744,856.288,0.933,103.000,,
vino.mp4,5371,179.033,830.363,609.423,667.535,362.344,993.191,856.502,0.930,103.000,,
vino.mp4,5372,179.067,830.466,604.267,664.565,351.946,996.366,856.588,0.934,103.000,,
vino.mp4,5373,179.100,829.871,597.958,660.634,339.330,999.108,856.585,0.934,103.000,,
vino.mp4,5374,179.133,829.424,594.141,658.470,331.632,1000.377,856.650,0.932,103.000,,
vino.mp4,5375,179.167,829.054,598.086,661.008,339.734,997.100,856.438,0.928,103.000,,
vino.mp4,5376,179.200,829.068,610.389,667.988,363.997,990.148,856.781,0.931,103.000,,
vino.mp4,5377,179.233,829.030,616.818,671.148,376.658,986.913,856.979,0.926,103.000,,
vino.mp4,5378,179.267,829.472,618.174,671.945,379.650,986.999,856.698,0.941,103.000,,
vino.mp4,5379,179.300,829.532,616.887,670.680,377.111,988.383,856.664,0.943,103.000,,
vino.mp4,5380,179.333,829.990,613.977,669.024,371.417,990.955,856.537,0.941,103.000,,
vino.mp4,5381,179.367,830.499,605.816,664.443,355.006,996.555,856.627,0.936,103.000,,
vino.mp4,5382,179.400,830.922,603.782,663.562,350.684,998.283,856.880,0.941,103.000,,
vino.mp4,5383,179.433,831.054,601.411,662.348,345.701,999.760,857.122,0.944,103.000,,
vino.mp4,5384,179.467,831.163,600.839,662.311,344.423,1000.014,857.255,0.944,103.000,,
vino.mp4,5385,179.500,831.359,602.410,663.562,347.435,999.156,857.385,0.939,103.000,,
vino.mp4,5386,179.533,831.345,603.594,664.589,350.073,998.101,857.116,0.938,103.000,,
vino.mp4,5387,179.567,830.972,604.304,664.782,351.493,997.163,857.115,0.940,103.000,,
vino.mp4,5388,179.600,831.327,604.558,665.475,352.242,997.179,856.874,0.941,103.000,,
vino.mp4,5389,179.633,831.531,604.623,665.787,352.470,997.275,856.775,0.926,103.000,,
vino.mp4,5390,179.667,831.500,604.679,665.829,352.600,997.171,856.758,0.928,103.000,,
vino.mp4,5391,179.700,831.692,604.435,665.723,351.950,997.662,856.919,0.904,103.000,,
vino.mp4,5392,179.733,831.902,604.453,665.780,351.773,998.025,857.134,0.923,103.000,,
vino.mp4,5393,179.767,832.079,604.302,665.897,351.573,998.262,857.032,0.906,103.000,,
vino.mp4,5394,179.800,832.108,604.253,665.866,351.479,998.349,857.027,0.899,103.000,,
vino.mp4,5395,179.833,832.092,604.263,665.808,351.474,998.376,857.052,0.904,103.000,,
vino.mp4,5396,179.867,832.116,604.284,665.777,351.475,998.454,857.093,0.905,103.000,,
vino.mp4,5397,179.900,832.084,604.345,665.715,351.555,998.453,857.135,0.924,103.000,,
vino.mp4,5398,179.933,832.016,604.357,665.639,351.640,998.393,857.074,0.926,103.000,,
vino.mp4,5399,179.967,832.100,604.313,665.675,351.660,998.525,856.966,0.927,103.000,,
vino.mp4,5400,180.000,832.137,604.404,665.761,351.971,998.513,856.837,0.902,103.000,,
vino.mp4,5401,180.033,832.040,604.290,665.575,351.833,998.506,856.746,0.906,103.000,,
vino.mp4,5402,180.067,832.008,603.481,665.017,350.235,998.999,856.726,0.910,103.000,,
vino.mp4,5403,180.100,831.778,601.524,663.694,346.395,999.861,856.652,0.919,103.000,,
vino.mp4,5404,180.133,831.562,599.292,662.261,341.908,1000.862,856.677,0.929,103.000,,
vino.mp4,5405,180.167,831.466,597.358,661.176,337.917,1001.756,856.799,0.935,103.000,,
vino.mp4,5406,180.200,831.618,596.964,661.303,337.029,1001.932,856.899,0.938,103.000,,
vino.mp4,5407,180.233,831.876,599.742,663.423,342.682,1000.329,856.802,0.935,103.000,,
vino.mp4,5408,180.267,832.120,602.547,665.373,348.397,998.868,856.697,0.937,103.000,,
vino.mp4,5409,180.300,832.275,601.928,665.175,347.283,999.374,856.573,0.941,103.000,,
vino.mp4,5410,180.333,832.325,600.360,664.265,344.098,1000.386,856.621,0.942,103.000,,
vino.mp4,5411,180.367,832.282,600.927,664.534,345.168,1000.029,856.686,0.939,103.000,,
vino.mp4,5412,180.400,832.335,603.658,666.083,350.574,998.587,856.742,0.931,103.000,,
vino.mp4,5413,180.433,832.508,605.163,666.991,353.659,998.025,856.668,0.935,103.000,,
vino.mp4,5414,180.467,832.533,605.851,667.230,355.115,997.835,856.587,0.935,103.000,,
vino.mp4,5415,180.500,832.491,606.349,667.549,356.538,997.433,856.159,0.936,103.000,,
vino.mp4,5416,180.533,832.492,606.210,666.936,355.809,998.048,856.612,0.937,103.000,,
vino.mp4,5417,180.567,832.509,606.299,666.645,355.769,998.372,856.830,0.938,103.000,,
vino.mp4,5418,180.600,832.626,606.320,666.507,355.725,998.745,856.915,0.935,103.000,,
vino.mp4,5419,180.633,832.674,606.226,666.282,355.472,999.066,856.980,0.937,103.000,,
vino.mp4,5420,180.667,832.522,606.214,666.004,355.488,999.039,856.939,0.938,103.000,,
vino.mp4,5421,180.700,832.445,606.924,666.497,357.328,998.393,856.519,0.938,103.000,,
vino.mp4,5422,180.733,832.431,607.212,666.620,358.045,998.241,856.379,0.939,103.000,,
vino.mp4,5423,180.767,832.356,607.261,666.586,358.365,998.127,856.157,0.939,103.000,,
vino.mp4,5424,180.800,832.441,607.108,666.494,358.106,998.388,856.110,0.940,103.000,,
vino.mp4,5425,180.833,832.423,607.024,666.344,357.969,998.501,856.078,0.940,103.000,,
vino.mp4,5426,180.867,832.393,606.863,666.183,357.744,998.603,855.982,0.943,103.000,,
vino.mp4,5427,180.900,832.448,606.675,666.047,357.400,998.850,855.950,0.939,103.000,,
vino.mp4,5428,180.933,832.457,606.734,666.001,357.515,998.912,855.953,0.941,103.000,,
vino.mp4,5429,180.967,832.437,606.813,665.946,357.665,998.928,855.961,0.942,103.000,,
vino.mp4,5430,181.000,832.415,606.809,665.855,357.677,998.974,855.940,0.938,103.000,,
vino.mp4,5431,181.033,832.078,606.661,665.313,357.189,998.844,856.133,0.938,103.000,,
vino.mp4,5432,181.067,831.161,608.075,665.032,359.463,997.291,856.686,0.902,103.000,,
vino.mp4,5433,181.100,828.446,610.692,663.929,363.941,992.963,857.442,0.924,103.000,,
vino.mp4,5434,181.133,826.249,613.592,663.991,369.371,988.506,857.813,0.897,103.000,,
vino.mp4,5435,181.167,1752.650,565.935,1586.915,434.670,1918.385,697.200,0.710,110.000,,
vino.mp4,5436,181.200,1752.250,565.905,1586.384,434.641,1918.116,697.169,0.718,110.000,,
vino.mp4,5437,181.233,848.863,631.107,696.203,404.091,1001.522,858.123,0.864,103.000,,
vino.mp4,5438,181.267,1752.052,565.678,1586.083,434.545,1918.021,696.811,0.765,110.000,,
vino.mp4,5439,181.300,1752.009,565.567,1586.109,434.609,1917.908,696.525,0.700,110.000,,
vino.mp4,5440,181.333,1751.880,565.460,1585.798,434.471,1917.961,696.450,0.795,110.000,,
vino.mp4,5441,181.367,1751.856,565.608,1585.638,434.598,1918.074,696.618,0.786,110.000,,
vino.mp4,5442,181.400,1751.775,565.579,1585.512,434.637,1918.038,696.522,0.819,110.000,,
vino.mp4,5443,181.433,890.982,642.163,755.205,452.252,1026.758,832.074,0.827,103.000,,
vino.mp4,5444,181.467,1751.764,565.892,1585.237,434.891,1918.291,696.892,0.799,110.000,,
vino.mp4,5445,181.500,906.767,566.192,765.346,376.759,1048.188,755.625,0.868,103.000,,
vino.mp4,5446,181.533,1752.353,566.355,1585.314,435.005,1919.392,697.704,0.780,110.000,,
vino.mp4,5447,181.567,1752.604,566.782,1585.365,435.252,1919.843,698.312,0.739,110.000,,
vino.mp4,5448,181.600,1752.112,566.201,1585.352,435.129,1918.872,697.273,0.790,110.000,,
vino.mp4,5449,181.633,940.867,497.430,770.287,266.476,1111.446,728.384,0.799,103.000,,
vino.mp4,5450,181.667,929.441,498.480,756.459,268.540,1102.422,728.419,0.853,103.000,,
vino.mp4,5451,181.700,1751.636,566.084,1585.117,435.460,1918.156,696.708,0.779,110.000,,
vino.mp4,5452,181.733,1752.336,566.779,1585.148,435.575,1919.523,697.983,0.762,110.000,,
vino.mp4,5453,181.767,1751.906,566.307,1585.097,435.484,1918.714,697.130,0.831,110.000,,
vino.mp4,5454,181.800,1751.651,566.179,1584.712,435.301,1918.589,697.057,0.770,110.000,,
vino.mp4,5455,181.833,923.332,586.667,759.974,442.354,1086.689,730.980,0.848,103.000,,
vino.mp4,5456,181.867,950.011,588.022,774.486,443.472,1125.537,732.572,0.758,103.000,,
vino.mp4,5457,181.900,1751.322,565.838,1583.793,434.558,1918.852,697.117,0.779,110.000,,
vino.mp4,5458,181.933,1752.021,566.165,1584.042,434.427,1920.000,697.903,0.711,110.000,,
vino.mp4,5459,181.967,1095.791,610.687,743.943,423.657,1447.638,797.717,0.443,111.000,,
vino.mp4,5460,182.000,1118.795,606.488,756.081,412.887,1481.510,800.089,0.564,111.000,,
vino.mp4,5461,182.033,1709.005,648.909,1498.010,433.578,1920.000,864.241,0.438,110.000,,
vino.mp4,5462,182.067,1738.444,596.267,1556.887,433.512,1920.000,759.021,0.611,110.000,,
vino.mp4,5463,182.100,1749.867,576.834,1579.733,434.288,1920.000,719.380,0.815,110.000,,
vino.mp4,5464,182.133,1261.410,534.264,815.148,283.004,1707.673,785.525,0.805,111.000,,
vino.mp4,5465,182.167,1752.115,568.074,1589.642,434.120,1914.589,702.029,0.725,110.000,,
vino.mp4,5466,182.200,1752.503,566.889,1590.773,434.129,1914.234,699.648,0.629,110.000,,
vino.mp4,5467,182.233,1752.003,566.219,1590.482,434.228,1913.524,698.211,0.833,110.000,,
vino.mp4,5468,182.267,1340.959,701.175,1057.103,570.254,1624.816,832.097,0.795,114.000,,
vino.mp4,5469,182.300,1350.471,709.835,1044.352,568.459,1656.590,851.212,0.872,114.000,,
vino.mp4,5470,182.333,1752.736,565.771,1588.718,432.771,1916.753,698.771,0.766,110.000,,
vino.mp4,5471,182.367,1752.619,565.438,1588.647,432.772,1916.591,698.103,0.811,110.000,,
vino.mp4,5472,182.400,1751.942,566.321,1586.651,432.725,1917.233,699.918,0.785,110.000,,
vino.mp4,5473,182.433,1752.038,565.699,1587.089,432.644,1916.987,698.754,0.737,110.000,,
vino.mp4,5474,182.467,1752.113,565.912,1587.189,433.108,1917.037,698.715,0.767,110.000,,
vino.mp4,5475,182.500,1751.695,566.422,1585.865,433.006,1917.526,699.837,0.835,110.000,,
vino.mp4,5476,182.533,1320.153,673.540,1032.983,548.244,1607.324,798.836,0.893,114.000,,
vino.mp4,5477,182.567,1299.991,655.428,969.601,510.542,1630.380,800.314,0.924,114.000,,
vino.mp4,5478,182.600,1288.998,633.415,912.057,465.341,1665.940,801.489,0.907,114.000,,
vino.mp4,5479,182.633,1284.263,610.530,867.126,419.955,1701.399,801.105,0.920,114.000,,
vino.mp4,5480,182.667,1289.467,593.003,848.971,385.682,1729.962,800.323,0.925,114.000,,
vino.mp4,5481,182.700,1301.635,581.642,852.435,362.917,1750.834,800.367,0.928,114.000,,
vino.mp4,5482,182.733,1314.118,577.804,871.903,354.776,1756.333,800.832,0.929,114.000,,
vino.mp4,5483,182.767,1320.254,579.769,894.363,357.790,1746.144,801.748,0.922,114.000,,
vino.mp4,5484,182.800,1316.860,582.078,908.926,362.325,1724.794,801.830,0.898,114.000,,
vino.mp4,5485,182.833,1312.135,583.105,919.203,364.379,1705.068,801.832,0.828,114.000,,
vino.mp4,5486,182.867,1310.232,581.991,928.535,362.493,1691.930,801.489,0.863,114.000,,
vino.mp4,5487,182.900,1309.457,580.551,938.529,360.280,1680.385,800.822,0.867,114.000,,
vino.mp4,5488,182.933,1309.887,578.909,949.844,358.215,1669.929,799.603,0.906,114.000,,
vino.mp4,5489,182.967,1312.144,577.885,963.365,357.342,1660.923,798.428,0.895,114.000,,
vino.mp4,5490,183.000,1315.314,577.404,977.252,357.022,1653.376,797.787,0.878,114.000,,
vino.mp4,5491,183.033,1318.684,577.129,991.168,357.173,1646.199,797.084,0.904,114.000,,
vino.mp4,5492,183.067,1319.848,572.033,1009.222,357.642,1630.474,786.423,0.879,114.000,,
vino.mp4,5493,183.100,1745.112,548.945,1570.223,399.427,1920.000,698.462,0.909,110.000,,
vino.mp4,5494,183.133,1309.911,565.587,1027.003,358.718,1592.820,772.455,0.913,114.000,,
vino.mp4,5495,183.167,1307.357,564.843,1034.773,359.852,1579.941,769.835,0.929,114.000,,
vino.mp4,5496,183.200,1303.594,563.136,1041.917,361.026,1565.271,765.246,0.935,114.000,,
vino.mp4,5497,183.233,1300.696,560.752,1048.722,361.026,1552.671,760.477,0.928,114.000,,
vino.mp4,5498,183.267,1298.051,558.595,1053.865,359.906,1542.237,757.285,0.931,114.000,,
vino.mp4,5499,183.300,1295.058,557.320,1057.128,358.507,1532.988,756.133,0.932,114.000,,
vino.mp4,5500,183.333,1293.580,554.653,1059.934,354.345,1527.227,754.961,0.930,114.000,,
vino.mp4,5501,183.367,1292.318,552.495,1062.900,350.817,1521.736,754.173,0.922,114.000,,
vino.mp4,5502,183.400,1291.207,554.369,1069.455,354.945,1512.958,753.792,0.927,114.000,,
vino.mp4,5503,183.433,1290.075,563.799,1082.074,373.654,1498.077,753.945,0.885,114.000,,
vino.mp4,5504,183.467,1743.497,529.788,1566.993,359.907,1920.000,699.669,0.869,110.000,,
vino.mp4,5505,183.500,1745.000,531.207,1570.000,362.628,1920.000,699.785,0.931,110.000,,
vino.mp4,5506,183.533,1745.700,532.462,1571.400,364.899,1920.000,700.025,0.906,110.000,,
vino.mp4,5507,183.567,1744.576,534.045,1569.153,368.067,1920.000,700.022,0.907,110.000,,
vino.mp4,5508,183.600,1739.726,536.106,1564.061,372.750,1915.392,699.462,0.926,110.000,,
vino.mp4,5509,183.633,1732.172,539.076,1557.654,378.525,1906.690,699.627,0.661,110.000,,
vino.mp4,5510,183.667,1726.588,542.099,1553.040,384.660,1900.136,699.538,0.826,110.000,,
vino.mp4,5511,183.700,1290.195,587.116,1122.487,412.958,1457.904,761.274,0.782,114.000,,
vino.mp4,5512,183.733,1722.613,547.508,1549.138,394.645,1896.088,700.371,0.869,110.000,,
vino.mp4,5513,183.767,1723.020,549.373,1549.283,398.310,1896.757,700.436,0.895,110.000,,
vino.mp4,5514,183.800,1724.558,551.092,1551.237,402.260,1897.880,699.924,0.857,110.000,,
vino.mp4,5515,183.833,1725.131,553.871,1552.524,407.587,1897.739,700.154,0.795,110.000,,
vino.mp4,5516,183.867,1725.528,557.780,1553.745,414.155,1897.311,701.405,0.871,110.000,,
vino.mp4,5517,183.900,1731.395,559.279,1561.861,418.953,1900.929,699.605,0.216,110.000,,
vino.mp4,5518,183.933,1746.465,560.576,1580.252,423.001,1912.679,698.150,0.811,110.000,,
vino.mp4,5519,183.967,1738.980,563.375,1573.848,428.451,1904.111,698.299,0.158,110.000,,
vino.mp4,5520,184.000,1730.130,565.561,1564.085,432.241,1896.176,698.881,0.385,110.000,,
vino.mp4,5521,184.033,1722.795,568.318,1555.128,436.349,1890.462,700.288,0.434,110.000,,
vino.mp4,5522,184.067,1721.096,569.999,1551.705,438.988,1890.488,701.010,0.284,110.000,,
vino.mp4,5523,184.100,1719.861,571.534,1548.384,441.050,1891.337,702.018,0.395,110.000,,
vino.mp4,5524,184.133,1720.601,571.038,1548.389,441.973,1892.813,700.104,0.362,110.000,,
vino.mp4,5525,184.167,1721.017,571.271,1547.618,443.128,1894.417,699.414,0.248,110.000,,
vino.mp4,5526,184.200,1721.640,571.772,1547.623,444.935,1895.658,698.610,0.861,110.000,,
vino.mp4,5527,184.233,1722.195,572.253,1546.605,445.805,1897.786,698.701,0.828,110.000,,
vino.mp4,5528,184.267,1722.552,572.628,1545.595,446.600,1899.509,698.656,0.753,110.000,,
vino.mp4,5529,184.300,1722.315,572.477,1544.100,446.898,1900.530,698.056,0.763,110.000,,
vino.mp4,5530,184.333,1722.365,572.696,1542.145,446.839,1902.585,698.554,0.846,110.000,,
vino.mp4,5531,184.367,1722.358,572.896,1540.481,446.897,1904.235,698.894,0.838,110.000,,
vino.mp4,5532,184.400,1722.625,572.893,1539.515,446.956,1905.735,698.829,0.874,110.000,,
vino.mp4,5533,184.433,1722.445,572.930,1538.275,447.140,1906.614,698.720,0.904,110.000,,
vino.mp4,5534,184.467,1722.808,573.279,1537.713,447.626,1907.904,698.931,0.806,110.000,,
vino.mp4,5535,184.500,1722.524,573.158,1536.715,447.783,1908.333,698.534,0.842,110.000,,
vino.mp4,5536,184.533,1058.524,659.478,770.633,492.435,1346.415,826.522,0.875,116.000,,
vino.mp4,5537,184.567,1049.165,671.514,721.475,479.822,1376.855,863.207,0.526,116.000,,
vino.mp4,5538,184.600,1081.582,602.194,815.897,449.061,1347.267,755.326,0.262,,,
vino.mp4,5539,184.633,,,,,,,,,,
vino.mp4,5540,184.667,,,,,,,,,,
vino.mp4,5541,184.700,,,,,,,,,,
vino.mp4,5542,184.733,,,,,,,,,,
vino.mp4,5543,184.767,,,,,,,,,,
vino.mp4,5544,184.800,1701.237,566.986,1483.928,440.181,1918.545,693.792,0.246,,,
vino.mp4,5545,184.833,,,,,,,,,,
vino.mp4,5546,184.867,1725.449,566.581,1530.898,435.070,1920.000,698.093,0.363,110.000,,
vino.mp4,5547,184.900,1720.690,551.006,1540.637,434.365,1900.743,667.646,0.555,110.000,,
vino.mp4,5548,184.933,1316.240,663.277,1030.767,451.835,1601.713,874.719,0.721,118.000,,
vino.mp4,5549,184.967,1669.795,561.258,1456.740,430.318,1882.851,692.199,0.723,110.000,,
vino.mp4,5550,185.000,1660.989,560.645,1438.800,426.994,1883.178,694.296,0.571,110.000,,
vino.mp4,5551,185.033,,,,,,,,,,
vino.mp4,5552,185.067,1236.690,705.913,798.843,379.658,1674.537,1032.167,0.350,118.000,,
vino.mp4,5553,185.100,1224.978,716.993,821.475,415.720,1628.482,1018.265,0.459,118.000,,
vino.mp4,5554,185.133,1655.914,545.192,1433.123,414.880,1878.706,675.504,0.794,110.000,,
vino.mp4,5555,185.167,1652.754,536.786,1426.658,408.015,1878.851,665.557,0.791,110.000,,
vino.mp4,5556,185.200,1663.929,528.404,1432.076,397.389,1895.781,659.419,0.889,110.000,,
vino.mp4,5557,185.233,1670.079,520.055,1428.104,383.082,1912.053,657.029,0.925,110.000,,
vino.mp4,5558,185.267,1670.807,512.749,1421.615,369.232,1920.000,656.266,0.927,110.000,,
vino.mp4,5559,185.300,1668.765,506.895,1417.530,359.462,1920.000,654.327,0.924,110.000,,
vino.mp4,5560,185.333,1668.220,499.555,1416.441,351.996,1920.000,647.115,0.923,110.000,,
vino.mp4,5561,185.367,1669.423,489.466,1421.949,347.562,1916.898,631.370,0.893,110.000,,
vino.mp4,5562,185.400,1660.957,483.388,1415.959,344.222,1905.954,622.553,0.722,110.000,,
vino.mp4,5563,185.433,1648.435,479.015,1401.660,340.717,1895.211,617.314,0.724,110.000,,
vino.mp4,5564,185.467,1637.147,477.039,1386.279,338.602,1888.014,615.476,0.676,110.000,,
vino.mp4,5565,185.500,1625.280,473.027,1369.242,334.292,1881.317,611.762,0.776,110.000,,
vino.mp4,5566,185.533,1617.978,469.936,1355.613,330.143,1880.343,609.728,0.901,110.000,,
vino.mp4,5567,185.567,1614.382,467.605,1344.767,325.887,1883.998,609.322,0.916,110.000,,
vino.mp4,5568,185.600,1613.093,464.881,1338.303,322.112,1887.883,607.650,0.922,110.000,,
vino.mp4,5569,185.633,1613.196,461.761,1330.648,316.029,1895.744,607.494,0.912,110.000,,
vino.mp4,5570,185.667,1612.554,456.453,1320.911,306.583,1904.196,606.324,0.913,110.000,,
vino.mp4,5571,185.700,1606.798,441.047,1293.595,277.411,1920.000,604.682,0.895,110.000,,
vino.mp4,5572,185.733,1593.136,426.529,1266.272,249.250,1920.000,603.808,0.914,110.000,,
vino.mp4,5573,185.767,1564.184,395.756,1208.368,187.545,1920.000,603.968,0.935,110.000,,
vino.mp4,5574,185.800,1553.730,382.892,1187.460,162.285,1920.000,603.498,0.930,110.000,,
vino.mp4,5575,185.833,1549.583,371.531,1179.166,154.988,1920.000,588.074,0.749,110.000,,
vino.mp4,5576,185.867,1557.551,335.035,1197.386,138.096,1917.716,531.974,0.856,110.000,,
vino.mp4,5577,185.900,1541.323,336.721,1162.646,124.563,1920.000,548.880,0.928,110.000,,
vino.mp4,5578,185.933,1536.682,327.087,1153.363,112.090,1920.000,542.085,0.903,110.000,,
vino.mp4,5579,185.967,1523.497,314.056,1151.390,107.205,1895.603,520.907,0.885,110.000,,
vino.mp4,5580,186.000,1513.152,306.527,1157.414,108.361,1868.891,504.693,0.907,110.000,,
vino.mp4,5581,186.033,1505.551,306.353,1160.948,114.066,1850.154,498.639,0.927,110.000,,
vino.mp4,5582,186.067,1496.894,310.244,1161.650,123.638,1832.138,496.851,0.905,110.000,,
vino.mp4,5583,186.100,1484.404,315.259,1161.749,137.236,1807.058,493.281,0.901,110.000,,
vino.mp4,5584,186.133,1472.121,318.534,1156.995,146.573,1787.247,490.496,0.905,110.000,,
vino.mp4,5585,186.167,1459.648,320.320,1148.119,152.535,1771.176,488.105,0.887,110.000,,
vino.mp4,5586,186.200,1435.626,324.424,1127.060,159.539,1744.192,489.308,0.884,110.000,,
vino.mp4,5587,186.233,1419.178,326.926,1111.340,163.832,1727.015,490.020,0.929,110.000,,
vino.mp4,5588,186.267,1402.217,324.582,1094.318,163.164,1710.116,486.000,0.923,110.000,,
vino.mp4,5589,186.300,1384.732,320.385,1064.870,153.364,1704.594,487.407,0.927,110.000,,
vino.mp4,5590,186.333,1373.958,317.758,1046.861,147.256,1701.056,488.260,0.917,110.000,,
vino.mp4,5591,186.367,1367.566,317.375,1037.106,145.417,1698.027,489.333,0.884,110.000,,
vino.mp4,5592,186.400,1381.537,313.444,1037.755,136.337,1725.319,490.551,0.856,110.000,,
vino.mp4,5593,186.433,1347.578,315.965,1010.546,142.658,1684.609,489.273,0.920,110.000,,
vino.mp4,5594,186.467,1322.776,318.536,987.700,146.421,1657.852,490.651,0.480,110.000,,
vino.mp4,5595,186.500,1299.947,317.551,965.319,145.556,1634.576,489.546,0.844,110.000,,
vino.mp4,5596,186.533,1275.937,315.219,935.968,139.355,1615.906,491.083,0.776,110.000,,
vino.mp4,5597,186.567,1244.494,311.537,901.762,132.191,1587.226,490.884,0.867,110.000,,
vino.mp4,5598,186.600,1214.923,309.450,872.404,127.458,1557.443,491.442,0.864,110.000,,
vino.mp4,5599,186.633,1196.275,303.343,852.849,117.648,1539.700,489.038,0.868,110.000,,
vino.mp4,5600,186.667,1182.658,299.257,828.280,103.796,1537.037,494.718,0.861,110.000,,
vino.mp4,5601,186.700,1160.992,297.517,808.016,99.585,1513.969,495.449,0.860,110.000,,
vino.mp4,5602,186.733,1147.028,297.394,786.467,91.160,1507.590,503.628,0.884,110.000,,
vino.mp4,5603,186.767,1133.699,296.987,781.937,92.425,1485.461,501.549,0.688,110.000,,
vino.mp4,5604,186.800,1114.725,296.656,768.042,91.932,1461.408,501.380,0.714,110.000,,
vino.mp4,5605,186.833,1098.804,296.601,756.081,90.976,1441.527,502.226,0.826,110.000,,
vino.mp4,5606,186.867,1082.052,297.359,743.478,90.962,1420.626,503.755,0.811,110.000,,
vino.mp4,5607,186.900,1067.587,303.159,730.916,94.905,1404.257,511.412,0.484,110.000,,
vino.mp4,5608,186.933,,,,,,,,,,
vino.mp4,5609,186.967,,,,,,,,,,
vino.mp4,5610,187.000,,,,,,,,,,
vino.mp4,5611,187.033,,,,,,,,,,
vino.mp4,5612,187.067,,,,,,,,,,
vino.mp4,5613,187.100,,,,,,,,,,
vino.mp4,5614,187.133,985.661,345.139,625.552,116.078,1345.770,574.200,0.525,110.000,,
vino.mp4,5615,187.167,,,,,,,,,,
vino.mp4,5616,187.200,,,,,,,,,,
vino.mp4,5617,187.233,,,,,,,,,,
vino.mp4,5618,187.267,917.248,351.455,575.976,126.529,1258.521,576.380,0.584,110.000,,
vino.mp4,5619,187.300,901.133,353.483,571.570,129.755,1230.695,577.211,0.598,110.000,,
vino.mp4,5620,187.333,885.549,359.533,562.790,134.661,1208.308,584.406,0.547,110.000,,
vino.mp4,5621,187.367,871.799,367.097,552.599,139.619,1190.999,594.574,0.808,110.000,,
vino.mp4,5622,187.400,,,,,,,,,,
vino.mp4,5623,187.433,,,,,,,,,,
vino.mp4,5624,187.467,833.164,391.031,499.639,146.990,1166.689,635.071,0.774,110.000,,
vino.mp4,5625,187.500,,,,,,,,,,
vino.mp4,5626,187.533,,,,,,,,,,
vino.mp4,5627,187.567,779.377,396.249,451.824,150.350,1106.929,642.148,0.506,110.000,,
vino.mp4,5628,187.600,763.205,396.267,440.334,147.785,1086.076,644.749,0.454,110.000,,
vino.mp4,5629,187.633,746.258,401.039,428.847,151.405,1063.669,650.673,0.606,110.000,,
vino.mp4,5630,187.667,731.418,408.208,421.691,160.313,1041.144,656.103,0.676,110.000,,
vino.mp4,5631,187.700,716.853,418.014,412.616,170.545,1021.090,665.483,0.503,110.000,,
vino.mp4,5632,187.733,704.318,429.121,402.329,179.895,1006.307,678.347,0.522,110.000,,
vino.mp4,5633,187.767,,,,,,,,,,
vino.mp4,5634,187.800,,,,,,,,,,
vino.mp4,5635,187.833,,,,,,,,,,
vino.mp4,5636,187.867,,,,,,,,,,
vino.mp4,5637,187.900,,,,,,,,,,
vino.mp4,5638,187.933,639.615,481.960,325.464,216.246,953.767,747.673,0.554,110.000,,
vino.mp4,5639,187.967,625.100,491.862,314.050,222.592,936.150,761.132,0.661,110.000,,
vino.mp4,5640,188.000,610.678,500.873,302.620,227.748,918.735,773.998,0.498,110.000,,
vino.mp4,5641,188.033,,,,,,,,,,
vino.mp4,5642,188.067,,,,,,,,,,
vino.mp4,5643,188.100,,,,,,,,,,
vino.mp4,5644,188.133,576.727,544.383,260.631,252.441,892.823,836.325,0.493,110.000,,
vino.mp4,5645,188.167,570.227,553.125,258.664,255.216,881.791,851.034,0.666,110.000,,
vino.mp4,5646,188.200,564.517,559.466,254.559,253.566,874.474,865.366,0.665,110.000,,
vino.mp4,5647,188.233,,,,,,,,,,
vino.mp4,5648,188.267,,,,,,,,,,
vino.mp4,5649,188.300,530.027,574.565,217.133,251.084,842.921,898.045,0.576,110.000,,
vino.mp4,5650,188.333,,,,,,,,,,
vino.mp4,5651,188.367,504.106,586.084,202.258,258.589,805.954,913.578,0.487,110.000,,
vino.mp4,5652,188.400,492.069,592.571,201.611,263.592,782.527,921.549,0.244,110.000,,
vino.mp4,5653,188.433,,,,,,,,,,
vino.mp4,5654,188.467,,,,,,,,,,
vino.mp4,5655,188.500,467.848,614.440,193.141,289.704,742.556,939.175,0.504,110.000,,
vino.mp4,5656,188.533,464.011,623.376,198.330,298.018,729.692,948.734,0.391,110.000,,
vino.mp4,5657,188.567,460.504,633.447,198.975,302.697,722.034,964.197,0.813,110.000,,
vino.mp4,5658,188.600,457.823,646.897,196.891,306.559,718.755,987.235,0.771,110.000,,
vino.mp4,5659,188.633,455.823,656.274,199.067,311.584,712.580,1000.963,0.791,110.000,,
vino.mp4,5660,188.667,452.250,662.680,201.482,316.564,703.018,1008.796,0.885,110.000,,
vino.mp4,5661,188.700,444.694,668.130,195.975,314.787,693.413,1021.474,0.837,110.000,,
vino.mp4,5662,188.733,439.202,673.233,191.681,311.045,686.723,1035.421,0.716,110.000,,
vino.mp4,5663,188.767,435.613,682.930,192.228,316.742,678.998,1049.118,0.744,110.000,,
vino.mp4,5664,188.800,432.375,693.572,193.949,325.859,670.802,1061.285,0.269,110.000,,
vino.mp4,5665,188.833,430.603,704.442,197.772,337.239,663.434,1071.644,0.354,110.000,,
vino.mp4,5666,188.867,428.303,710.421,200.175,343.450,656.431,1077.391,0.704,110.000,,
vino.mp4,5667,188.900,,,,,,,,,,
vino.mp4,5668,188.933,421.031,716.494,199.417,353.881,642.645,1079.106,0.523,110.000,,
vino.mp4,5669,188.967,,,,,,,,,,
vino.mp4,5670,189.000,409.725,721.419,194.707,365.248,624.743,1077.589,0.632,110.000,,
vino.mp4,5671,189.033,403.610,723.623,192.113,369.866,615.106,1077.380,0.731,110.000,,
vino.mp4,5672,189.067,399.021,725.249,190.131,373.225,607.911,1077.273,0.579,110.000,,
vino.mp4,5673,189.100,394.193,724.961,185.754,371.640,602.632,1078.283,0.825,110.000,,
vino.mp4,5674,189.133,389.293,732.403,185.453,386.510,593.132,1078.296,0.820,110.000,,
vino.mp4,5675,189.167,385.543,736.378,184.207,394.870,586.879,1077.885,0.732,110.000,,
vino.mp4,5676,189.200,381.618,742.717,183.893,408.297,579.342,1077.137,0.624,110.000,,
vino.mp4,5677,189.233,374.218,747.234,178.640,417.596,569.796,1076.871,0.688,110.000,,
vino.mp4,5678,189.267,368.789,752.917,175.726,429.054,561.851,1076.781,0.669,110.000,,
vino.mp4,5679,189.300,362.325,758.888,171.627,440.677,553.022,1077.099,0.583,110.000,,
vino.mp4,5680,189.333,353.433,764.271,165.525,451.925,541.341,1076.617,0.424,110.000,,
vino.mp4,5681,189.367,346.666,767.529,160.242,458.795,533.090,1076.264,0.413,110.000,,
vino.mp4,5682,189.400,338.784,770.767,154.077,465.962,523.490,1075.573,0.419,110.000,,
vino.mp4,5683,189.433,333.979,774.917,150.960,474.037,516.998,1075.797,0.309,110.000,,
vino.mp4,5684,189.467,331.037,779.596,149.766,483.165,512.308,1076.026,0.391,110.000,,
vino.mp4,5685,189.500,330.534,789.952,153.535,503.090,507.534,1076.814,0.397,110.000,,
vino.mp4,5686,189.533,329.496,795.871,153.942,514.317,505.050,1077.424,0.571,110.000,,
vino.mp4,5687,189.567,327.987,801.220,153.754,525.021,502.221,1077.419,0.626,110.000,,
vino.mp4,5688,189.600,1738.241,623.260,1556.483,392.732,1920.000,853.789,0.612,127.000,,
vino.mp4,5689,189.633,319.349,808.315,144.179,538.705,494.519,1077.924,0.621,110.000,,
vino.mp4,5690,189.667,1741.346,537.835,1562.692,384.246,1920.000,691.424,0.475,128.000,,
vino.mp4,5691,189.700,1741.425,533.864,1562.849,379.274,1920.000,688.453,0.745,128.000,,
vino.mp4,5692,189.733,300.722,810.766,116.826,543.560,484.617,1077.972,0.496,110.000,,
vino.mp4,5693,189.767,295.530,821.358,113.724,564.138,477.336,1078.578,0.659,110.000,,
vino.mp4,5694,189.800,1735.670,525.203,1563.694,380.389,1907.646,670.017,0.474,128.000,,
vino.mp4,5695,189.833,1739.873,529.285,1569.103,385.786,1910.644,672.783,0.438,128.000,,
vino.mp4,5696,189.867,1741.820,531.640,1573.014,390.252,1910.626,673.029,0.745,128.000,,
vino.mp4,5697,189.900,1738.824,534.307,1570.739,394.352,1906.910,674.263,0.544,128.000,,
vino.mp4,5698,189.933,1739.354,534.821,1572.921,397.110,1905.788,672.532,0.739,128.000,,
vino.mp4,5699,189.967,1739.817,536.478,1574.060,400.237,1905.574,672.719,0.874,128.000,,
vino.mp4,5700,190.000,1740.048,538.048,1575.264,403.595,1904.832,672.502,0.757,128.000,,
vino.mp4,5701,190.033,1741.267,540.152,1578.625,408.544,1903.909,671.759,0.829,128.000,,
vino.mp4,5702,190.067,1743.150,540.235,1581.818,410.705,1904.483,669.764,0.828,128.000,,
vino.mp4,5703,190.100,1744.624,542.051,1581.506,411.761,1907.742,672.341,0.627,128.000,,
vino.mp4,5704,190.133,1746.022,541.691,1582.613,411.800,1909.431,671.583,0.818,128.000,,
vino.mp4,5705,190.167,1747.333,543.182,1582.483,412.533,1912.183,673.832,0.854,128.000,,
vino.mp4,5706,190.200,1749.461,545.543,1584.433,415.001,1914.490,676.086,0.878,128.000,,
vino.mp4,5707,190.233,1750.754,546.698,1586.907,417.441,1914.601,675.954,0.871,128.000,,
vino.mp4,5708,190.267,1751.518,547.316,1588.042,418.661,1914.993,675.970,0.894,128.000,,
vino.mp4,5709,190.300,1748.517,548.951,1584.325,420.347,1912.710,677.554,0.887,128.000,,
vino.mp4,5710,190.333,1744.449,550.118,1576.744,419.334,1912.154,680.901,0.873,128.000,,
vino.mp4,5711,190.367,1744.590,548.589,1574.868,416.502,1914.313,680.676,0.864,128.000,,
vino.mp4,5712,190.400,1742.821,546.489,1571.263,413.346,1914.378,679.633,0.871,128.000,,
vino.mp4,5713,190.433,1745.005,544.721,1571.803,410.187,1918.206,679.256,0.891,128.000,,
vino.mp4,5714,190.467,1746.596,543.441,1573.193,407.647,1920.000,679.235,0.880,128.000,,
vino.mp4,5715,190.500,1746.151,542.804,1572.302,405.329,1920.000,680.279,0.895,128.000,,
vino.mp4,5716,190.533,1745.910,541.295,1571.820,402.016,1920.000,680.573,0.899,128.000,,
vino.mp4,5717,190.567,1745.284,540.521,1570.568,398.547,1920.000,682.496,0.900,128.000,,
vino.mp4,5718,190.600,1744.918,539.186,1569.836,395.423,1920.000,682.948,0.868,128.000,,
vino.mp4,5719,190.633,1745.841,537.902,1571.681,392.196,1920.000,683.608,0.865,128.000,,
vino.mp4,5720,190.667,1746.893,536.335,1573.787,389.689,1920.000,682.982,0.788,128.000,,
vino.mp4,5721,190.700,1748.901,534.029,1577.802,387.512,1920.000,680.547,0.750,128.000,,
vino.mp4,5722,190.733,1749.639,532.160,1579.279,385.440,1920.000,678.881,0.797,128.000,,
vino.mp4,5723,190.767,1750.029,529.698,1580.058,382.581,1920.000,676.815,0.776,128.000,,
vino.mp4,5724,190.800,1751.760,527.461,1583.520,379.965,1920.000,674.957,0.721,128.000,,
vino.mp4,5725,190.833,1751.749,526.578,1583.499,377.103,1920.000,676.053,0.760,128.000,,
vino.mp4,5726,190.867,1751.323,525.472,1582.647,374.706,1920.000,676.238,0.750,128.000,,
vino.mp4,5727,190.900,1749.547,527.570,1579.094,372.930,1920.000,682.210,0.799,128.000,,
vino.mp4,5728,190.933,1748.537,528.103,1577.073,371.956,1920.000,684.249,0.793,128.000,,
vino.mp4,5729,190.967,1748.146,529.049,1576.292,371.959,1920.000,686.140,0.885,128.000,,
vino.mp4,5730,191.000,1746.724,530.806,1573.449,371.512,1920.000,690.100,0.860,128.000,,
vino.mp4,5731,191.033,1744.956,531.296,1569.912,370.372,1920.000,692.220,0.869,128.000,,
vino.mp4,5732,191.067,1744.837,531.920,1569.674,371.324,1920.000,692.515,0.779,128.000,,
vino.mp4,5733,191.100,1745.860,533.461,1571.719,374.152,1920.000,692.769,0.892,128.000,,
vino.mp4,5734,191.133,1747.486,538.623,1574.972,381.819,1920.000,695.427,0.878,128.000,,
vino.mp4,5735,191.167,1748.868,545.356,1579.055,392.441,1918.681,698.270,0.859,128.000,,
vino.mp4,5736,191.200,1748.257,552.491,1581.859,403.318,1914.655,701.663,0.783,128.000,,
vino.mp4,5737,191.233,1748.416,557.501,1585.467,412.342,1911.364,702.660,0.852,128.000,,
vino.mp4,5738,191.267,1747.897,561.833,1589.216,421.938,1906.577,701.728,0.652,128.000,,
vino.mp4,5739,191.300,1748.165,566.181,1591.393,429.361,1904.937,703.001,0.777,128.000,,
vino.mp4,5740,191.333,1748.271,569.398,1592.463,434.787,1904.079,704.009,0.563,128.000,,
vino.mp4,5741,191.367,1748.228,575.404,1588.720,438.381,1907.735,712.426,0.740,128.000,,
vino.mp4,5742,191.400,1730.620,623.052,1541.240,439.984,1920.000,806.120,0.647,128.000,,
vino.mp4,5743,191.433,1744.650,598.375,1569.301,441.134,1920.000,755.616,0.708,128.000,,
vino.mp4,5744,191.467,1727.904,632.336,1535.809,440.394,1920.000,824.277,0.677,128.000,,
vino.mp4,5745,191.500,1724.428,643.810,1528.857,440.098,1920.000,847.522,0.572,128.000,,
vino.mp4,5746,191.533,1726.093,644.776,1532.187,439.626,1920.000,849.926,0.484,128.000,,
vino.mp4,5747,191.567,1726.754,647.845,1533.509,439.801,1920.000,855.889,0.567,128.000,,
vino.mp4,5748,191.600,1727.895,648.985,1535.791,439.302,1920.000,858.668,0.596,128.000,,
vino.mp4,5749,191.633,1729.253,648.859,1538.505,438.598,1920.000,859.120,0.567,128.000,,
vino.mp4,5750,191.667,1730.068,649.016,1540.136,437.664,1920.000,860.368,0.320,128.000,,
vino.mp4,5751,191.700,1732.494,647.006,1544.987,436.346,1920.000,857.665,0.622,128.000,,
vino.mp4,5752,191.733,1734.635,646.518,1549.270,436.217,1920.000,856.820,0.725,128.000,,
vino.mp4,5753,191.767,1735.834,646.343,1551.668,435.454,1920.000,857.232,0.711,128.000,,
vino.mp4,5754,191.800,1737.020,645.838,1554.041,434.565,1920.000,857.110,0.706,128.000,,
vino.mp4,5755,191.833,1738.050,645.745,1556.099,433.962,1920.000,857.527,0.724,128.000,,
vino.mp4,5756,191.867,1739.268,645.038,1558.536,433.594,1920.000,856.483,0.691,128.000,,
vino.mp4,5757,191.900,1740.466,644.409,1560.931,433.264,1920.000,855.554,0.756,128.000,,
vino.mp4,5758,191.933,1741.557,644.229,1563.114,433.011,1920.000,855.448,0.752,128.000,,
vino.mp4,5759,191.967,1742.610,643.600,1565.220,432.708,1920.000,854.493,0.692,128.000,,
vino.mp4,5760,192.000,1743.035,644.263,1566.069,432.025,1920.000,856.500,0.651,128.000,,
vino.mp4,5761,192.033,1743.904,643.265,1567.808,431.842,1920.000,854.688,0.743,128.000,,
vino.mp4,5762,192.067,1746.081,640.315,1572.161,431.936,1920.000,848.694,0.563,128.000,,
vino.mp4,5763,192.100,1751.020,605.356,1598.123,431.538,1903.916,779.174,0.579,128.000,,
vino.mp4,5764,192.133,1755.507,631.728,1591.013,431.606,1920.000,831.849,0.219,128.000,,
vino.mp4,5765,192.167,1768.389,629.479,1616.779,429.596,1920.000,829.362,0.129,128.000,,
vino.mp4,5766,192.200,,,,,,,,,,
vino.mp4,5767,192.233,,,,,,,,,,
vino.mp4,5768,192.267,,,,,,,,,,
vino.mp4,5769,192.300,,,,,,,,,,
vino.mp4,5770,192.333,,,,,,,,,,
vino.mp4,5771,192.367,,,,,,,,,,
vino.mp4,5772,192.400,,,,,,,,,,
vino.mp4,5773,192.433,,,,,,,,,,
vino.mp4,5774,192.467,,,,,,,,,,
vino.mp4,5775,192.500,,,,,,,,,,
vino.mp4,5776,192.533,,,,,,,,,,
vino.mp4,5777,192.567,,,,,,,,,,
vino.mp4,5778,192.600,,,,,,,,,,
vino.mp4,5779,192.633,,,,,,,,,,
vino.mp4,5780,192.667,,,,,,,,,,
vino.mp4,5781,192.700,,,,,,,,,,
vino.mp4,5782,192.733,,,,,,,,,,
vino.mp4,5783,192.767,,,,,,,,,,
vino.mp4,5784,192.800,,,,,,,,,,
vino.mp4,5785,192.833,,,,,,,,,,
vino.mp4,5786,192.867,,,,,,,,,,
vino.mp4,5787,192.900,,,,,,,,,,
vino.mp4,5788,192.933,,,,,,,,,,
vino.mp4,5789,192.967,,,,,,,,,,
vino.mp4,5790,193.000,,,,,,,,,,
vino.mp4,5791,193.033,,,,,,,,,,
vino.mp4,5792,193.067,,,,,,,,,,
vino.mp4,5793,193.100,,,,,,,,,,
vino.mp4,5794,193.133,,,,,,,,,,
vino.mp4,5795,193.167,,,,,,,,,,
vino.mp4,5796,193.200,,,,,,,,,,
vino.mp4,5797,193.233,,,,,,,,,,
vino.mp4,5798,193.267,,,,,,,,,,
vino.mp4,5799,193.300,,,,,,,,,,
vino.mp4,5800,193.333,,,,,,,,,,
vino.mp4,5801,193.367,,,,,,,,,,
vino.mp4,5802,193.400,,,,,,,,,,
vino.mp4,5803,193.433,,,,,,,,,,
vino.mp4,5804,193.467,1749.576,520.336,1584.282,424.923,1914.870,615.749,0.274,,,
vino.mp4,5805,193.500,1749.052,519.606,1578.105,420.228,1920.000,618.984,0.475,132.000,,
vino.mp4,5806,193.533,1745.900,519.805,1571.801,416.372,1920.000,623.237,0.517,132.000,,
vino.mp4,5807,193.567,1742.993,521.986,1565.986,414.759,1920.000,629.214,0.735,132.000,,
vino.mp4,5808,193.600,1739.487,525.890,1558.975,414.100,1920.000,637.681,0.677,132.000,,
vino.mp4,5809,193.633,1734.671,532.272,1549.343,414.070,1920.000,650.474,0.587,132.000,,
vino.mp4,5810,193.667,1729.690,539.849,1539.380,414.474,1920.000,665.225,0.508,132.000,,
vino.mp4,5811,193.700,1724.688,548.069,1529.376,414.964,1920.000,681.175,0.444,132.000,,
vino.mp4,5812,193.733,1719.516,557.180,1519.031,415.114,1920.000,699.245,0.591,132.000,,
vino.mp4,5813,193.767,1722.377,556.324,1524.755,415.282,1920.000,697.366,0.577,132.000,,
vino.mp4,5814,193.800,1725.351,555.496,1530.701,415.806,1920.000,695.186,0.307,132.000,,
vino.mp4,5815,193.833,1727.144,552.056,1534.288,411.854,1920.000,692.257,0.485,132.000,,
vino.mp4,5816,193.867,1732.910,538.222,1545.820,403.631,1920.000,672.812,0.708,132.000,,
vino.mp4,5817,193.900,1733.082,536.662,1546.163,399.705,1920.000,673.618,0.657,132.000,,
vino.mp4,5818,193.933,1744.824,517.976,1569.648,395.929,1920.000,640.024,0.715,132.000,,
vino.mp4,5819,193.967,1753.094,503.321,1586.870,392.810,1919.317,613.832,0.705,132.000,,
vino.mp4,5820,194.000,1753.653,494.328,1596.390,390.575,1910.915,598.081,0.605,132.000,,
vino.mp4,5821,194.033,1752.829,471.374,1621.216,387.645,1884.442,555.103,0.513,132.000,,
vino.mp4,5822,194.067,1750.525,720.954,1581.050,384.766,1920.000,1057.142,0.740,135.000,,
vino.mp4,5823,194.100,1750.874,719.423,1581.749,383.328,1920.000,1055.519,0.503,135.000,,
vino.mp4,5824,194.133,,,,,,,,,,
vino.mp4,5825,194.167,,,,,,,,,,
vino.mp4,5826,194.200,,,,,,,,,,
vino.mp4,5827,194.233,,,,,,,,,,
vino.mp4,5828,194.267,,,,,,,,,,
vino.mp4,5829,194.300,,,,,,,,,,
vino.mp4,5830,194.333,1756.591,721.919,1593.183,389.803,1920.000,1054.035,0.533,135.000,,
vino.mp4,5831,194.367,1758.541,725.177,1597.082,392.293,1920.000,1058.062,0.555,135.000,,
vino.mp4,5832,194.400,1761.376,728.465,1602.751,397.542,1920.000,1059.389,0.338,135.000,,
vino.mp4,5833,194.433,1765.029,732.233,1610.057,404.614,1920.000,1059.853,0.155,135.000,,
vino.mp4,5834,194.467,1764.131,736.682,1608.262,411.640,1920.000,1061.724,0.153,135.000,,
vino.mp4,5835,194.500,1772.524,630.408,1625.891,425.240,1919.157,835.576,0.255,,,
vino.mp4,5836,194.533,1771.024,589.065,1623.302,438.289,1918.745,739.842,0.201,,,
vino.mp4,5837,194.567,1775.331,575.734,1631.988,447.436,1918.674,704.032,0.109,,,
vino.mp4,5838,194.600,1646.784,598.467,1374.380,337.122,1919.188,859.811,0.467,,,
vino.mp4,5839,194.633,1759.549,584.844,1600.783,469.854,1918.315,699.833,0.517,,,
vino.mp4,5840,194.667,1740.079,595.412,1561.542,474.717,1918.617,716.106,0.320,,,
vino.mp4,5841,194.700,,,,,,,,,,
vino.mp4,5842,194.733,,,,,,,,,,
vino.mp4,5843,194.767,,,,,,,,,,
vino.mp4,5844,194.800,,,,,,,,,,
vino.mp4,5845,194.833,,,,,,,,,,
vino.mp4,5846,194.867,,,,,,,,,,
vino.mp4,5847,194.900,,,,,,,,,,
vino.mp4,5848,194.933,,,,,,,,,,
vino.mp4,5849,194.967,,,,,,,,,,
vino.mp4,5850,195.000,,,,,,,,,,
vino.mp4,5851,195.033,1705.964,510.291,1525.104,436.637,1886.823,583.945,0.136,,,
vino.mp4,5852,195.067,,,,,,,,,,
vino.mp4,5853,195.100,,,,,,,,,,
vino.mp4,5854,195.133,,,,,,,,,,
vino.mp4,5855,195.167,,,,,,,,,,
vino.mp4,5856,195.200,,,,,,,,,,
vino.mp4,5857,195.233,,,,,,,,,,
vino.mp4,5858,195.267,,,,,,,,,,
vino.mp4,5859,195.300,,,,,,,,,,
vino.mp4,5860,195.333,,,,,,,,,,
vino.mp4,5861,195.367,,,,,,,,,,
vino.mp4,5862,195.400,,,,,,,,,,
vino.mp4,5863,195.433,,,,,,,,,,
vino.mp4,5864,195.467,,,,,,,,,,
vino.mp4,5865,195.500,,,,,,,,,,
vino.mp4,5866,195.533,,,,,,,,,,
vino.mp4,5867,195.567,,,,,,,,,,
vino.mp4,5868,195.600,,,,,,,,,,
vino.mp4,5869,195.633,,,,,,,,,,
vino.mp4,5870,195.667,,,,,,,,,,
vino.mp4,5871,195.700,,,,,,,,,,
vino.mp4,5872,195.733,,,,,,,,,,
vino.mp4,5873,195.767,,,,,,,,,,
vino.mp4,5874,195.800,,,,,,,,,,
vino.mp4,5875,195.833,,,,,,,,,,
vino.mp4,5876,195.867,,,,,,,,,,
vino.mp4,5877,195.900,,,,,,,,,,
vino.mp4,5878,195.933,,,,,,,,,,
vino.mp4,5879,195.967,,,,,,,,,,
vino.mp4,5880,196.000,1736.418,659.358,1554.040,471.212,1918.796,847.504,0.157,,,
vino.mp4,5881,196.033,1736.528,662.215,1554.275,471.387,1918.781,853.043,0.137,,,
vino.mp4,5882,196.067,,,,,,,,,,
vino.mp4,5883,196.100,1735.927,656.649,1553.105,468.284,1918.749,845.015,0.153,,,
vino.mp4,5884,196.133,1735.709,622.351,1552.797,467.565,1918.620,777.138,0.209,,,
vino.mp4,5885,196.167,,,,,,,,,,
vino.mp4,5886,196.200,,,,,,,,,,
vino.mp4,5887,196.233,,,,,,,,,,
vino.mp4,5888,196.267,,,,,,,,,,
vino.mp4,5889,196.300,,,,,,,,,,
vino.mp4,5890,196.333,,,,,,,,,,
vino.mp4,5891,196.367,,,,,,,,,,
vino.mp4,5892,196.400,,,,,,,,,,
vino.mp4,5893,196.433,,,,,,,,,,
vino.mp4,5894,196.467,,,,,,,,,,
vino.mp4,5895,196.500,,,,,,,,,,
vino.mp4,5896,196.533,,,,,,,,,,
vino.mp4,5897,196.567,,,,,,,,,,
vino.mp4,5898,196.600,,,,,,,,,,
vino.mp4,5899,196.633,,,,,,,,,,
vino.mp4,5900,196.667,,,,,,,,,,
vino.mp4,5901,196.700,,,,,,,,,,
vino.mp4,5902,196.733,,,,,,,,,,
vino.mp4,5903,196.767,,,,,,,,,,
vino.mp4,5904,196.800,,,,,,,,,,
vino.mp4,5905,196.833,,,,,,,,,,
vino.mp4,5906,196.867,,,,,,,,,,
vino.mp4,5907,196.900,,,,,,,,,,
vino.mp4,5908,196.933,,,,,,,,,,
vino.mp4,5909,196.967,,,,,,,,,,
vino.mp4,5910,197.000,,,,,,,,,,
vino.mp4,5911,197.033,,,,,,,,,,
vino.mp4,5912,197.067,,,,,,,,,,
vino.mp4,5913,197.100,,,,,,,,,,
vino.mp4,5914,197.133,,,,,,,,,,
vino.mp4,5915,197.167,,,,,,,,,,
vino.mp4,5916,197.200,,,,,,,,,,
vino.mp4,5917,197.233,,,,,,,,,,
vino.mp4,5918,197.267,,,,,,,,,,
vino.mp4,5919,197.300,,,,,,,,,,
vino.mp4,5920,197.333,,,,,,,,,,
vino.mp4,5921,197.367,,,,,,,,,,
vino.mp4,5922,197.400,,,,,,,,,,
vino.mp4,5923,197.433,,,,,,,,,,
vino.mp4,5924,197.467,,,,,,,,,,
vino.mp4,5925,197.500,,,,,,,,,,
vino.mp4,5926,197.533,,,,,,,,,,
vino.mp4,5927,197.567,,,,,,,,,,
vino.mp4,5928,197.600,,,,,,,,,,
vino.mp4,5929,197.633,,,,,,,,,,
vino.mp4,5930,197.667,,,,,,,,,,
vino.mp4,5931,197.700,,,,,,,,,,
vino.mp4,5932,197.733,,,,,,,,,,
vino.mp4,5933,197.767,,,,,,,,,,
vino.mp4,5934,197.800,,,,,,,,,,
vino.mp4,5935,197.833,,,,,,,,,,
vino.mp4,5936,197.867,,,,,,,,,,
vino.mp4,5937,197.900,,,,,,,,,,
vino.mp4,5938,197.933,,,,,,,,,,
vino.mp4,5939,197.967,,,,,,,,,,
vino.mp4,5940,198.000,,,,,,,,,,
vino.mp4,5941,198.033,,,,,,,,,,
vino.mp4,5942,198.067,,,,,,,,,,
vino.mp4,5943,198.100,,,,,,,,,,
vino.mp4,5944,198.133,,,,,,,,,,
vino.mp4,5945,198.167,,,,,,,,,,
vino.mp4,5946,198.200,,,,,,,,,,
vino.mp4,5947,198.233,,,,,,,,,,
vino.mp4,5948,198.267,1740.929,553.292,1563.071,446.100,1918.786,660.484,0.366,,,
vino.mp4,5949,198.300,1703.188,543.900,1488.428,447.109,1917.947,640.692,0.277,,,
vino.mp4,5950,198.333,1701.419,542.628,1484.140,447.791,1918.698,637.465,0.143,,,
vino.mp4,5951,198.367,,,,,,,,,,
vino.mp4,5952,198.400,,,,,,,,,,
vino.mp4,5953,198.433,1646.365,566.736,1374.601,440.443,1918.129,693.028,0.199,,,
vino.mp4,5954,198.467,,,,,,,,,,
vino.mp4,5955,198.500,,,,,,,,,,
vino.mp4,5956,198.533,,,,,,,,,,
vino.mp4,5957,198.567,,,,,,,,,,
vino.mp4,5958,198.600,1648.086,488.981,1376.171,334.810,1920.000,643.152,0.192,,,
vino.mp4,5959,198.633,,,,,,,,,,
vino.mp4,5960,198.667,,,,,,,,,,
vino.mp4,5961,198.700,,,,,,,,,,
vino.mp4,5962,198.733,,,,,,,,,,
vino.mp4,5963,198.767,,,,,,,,,,
vino.mp4,5964,198.800,,,,,,,,,,
vino.mp4,5965,198.833,,,,,,,,,,
vino.mp4,5966,198.867,,,,,,,,,,
vino.mp4,5967,198.900,,,,,,,,,,
vino.mp4,5968,198.933,,,,,,,,,,
vino.mp4,5969,198.967,,,,,,,,,,
vino.mp4,5970,199.000,,,,,,,,,,
vino.mp4,5971,199.033,,,,,,,,,,
vino.mp4,5972,199.067,,,,,,,,,,
vino.mp4,5973,199.100,,,,,,,,,,
vino.mp4,5974,199.133,,,,,,,,,,
vino.mp4,5975,199.167,,,,,,,,,,
vino.mp4,5976,199.200,,,,,,,,,,
vino.mp4,5977,199.233,,,,,,,,,,
vino.mp4,5978,199.267,,,,,,,,,,
vino.mp4,5979,199.300,,,,,,,,,,
vino.mp4,5980,199.333,,,,,,,,,,
vino.mp4,5981,199.367,,,,,,,,,,
vino.mp4,5982,199.400,,,,,,,,,,
vino.mp4,5983,199.433,,,,,,,,,,
vino.mp4,5984,199.467,,,,,,,,,,
vino.mp4,5985,199.500,1719.193,563.181,1520.482,445.337,1917.904,681.024,0.186,,,
vino.mp4,5986,199.533,1719.975,573.387,1520.917,442.694,1919.033,704.080,0.253,,,
vino.mp4,5987,199.567,,,,,,,,,,
vino.mp4,5988,199.600,1721.565,573.237,1524.120,441.631,1919.011,704.843,0.174,,,
vino.mp4,5989,199.633,1724.579,584.543,1530.321,440.856,1918.837,728.230,0.429,,,
vino.mp4,5990,199.667,1725.372,580.894,1531.948,440.236,1918.796,721.551,0.300,,,
vino.mp4,5991,199.700,1723.049,583.348,1526.097,438.888,1920.000,727.809,0.431,145.000,,
vino.mp4,5992,199.733,1724.829,575.112,1537.606,439.078,1912.053,711.146,0.253,145.000,,
vino.mp4,5993,199.767,1724.508,568.724,1545.231,438.804,1903.786,698.644,0.338,145.000,,
vino.mp4,5994,199.800,1722.141,582.998,1524.795,439.791,1919.488,726.205,0.198,145.000,,
vino.mp4,5995,199.833,1705.819,699.475,1491.638,439.784,1920.000,959.166,0.371,146.000,,
vino.mp4,5996,199.867,,,,,,,,,,
vino.mp4,5997,199.900,,,,,,,,,,
vino.mp4,5998,199.933,,,,,,,,,,
vino.mp4,5999,199.967,,,,,,,,,,
vino.mp4,6000,200.000,,,,,,,,,,
vino.mp4,6001,200.033,,,,,,,,,,
vino.mp4,6002,200.067,,,,,,,,,,
vino.mp4,6003,200.100,,,,,,,,,,
vino.mp4,6004,200.133,,,,,,,,,,
vino.mp4,6005,200.167,,,,,,,,,,
vino.mp4,6006,200.200,,,,,,,,,,
vino.mp4,6007,200.233,,,,,,,,,,
vino.mp4,6008,200.267,,,,,,,,,,
vino.mp4,6009,200.300,,,,,,,,,,
vino.mp4,6010,200.333,,,,,,,,,,
vino.mp4,6011,200.367,,,,,,,,,,
vino.mp4,6012,200.400,,,,,,,,,,
vino.mp4,6013,200.433,,,,,,,,,,
vino.mp4,6014,200.467,,,,,,,,,,
vino.mp4,6015,200.500,,,,,,,,,,
vino.mp4,6016,200.533,,,,,,,,,,
vino.mp4,6017,200.567,,,,,,,,,,
vino.mp4,6018,200.600,,,,,,,,,,
vino.mp4,6019,200.633,,,,,,,,,,
vino.mp4,6020,200.667,,,,,,,,,,
vino.mp4,6021,200.700,,,,,,,,,,
vino.mp4,6022,200.733,,,,,,,,,,
vino.mp4,6023,200.767,,,,,,,,,,
vino.mp4,6024,200.800,,,,,,,,,,
vino.mp4,6025,200.833,,,,,,,,,,
vino.mp4,6026,200.867,,,,,,,,,,
vino.mp4,6027,200.900,,,,,,,,,,
vino.mp4,6028,200.933,,,,,,,,,,
vino.mp4,6029,200.967,,,,,,,,,,
vino.mp4,6030,201.000,,,,,,,,,,
vino.mp4,6031,201.033,,,,,,,,,,
vino.mp4,6032,201.067,,,,,,,,,,
vino.mp4,6033,201.100,,,,,,,,,,
vino.mp4,6034,201.133,,,,,,,,,,
vino.mp4,6035,201.167,,,,,,,,,,
vino.mp4,6036,201.200,,,,,,,,,,
vino.mp4,6037,201.233,,,,,,,,,,
vino.mp4,6038,201.267,,,,,,,,,,
vino.mp4,6039,201.300,,,,,,,,,,
vino.mp4,6040,201.333,,,,,,,,,,
vino.mp4,6041,201.367,,,,,,,,,,
vino.mp4,6042,201.400,,,,,,,,,,
vino.mp4,6043,201.433,,,,,,,,,,
vino.mp4,6044,201.467,,,,,,,,,,
vino.mp4,6045,201.500,,,,,,,,,,
vino.mp4,6046,201.533,,,,,,,,,,
vino.mp4,6047,201.567,,,,,,,,,,
vino.mp4,6048,201.600,,,,,,,,,,
vino.mp4,6049,201.633,,,,,,,,,,
vino.mp4,6050,201.667,,,,,,,,,,
vino.mp4,6051,201.700,,,,,,,,,,
vino.mp4,6052,201.733,,,,,,,,,,
vino.mp4,6053,201.767,,,,,,,,,,
vino.mp4,6054,201.800,,,,,,,,,,
vino.mp4,6055,201.833,,,,,,,,,,
vino.mp4,6056,201.867,,,,,,,,,,
vino.mp4,6057,201.900,,,,,,,,,,
vino.mp4,6058,201.933,,,,,,,,,,
vino.mp4,6059,201.967,,,,,,,,,,
vino.mp4,6060,202.000,,,,,,,,,,
vino.mp4,6061,202.033,,,,,,,,,,
vino.mp4,6062,202.067,,,,,,,,,,
vino.mp4,6063,202.100,,,,,,,,,,
vino.mp4,6064,202.133,,,,,,,,,,
vino.mp4,6065,202.167,,,,,,,,,,
vino.mp4,6066,202.200,,,,,,,,,,
vino.mp4,6067,202.233,,,,,,,,,,
vino.mp4,6068,202.267,,,,,,,,,,
vino.mp4,6069,202.300,,,,,,,,,,
vino.mp4,6070,202.333,,,,,,,,,,
vino.mp4,6071,202.367,,,,,,,,,,
vino.mp4,6072,202.400,,,,,,,,,,
vino.mp4,6073,202.433,,,,,,,,,,
vino.mp4,6074,202.467,,,,,,,,,,
vino.mp4,6075,202.500,,,,,,,,,,
vino.mp4,6076,202.533,,,,,,,,,,
vino.mp4,6077,202.567,,,,,,,,,,
vino.mp4,6078,202.600,,,,,,,,,,
vino.mp4,6079,202.633,,,,,,,,,,
vino.mp4,6080,202.667,,,,,,,,,,
vino.mp4,6081,202.700,,,,,,,,,,
vino.mp4,6082,202.733,,,,,,,,,,
vino.mp4,6083,202.767,,,,,,,,,,
vino.mp4,6084,202.800,,,,,,,,,,
vino.mp4,6085,202.833,,,,,,,,,,
vino.mp4,6086,202.867,,,,,,,,,,
vino.mp4,6087,202.900,,,,,,,,,,
vino.mp4,6088,202.933,,,,,,,,,,
vino.mp4,6089,202.967,,,,,,,,,,
vino.mp4,6090,203.000,,,,,,,,,,
vino.mp4,6091,203.033,,,,,,,,,,
vino.mp4,6092,203.067,,,,,,,,,,
vino.mp4,6093,203.100,,,,,,,,,,
vino.mp4,6094,203.133,,,,,,,,,,
vino.mp4,6095,203.167,,,,,,,,,,
vino.mp4,6096,203.200,1722.936,620.207,1526.602,442.977,1919.271,797.438,0.274,,,
vino.mp4,6097,203.233,1723.319,583.854,1527.454,442.691,1919.184,725.017,0.252,,,
vino.mp4,6098,203.267,1721.620,583.814,1523.240,440.783,1920.000,726.844,0.467,148.000,,
vino.mp4,6099,203.300,1722.685,583.809,1526.077,442.104,1919.293,725.514,0.323,148.000,,
vino.mp4,6100,203.333,1720.216,589.438,1520.433,443.099,1920.000,735.778,0.263,148.000,,
vino.mp4,6101,203.367,1718.166,593.233,1516.333,444.598,1920.000,741.868,0.228,148.000,,
vino.mp4,6102,203.400,,,,,,,,,,
vino.mp4,6103,203.433,1723.040,624.235,1527.006,447.457,1919.074,801.012,0.206,,,
vino.mp4,6104,203.467,,,,,,,,,,
vino.mp4,6105,203.500,,,,,,,,,,
vino.mp4,6106,203.533,,,,,,,,,,
vino.mp4,6107,203.567,,,,,,,,,,
vino.mp4,6108,203.600,,,,,,,,,,
vino.mp4,6109,203.633,,,,,,,,,,
vino.mp4,6110,203.667,,,,,,,,,,
vino.mp4,6111,203.700,,,,,,,,,,
vino.mp4,6112,203.733,,,,,,,,,,
vino.mp4,6113,203.767,,,,,,,,,,
vino.mp4,6114,203.800,,,,,,,,,,
vino.mp4,6115,203.833,,,,,,,,,,
vino.mp4,6116,203.867,,,,,,,,,,
vino.mp4,6117,203.900,,,,,,,,,,
vino.mp4,6118,203.933,,,,,,,,,,
vino.mp4,6119,203.967,,,,,,,,,,
vino.mp4,6120,204.000,,,,,,,,,,
vino.mp4,6121,204.033,,,,,,,,,,
vino.mp4,6122,204.067,,,,,,,,,,
vino.mp4,6123,204.100,,,,,,,,,,
vino.mp4,6124,204.133,,,,,,,,,,
vino.mp4,6125,204.167,,,,,,,,,,
vino.mp4,6126,204.200,,,,,,,,,,
vino.mp4,6127,204.233,,,,,,,,,,
vino.mp4,6128,204.267,,,,,,,,,,
vino.mp4,6129,204.300,,,,,,,,,,
vino.mp4,6130,204.333,1723.552,592.074,1527.985,446.450,1919.119,737.697,0.112,,,
vino.mp4,6131,204.367,1721.921,584.877,1523.843,438.570,1920.000,731.185,0.518,148.000,,
vino.mp4,6132,204.400,1723.867,583.849,1527.734,438.101,1920.000,729.598,0.104,148.000,,
vino.mp4,6133,204.433,1722.937,583.875,1525.873,436.855,1920.000,730.894,0.312,148.000,,
vino.mp4,6134,204.467,1724.273,581.960,1528.546,435.142,1920.000,728.778,0.101,148.000,,
vino.mp4,6135,204.500,,,,,,,,,,
vino.mp4,6136,204.533,1723.024,581.970,1526.048,434.570,1920.000,729.370,0.405,148.000,,
vino.mp4,6137,204.567,1723.224,581.893,1526.448,435.377,1920.000,728.409,0.400,148.000,,
vino.mp4,6138,204.600,1723.628,581.292,1529.222,436.788,1918.034,725.797,0.346,148.000,,
vino.mp4,6139,204.633,1724.261,581.325,1532.186,438.914,1916.337,723.735,0.504,148.000,,
vino.mp4,6140,204.667,1726.121,583.509,1535.048,441.917,1917.195,725.101,0.181,148.000,,
vino.mp4,6141,204.700,1726.822,588.717,1533.644,445.199,1920.000,732.236,0.242,148.000,,
vino.mp4,6142,204.733,1726.307,570.507,1553.818,445.684,1898.797,695.329,0.726,148.000,,
vino.mp4,6143,204.767,1714.253,561.439,1550.144,447.115,1878.361,675.764,0.781,148.000,,
vino.mp4,6144,204.800,1676.814,557.126,1508.996,447.599,1844.632,666.653,0.795,148.000,,
vino.mp4,6145,204.833,1661.039,557.516,1483.768,447.857,1838.311,667.174,0.861,148.000,,
vino.mp4,6146,204.867,1665.579,559.411,1477.588,446.875,1853.570,671.947,0.689,148.000,,
vino.mp4,6147,204.900,1665.997,565.478,1461.835,445.696,1870.158,685.260,0.763,148.000,,
vino.mp4,6148,204.933,1665.564,567.365,1447.444,441.000,1883.683,693.731,0.818,148.000,,
vino.mp4,6149,204.967,1661.168,562.094,1441.053,437.027,1881.283,687.161,0.869,148.000,,
vino.mp4,6150,205.000,1659.483,568.815,1423.461,435.542,1895.506,702.088,0.822,148.000,,
vino.mp4,6151,205.033,1657.121,571.589,1414.641,435.664,1899.601,707.515,0.844,148.000,,
vino.mp4,6152,205.067,1655.881,572.970,1411.014,436.747,1900.748,709.193,0.869,148.000,,
vino.mp4,6153,205.100,1655.212,574.240,1410.957,439.576,1899.467,708.904,0.870,148.000,,
vino.mp4,6154,205.133,1654.635,576.117,1411.277,443.246,1897.993,708.989,0.862,148.000,,
vino.mp4,6155,205.167,1653.868,577.749,1408.767,445.058,1898.969,710.440,0.763,148.000,,
vino.mp4,6156,205.200,1653.110,578.391,1406.922,446.236,1899.298,710.546,0.768,148.000,,
vino.mp4,6157,205.233,1653.159,577.801,1407.257,446.949,1899.060,708.653,0.773,148.000,,
vino.mp4,6158,205.267,1653.462,576.402,1405.255,445.211,1901.668,707.593,0.854,148.000,,
vino.mp4,6159,205.300,1653.517,575.160,1401.982,442.872,1905.052,707.448,0.902,148.000,,
vino.mp4,6160,205.333,1653.947,574.441,1399.420,441.052,1908.474,707.830,0.908,148.000,,
vino.mp4,6161,205.367,1654.270,573.924,1396.726,439.242,1911.814,708.606,0.921,148.000,,
vino.mp4,6162,205.400,1654.693,572.816,1394.043,436.600,1915.343,709.032,0.917,148.000,,
vino.mp4,6163,205.433,1654.981,572.885,1391.822,435.330,1918.140,710.440,0.898,148.000,,
vino.mp4,6164,205.467,1655.437,571.844,1390.873,433.255,1920.000,710.434,0.894,148.000,,
vino.mp4,6165,205.500,1655.073,571.072,1390.146,431.724,1920.000,710.419,0.814,148.000,,
vino.mp4,6166,205.533,1655.087,571.183,1390.174,431.317,1920.000,711.050,0.832,148.000,,
vino.mp4,6167,205.567,1657.104,571.481,1394.208,432.393,1920.000,710.568,0.802,148.000,,
vino.mp4,6168,205.600,1659.911,571.361,1399.823,433.236,1920.000,709.486,0.841,148.000,,
vino.mp4,6169,205.633,1664.733,569.692,1409.467,434.219,1920.000,705.165,0.806,148.000,,
vino.mp4,6170,205.667,1668.089,571.334,1416.178,435.510,1920.000,707.158,0.709,148.000,,
vino.mp4,6171,205.700,1670.750,571.232,1421.500,436.202,1920.000,706.263,0.383,148.000,,
vino.mp4,6172,205.733,,,,,,,,,,
vino.mp4,6173,205.767,,,,,,,,,,
vino.mp4,6174,205.800,,,,,,,,,,
vino.mp4,6175,205.833,,,,,,,,,,
vino.mp4,6176,205.867,,,,,,,,,,
vino.mp4,6177,205.900,,,,,,,,,,
vino.mp4,6178,205.933,1676.410,565.570,1434.291,442.733,1918.530,688.407,0.179,,,
vino.mp4,6179,205.967,,,,,,,,,,
vino.mp4,6180,206.000,,,,,,,,,,
vino.mp4,6181,206.033,,,,,,,,,,
vino.mp4,6182,206.067,,,,,,,,,,
vino.mp4,6183,206.100,,,,,,,,,,
vino.mp4,6184,206.133,,,,,,,,,,
vino.mp4,6185,206.167,,,,,,,,,,
vino.mp4,6186,206.200,,,,,,,,,,
vino.mp4,6187,206.233,,,,,,,,,,
vino.mp4,6188,206.267,,,,,,,,,,
vino.mp4,6189,206.300,,,,,,,,,,
vino.mp4,6190,206.333,1677.105,562.996,1452.417,445.934,1901.793,680.057,0.390,148.000,,
vino.mp4,6191,206.367,1677.118,562.868,1449.295,445.706,1904.941,680.030,0.443,148.000,,
vino.mp4,6192,206.400,1676.831,564.869,1442.963,445.161,1910.700,684.577,0.733,148.000,,
vino.mp4,6193,206.433,1676.313,563.426,1443.129,445.046,1909.497,681.806,0.758,148.000,,
vino.mp4,6194,206.467,1675.120,567.553,1433.529,444.775,1916.712,690.331,0.662,148.000,,
vino.mp4,6195,206.500,1675.332,566.493,1434.793,444.564,1915.872,688.421,0.647,148.000,,
vino.mp4,6196,206.533,1675.160,566.699,1433.139,444.120,1917.181,689.277,0.630,148.000,,
vino.mp4,6197,206.567,1671.358,572.938,1422.716,444.106,1920.000,701.770,0.539,148.000,,
vino.mp4,6198,206.600,1670.753,574.089,1421.506,444.418,1920.000,703.760,0.396,148.000,,
vino.mp4,6199,206.633,1671.382,574.109,1422.763,444.637,1920.000,703.581,0.561,148.000,,
vino.mp4,6200,206.667,1674.841,571.485,1429.682,445.027,1920.000,697.943,0.744,148.000,,
vino.mp4,6201,206.700,1675.936,570.288,1433.364,445.817,1918.508,694.760,0.829,148.000,,
vino.mp4,6202,206.733,1675.284,572.155,1430.569,446.253,1920.000,698.057,0.797,148.000,,
vino.mp4,6203,206.767,1673.014,574.558,1426.029,446.483,1920.000,702.633,0.859,148.000,,
vino.mp4,6204,206.800,1671.083,576.967,1422.166,447.027,1920.000,706.908,0.867,148.000,,
vino.mp4,6205,206.833,1668.539,581.704,1417.078,447.410,1920.000,715.998,0.846,148.000,,
vino.mp4,6206,206.867,1665.769,586.604,1411.537,445.709,1920.000,727.500,0.876,148.000,,
vino.mp4,6207,206.900,1657.055,589.066,1394.111,443.808,1920.000,734.325,0.639,148.000,,
vino.mp4,6208,206.933,1668.221,589.595,1416.443,444.476,1920.000,734.713,0.680,148.000,,
vino.mp4,6209,206.967,1673.764,588.690,1427.527,444.508,1920.000,732.871,0.543,148.000,,
vino.mp4,6210,207.000,1676.985,588.237,1433.970,444.942,1920.000,731.532,0.622,148.000,,
vino.mp4,6211,207.033,1678.893,588.575,1437.785,445.375,1920.000,731.775,0.486,148.000,,
vino.mp4,6212,207.067,1682.217,586.073,1444.433,445.524,1920.000,726.622,0.619,148.000,,
vino.mp4,6213,207.100,1682.469,586.676,1444.938,445.198,1920.000,728.155,0.504,148.000,,
vino.mp4,6214,207.133,1685.883,583.380,1451.765,445.109,1920.000,721.651,0.647,148.000,,
vino.mp4,6215,207.167,1684.394,586.121,1448.789,445.020,1920.000,727.222,0.591,148.000,,
vino.mp4,6216,207.200,,,,,,,,,,
vino.mp4,6217,207.233,1684.378,587.967,1448.756,445.211,1920.000,730.723,0.431,148.000,,
vino.mp4,6218,207.267,1684.602,587.224,1449.205,445.318,1920.000,729.130,0.611,148.000,,
vino.mp4,6219,207.300,1684.380,589.044,1448.760,445.095,1920.000,732.994,0.515,148.000,,
vino.mp4,6220,207.333,1684.842,589.852,1449.684,445.035,1920.000,734.668,0.508,148.000,,
vino.mp4,6221,207.367,1685.280,590.218,1450.561,445.036,1920.000,735.399,0.384,148.000,,
vino.mp4,6222,207.400,1686.248,589.945,1452.496,445.311,1920.000,734.580,0.395,148.000,,
vino.mp4,6223,207.433,1686.871,590.008,1453.741,445.373,1920.000,734.643,0.426,148.000,,
vino.mp4,6224,207.467,1686.820,590.651,1453.639,445.391,1920.000,735.911,0.309,148.000,,
vino.mp4,6225,207.500,1686.560,591.498,1453.120,445.414,1920.000,737.582,0.176,148.000,,
vino.mp4,6226,207.533,1686.667,591.707,1453.335,444.958,1920.000,738.457,0.207,148.000,,
vino.mp4,6227,207.567,1687.019,591.863,1454.038,444.904,1920.000,738.823,0.237,148.000,,
vino.mp4,6228,207.600,1687.762,591.357,1455.524,444.769,1920.000,737.945,0.250,148.000,,
vino.mp4,6229,207.633,1688.140,591.585,1456.281,444.859,1920.000,738.312,0.342,148.000,,
vino.mp4,6230,207.667,1688.608,591.517,1457.215,444.868,1920.000,738.165,0.302,148.000,,
vino.mp4,6231,207.700,,,,,,,,,,
vino.mp4,6232,207.733,1692.022,591.025,1464.074,444.850,1919.970,737.200,0.201,,,
vino.mp4,6233,207.767,1689.671,590.774,1459.342,445.161,1920.000,736.387,0.310,148.000,,
vino.mp4,6234,207.800,1690.381,590.241,1460.763,445.422,1920.000,735.060,0.236,148.000,,
vino.mp4,6235,207.833,,,,,,,,,,
vino.mp4,6236,207.867,,,,,,,,,,
vino.mp4,6237,207.900,1691.694,589.841,1463.496,445.275,1919.893,734.407,0.239,,,
vino.mp4,6238,207.933,1690.042,590.688,1460.083,445.331,1920.000,736.044,0.287,148.000,,
vino.mp4,6239,207.967,1690.170,591.121,1460.340,445.313,1920.000,736.930,0.344,148.000,,
vino.mp4,6240,208.000,1691.712,587.218,1465.892,445.609,1917.531,728.827,0.545,148.000,,
vino.mp4,6241,208.033,1691.541,586.444,1466.415,445.565,1916.667,727.323,0.719,148.000,,
vino.mp4,6242,208.067,1691.842,587.067,1465.538,445.513,1918.146,728.621,0.733,148.000,,
vino.mp4,6243,208.100,1692.115,587.085,1465.505,445.400,1918.725,728.771,0.450,148.000,,
vino.mp4,6244,208.133,1692.192,587.924,1464.614,445.581,1919.770,730.267,0.313,148.000,,
vino.mp4,6245,208.167,1692.519,588.202,1465.231,446.036,1919.808,730.368,0.421,148.000,,
vino.mp4,6246,208.200,1693.231,584.306,1471.607,446.257,1914.854,722.354,0.686,148.000,,
vino.mp4,6247,208.233,1693.185,586.827,1467.927,446.465,1918.443,727.190,0.611,148.000,,
vino.mp4,6248,208.267,1692.800,586.699,1467.511,446.443,1918.088,726.955,0.382,148.000,,
vino.mp4,6249,208.300,1691.070,580.765,1474.967,447.399,1907.172,714.131,0.334,148.000,,
vino.mp4,6250,208.333,1691.086,580.547,1474.060,447.341,1908.112,713.754,0.204,148.000,,
vino.mp4,6251,208.367,1690.817,576.930,1477.591,447.255,1904.043,706.606,0.213,148.000,,
vino.mp4,6252,208.400,1690.541,575.160,1478.398,447.303,1902.685,703.017,0.182,148.000,,
vino.mp4,6253,208.433,1690.672,575.855,1476.298,447.504,1905.046,704.206,0.185,148.000,,
vino.mp4,6254,208.467,,,,,,,,,,
vino.mp4,6255,208.500,1692.176,572.239,1464.663,446.909,1919.689,697.568,0.180,,,
vino.mp4,6256,208.533,1692.241,572.940,1479.830,446.916,1904.651,698.964,0.286,148.000,,
vino.mp4,6257,208.567,,,,,,,,,,
vino.mp4,6258,208.600,,,,,,,,,,
vino.mp4,6259,208.633,,,,,,,,,,
vino.mp4,6260,208.667,1690.008,568.625,1483.895,448.434,1896.121,688.817,0.272,148.000,,
vino.mp4,6261,208.700,,,,,,,,,,
vino.mp4,6262,208.733,,,,,,,,,,
vino.mp4,6263,208.767,,,,,,,,,,
vino.mp4,6264,208.800,,,,,,,,,,
vino.mp4,6265,208.833,,,,,,,,,,
vino.mp4,6266,208.867,,,,,,,,,,
vino.mp4,6267,208.900,,,,,,,,,,
vino.mp4,6268,208.933,,,,,,,,,,
vino.mp4,6269,208.967,,,,,,,,,,
vino.mp4,6270,209.000,,,,,,,,,,
vino.mp4,6271,209.033,,,,,,,,,,
vino.mp4,6272,209.067,,,,,,,,,,
vino.mp4,6273,209.100,,,,,,,,,,
vino.mp4,6274,209.133,,,,,,,,,,
vino.mp4,6275,209.167,,,,,,,,,,
vino.mp4,6276,209.200,,,,,,,,,,
vino.mp4,6277,209.233,,,,,,,,,,
vino.mp4,6278,209.267,1693.427,573.428,1475.360,447.701,1911.494,699.155,0.271,148.000,,
vino.mp4,6279,209.300,,,,,,,,,,
vino.mp4,6280,209.333,,,,,,,,,,
vino.mp4,6281,209.367,,,,,,,,,,
vino.mp4,6282,209.400,1693.484,577.096,1469.723,448.368,1917.245,705.824,0.274,148.000,,
vino.mp4,6283,209.433,1693.458,572.735,1474.815,448.451,1912.101,697.018,0.302,148.000,,
vino.mp4,6284,209.467,1693.641,572.092,1474.251,448.091,1913.032,696.094,0.315,148.000,,
vino.mp4,6285,209.500,,,,,,,,,,
vino.mp4,6286,209.533,,,,,,,,,,
vino.mp4,6287,209.567,,,,,,,,,,
vino.mp4,6288,209.600,1686.625,585.855,1453.251,449.485,1920.000,722.225,0.466,148.000,,
vino.mp4,6289,209.633,1687.077,587.430,1454.154,449.914,1920.000,724.946,0.658,148.000,,
vino.mp4,6290,209.667,1692.150,581.531,1464.300,449.914,1920.000,713.149,0.665,148.000,,
vino.mp4,6291,209.700,1692.414,581.291,1464.828,449.500,1920.000,713.081,0.765,148.000,,
vino.mp4,6292,209.733,1692.594,575.412,1472.344,449.389,1912.845,701.435,0.791,148.000,,
vino.mp4,6293,209.767,1688.538,584.258,1457.077,449.106,1920.000,719.411,0.779,148.000,,
vino.mp4,6294,209.800,1686.058,588.687,1452.116,449.147,1920.000,728.226,0.829,148.000,,
vino.mp4,6295,209.833,1685.660,589.332,1451.319,448.735,1920.000,729.929,0.813,148.000,,
vino.mp4,6296,209.867,1686.044,590.241,1452.089,448.827,1920.000,731.654,0.805,148.000,,
vino.mp4,6297,209.900,1686.182,590.438,1452.363,448.751,1920.000,732.124,0.844,148.000,,
vino.mp4,6298,209.933,1686.631,590.433,1453.263,448.565,1920.000,732.300,0.866,148.000,,
vino.mp4,6299,209.967,1687.198,590.464,1454.397,448.465,1920.000,732.463,0.872,148.000,,
vino.mp4,6300,210.000,1689.126,589.706,1458.252,449.055,1920.000,730.357,0.824,148.000,,
vino.mp4,6301,210.033,1690.487,588.893,1460.975,449.267,1920.000,728.519,0.827,148.000,,
vino.mp4,6302,210.067,1692.760,579.635,1474.202,449.258,1911.319,710.012,0.846,148.000,,
vino.mp4,6303,210.100,1692.430,586.059,1464.859,449.329,1920.000,722.788,0.857,148.000,,
vino.mp4,6304,210.133,1690.977,588.500,1461.953,449.443,1920.000,727.556,0.824,148.000,,
vino.mp4,6305,210.167,1689.811,590.577,1459.622,449.534,1920.000,731.620,0.839,148.000,,
vino.mp4,6306,210.200,1689.862,591.232,1459.724,449.655,1920.000,732.809,0.841,148.000,,
vino.mp4,6307,210.233,1690.344,591.215,1460.689,449.548,1920.000,732.882,0.873,148.000,,
vino.mp4,6308,210.267,1690.915,590.884,1461.830,449.354,1920.000,732.414,0.873,148.000,,
vino.mp4,6309,210.300,1691.340,590.920,1462.681,449.517,1920.000,732.323,0.857,148.000,,
vino.mp4,6310,210.333,1691.748,590.883,1463.496,449.605,1920.000,732.161,0.857,148.000,,
vino.mp4,6311,210.367,1691.896,590.866,1463.793,449.587,1920.000,732.145,0.865,148.000,,
vino.mp4,6312,210.400,1692.172,590.764,1464.344,449.659,1920.000,731.870,0.831,148.000,,
vino.mp4,6313,210.433,1692.341,590.596,1464.681,449.568,1920.000,731.623,0.853,148.000,,
vino.mp4,6314,210.467,1692.859,590.094,1465.719,449.537,1920.000,730.651,0.864,148.000,,
vino.mp4,6315,210.500,1693.300,589.593,1466.599,449.568,1920.000,729.618,0.861,148.000,,
vino.mp4,6316,210.533,1693.555,589.298,1467.110,449.614,1920.000,728.983,0.850,148.000,,
vino.mp4,6317,210.567,1693.000,590.092,1466.000,449.556,1920.000,730.628,0.863,148.000,,
vino.mp4,6318,210.600,1692.882,590.363,1465.763,449.578,1920.000,731.148,0.874,148.000,,
vino.mp4,6319,210.633,1692.836,590.431,1465.672,449.629,1920.000,731.234,0.861,148.000,,
vino.mp4,6320,210.667,1692.693,591.085,1465.387,449.908,1920.000,732.261,0.834,148.000,,
vino.mp4,6321,210.700,1692.523,591.527,1465.046,450.071,1920.000,732.984,0.810,148.000,,
vino.mp4,6322,210.733,1692.364,591.789,1464.728,450.121,1920.000,733.457,0.757,148.000,,
vino.mp4,6323,210.767,1691.808,591.754,1463.986,450.418,1919.630,733.089,0.517,148.000,,
vino.mp4,6324,210.800,1691.940,591.640,1464.810,450.760,1919.070,732.520,0.425,148.000,,
vino.mp4,6325,210.833,1691.967,591.642,1464.746,450.694,1919.188,732.591,0.550,148.000,,
vino.mp4,6326,210.867,1692.075,592.981,1464.150,450.870,1920.000,735.093,0.498,148.000,,
vino.mp4,6327,210.900,1692.472,592.065,1465.099,450.829,1919.846,733.302,0.573,148.000,,
vino.mp4,6328,210.933,1692.912,591.848,1465.856,450.753,1919.967,732.943,0.778,148.000,,
vino.mp4,6329,210.967,1692.507,591.504,1465.579,450.487,1919.435,732.521,0.711,148.000,,
vino.mp4,6330,211.000,1692.840,591.640,1465.734,450.442,1919.946,732.839,0.857,148.000,,
vino.mp4,6331,211.033,1692.942,591.579,1465.884,450.338,1920.000,732.821,0.853,148.000,,
vino.mp4,6332,211.067,1693.145,591.388,1466.332,450.263,1919.958,732.513,0.849,148.000,,
vino.mp4,6333,211.100,1693.314,591.176,1466.826,450.216,1919.803,732.135,0.878,148.000,,
vino.mp4,6334,211.133,1693.486,590.976,1467.266,450.153,1919.705,731.799,0.852,148.000,,
vino.mp4,6335,211.167,1693.438,590.973,1467.454,450.289,1919.422,731.656,0.846,148.000,,
vino.mp4,6336,211.200,1693.469,591.045,1467.210,450.140,1919.728,731.950,0.880,148.000,,
vino.mp4,6337,211.233,1693.616,590.709,1467.544,449.886,1919.688,731.532,0.887,148.000,,
vino.mp4,6338,211.267,1693.327,590.204,1467.871,449.820,1918.782,730.588,0.890,148.000,,
vino.mp4,6339,211.300,1693.049,590.030,1467.604,449.701,1918.493,730.359,0.883,148.000,,
vino.mp4,6340,211.333,1692.970,590.063,1467.501,449.760,1918.440,730.365,0.885,148.000,,
vino.mp4,6341,211.367,1693.441,590.398,1467.612,449.829,1919.270,730.966,0.884,148.000,,
vino.mp4,6342,211.400,1693.005,584.427,1475.363,449.756,1910.648,719.097,0.855,148.000,,
vino.mp4,6343,211.433,1693.481,588.358,1469.841,449.863,1917.120,726.854,0.846,148.000,,
vino.mp4,6344,211.467,1693.714,589.667,1468.143,449.879,1919.284,729.454,0.866,148.000,,
vino.mp4,6345,211.500,1693.341,583.742,1475.631,449.592,1911.052,717.893,0.893,148.000,,
vino.mp4,6346,211.533,1693.197,580.913,1478.851,449.615,1907.544,712.211,0.899,148.000,,
vino.mp4,6347,211.567,1692.806,581.438,1476.726,449.562,1908.885,713.315,0.831,148.000,,
vino.mp4,6348,211.600,1693.297,587.042,1467.917,449.154,1918.678,724.930,0.835,148.000,,
vino.mp4,6349,211.633,1692.251,589.174,1464.502,448.805,1920.000,729.543,0.822,148.000,,
vino.mp4,6350,211.667,1691.393,589.812,1462.786,447.950,1920.000,731.674,0.832,148.000,,
vino.mp4,6351,211.700,1691.044,590.293,1462.087,447.563,1920.000,733.023,0.824,148.000,,
vino.mp4,6352,211.733,1691.083,590.358,1462.166,447.259,1920.000,733.457,0.862,148.000,,
vino.mp4,6353,211.767,1691.323,590.317,1462.646,447.119,1920.000,733.516,0.847,148.000,,
vino.mp4,6354,211.800,1691.608,590.033,1463.215,446.934,1920.000,733.132,0.850,148.000,,
vino.mp4,6355,211.833,1691.990,590.233,1463.980,447.429,1920.000,733.038,0.848,148.000,,
vino.mp4,6356,211.867,1692.550,590.231,1465.100,448.033,1920.000,732.429,0.767,148.000,,
vino.mp4,6357,211.900,1693.920,589.107,1467.840,448.130,1920.000,730.084,0.675,148.000,,
vino.mp4,6358,211.933,1693.120,589.849,1466.483,448.724,1919.757,730.975,0.706,148.000,,
vino.mp4,6359,211.967,1693.232,591.086,1466.464,449.756,1920.000,732.416,0.777,148.000,,
vino.mp4,6360,212.000,1692.688,590.985,1466.935,450.447,1918.441,731.524,0.688,148.000,,
vino.mp4,6361,212.033,1692.496,590.903,1467.489,450.973,1917.503,730.834,0.782,148.000,,
vino.mp4,6362,212.067,1692.814,590.442,1468.602,451.163,1917.026,729.720,0.797,148.000,,
vino.mp4,6363,212.100,1692.912,590.735,1468.057,451.117,1917.767,730.352,0.819,148.000,,
vino.mp4,6364,212.133,1692.695,591.761,1466.188,451.059,1919.201,732.462,0.736,148.000,,
vino.mp4,6365,212.167,1691.772,591.817,1465.357,451.273,1918.186,732.362,0.671,148.000,,
vino.mp4,6366,212.200,1692.723,593.016,1465.445,451.408,1920.000,734.624,0.626,148.000,,
vino.mp4,6367,212.233,1692.679,593.546,1465.357,451.474,1920.000,735.619,0.545,148.000,,
vino.mp4,6368,212.267,1692.210,594.365,1464.421,451.469,1920.000,737.260,0.465,148.000,,
vino.mp4,6369,212.300,1692.346,594.280,1464.691,451.260,1920.000,737.300,0.482,148.000,,
vino.mp4,6370,212.333,1692.291,594.682,1464.582,451.282,1920.000,738.083,0.444,148.000,,
vino.mp4,6371,212.367,1692.308,594.742,1464.617,451.311,1920.000,738.173,0.453,148.000,,
vino.mp4,6372,212.400,1692.727,594.353,1465.453,451.270,1920.000,737.435,0.317,148.000,,
vino.mp4,6373,212.433,1693.496,593.263,1466.993,451.206,1920.000,735.320,0.399,148.000,,
vino.mp4,6374,212.467,1693.417,593.453,1466.835,451.171,1920.000,735.735,0.349,148.000,,
vino.mp4,6375,212.500,1693.247,593.787,1466.493,451.163,1920.000,736.411,0.338,148.000,,
vino.mp4,6376,212.533,1693.545,593.628,1467.091,451.343,1920.000,735.914,0.387,148.000,,
vino.mp4,6377,212.567,1693.705,593.613,1467.410,451.461,1920.000,735.764,0.321,148.000,,
vino.mp4,6378,212.600,1693.513,594.002,1467.025,451.458,1920.000,736.546,0.342,148.000,,
vino.mp4,6379,212.633,1693.765,593.555,1467.530,451.388,1920.000,735.723,0.363,148.000,,
vino.mp4,6380,212.667,1693.226,594.244,1466.452,451.312,1920.000,737.175,0.496,148.000,,
vino.mp4,6381,212.700,1692.501,595.347,1465.003,451.322,1920.000,739.372,0.329,148.000,,
vino.mp4,6382,212.733,1692.649,595.214,1465.298,451.302,1920.000,739.126,0.390,148.000,,
vino.mp4,6383,212.767,1692.183,596.050,1464.367,451.365,1920.000,740.734,0.282,148.000,,
vino.mp4,6384,212.800,1691.986,596.543,1463.971,451.434,1920.000,741.651,0.257,148.000,,
vino.mp4,6385,212.833,1692.468,596.134,1464.937,451.446,1920.000,740.822,0.304,148.000,,
vino.mp4,6386,212.867,1692.845,595.729,1465.690,451.454,1920.000,740.005,0.394,148.000,,
vino.mp4,6387,212.900,1691.436,592.093,1462.872,445.712,1920.000,738.473,0.363,148.000,,
vino.mp4,6388,212.933,1689.695,588.407,1459.391,439.114,1920.000,737.701,0.355,148.000,,
vino.mp4,6389,212.967,1689.030,587.622,1458.059,436.722,1920.000,738.521,0.378,148.000,,
vino.mp4,6390,213.000,1691.214,584.854,1462.428,436.598,1920.000,733.109,0.345,148.000,,
vino.mp4,6391,213.033,1691.320,585.017,1462.640,436.559,1920.000,733.475,0.308,148.000,,
vino.mp4,6392,213.067,1693.033,583.759,1466.065,437.600,1920.000,729.917,0.480,148.000,,
vino.mp4,6393,213.100,1692.241,586.527,1464.483,439.207,1920.000,733.848,0.298,148.000,,
vino.mp4,6394,213.133,1689.602,584.343,1459.203,434.680,1920.000,734.007,0.446,148.000,,
vino.mp4,6395,213.167,1689.990,585.744,1460.650,438.011,1919.331,733.478,0.573,148.000,,
vino.mp4,6396,213.200,1688.591,589.226,1464.642,445.694,1912.539,732.758,0.413,148.000,,
vino.mp4,6397,213.233,1689.128,591.200,1467.296,449.630,1910.961,732.771,0.469,148.000,,
vino.mp4,6398,213.267,1689.388,592.143,1467.589,451.105,1911.188,733.180,0.448,148.000,,
vino.mp4,6399,213.300,1689.975,592.312,1467.947,451.563,1912.003,733.061,0.458,148.000,,
vino.mp4,6400,213.333,1690.120,592.191,1467.892,451.746,1912.347,732.637,0.680,148.000,,
vino.mp4,6401,213.367,1690.478,592.279,1467.544,451.717,1913.412,732.842,0.485,148.000,,
vino.mp4,6402,213.400,1692.238,593.721,1467.042,451.734,1917.435,735.708,0.283,148.000,,
vino.mp4,6403,213.433,1693.081,593.666,1467.987,451.831,1918.174,735.500,0.248,148.000,,
vino.mp4,6404,213.467,1693.542,593.366,1469.002,452.001,1918.083,734.730,0.343,148.000,,
vino.mp4,6405,213.500,1693.551,590.617,1472.712,452.087,1914.390,729.147,0.291,148.000,,
vino.mp4,6406,213.533,1693.501,591.772,1470.683,452.152,1916.320,731.392,0.314,148.000,,
vino.mp4,6407,213.567,1692.000,592.423,1467.718,452.071,1916.282,732.774,0.495,148.000,,
vino.mp4,6408,213.600,1693.142,592.928,1468.153,452.172,1918.131,733.685,0.456,148.000,,
vino.mp4,6409,213.633,1693.029,594.689,1466.059,452.112,1920.000,737.266,0.382,148.000,,
vino.mp4,6410,213.667,1691.923,593.911,1465.338,452.100,1918.508,735.722,0.460,148.000,,
vino.mp4,6411,213.700,1690.938,593.280,1464.991,452.079,1916.884,734.481,0.488,148.000,,
vino.mp4,6412,213.733,1690.494,592.753,1464.845,451.960,1916.143,733.546,0.634,148.000,,
vino.mp4,6413,213.767,1691.293,593.108,1464.670,451.718,1917.916,734.498,0.718,148.000,,
vino.mp4,6414,213.800,1691.977,593.511,1464.801,451.727,1919.153,735.294,0.794,148.000,,
vino.mp4,6415,213.833,1692.355,593.323,1465.460,451.707,1919.249,734.939,0.849,148.000,,
vino.mp4,6416,213.867,1692.484,593.201,1465.696,451.644,1919.271,734.757,0.856,148.000,,
vino.mp4,6417,213.900,1692.389,593.090,1465.772,451.662,1919.006,734.518,0.734,148.000,,
vino.mp4,6418,213.933,1692.599,593.287,1465.561,451.541,1919.637,735.033,0.821,148.000,,
vino.mp4,6419,213.967,1692.881,593.029,1465.814,451.199,1919.949,734.858,0.877,148.000,,
vino.mp4,6420,214.000,1693.070,592.733,1466.140,450.683,1920.000,734.783,0.899,148.000,,
vino.mp4,6421,214.033,1693.103,592.659,1466.207,450.514,1920.000,734.803,0.895,148.000,,
vino.mp4,6422,214.067,1692.984,592.707,1465.969,450.228,1920.000,735.187,0.887,148.000,,
vino.mp4,6423,214.100,1692.966,592.596,1465.932,449.870,1920.000,735.321,0.895,148.000,,
vino.mp4,6424,214.133,1693.130,592.361,1466.259,449.589,1920.000,735.132,0.898,148.000,,
vino.mp4,6425,214.167,1693.289,592.407,1466.578,449.637,1920.000,735.178,0.893,148.000,,
vino.mp4,6426,214.200,1693.432,592.581,1466.864,449.756,1920.000,735.406,0.886,148.000,,
vino.mp4,6427,214.233,1693.655,592.516,1467.311,449.783,1920.000,735.249,0.890,148.000,,
vino.mp4,6428,214.267,1693.833,592.451,1467.667,449.832,1920.000,735.071,0.891,148.000,,
vino.mp4,6429,214.300,1693.774,592.623,1467.547,449.865,1920.000,735.381,0.879,148.000,,
vino.mp4,6430,214.333,1693.899,592.533,1467.798,449.865,1920.000,735.201,0.883,148.000,,
vino.mp4,6431,214.367,1694.091,592.139,1468.457,449.885,1919.726,734.393,0.885,148.000,,
vino.mp4,6432,214.400,1694.237,592.063,1468.708,449.830,1919.766,734.297,0.892,148.000,,
vino.mp4,6433,214.433,1694.280,591.895,1468.815,449.661,1919.744,734.129,0.893,148.000,,
vino.mp4,6434,214.467,1694.307,591.781,1468.768,449.446,1919.846,734.116,0.898,148.000,,
vino.mp4,6435,214.500,1694.279,591.718,1469.133,449.627,1919.424,733.809,0.890,148.000,,
vino.mp4,6436,214.533,1694.260,591.889,1469.187,449.832,1919.334,733.945,0.886,148.000,,
vino.mp4,6437,214.567,1694.281,591.887,1469.372,449.934,1919.190,733.840,0.896,148.000,,
vino.mp4,6438,214.600,1694.161,592.273,1469.099,450.214,1919.223,734.333,0.881,148.000,,
vino.mp4,6439,214.633,1694.032,592.031,1469.340,450.249,1918.724,733.812,0.894,148.000,,
vino.mp4,6440,214.667,1693.966,591.669,1469.657,450.200,1918.276,733.138,0.893,148.000,,
vino.mp4,6441,214.700,1693.816,591.391,1470.280,450.563,1917.353,732.220,0.887,148.000,,
vino.mp4,6442,214.733,1693.698,591.422,1470.361,450.868,1917.034,731.976,0.873,148.000,,
vino.mp4,6443,214.767,1693.553,591.503,1470.098,451.013,1917.008,731.992,0.879,148.000,,
vino.mp4,6444,214.800,1693.490,591.634,1469.869,451.168,1917.111,732.101,0.886,148.000,,
vino.mp4,6445,214.833,1693.351,591.713,1469.631,451.320,1917.070,732.106,0.870,148.000,,
vino.mp4,6446,214.867,1693.294,591.645,1469.654,451.452,1916.933,731.839,0.879,148.000,,
vino.mp4,6447,214.900,1693.314,591.611,1469.313,451.295,1917.314,731.927,0.887,148.000,,
vino.mp4,6448,214.933,1693.375,591.766,1468.892,451.211,1917.857,732.322,0.886,148.000,,
vino.mp4,6449,214.967,1693.562,591.673,1469.069,451.176,1918.054,732.169,0.891,148.000,,
vino.mp4,6450,215.000,1693.664,591.472,1469.212,451.068,1918.115,731.877,0.894,148.000,,
vino.mp4,6451,215.033,1693.673,591.028,1469.677,451.022,1917.669,731.035,0.890,148.000,,
vino.mp4,6452,215.067,1693.760,590.823,1469.925,451.020,1917.594,730.626,0.892,148.000,,
vino.mp4,6453,215.100,1693.718,590.984,1469.594,451.075,1917.841,730.894,0.892,148.000,,
vino.mp4,6454,215.133,1693.529,591.121,1469.006,451.022,1918.052,731.220,0.901,148.000,,
vino.mp4,6455,215.167,1693.495,590.785,1469.037,450.805,1917.953,730.765,0.901,148.000,,
vino.mp4,6456,215.200,1693.654,590.919,1468.933,450.806,1918.374,731.033,0.898,148.000,,
vino.mp4,6457,215.233,1693.642,591.110,1468.381,450.650,1918.904,731.570,0.889,148.000,,
vino.mp4,6458,215.267,1693.503,590.936,1467.823,450.198,1919.182,731.675,0.883,148.000,,
vino.mp4,6459,215.300,1693.386,590.820,1467.649,450.045,1919.123,731.595,0.882,148.000,,
vino.mp4,6460,215.333,1693.212,590.813,1467.329,449.950,1919.095,731.676,0.868,148.000,,
vino.mp4,6461,215.367,1693.205,591.227,1466.937,450.088,1919.472,732.366,0.826,148.000,,
vino.mp4,6462,215.400,1693.217,591.212,1467.075,450.142,1919.359,732.281,0.854,148.000,,
vino.mp4,6463,215.433,1693.273,590.889,1466.608,449.416,1919.938,732.362,0.880,148.000,,
vino.mp4,6464,215.467,1693.328,590.484,1466.784,449.040,1919.872,731.928,0.876,148.000,,
vino.mp4,6465,215.500,1693.071,589.815,1466.141,447.741,1920.000,731.889,0.894,148.000,,
vino.mp4,6466,215.533,1692.728,589.158,1465.455,446.492,1920.000,731.825,0.896,148.000,,
vino.mp4,6467,215.567,1692.421,588.987,1464.841,445.758,1920.000,732.216,0.895,148.000,,
vino.mp4,6468,215.600,1692.242,588.954,1464.483,445.268,1920.000,732.641,0.896,148.000,,
vino.mp4,6469,215.633,1692.451,589.411,1464.903,445.699,1920.000,733.124,0.901,148.000,,
vino.mp4,6470,215.667,1692.783,589.294,1465.565,445.747,1920.000,732.841,0.897,148.000,,
vino.mp4,6471,215.700,1693.060,588.968,1466.121,445.472,1920.000,732.464,0.897,148.000,,
vino.mp4,6472,215.733,1693.805,589.007,1467.699,446.580,1919.910,731.434,0.898,148.000,,
vino.mp4,6473,215.767,1693.672,589.270,1468.007,447.126,1919.336,731.414,0.897,148.000,,
vino.mp4,6474,215.800,1693.486,588.568,1468.423,446.869,1918.549,730.266,0.894,148.000,,
vino.mp4,6475,215.833,1693.580,589.725,1469.457,448.743,1917.703,730.707,0.890,148.000,,
vino.mp4,6476,215.867,1693.233,589.873,1469.834,449.550,1916.632,730.195,0.892,148.000,,
vino.mp4,6477,215.900,1692.972,590.230,1469.388,449.960,1916.555,730.501,0.898,148.000,,
vino.mp4,6478,215.933,1692.919,590.358,1469.223,450.176,1916.616,730.541,0.894,148.000,,
vino.mp4,6479,215.967,1692.958,590.711,1468.874,450.402,1917.042,731.019,0.895,148.000,,
vino.mp4,6480,216.000,1693.362,591.755,1468.100,450.680,1918.623,732.830,0.901,148.000,,
vino.mp4,6481,216.033,1693.553,592.314,1467.817,450.906,1919.289,733.722,0.897,148.000,,
vino.mp4,6482,216.067,1693.630,592.608,1467.630,450.990,1919.630,734.226,0.897,148.000,,
vino.mp4,6483,216.100,1693.562,592.853,1467.495,451.162,1919.630,734.543,0.867,148.000,,
vino.mp4,6484,216.133,1693.541,592.990,1467.530,451.313,1919.552,734.667,0.847,148.000,,
vino.mp4,6485,216.167,1693.539,592.811,1467.812,451.317,1919.265,734.304,0.817,148.000,,
vino.mp4,6486,216.200,1693.579,592.767,1468.024,451.387,1919.134,734.147,0.862,148.000,,
vino.mp4,6487,216.233,1693.589,592.770,1468.141,451.467,1919.038,734.072,0.865,148.000,,
vino.mp4,6488,216.267,1693.485,592.791,1468.423,451.790,1918.546,733.792,0.805,148.000,,
vino.mp4,6489,216.300,1693.434,592.579,1468.909,452.015,1917.958,733.143,0.845,148.000,,
vino.mp4,6490,216.333,1693.354,592.389,1468.975,452.019,1917.732,732.760,0.833,148.000,,
vino.mp4,6491,216.367,1693.350,592.146,1469.176,452.018,1917.523,732.275,0.820,148.000,,
vino.mp4,6492,216.400,1693.381,592.134,1469.151,452.067,1917.610,732.201,0.763,148.000,,
vino.mp4,6493,216.433,1692.966,591.502,1469.545,452.167,1916.387,730.837,0.545,148.000,,
vino.mp4,6494,216.467,1692.777,591.358,1469.276,452.162,1916.277,730.554,0.615,148.000,,
vino.mp4,6495,216.500,1692.564,590.764,1468.155,451.113,1916.973,730.415,0.639,148.000,,
vino.mp4,6496,216.533,1692.289,589.455,1467.206,449.481,1917.373,729.429,0.628,148.000,,
vino.mp4,6497,216.567,1691.797,588.707,1465.858,448.275,1917.735,729.139,0.594,148.000,,
vino.mp4,6498,216.600,1692.281,588.397,1465.724,447.555,1918.838,729.238,0.760,148.000,,
vino.mp4,6499,216.633,1692.474,588.514,1466.681,448.225,1918.268,728.802,0.689,148.000,,
vino.mp4,6500,216.667,1692.577,590.025,1465.498,448.850,1919.656,731.200,0.567,148.000,,
vino.mp4,6501,216.700,1693.339,590.431,1467.805,450.310,1918.874,730.552,0.459,148.000,,
vino.mp4,6502,216.733,1692.795,590.806,1465.590,449.462,1920.000,732.149,0.581,148.000,,
vino.mp4,6503,216.767,1692.568,590.813,1465.136,449.183,1920.000,732.443,0.678,148.000,,
vino.mp4,6504,216.800,1692.713,590.653,1465.427,449.083,1920.000,732.224,0.684,148.000,,
vino.mp4,6505,216.833,1692.718,590.061,1466.345,449.193,1919.092,730.930,0.718,148.000,,
vino.mp4,6506,216.867,1692.278,590.024,1466.028,449.293,1918.529,730.756,0.797,148.000,,
vino.mp4,6507,216.900,1692.940,590.852,1466.571,450.006,1919.308,731.697,0.815,148.000,,
vino.mp4,6508,216.933,1693.172,591.118,1466.630,450.113,1919.714,732.124,0.787,148.000,,
vino.mp4,6509,216.967,1693.130,591.019,1466.955,450.249,1919.306,731.789,0.776,148.000,,
vino.mp4,6510,217.000,1692.558,589.435,1468.196,450.033,1916.921,728.837,0.809,148.000,,
vino.mp4,6511,217.033,1692.947,589.563,1468.031,449.863,1917.864,729.262,0.806,148.000,,
vino.mp4,6512,217.067,1693.198,590.306,1467.328,449.972,1919.067,730.639,0.830,148.000,,
vino.mp4,6513,217.100,1693.139,590.764,1467.107,450.325,1919.171,731.203,0.795,148.000,,
vino.mp4,6514,217.133,1692.225,590.102,1466.837,450.222,1917.613,729.981,0.706,148.000,,
vino.mp4,6515,217.167,1692.417,590.764,1466.049,450.255,1918.784,731.272,0.685,148.000,,
vino.mp4,6516,217.200,1692.928,590.880,1466.969,450.638,1918.888,731.123,0.861,148.000,,
vino.mp4,6517,217.233,1693.251,590.662,1467.572,450.603,1918.930,730.720,0.871,148.000,,
vino.mp4,6518,217.267,1693.443,589.682,1468.186,449.920,1918.701,729.445,0.898,148.000,,
vino.mp4,6519,217.300,1693.297,589.413,1467.576,449.356,1919.017,729.470,0.899,148.000,,
vino.mp4,6520,217.333,1693.486,589.232,1467.676,449.095,1919.297,729.370,0.897,148.000,,
vino.mp4,6521,217.367,1693.239,588.893,1467.367,448.723,1919.111,729.062,0.895,148.000,,
vino.mp4,6522,217.400,1693.099,589.310,1466.891,448.911,1919.306,729.709,0.899,148.000,,
vino.mp4,6523,217.433,1692.982,589.383,1466.889,449.066,1919.074,729.701,0.899,148.000,,
vino.mp4,6524,217.467,1693.116,589.552,1466.982,449.191,1919.250,729.912,0.899,148.000,,
vino.mp4,6525,217.500,1693.107,589.200,1467.672,449.338,1918.542,729.063,0.896,148.000,,
vino.mp4,6526,217.533,1692.693,589.887,1466.406,449.486,1918.981,730.287,0.893,148.000,,
vino.mp4,6527,217.567,1692.370,590.128,1465.901,449.639,1918.838,730.617,0.884,148.000,,
vino.mp4,6528,217.600,1692.848,590.679,1466.119,449.974,1919.576,731.383,0.859,148.000,,
vino.mp4,6529,217.633,1693.168,590.186,1467.442,450.150,1918.894,730.222,0.859,148.000,,
vino.mp4,6530,217.667,1693.341,590.811,1467.074,450.386,1919.608,731.237,0.861,148.000,,
vino.mp4,6531,217.700,1693.388,591.075,1466.777,450.288,1920.000,731.863,0.858,148.000,,
vino.mp4,6532,217.733,1693.421,591.097,1466.841,450.233,1920.000,731.961,0.861,148.000,,
vino.mp4,6533,217.767,1693.551,591.160,1467.346,450.597,1919.756,731.723,0.864,148.000,,
vino.mp4,6534,217.800,1693.336,591.110,1467.530,450.822,1919.142,731.398,0.835,148.000,,
vino.mp4,6535,217.833,1693.227,591.027,1467.516,450.822,1918.938,731.233,0.832,148.000,,
vino.mp4,6536,217.867,1693.063,591.230,1466.944,450.762,1919.183,731.698,0.768,148.000,,
vino.mp4,6537,217.900,1692.477,591.077,1466.318,450.639,1918.637,731.514,0.698,148.000,,
vino.mp4,6538,217.933,1692.398,591.131,1466.184,450.696,1918.612,731.566,0.758,148.000,,
vino.mp4,6539,217.967,1692.424,591.287,1466.034,450.758,1918.814,731.817,0.770,148.000,,
vino.mp4,6540,218.000,1692.481,589.834,1466.751,449.801,1918.211,729.867,0.784,148.000,,
vino.mp4,6541,218.033,1692.665,588.853,1467.695,449.414,1917.635,728.292,0.812,148.000,,
vino.mp4,6542,218.067,1692.500,587.977,1468.253,449.178,1916.747,726.776,0.822,148.000,,
vino.mp4,6543,218.100,1692.173,587.585,1468.068,449.076,1916.277,726.095,0.867,148.000,,
vino.mp4,6544,218.133,1691.780,588.038,1466.946,449.225,1916.614,726.850,0.872,148.000,,
vino.mp4,6545,218.167,1691.634,588.045,1466.551,449.229,1916.718,726.861,0.867,148.000,,
vino.mp4,6546,218.200,1691.643,588.136,1465.637,448.810,1917.648,727.462,0.867,148.000,,
vino.mp4,6547,218.233,1692.008,587.955,1465.582,448.384,1918.434,727.526,0.870,148.000,,
vino.mp4,6548,218.267,1692.309,588.068,1465.284,448.079,1919.333,728.056,0.880,148.000,,
vino.mp4,6549,218.300,1692.205,588.381,1464.756,448.085,1919.653,728.676,0.879,148.000,,
vino.mp4,6550,218.333,1692.305,588.717,1464.708,448.270,1919.901,729.163,0.880,148.000,,
vino.mp4,6551,218.367,1692.048,589.371,1464.543,448.968,1919.553,729.774,0.879,148.000,,
vino.mp4,6552,218.400,1692.198,589.698,1464.795,449.325,1919.602,730.072,0.879,148.000,,
vino.mp4,6553,218.433,1691.687,588.065,1466.743,449.491,1916.631,726.638,0.844,148.000,,
vino.mp4,6554,218.467,1692.549,589.269,1466.257,449.798,1918.840,728.740,0.861,148.000,,
vino.mp4,6555,218.500,1692.186,589.393,1465.979,450.041,1918.392,728.746,0.876,148.000,,
vino.mp4,6556,218.533,1689.742,589.433,1462.881,449.913,1916.602,728.953,0.782,148.000,,
vino.mp4,6557,218.567,1689.802,588.995,1463.484,450.026,1916.120,727.964,0.716,148.000,,
vino.mp4,6558,218.600,1689.369,588.039,1464.869,450.621,1913.868,725.457,0.801,148.000,,
vino.mp4,6559,218.633,1688.732,587.341,1464.995,450.878,1912.469,723.804,0.720,148.000,,
vino.mp4,6560,218.667,1684.339,586.500,1461.372,451.465,1907.306,721.536,0.431,148.000,,
vino.mp4,6561,218.700,1687.733,583.583,1470.100,452.628,1905.367,714.538,0.420,148.000,,
vino.mp4,6562,218.733,1689.486,583.890,1471.031,452.938,1907.942,714.843,0.586,148.000,,
vino.mp4,6563,218.767,1689.798,582.916,1472.230,453.147,1907.366,712.686,0.472,148.000,,
vino.mp4,6564,218.800,1689.971,582.636,1472.065,453.229,1907.876,712.043,0.411,148.000,,
vino.mp4,6565,218.833,1690.239,583.439,1470.302,453.179,1910.177,713.700,0.600,148.000,,
vino.mp4,6566,218.867,1689.999,583.713,1468.903,453.124,1911.095,714.301,0.551,148.000,,
vino.mp4,6567,218.900,1689.789,584.728,1466.661,453.148,1912.917,716.308,0.569,148.000,,
vino.mp4,6568,218.933,1689.411,583.241,1468.008,453.174,1910.814,713.309,0.636,148.000,,
vino.mp4,6569,218.967,1689.461,586.904,1462.160,453.194,1916.762,720.613,0.671,148.000,,
vino.mp4,6570,219.000,1689.225,586.096,1463.553,453.574,1914.898,718.619,0.709,148.000,,
vino.mp4,6571,219.033,1689.114,582.698,1469.013,454.196,1909.216,711.201,0.710,148.000,,
vino.mp4,6572,219.067,1688.947,578.628,1474.495,454.523,1903.399,702.734,0.602,148.000,,
vino.mp4,6573,219.100,1688.731,575.590,1477.544,454.579,1899.918,696.601,0.442,148.000,,
vino.mp4,6574,219.133,1688.814,572.870,1480.397,454.778,1897.231,690.963,0.624,148.000,,
vino.mp4,6575,219.167,1689.034,570.230,1483.246,455.092,1894.821,685.367,0.661,148.000,,
vino.mp4,6576,219.200,1688.966,567.637,1485.378,455.308,1892.555,679.966,0.675,148.000,,
vino.mp4,6577,219.233,1689.252,566.743,1485.012,455.431,1893.492,678.056,0.815,148.000,,
vino.mp4,6578,219.267,1689.733,567.500,1481.974,455.270,1897.493,679.730,0.869,148.000,,
vino.mp4,6579,219.300,1689.907,567.991,1479.469,455.190,1900.344,680.792,0.905,148.000,,
vino.mp4,6580,219.333,1689.685,568.275,1477.507,455.376,1901.863,681.174,0.894,148.000,,
vino.mp4,6581,219.367,1689.790,568.499,1475.825,455.366,1903.755,681.631,0.902,148.000,,
vino.mp4,6582,219.400,1689.922,568.298,1475.085,455.389,1904.760,681.208,0.895,148.000,,
vino.mp4,6583,219.433,1690.147,568.092,1474.415,455.324,1905.879,680.859,0.904,148.000,,
vino.mp4,6584,219.467,1690.674,567.912,1474.143,455.256,1907.205,680.568,0.927,148.000,,
vino.mp4,6585,219.500,1690.745,567.801,1473.541,455.313,1907.949,680.289,0.920,148.000,,
vino.mp4,6586,219.533,1690.434,567.804,1472.226,455.280,1908.642,680.329,0.913,148.000,,
vino.mp4,6587,219.567,1690.435,568.109,1471.033,455.374,1909.836,680.843,0.909,148.000,,
vino.mp4,6588,219.600,1690.593,568.177,1470.440,455.420,1910.746,680.935,0.932,148.000,,
vino.mp4,6589,219.633,1690.651,568.427,1469.297,455.335,1912.006,681.519,0.868,148.000,,
vino.mp4,6590,219.667,1690.840,568.092,1469.503,455.316,1912.177,680.867,0.812,148.000,,
vino.mp4,6591,219.700,1690.844,568.087,1468.877,455.253,1912.811,680.920,0.752,148.000,,
vino.mp4,6592,219.733,1690.918,568.104,1468.596,455.327,1913.240,680.881,0.567,148.000,,
vino.mp4,6593,219.767,1690.877,568.358,1467.642,455.288,1914.111,681.427,0.595,148.000,,
vino.mp4,6594,219.800,1691.155,568.553,1467.392,455.342,1914.919,681.765,0.511,148.000,,
vino.mp4,6595,219.833,1691.408,569.006,1466.451,455.228,1916.364,682.784,0.777,148.000,,
vino.mp4,6596,219.867,1691.184,569.094,1465.692,455.101,1916.676,683.086,0.676,148.000,,
vino.mp4,6597,219.900,1691.485,569.086,1465.840,455.045,1917.130,683.127,0.552,148.000,,
vino.mp4,6598,219.933,1691.286,568.989,1465.766,455.078,1916.805,682.901,0.497,148.000,,
vino.mp4,6599,219.967,,,,,,,,,,
vino.mp4,6600,220.000,1691.822,568.609,1465.538,454.264,1918.105,682.955,0.554,148.000,,
vino.mp4,6601,220.033,1691.803,568.524,1465.480,454.134,1918.126,682.914,0.678,148.000,,
vino.mp4,6602,220.067,1691.792,569.333,1464.137,454.123,1919.447,684.543,0.762,148.000,,
vino.mp4,6603,220.100,1691.678,569.814,1463.356,454.082,1920.000,685.545,0.758,148.000,,
vino.mp4,6604,220.133,1691.456,569.960,1462.911,453.958,1920.000,685.962,0.734,148.000,,
vino.mp4,6605,220.167,1691.347,570.241,1462.785,454.161,1919.908,686.320,0.803,148.000,,
vino.mp4,6606,220.200,1691.427,570.176,1462.997,454.051,1919.857,686.302,0.822,148.000,,
vino.mp4,6607,220.233,1691.576,570.211,1463.220,454.004,1919.931,686.418,0.873,148.000,,
vino.mp4,6608,220.267,1691.526,570.261,1463.295,454.018,1919.756,686.503,0.869,148.000,,
vino.mp4,6609,220.300,1691.428,570.448,1463.176,454.092,1919.680,686.803,0.884,148.000,,
vino.mp4,6610,220.333,1691.369,570.540,1463.097,454.066,1919.641,687.013,0.892,148.000,,
vino.mp4,6611,220.367,1691.189,571.079,1462.379,454.082,1920.000,688.076,0.910,148.000,,
vino.mp4,6612,220.400,1691.000,571.197,1462.000,453.957,1920.000,688.437,0.893,148.000,,
vino.mp4,6613,220.433,1691.082,571.279,1462.164,453.927,1920.000,688.632,0.909,148.000,,
vino.mp4,6614,220.467,1691.222,571.248,1462.444,453.905,1920.000,688.590,0.921,148.000,,
vino.mp4,6615,220.500,1690.845,571.859,1461.690,453.963,1920.000,689.755,0.911,148.000,,
vino.mp4,6616,220.533,1690.796,572.128,1461.593,454.039,1920.000,690.216,0.894,148.000,,
vino.mp4,6617,220.567,1690.772,572.191,1461.544,453.998,1920.000,690.384,0.896,148.000,,
vino.mp4,6618,220.600,1690.766,572.291,1461.531,454.028,1920.000,690.553,0.884,148.000,,
vino.mp4,6619,220.633,1690.915,572.270,1461.911,454.143,1919.919,690.398,0.862,148.000,,
vino.mp4,6620,220.667,1690.597,572.244,1461.815,454.169,1919.379,690.318,0.820,148.000,,
vino.mp4,6621,220.700,1690.480,572.385,1461.620,454.199,1919.341,690.572,0.798,148.000,,
vino.mp4,6622,220.733,1690.449,572.444,1461.840,454.334,1919.058,690.555,0.824,148.000,,
vino.mp4,6623,220.767,1690.363,572.369,1461.893,454.292,1918.834,690.445,0.813,148.000,,
vino.mp4,6624,220.800,1690.633,572.421,1462.146,454.260,1919.120,690.583,0.883,148.000,,
vino.mp4,6625,220.833,1690.448,572.416,1462.005,454.235,1918.892,690.597,0.834,148.000,,
vino.mp4,6626,220.867,1690.347,572.396,1461.897,454.176,1918.797,690.616,0.803,148.000,,
vino.mp4,6627,220.900,1690.278,572.368,1461.796,454.097,1918.760,690.638,0.839,148.000,,
vino.mp4,6628,220.933,1690.240,572.405,1461.760,454.101,1918.720,690.709,0.852,148.000,,
vino.mp4,6629,220.967,1690.458,572.438,1462.118,454.165,1918.797,690.711,0.840,148.000,,
vino.mp4,6630,221.000,1690.361,572.458,1462.280,454.305,1918.441,690.612,0.789,148.000,,
vino.mp4,6631,221.033,1690.685,572.347,1462.759,454.234,1918.612,690.460,0.857,148.000,,
vino.mp4,6632,221.067,1691.236,572.293,1463.388,454.142,1919.083,690.443,0.876,148.000,,
vino.mp4,6633,221.100,1691.197,572.319,1463.243,454.052,1919.150,690.586,0.837,148.000,,
vino.mp4,6634,221.133,1691.559,572.330,1463.764,454.064,1919.354,690.596,0.875,148.000,,
vino.mp4,6635,221.167,1691.697,572.325,1464.085,454.082,1919.309,690.568,0.866,148.000,,
vino.mp4,6636,221.200,1691.540,572.327,1464.138,454.148,1918.943,690.507,0.842,148.000,,
vino.mp4,6637,221.233,1691.556,572.276,1464.474,454.233,1918.638,690.318,0.836,148.000,,
vino.mp4,6638,221.267,1691.593,572.208,1464.568,454.160,1918.617,690.256,0.829,148.000,,
vino.mp4,6639,221.300,1691.579,572.258,1464.385,454.069,1918.773,690.446,0.811,148.000,,
vino.mp4,6640,221.333,1691.548,572.177,1464.544,454.061,1918.551,690.294,0.820,148.000,,
vino.mp4,6641,221.367,1691.333,572.144,1464.443,454.087,1918.224,690.201,0.800,148.000,,
vino.mp4,6642,221.400,1691.294,572.171,1464.319,454.046,1918.268,690.296,0.836,148.000,,
vino.mp4,6643,221.433,1691.360,572.231,1464.392,454.082,1918.329,690.380,0.839,148.000,,
vino.mp4,6644,221.467,1691.035,571.881,1464.374,453.931,1917.695,689.831,0.839,148.000,,
vino.mp4,6645,221.500,1690.922,571.767,1464.174,453.786,1917.669,689.747,0.843,148.000,,
vino.mp4,6646,221.533,1690.893,571.714,1464.203,453.790,1917.583,689.638,0.821,148.000,,
vino.mp4,6647,221.567,1690.950,571.447,1464.436,453.649,1917.463,689.245,0.833,148.000,,
vino.mp4,6648,221.600,1690.906,571.194,1464.814,453.694,1916.998,688.694,0.805,148.000,,
vino.mp4,6649,221.633,1690.699,571.140,1464.415,453.602,1916.983,688.677,0.826,148.000,,
vino.mp4,6650,221.667,1690.605,571.306,1463.767,453.496,1917.443,689.115,0.802,148.000,,
vino.mp4,6651,221.700,1690.698,571.394,1463.811,453.582,1917.586,689.206,0.801,148.000,,
vino.mp4,6652,221.733,1690.882,571.272,1464.086,453.525,1917.679,689.020,0.721,148.000,,
vino.mp4,6653,221.767,1691.038,571.178,1464.300,453.478,1917.776,688.878,0.764,148.000,,
vino.mp4,6654,221.800,1691.255,571.262,1464.777,453.713,1917.734,688.811,0.744,148.000,,
vino.mp4,6655,221.833,1691.339,571.262,1465.096,453.866,1917.582,688.659,0.778,148.000,,
vino.mp4,6656,221.867,1691.246,571.238,1464.979,453.858,1917.512,688.617,0.710,148.000,,
vino.mp4,6657,221.900,1692.161,570.993,1465.751,453.561,1918.571,688.425,0.176,148.000,,
vino.mp4,6658,221.933,1691.437,571.104,1465.120,453.753,1917.754,688.454,0.474,148.000,,
vino.mp4,6659,221.967,1691.468,571.160,1465.088,453.769,1917.849,688.551,0.697,148.000,,
vino.mp4,6660,222.000,1691.172,571.438,1464.488,453.885,1917.855,688.990,0.909,148.000,,
vino.mp4,6661,222.033,1690.206,571.490,1463.351,453.927,1917.060,689.052,0.721,148.000,,
vino.mp4,6662,222.067,,,,,,,,,,
vino.mp4,6663,222.100,,,,,,,,,,
vino.mp4,6664,222.133,,,,,,,,,,
vino.mp4,6665,222.167,,,,,,,,,,
vino.mp4,6666,222.200,1691.015,572.426,1464.911,455.810,1917.120,689.042,0.245,,,
vino.mp4,6667,222.233,1690.992,573.437,1465.825,456.859,1916.160,690.016,0.618,148.000,,
vino.mp4,6668,222.267,1691.888,572.660,1467.322,456.598,1916.453,688.721,0.683,148.000,,
vino.mp4,6669,222.300,1692.409,572.096,1467.837,456.175,1916.981,688.017,0.615,148.000,,
vino.mp4,6670,222.333,1693.051,572.404,1468.664,456.706,1917.438,688.102,0.649,148.000,,
vino.mp4,6671,222.367,1692.973,573.732,1466.860,457.099,1919.085,690.366,0.430,148.000,,
vino.mp4,6672,222.400,1691.966,574.266,1463.931,456.352,1920.000,692.179,0.583,148.000,,
vino.mp4,6673,222.433,,,,,,,,,,
vino.mp4,6674,222.467,,,,,,,,,,
vino.mp4,6675,222.500,1692.032,575.665,1464.063,457.898,1920.000,693.432,0.549,148.000,,
vino.mp4,6676,222.533,1691.781,575.761,1464.425,458.411,1919.138,693.110,0.596,148.000,,
vino.mp4,6677,222.567,1691.296,575.799,1464.608,458.947,1917.984,692.651,0.522,148.000,,
vino.mp4,6678,222.600,1691.525,576.275,1464.815,459.502,1918.234,693.048,0.532,148.000,,
vino.mp4,6679,222.633,,,,,,,,,,
vino.mp4,6680,222.667,,,,,,,,,,
vino.mp4,6681,222.700,,,,,,,,,,
vino.mp4,6682,222.733,,,,,,,,,,
vino.mp4,6683,222.767,,,,,,,,,,
vino.mp4,6684,222.800,,,,,,,,,,
vino.mp4,6685,222.833,,,,,,,,,,
vino.mp4,6686,222.867,,,,,,,,,,
vino.mp4,6687,222.900,,,,,,,,,,
vino.mp4,6688,222.933,,,,,,,,,,
vino.mp4,6689,222.967,1692.589,577.180,1465.177,460.012,1920.000,694.349,0.547,148.000,,
vino.mp4,6690,223.000,,,,,,,,,,
vino.mp4,6691,223.033,,,,,,,,,,
vino.mp4,6692,223.067,1691.601,577.248,1463.537,459.815,1919.665,694.681,0.453,148.000,,
vino.mp4,6693,223.100,1691.222,577.319,1462.988,459.819,1919.457,694.820,0.467,148.000,,
vino.mp4,6694,223.133,1691.493,577.302,1463.428,459.876,1919.557,694.728,0.511,148.000,,
vino.mp4,6695,223.167,,,,,,,,,,
vino.mp4,6696,223.200,,,,,,,,,,
vino.mp4,6697,223.233,,,,,,,,,,
vino.mp4,6698,223.267,,,,,,,,,,
vino.mp4,6699,223.300,1692.285,576.465,1466.777,460.361,1917.794,692.569,0.293,148.000,,
vino.mp4,6700,223.333,,,,,,,,,,
vino.mp4,6701,223.367,,,,,,,,,,
vino.mp4,6702,223.400,,,,,,,,,,
vino.mp4,6703,223.433,,,,,,,,,,
vino.mp4,6704,223.467,,,,,,,,,,
vino.mp4,6705,223.500,,,,,,,,,,
vino.mp4,6706,223.533,,,,,,,,,,
vino.mp4,6707,223.567,,,,,,,,,,
vino.mp4,6708,223.600,,,,,,,,,,
vino.mp4,6709,223.633,,,,,,,,,,
vino.mp4,6710,223.667,,,,,,,,,,
vino.mp4,6711,223.700,,,,,,,,,,
vino.mp4,6712,223.733,,,,,,,,,,
vino.mp4,6713,223.767,,,,,,,,,,
vino.mp4,6714,223.800,,,,,,,,,,
vino.mp4,6715,223.833,,,,,,,,,,
vino.mp4,6716,223.867,,,,,,,,,,
vino.mp4,6717,223.900,,,,,,,,,,
vino.mp4,6718,223.933,,,,,,,,,,
vino.mp4,6719,223.967,,,,,,,,,,
vino.mp4,6720,224.000,,,,,,,,,,
vino.mp4,6721,224.033,,,,,,,,,,
vino.mp4,6722,224.067,,,,,,,,,,
vino.mp4,6723,224.100,,,,,,,,,,
vino.mp4,6724,224.133,,,,,,,,,,
vino.mp4,6725,224.167,,,,,,,,,,
vino.mp4,6726,224.200,,,,,,,,,,
vino.mp4,6727,224.233,,,,,,,,,,
vino.mp4,6728,224.267,1692.374,569.596,1504.312,481.771,1880.437,657.421,0.551,148.000,,
vino.mp4,6729,224.300,,,,,,,,,,
vino.mp4,6730,224.333,,,,,,,,,,
vino.mp4,6731,224.367,,,,,,,,,,
vino.mp4,6732,224.400,,,,,,,,,,
vino.mp4,6733,224.433,,,,,,,,,,
vino.mp4,6734,224.467,1691.944,570.726,1495.683,484.365,1888.204,657.087,0.484,148.000,,
vino.mp4,6735,224.500,,,,,,,,,,
vino.mp4,6736,224.533,1691.620,568.782,1487.683,481.870,1895.556,655.695,0.636,148.000,,
vino.mp4,6737,224.567,1691.759,566.564,1483.806,479.804,1899.712,653.325,0.537,148.000,,
vino.mp4,6738,224.600,1691.809,564.760,1480.781,477.988,1902.838,651.531,0.683,148.000,,
vino.mp4,6739,224.633,1691.716,562.743,1478.575,476.072,1904.857,649.413,0.742,148.000,,
vino.mp4,6740,224.667,1691.567,561.861,1474.608,474.183,1908.526,649.539,0.568,148.000,,
vino.mp4,6741,224.700,1692.295,559.665,1471.507,470.661,1913.082,648.669,0.617,148.000,,
vino.mp4,6742,224.733,,,,,,,,,,
vino.mp4,6743,224.767,,,,,,,,,,
vino.mp4,6744,224.800,1713.185,559.106,1506.369,469.309,1920.000,648.903,0.352,148.000,,
vino.mp4,6745,224.833,1716.234,559.069,1512.467,468.256,1920.000,649.881,0.557,148.000,,
vino.mp4,6746,224.867,1717.376,560.444,1514.752,468.405,1920.000,652.482,0.746,148.000,,
vino.mp4,6747,224.900,1717.583,561.899,1515.167,468.338,1920.000,655.459,0.751,148.000,,
vino.mp4,6748,224.933,1718.493,562.291,1516.987,468.088,1920.000,656.494,0.822,148.000,,
vino.mp4,6749,224.967,1720.150,561.710,1520.300,467.821,1920.000,655.600,0.637,148.000,,
vino.mp4,6750,225.000,1723.261,562.799,1526.522,470.598,1920.000,655.000,0.425,148.000,,
vino.mp4,6751,225.033,1728.371,563.615,1536.743,472.941,1920.000,654.290,0.536,148.000,,
vino.mp4,6752,225.067,1739.039,564.126,1558.078,475.007,1920.000,653.244,0.298,148.000,,
vino.mp4,6753,225.100,,,,,,,,,,
vino.mp4,6754,225.133,1745.862,564.819,1571.725,476.097,1920.000,653.541,0.477,148.000,,
vino.mp4,6755,225.167,1748.217,565.144,1576.434,476.185,1920.000,654.104,0.406,148.000,,
vino.mp4,6756,225.200,1750.365,564.887,1580.729,476.248,1920.000,653.526,0.581,148.000,,
vino.mp4,6757,225.233,1752.206,564.828,1584.411,476.425,1920.000,653.230,0.805,148.000,,
vino.mp4,6758,225.267,1753.188,565.362,1586.376,477.230,1920.000,653.493,0.694,148.000,,
vino.mp4,6759,225.300,1752.688,565.798,1585.377,477.252,1920.000,654.345,0.870,148.000,,
vino.mp4,6760,225.333,1750.549,566.619,1581.098,477.460,1920.000,655.777,0.806,148.000,,
vino.mp4,6761,225.367,1746.752,570.206,1573.505,480.529,1920.000,659.883,0.841,148.000,,
vino.mp4,6762,225.400,1738.689,571.212,1564.054,483.079,1913.324,659.345,0.678,148.000,,
vino.mp4,6763,225.433,1722.643,566.447,1550.805,481.671,1894.481,651.223,0.305,148.000,,
vino.mp4,6764,225.467,,,,,,,,,,
vino.mp4,6765,225.500,,,,,,,,,,
vino.mp4,6766,225.533,1651.030,556.675,1382.633,462.717,1919.427,650.634,0.233,,,
vino.mp4,6767,225.567,,,,,,,,,,
vino.mp4,6768,225.600,,,,,,,,,,
vino.mp4,6769,225.633,,,,,,,,,,
vino.mp4,6770,225.667,,,,,,,,,,
vino.mp4,6771,225.700,1517.493,581.791,1252.625,460.519,1782.361,703.063,0.699,148.000,,
vino.mp4,6772,225.733,1467.766,590.816,1189.683,469.086,1745.850,712.545,0.790,148.000,,
vino.mp4,6773,225.767,1418.883,600.975,1125.358,473.873,1712.408,728.077,0.930,148.000,,
vino.mp4,6774,225.800,1379.694,588.981,1043.295,442.287,1716.093,735.675,0.736,148.000,,
vino.mp4,6775,225.833,1326.999,567.045,948.195,396.679,1705.803,737.411,0.893,148.000,,
vino.mp4,6776,225.867,1274.155,537.953,844.831,336.116,1703.478,739.791,0.645,148.000,,
vino.mp4,6777,225.900,1183.759,466.280,630.005,192.679,1737.512,739.882,0.605,148.000,,
vino.mp4,6778,225.933,1143.923,445.370,590.365,160.868,1697.482,729.872,0.525,148.000,,
vino.mp4,6779,225.967,1046.574,382.744,473.461,83.627,1619.686,681.862,0.613,148.000,,
vino.mp4,6780,226.000,,,,,,,,,,
vino.mp4,6781,226.033,,,,,,,,,,
vino.mp4,6782,226.067,,,,,,,,,,
vino.mp4,6783,226.100,810.040,374.388,315.070,114.062,1305.009,634.715,0.642,148.000,,
vino.mp4,6784,226.133,739.098,388.983,281.644,144.313,1196.552,633.653,0.617,148.000,,
vino.mp4,6785,226.167,,,,,,,,,,
vino.mp4,6786,226.200,595.704,437.675,193.212,214.527,998.195,660.824,0.647,148.000,,
vino.mp4,6787,226.233,,,,,,,,,,
vino.mp4,6788,226.267,480.982,506.190,90.067,279.702,871.897,732.678,0.567,148.000,,
vino.mp4,6789,226.300,454.487,536.005,78.443,310.360,830.531,761.651,0.841,148.000,,
vino.mp4,6790,226.333,448.688,555.502,98.469,339.577,798.908,771.428,0.896,148.000,,
vino.mp4,6791,226.367,437.022,575.137,119.617,375.487,754.426,774.787,0.904,148.000,,
vino.mp4,6792,226.400,439.819,595.199,157.736,416.243,721.902,774.154,0.509,148.000,,
vino.mp4,6793,226.433,,,,,,,,,,
vino.mp4,6794,226.467,,,,,,,,,,
vino.mp4,6795,226.500,,,,,,,,,,
vino.mp4,6796,226.533,474.685,626.666,225.559,470.128,723.812,783.205,0.739,148.000,,
vino.mp4,6797,226.567,473.186,628.994,214.181,464.828,732.190,793.159,0.825,148.000,,
vino.mp4,6798,226.600,442.816,632.360,175.634,457.277,709.999,807.442,0.873,148.000,,
vino.mp4,6799,226.633,404.037,638.235,128.507,447.268,679.567,829.202,0.821,148.000,,
vino.mp4,6800,226.667,391.888,649.663,104.766,438.358,679.010,860.967,0.497,148.000,,
vino.mp4,6801,226.700,370.516,655.446,81.281,433.852,659.752,877.040,0.712,148.000,,
vino.mp4,6802,226.733,355.059,647.910,80.546,434.747,629.571,861.074,0.915,148.000,,
vino.mp4,6803,226.767,371.027,640.879,109.545,439.046,632.509,842.712,0.861,148.000,,
vino.mp4,6804,226.800,406.802,631.139,154.460,440.474,659.144,821.805,0.898,148.000,,
vino.mp4,6805,226.833,421.651,623.242,175.427,441.732,667.876,804.752,0.919,148.000,,
vino.mp4,6806,226.867,436.994,618.411,192.536,445.190,681.453,791.633,0.921,148.000,,
vino.mp4,6807,226.900,463.553,611.549,212.941,442.470,714.166,780.628,0.720,148.000,,
vino.mp4,6808,226.933,489.817,605.336,228.390,437.887,751.243,772.784,0.928,148.000,,
vino.mp4,6809,226.967,515.337,594.629,244.336,429.617,786.338,759.641,0.940,148.000,,
vino.mp4,6810,227.000,534.435,577.250,268.193,425.487,800.678,729.012,0.933,148.000,,
vino.mp4,6811,227.033,564.407,556.642,306.269,420.553,822.544,692.732,0.925,148.000,,
vino.mp4,6812,227.067,612.334,537.873,360.481,414.852,864.188,660.894,0.926,148.000,,
vino.mp4,6813,227.100,673.015,524.358,415.411,405.785,930.618,642.930,0.853,148.000,,
vino.mp4,6814,227.133,745.250,510.463,483.215,395.606,1007.285,625.321,0.857,148.000,,
vino.mp4,6815,227.167,829.285,503.294,558.969,388.541,1099.600,618.046,0.786,148.000,,
vino.mp4,6816,227.200,909.115,501.474,633.645,387.191,1184.585,615.757,0.697,148.000,,
vino.mp4,6817,227.233,972.448,505.599,698.871,394.759,1246.025,616.439,0.794,148.000,,
vino.mp4,6818,227.267,1032.719,512.560,756.321,402.160,1309.117,622.960,0.797,148.000,,
vino.mp4,6819,227.300,,,,,,,,,,
vino.mp4,6820,227.333,1162.916,475.656,851.397,347.612,1474.434,603.699,0.867,148.000,,
vino.mp4,6821,227.367,1218.395,466.349,880.777,321.696,1556.014,611.002,0.808,148.000,,
vino.mp4,6822,227.400,1266.915,464.405,908.802,303.986,1625.027,624.823,0.420,148.000,,
vino.mp4,6823,227.433,,,,,,,,,,
vino.mp4,6824,227.467,1355.575,414.219,915.111,205.389,1796.039,623.050,0.417,148.000,,
vino.mp4,6825,227.500,,,,,,,,,,
vino.mp4,6826,227.533,1472.577,287.541,1191.553,2.354,1753.602,572.728,0.207,,,
vino.mp4,6827,227.567,,,,,,,,,,
vino.mp4,6828,227.600,,,,,,,,,,
vino.mp4,6829,227.633,,,,,,,,,,
vino.mp4,6830,227.667,1604.988,204.937,1291.115,2.043,1918.861,407.831,0.333,,,
vino.mp4,6831,227.700,,,,,,,,,,
vino.mp4,6832,227.733,,,,,,,,,,
vino.mp4,6833,227.767,,,,,,,,,,
vino.mp4,6834,227.800,,,,,,,,,,
vino.mp4,6835,227.833,,,,,,,,,,
vino.mp4,6836,227.867,1612.365,230.404,1304.730,5.504,1920.000,455.305,0.614,148.000,,
vino.mp4,6837,227.900,,,,,,,,,,
vino.mp4,6838,227.933,,,,,,,,,,
vino.mp4,6839,227.967,,,,,,,,,,
vino.mp4,6840,228.000,,,,,,,,,,
vino.mp4,6841,228.033,,,,,,,,,,
vino.mp4,6842,228.067,1605.635,563.868,1291.623,422.484,1919.647,705.252,0.774,,,
vino.mp4,6843,228.100,1598.371,685.628,1277.494,477.609,1919.248,893.647,0.389,,,
vino.mp4,6844,228.133,1585.312,693.649,1289.920,502.313,1880.703,884.984,0.509,153.000,,
vino.mp4,6845,228.167,1586.327,701.465,1324.786,533.009,1847.869,869.922,0.804,153.000,,
vino.mp4,6846,228.200,1592.689,676.799,1387.437,547.164,1797.941,806.433,0.853,153.000,,
vino.mp4,6847,228.233,1594.757,681.521,1385.027,551.678,1804.487,811.364,0.822,153.000,,
vino.mp4,6848,228.267,1595.581,677.738,1385.939,551.091,1805.223,804.385,0.838,153.000,,
vino.mp4,6849,228.300,1593.632,670.679,1384.839,548.326,1802.426,793.031,0.680,153.000,,
vino.mp4,6850,228.333,1584.570,668.834,1371.222,548.133,1797.917,789.534,0.857,153.000,,
vino.mp4,6851,228.367,1575.207,668.701,1355.012,548.812,1795.401,788.590,0.906,153.000,,
vino.mp4,6852,228.400,1571.887,668.981,1344.529,549.827,1799.245,788.135,0.872,153.000,,
vino.mp4,6853,228.433,1567.682,668.948,1332.213,550.166,1803.150,787.729,0.915,153.000,,
vino.mp4,6854,228.467,1559.364,668.306,1316.348,550.564,1802.380,786.049,0.917,153.000,,
vino.mp4,6855,228.500,1547.479,665.355,1290.132,545.267,1804.825,785.443,0.913,153.000,,
vino.mp4,6856,228.533,1535.989,645.959,1237.303,509.189,1834.675,782.729,0.817,153.000,,
vino.mp4,6857,228.567,1525.354,619.744,1173.321,459.107,1877.387,780.382,0.777,153.000,,
vino.mp4,6858,228.600,1511.803,592.781,1112.919,410.019,1910.688,775.543,0.751,153.000,,
vino.mp4,6859,228.633,1483.585,565.423,1047.170,358.753,1920.000,772.093,0.714,153.000,,
vino.mp4,6860,228.667,1449.964,544.229,984.932,324.733,1914.997,763.725,0.792,153.000,,
vino.mp4,6861,228.700,1406.356,533.144,934.812,305.672,1877.900,760.616,0.681,153.000,,
vino.mp4,6862,228.733,1366.020,523.631,892.067,290.111,1839.973,757.151,0.709,153.000,,
vino.mp4,6863,228.767,1329.136,520.547,862.708,286.184,1795.563,754.909,0.661,153.000,,
vino.mp4,6864,228.800,1287.751,524.346,828.859,289.738,1746.644,758.953,0.749,153.000,,
vino.mp4,6865,228.833,1251.262,536.121,797.366,300.252,1705.159,771.991,0.470,153.000,,
vino.mp4,6866,228.867,1223.499,551.709,783.508,320.195,1663.490,783.223,0.491,153.000,,
vino.mp4,6867,228.900,1198.548,566.656,771.988,340.606,1625.108,792.706,0.615,153.000,,
vino.mp4,6868,228.933,1179.854,576.612,763.627,355.284,1596.081,797.939,0.653,153.000,,
vino.mp4,6869,228.967,1159.033,586.384,753.104,370.541,1564.962,802.227,0.621,153.000,,
vino.mp4,6870,229.000,1128.759,596.778,735.952,388.870,1521.565,804.687,0.503,153.000,,
vino.mp4,6871,229.033,1095.364,607.034,715.953,408.013,1474.776,806.055,0.106,153.000,,
vino.mp4,6872,229.067,1070.431,616.432,699.843,422.894,1441.019,809.971,0.317,153.000,,
vino.mp4,6873,229.100,1033.357,613.054,664.173,420.897,1402.541,805.211,0.242,153.000,,
vino.mp4,6874,229.133,1008.820,550.500,552.318,305.039,1465.322,795.962,0.513,153.000,,
vino.mp4,6875,229.167,973.335,590.721,558.360,363.038,1388.310,818.403,0.710,153.000,,
vino.mp4,6876,229.200,909.161,611.724,523.461,397.014,1294.862,826.433,0.824,153.000,,
vino.mp4,6877,229.233,855.816,635.973,499.791,436.179,1211.841,835.767,0.157,153.000,,
vino.mp4,6878,229.267,,,,,,,,,,
vino.mp4,6879,229.300,818.106,672.520,456.774,465.887,1179.439,879.153,0.602,153.000,,
vino.mp4,6880,229.333,1667.915,1011.655,1416.296,946.815,1919.534,1076.494,0.161,,,
vino.mp4,6881,229.367,856.199,677.982,515.998,477.599,1196.401,878.365,0.481,153.000,,
vino.mp4,6882,229.400,865.683,676.802,530.987,471.566,1200.378,882.039,0.861,153.000,,
vino.mp4,6883,229.433,,,,,,,,,,
vino.mp4,6884,229.467,,,,,,,,,,
vino.mp4,6885,229.500,,,,,,,,,,
vino.mp4,6886,229.533,943.260,677.345,603.800,464.192,1282.720,890.498,0.472,153.000,,
vino.mp4,6887,229.567,985.671,672.091,660.865,467.987,1310.476,876.195,0.378,153.000,,
vino.mp4,6888,229.600,1011.022,665.365,705.491,476.038,1316.553,854.692,0.673,153.000,,
vino.mp4,6889,229.633,1027.819,654.946,749.026,487.782,1306.613,822.109,0.918,153.000,,
vino.mp4,6890,229.667,1034.427,651.908,781.972,507.979,1286.883,795.836,0.505,153.000,,
vino.mp4,6891,229.700,,,,,,,,,,
vino.mp4,6892,229.733,1030.998,670.839,762.323,520.738,1299.673,820.941,0.844,153.000,,
vino.mp4,6893,229.767,1021.045,676.793,724.441,509.633,1317.649,843.953,0.925,153.000,,
vino.mp4,6894,229.800,996.517,664.074,661.502,470.260,1331.533,857.887,0.898,153.000,,
vino.mp4,6895,229.833,,,,,,,,,,
vino.mp4,6896,229.867,999.466,624.127,599.150,385.999,1399.781,862.256,0.657,153.000,,
vino.mp4,6897,229.900,1016.180,612.503,605.624,363.063,1426.736,861.944,0.651,153.000,,
vino.mp4,6898,229.933,,,,,,,,,,
vino.mp4,6899,229.967,1074.875,631.816,698.203,403.353,1451.547,860.280,0.504,153.000,,
vino.mp4,6900,230.000,1110.606,666.603,782.146,473.513,1439.066,859.692,0.522,153.000,,
vino.mp4,6901,230.033,1145.871,708.972,869.665,557.328,1422.077,860.616,0.662,153.000,,
vino.mp4,6902,230.067,1191.421,740.601,949.419,617.966,1433.423,863.236,0.881,153.000,,
vino.mp4,6903,230.100,,,,,,,,,,
vino.mp4,6904,230.133,1294.773,779.746,1023.921,646.758,1565.624,912.735,0.492,153.000,,
vino.mp4,6905,230.167,,,,,,,,,,
vino.mp4,6906,230.200,,,,,,,,,,
vino.mp4,6907,230.233,,,,,,,,,,
vino.mp4,6908,230.267,,,,,,,,,,
vino.mp4,6909,230.300,,,,,,,,,,
vino.mp4,6910,230.333,,,,,,,,,,
vino.mp4,6911,230.367,,,,,,,,,,
vino.mp4,6912,230.400,,,,,,,,,,
vino.mp4,6913,230.433,,,,,,,,,,
vino.mp4,6914,230.467,,,,,,,,,,
vino.mp4,6915,230.500,,,,,,,,,,
vino.mp4,6916,230.533,,,,,,,,,,
vino.mp4,6917,230.567,,,,,,,,,,
vino.mp4,6918,230.600,1661.234,1006.831,1403.752,940.131,1918.716,1073.530,0.112,,,
vino.mp4,6919,230.633,1702.768,1008.773,1486.885,945.014,1918.651,1072.533,0.117,,,
vino.mp4,6920,230.667,1699.187,1010.876,1479.672,947.621,1918.703,1074.131,0.132,,,
vino.mp4,6921,230.700,1625.357,736.794,1348.428,511.466,1902.285,962.122,0.665,,,
vino.mp4,6922,230.733,,,,,,,,,,
vino.mp4,6923,230.767,1783.081,1013.694,1647.735,956.000,1918.427,1071.388,0.180,,,
vino.mp4,6924,230.800,1780.255,1015.380,1641.925,955.963,1918.586,1074.797,0.385,,,
vino.mp4,6925,230.833,1774.917,1015.941,1637.421,956.916,1912.414,1074.965,0.480,157.000,,
vino.mp4,6926,230.867,1609.867,692.307,1339.933,426.594,1879.801,958.021,0.693,158.000,,
vino.mp4,6927,230.900,1606.524,685.668,1329.895,412.892,1883.154,958.443,0.797,158.000,,
vino.mp4,6928,230.933,1601.976,680.702,1321.344,403.039,1882.608,958.366,0.618,158.000,,
vino.mp4,6929,230.967,1596.201,682.310,1312.052,399.590,1880.350,965.030,0.562,158.000,,
vino.mp4,6930,231.000,1586.223,683.338,1297.681,393.606,1874.766,973.070,0.753,158.000,,
vino.mp4,6931,231.033,,,,,,,,,,
vino.mp4,6932,231.067,,,,,,,,,,
vino.mp4,6933,231.100,1548.440,648.271,1350.719,345.427,1746.162,951.115,0.285,,,
vino.mp4,6934,231.133,1532.080,646.739,1228.828,331.705,1835.332,961.773,0.396,158.000,,
vino.mp4,6935,231.167,1508.973,641.988,1210.340,319.794,1807.606,964.183,0.555,158.000,,
vino.mp4,6936,231.200,1482.437,639.613,1192.638,315.695,1772.237,963.532,0.591,158.000,,
vino.mp4,6937,231.233,1453.213,642.083,1168.377,313.373,1738.049,970.792,0.819,158.000,,
vino.mp4,6938,231.267,1433.291,647.333,1150.855,309.705,1715.728,984.961,0.618,158.000,,
vino.mp4,6939,231.300,1418.629,646.533,1142.723,304.158,1694.536,988.909,0.524,158.000,,
vino.mp4,6940,231.333,1404.263,638.941,1140.312,301.723,1668.215,976.158,0.636,158.000,,
vino.mp4,6941,231.367,1380.507,634.784,1123.913,302.711,1637.102,966.858,0.649,158.000,,
vino.mp4,6942,231.400,1368.141,633.864,1117.146,306.807,1619.135,960.921,0.679,158.000,,
vino.mp4,6943,231.433,1358.683,638.268,1112.640,319.677,1604.727,956.860,0.147,158.000,,
vino.mp4,6944,231.467,1350.578,647.601,1109.124,341.272,1592.032,953.929,0.377,158.000,,
vino.mp4,6945,231.500,1343.429,657.927,1106.567,367.900,1580.291,947.954,0.189,158.000,,
vino.mp4,6946,231.533,1326.103,671.390,1086.924,391.107,1565.282,951.672,0.118,158.000,,
vino.mp4,6947,231.567,1437.105,746.340,954.210,426.270,1920.000,1066.409,0.420,,,
vino.mp4,6948,231.600,1303.403,700.859,1069.863,443.815,1536.944,957.903,0.706,158.000,,
vino.mp4,6949,231.633,1287.751,715.418,1048.387,467.651,1527.116,963.184,0.807,158.000,,
vino.mp4,6950,231.667,1271.143,731.439,1027.038,494.081,1515.248,968.797,0.709,158.000,,
vino.mp4,6951,231.700,1255.688,749.644,1006.962,522.638,1504.414,976.651,0.692,158.000,,
vino.mp4,6952,231.733,1243.731,764.136,989.888,546.794,1497.574,981.478,0.752,158.000,,
vino.mp4,6953,231.767,1236.782,781.333,977.301,572.568,1496.263,990.099,0.568,158.000,,
vino.mp4,6954,231.800,1225.732,799.547,954.556,593.853,1496.909,1005.241,0.450,158.000,,
vino.mp4,6955,231.833,1216.372,813.641,935.341,612.760,1497.404,1014.521,0.356,158.000,,
vino.mp4,6956,231.867,,,,,,,,,,
vino.mp4,6957,231.900,,,,,,,,,,
vino.mp4,6958,231.933,,,,,,,,,,
vino.mp4,6959,231.967,,,,,,,,,,
vino.mp4,6960,232.000,,,,,,,,,,
vino.mp4,6961,232.033,,,,,,,,,,
vino.mp4,6962,232.067,,,,,,,,,,
vino.mp4,6963,232.100,,,,,,,,,,
vino.mp4,6964,232.133,,,,,,,,,,
vino.mp4,6965,232.167,,,,,,,,,,
vino.mp4,6966,232.200,,,,,,,,,,
vino.mp4,6967,232.233,,,,,,,,,,
vino.mp4,6968,232.267,,,,,,,,,,
vino.mp4,6969,232.300,,,,,,,,,,
vino.mp4,6970,232.333,,,,,,,,,,
vino.mp4,6971,232.367,,,,,,,,,,
vino.mp4,6972,232.400,,,,,,,,,,
vino.mp4,6973,232.433,,,,,,,,,,
vino.mp4,6974,232.467,,,,,,,,,,
vino.mp4,6975,232.500,,,,,,,,,,
vino.mp4,6976,232.533,,,,,,,,,,
vino.mp4,6977,232.567,,,,,,,,,,
vino.mp4,6978,232.600,,,,,,,,,,
vino.mp4,6979,232.633,,,,,,,,,,
vino.mp4,6980,232.667,,,,,,,,,,
vino.mp4,6981,232.700,,,,,,,,,,
vino.mp4,6982,232.733,,,,,,,,,,
vino.mp4,6983,232.767,,,,,,,,,,
vino.mp4,6984,232.800,,,,,,,,,,
vino.mp4,6985,232.833,,,,,,,,,,
vino.mp4,6986,232.867,,,,,,,,,,
vino.mp4,6987,232.900,,,,,,,,,,
vino.mp4,6988,232.933,,,,,,,,,,
vino.mp4,6989,232.967,,,,,,,,,,
vino.mp4,6990,233.000,1691.264,978.458,1463.738,881.359,1918.790,1075.557,0.165,,,
vino.mp4,6991,233.033,,,,,,,,,,
vino.mp4,6992,233.067,,,,,,,,,,
vino.mp4,6993,233.100,1717.778,977.234,1516.791,881.761,1918.766,1072.707,0.245,,,
vino.mp4,6994,233.133,1719.793,976.525,1520.973,880.044,1918.613,1073.006,0.439,,,
vino.mp4,6995,233.167,,,,,,,,,,
vino.mp4,6996,233.200,1699.223,975.486,1479.816,876.056,1918.629,1074.917,0.573,,,
vino.mp4,6997,233.233,1688.491,975.418,1468.771,875.906,1908.210,1074.931,0.470,164.000,,
vino.mp4,6998,233.267,1543.387,835.088,1330.471,653.030,1756.304,1017.146,0.418,165.000,,
vino.mp4,6999,233.300,1532.292,831.349,1306.326,637.597,1758.257,1025.100,0.855,165.000,,
vino.mp4,7000,233.333,1522.092,826.739,1285.099,623.115,1759.085,1030.363,0.841,165.000,,
vino.mp4,7001,233.367,1506.136,817.135,1267.759,612.810,1744.514,1021.460,0.514,165.000,,
vino.mp4,7002,233.400,,,,,,,,,,
vino.mp4,7003,233.433,,,,,,,,,,
vino.mp4,7004,233.467,,,,,,,,,,
vino.mp4,7005,233.500,,,,,,,,,,
vino.mp4,7006,233.533,,,,,,,,,,
vino.mp4,7007,233.567,,,,,,,,,,
vino.mp4,7008,233.600,1651.248,992.873,1384.552,908.092,1917.944,1077.654,0.155,,,
vino.mp4,7009,233.633,1523.391,815.404,1259.402,590.563,1787.380,1040.246,0.405,165.000,,
vino.mp4,7010,233.667,1526.501,815.455,1257.629,587.303,1795.374,1043.608,0.510,165.000,,
vino.mp4,7011,233.700,1528.407,818.133,1254.305,585.875,1802.510,1050.391,0.530,165.000,,
vino.mp4,7012,233.733,1528.111,820.018,1250.744,584.848,1805.479,1055.187,0.448,165.000,,
vino.mp4,7013,233.767,1528.962,821.114,1247.146,581.635,1810.777,1060.594,0.423,165.000,,
vino.mp4,7014,233.800,1527.918,823.110,1245.219,582.291,1810.618,1063.929,0.549,165.000,,
vino.mp4,7015,233.833,1526.961,824.633,1244.035,582.907,1809.888,1066.358,0.848,165.000,,
vino.mp4,7016,233.867,1526.274,824.858,1243.746,582.789,1808.802,1066.927,0.727,165.000,,
vino.mp4,7017,233.900,1525.357,824.164,1243.775,582.215,1806.939,1066.113,0.665,165.000,,
vino.mp4,7018,233.933,1524.393,822.475,1244.165,581.026,1804.620,1063.925,0.720,165.000,,
vino.mp4,7019,233.967,1523.299,820.801,1243.873,579.329,1802.725,1062.273,0.759,165.000,,
vino.mp4,7020,234.000,,,,,,,,,,
vino.mp4,7021,234.033,1520.957,817.753,1241.120,574.585,1800.794,1060.921,0.613,165.000,,
vino.mp4,7022,234.067,,,,,,,,,,
vino.mp4,7023,234.100,1528.067,803.147,1258.477,567.193,1797.658,1039.101,0.481,165.000,,
vino.mp4,7024,234.133,1583.847,795.286,1313.588,563.002,1854.107,1027.571,0.531,165.000,,
vino.mp4,7025,234.167,1610.606,804.995,1323.245,558.107,1897.966,1051.882,0.228,165.000,,
vino.mp4,7026,234.200,,,,,,,,,,
vino.mp4,7027,234.233,1619.321,808.904,1318.641,553.126,1920.000,1064.683,0.139,,,
vino.mp4,7028,234.267,,,,,,,,,,
vino.mp4,7029,234.300,,,,,,,,,,
vino.mp4,7030,234.333,1618.109,809.122,1316.218,548.916,1920.000,1069.328,0.312,165.000,,
vino.mp4,7031,234.367,1621.138,805.493,1322.275,542.718,1920.000,1068.268,0.526,165.000,,
vino.mp4,7032,234.400,1579.076,768.230,1322.657,541.287,1835.495,995.173,0.424,165.000,,
vino.mp4,7033,234.433,1627.763,793.797,1343.513,539.036,1912.012,1048.558,0.460,165.000,,
vino.mp4,7034,234.467,1639.506,799.037,1359.013,536.369,1920.000,1061.704,0.309,165.000,,
vino.mp4,7035,234.500,1600.101,765.991,1351.144,532.795,1849.057,999.186,0.852,165.000,,
vino.mp4,7036,234.533,1579.836,751.885,1348.957,529.214,1810.714,974.556,0.907,165.000,,
vino.mp4,7037,234.567,1572.935,744.797,1351.207,525.177,1794.663,964.416,0.889,165.000,,
vino.mp4,7038,234.600,1569.766,742.112,1352.396,521.261,1787.135,962.963,0.896,165.000,,
vino.mp4,7039,234.633,1567.665,741.256,1352.796,517.587,1782.534,964.924,0.852,165.000,,
vino.mp4,7040,234.667,1566.034,747.813,1346.676,513.180,1785.392,982.446,0.805,165.000,,
vino.mp4,7041,234.700,1564.562,751.126,1344.397,509.163,1784.728,993.088,0.848,165.000,,
vino.mp4,7042,234.733,1563.282,751.628,1344.312,504.454,1782.251,998.802,0.879,165.000,,
vino.mp4,7043,234.767,1561.535,751.694,1346.318,502.741,1776.753,1000.647,0.904,165.000,,
vino.mp4,7044,234.800,1557.650,750.699,1345.901,500.095,1769.400,1001.302,0.907,165.000,,
vino.mp4,7045,234.833,1550.153,750.565,1341.234,498.794,1759.072,1002.336,0.655,165.000,,
vino.mp4,7046,234.867,1545.640,749.625,1340.098,497.721,1751.181,1001.528,0.814,165.000,,
vino.mp4,7047,234.900,1542.849,748.274,1340.696,496.378,1745.002,1000.170,0.908,165.000,,
vino.mp4,7048,234.933,1541.371,747.961,1342.566,496.368,1740.177,999.554,0.858,165.000,,
vino.mp4,7049,234.967,1539.526,748.250,1343.067,495.872,1735.985,1000.629,0.720,165.000,,
vino.mp4,7050,235.000,1538.251,745.669,1346.027,495.390,1730.474,995.947,0.795,165.000,,
vino.mp4,7051,235.033,1537.026,746.738,1345.553,493.700,1728.500,999.776,0.701,165.000,,
vino.mp4,7052,235.067,1536.455,747.948,1345.886,492.407,1727.024,1003.490,0.784,165.000,,
vino.mp4,7053,235.100,1536.822,747.955,1348.352,491.820,1725.292,1004.090,0.887,165.000,,
vino.mp4,7054,235.133,1537.108,751.946,1347.808,490.917,1726.408,1012.976,0.891,165.000,,
vino.mp4,7055,235.167,1538.034,757.797,1347.206,490.749,1728.861,1024.844,0.865,165.000,,
vino.mp4,7056,235.200,1538.581,762.861,1346.450,490.010,1730.713,1035.711,0.858,165.000,,
vino.mp4,7057,235.233,1539.848,769.398,1345.428,489.079,1734.268,1049.717,0.878,165.000,,
vino.mp4,7058,235.267,1541.081,764.010,1351.983,488.634,1730.179,1039.386,0.883,165.000,,
vino.mp4,7059,235.300,1543.510,759.144,1358.870,488.481,1728.151,1029.807,0.832,165.000,,
vino.mp4,7060,235.333,1544.793,756.695,1362.447,488.086,1727.138,1025.304,0.711,165.000,,
vino.mp4,7061,235.367,1546.868,759.186,1363.980,488.480,1729.757,1029.892,0.695,165.000,,
vino.mp4,7062,235.400,1548.430,763.903,1363.345,488.290,1733.515,1039.516,0.888,165.000,,
vino.mp4,7063,235.433,1549.885,761.570,1367.101,488.752,1732.669,1034.387,0.911,165.000,,
vino.mp4,7064,235.467,1550.923,758.553,1370.482,489.063,1731.363,1028.043,0.908,165.000,,
vino.mp4,7065,235.500,1552.044,756.334,1373.095,489.207,1730.993,1023.461,0.897,165.000,,
vino.mp4,7066,235.533,1552.962,754.635,1375.069,489.455,1730.855,1019.816,0.872,165.000,,
vino.mp4,7067,235.567,1553.662,751.959,1377.114,489.596,1730.210,1014.322,0.732,165.000,,
vino.mp4,7068,235.600,1552.696,749.031,1377.476,489.392,1727.915,1008.670,0.710,165.000,,
vino.mp4,7069,235.633,1553.477,747.173,1378.966,489.504,1727.989,1004.843,0.742,165.000,,
vino.mp4,7070,235.667,1553.206,746.078,1378.770,489.373,1727.642,1002.783,0.632,165.000,,
vino.mp4,7071,235.700,1553.593,744.337,1379.784,489.617,1727.402,999.056,0.785,165.000,,
vino.mp4,7072,235.733,1553.655,743.380,1380.082,489.971,1727.228,996.789,0.794,165.000,,
vino.mp4,7073,235.767,1553.527,742.877,1379.819,490.160,1727.236,995.593,0.817,165.000,,
vino.mp4,7074,235.800,1553.105,742.502,1379.070,490.062,1727.141,994.941,0.891,165.000,,
vino.mp4,7075,235.833,1552.708,742.075,1378.467,490.068,1726.948,994.082,0.914,165.000,,
vino.mp4,7076,235.867,1552.484,742.442,1377.826,490.457,1727.143,994.428,0.901,165.000,,
vino.mp4,7077,235.900,1552.427,743.105,1377.071,490.634,1727.783,995.576,0.896,165.000,,
vino.mp4,7078,235.933,1552.658,744.904,1375.998,490.884,1729.319,998.924,0.840,165.000,,
vino.mp4,7079,235.967,1552.346,746.215,1374.661,490.885,1730.031,1001.545,0.917,165.000,,
vino.mp4,7080,236.000,1552.099,748.069,1372.755,490.270,1731.443,1005.869,0.919,165.000,,
vino.mp4,7081,236.033,1552.365,746.514,1374.051,490.536,1730.679,1002.492,0.921,165.000,,
vino.mp4,7082,236.067,1552.914,744.931,1375.151,490.252,1730.677,999.610,0.877,165.000,,
vino.mp4,7083,236.100,1553.455,745.725,1374.572,489.526,1732.338,1001.924,0.890,165.000,,
vino.mp4,7084,236.133,1553.856,746.398,1373.588,488.119,1734.125,1004.678,0.885,165.000,,
vino.mp4,7085,236.167,1554.429,746.054,1371.932,484.301,1736.927,1007.806,0.884,165.000,,
vino.mp4,7086,236.200,1554.810,744.696,1370.018,479.037,1739.603,1010.355,0.887,165.000,,
vino.mp4,7087,236.233,1555.101,743.890,1368.032,474.069,1742.169,1013.711,0.899,165.000,,
vino.mp4,7088,236.267,1555.391,744.640,1365.960,470.061,1744.823,1019.218,0.868,165.000,,
vino.mp4,7089,236.300,1555.845,746.173,1364.722,467.764,1746.968,1024.583,0.891,165.000,,
vino.mp4,7090,236.333,1555.970,749.335,1363.166,466.910,1748.775,1031.759,0.914,165.000,,
vino.mp4,7091,236.367,1556.072,757.581,1359.043,466.492,1753.101,1048.670,0.635,165.000,,
vino.mp4,7092,236.400,1556.119,762.655,1357.405,466.529,1754.832,1058.780,0.545,165.000,,
vino.mp4,7093,236.433,1638.499,767.420,1356.997,464.828,1920.000,1070.012,0.703,170.000,,
vino.mp4,7094,236.467,1555.685,768.590,1356.707,466.949,1754.662,1070.231,0.511,165.000,,
vino.mp4,7095,236.500,1640.302,769.997,1360.605,467.317,1920.000,1072.677,0.639,170.000,,
vino.mp4,7096,236.533,1555.882,771.079,1360.868,471.871,1750.896,1070.286,0.680,165.000,,
vino.mp4,7097,236.567,1555.967,774.241,1362.879,476.798,1749.056,1071.684,0.450,165.000,,
vino.mp4,7098,236.600,1644.538,780.821,1369.076,486.416,1920.000,1075.226,0.794,170.000,,
vino.mp4,7099,236.633,1645.978,782.268,1371.955,489.917,1920.000,1074.620,0.458,170.000,,
vino.mp4,7100,236.667,1646.299,783.326,1373.801,492.814,1918.798,1073.839,0.433,170.000,,
vino.mp4,7101,236.700,1646.446,784.414,1375.223,495.522,1917.669,1073.307,0.496,170.000,,
vino.mp4,7102,236.733,1623.326,785.462,1348.490,496.878,1898.161,1074.047,0.519,170.000,,
vino.mp4,7103,236.767,1637.895,788.414,1364.499,501.423,1911.291,1075.405,0.843,170.000,,
vino.mp4,7104,236.800,1624.573,787.116,1348.101,499.850,1901.044,1074.382,0.514,170.000,,
vino.mp4,7105,236.833,1633.251,788.560,1356.559,501.582,1909.943,1075.539,0.859,170.000,,
vino.mp4,7106,236.867,1625.121,787.060,1347.803,501.905,1902.439,1072.216,0.858,170.000,,
vino.mp4,7107,236.900,1615.699,785.863,1335.716,501.047,1895.682,1070.678,0.895,170.000,,
vino.mp4,7108,236.933,1613.177,784.787,1330.697,499.956,1895.657,1069.617,0.855,170.000,,
vino.mp4,7109,236.967,1614.780,784.770,1329.799,499.233,1899.761,1070.307,0.664,170.000,,
vino.mp4,7110,237.000,1618.583,784.205,1331.841,498.012,1905.325,1070.398,0.739,170.000,,
vino.mp4,7111,237.033,1620.730,783.677,1332.759,497.157,1908.701,1070.197,0.824,170.000,,
vino.mp4,7112,237.067,1622.349,783.738,1333.206,496.671,1911.491,1070.805,0.656,170.000,,
vino.mp4,7113,237.100,1624.046,783.252,1334.626,496.369,1913.466,1070.135,0.774,170.000,,
vino.mp4,7114,237.133,1626.038,783.510,1336.252,496.466,1915.824,1070.555,0.662,170.000,,
vino.mp4,7115,237.167,1628.487,784.126,1338.893,497.257,1918.080,1070.996,0.459,170.000,,
vino.mp4,7116,237.200,1543.711,752.669,1367.562,495.770,1719.861,1009.568,0.810,165.000,,
vino.mp4,7117,237.233,1546.224,755.266,1366.402,495.824,1726.045,1014.708,0.466,165.000,,
vino.mp4,7118,237.267,1634.524,778.627,1349.049,494.213,1920.000,1063.041,0.578,170.000,,
vino.mp4,7119,237.300,1634.550,782.260,1349.099,496.164,1920.000,1068.356,0.875,170.000,,
vino.mp4,7120,237.333,1634.455,784.063,1348.909,494.597,1920.000,1073.529,0.860,170.000,,
vino.mp4,7121,237.367,1556.091,728.065,1390.633,495.943,1721.550,960.186,0.500,165.000,,
vino.mp4,7122,237.400,1556.463,719.698,1393.944,496.111,1718.983,943.286,0.792,165.000,,
vino.mp4,7123,237.433,1556.768,719.243,1392.387,496.315,1721.149,942.172,0.758,165.000,,
vino.mp4,7124,237.467,1555.713,721.000,1388.609,496.560,1722.816,945.440,0.664,165.000,,
vino.mp4,7125,237.500,1556.217,716.425,1390.571,496.826,1721.862,936.024,0.801,165.000,,
vino.mp4,7126,237.533,1556.400,715.104,1390.125,497.110,1722.676,933.097,0.801,165.000,,
vino.mp4,7127,237.567,1556.921,714.302,1389.582,497.268,1724.259,931.336,0.635,165.000,,
vino.mp4,7128,237.600,1556.873,713.879,1388.294,497.254,1725.452,930.503,0.739,165.000,,
vino.mp4,7129,237.633,1557.041,713.471,1387.422,497.377,1726.659,929.565,0.539,165.000,,
vino.mp4,7130,237.667,1556.348,711.580,1386.641,497.271,1726.054,925.890,0.792,165.000,,
vino.mp4,7131,237.700,1556.198,711.031,1385.464,497.110,1726.932,924.952,0.753,165.000,,
vino.mp4,7132,237.733,1556.154,712.408,1383.208,496.888,1729.099,927.928,0.703,165.000,,
vino.mp4,7133,237.767,1557.113,712.943,1383.022,497.085,1731.204,928.801,0.676,165.000,,
vino.mp4,7134,237.800,1641.037,783.536,1362.075,498.348,1920.000,1068.724,0.620,170.000,,
vino.mp4,7135,237.833,1640.202,784.509,1360.404,497.764,1920.000,1071.254,0.693,170.000,,
vino.mp4,7136,237.867,1639.870,785.019,1359.741,497.262,1920.000,1072.776,0.818,170.000,,
vino.mp4,7137,237.900,1636.722,785.031,1353.444,496.790,1920.000,1073.272,0.588,170.000,,
vino.mp4,7138,237.933,1535.198,729.966,1341.167,494.289,1729.228,965.643,0.347,165.000,,
vino.mp4,7139,237.967,1523.490,727.438,1326.879,493.922,1720.101,960.953,0.513,165.000,,
vino.mp4,7140,238.000,1518.007,724.766,1320.378,493.949,1715.636,955.584,0.416,165.000,,
vino.mp4,7141,238.033,1527.187,722.182,1330.197,493.798,1724.177,950.566,0.379,165.000,,
vino.mp4,7142,238.067,1631.830,764.511,1346.601,493.431,1917.060,1035.592,0.248,170.000,,
vino.mp4,7143,238.100,1630.232,776.055,1340.464,494.437,1920.000,1057.673,0.598,170.000,,
vino.mp4,7144,238.133,1627.903,780.476,1335.806,494.037,1920.000,1066.915,0.583,170.000,,
vino.mp4,7145,238.167,1624.489,779.981,1328.978,491.586,1920.000,1068.376,0.601,170.000,,
vino.mp4,7146,238.200,1621.780,778.983,1323.560,488.599,1920.000,1069.366,0.863,170.000,,
vino.mp4,7147,238.233,1620.111,778.156,1320.222,484.985,1920.000,1071.326,0.808,170.000,,
vino.mp4,7148,238.267,1621.297,775.975,1322.594,481.065,1920.000,1070.885,0.618,170.000,,
vino.mp4,7149,238.300,1553.570,701.782,1359.402,474.448,1747.738,929.117,0.506,165.000,,
vino.mp4,7150,238.333,1556.293,700.785,1362.888,472.454,1749.698,929.117,0.471,165.000,,
vino.mp4,7151,238.367,1557.222,700.054,1364.694,471.201,1749.750,928.907,0.619,165.000,,
vino.mp4,7152,238.400,1558.069,700.889,1365.222,469.984,1750.915,931.793,0.815,165.000,,
vino.mp4,7153,238.433,1557.870,700.726,1366.445,470.078,1749.295,931.374,0.881,165.000,,
vino.mp4,7154,238.467,1557.567,701.350,1367.302,470.894,1747.832,931.805,0.852,165.000,,
vino.mp4,7155,238.500,1556.864,702.188,1366.941,471.222,1746.788,933.154,0.519,165.000,,
vino.mp4,7156,238.533,1558.546,706.444,1368.462,474.687,1748.629,938.202,0.550,165.000,,
vino.mp4,7157,238.567,1557.339,708.216,1371.683,481.893,1742.995,934.540,0.865,165.000,,
vino.mp4,7158,238.600,1557.381,713.186,1374.663,490.833,1740.098,935.539,0.722,165.000,,
vino.mp4,7159,238.633,1554.976,718.786,1376.457,502.835,1733.495,934.737,0.772,165.000,,
vino.mp4,7160,238.667,1550.361,723.454,1375.411,514.172,1725.311,932.735,0.792,165.000,,
vino.mp4,7161,238.700,1544.240,729.470,1369.487,523.387,1718.993,935.552,0.644,165.000,,
vino.mp4,7162,238.733,1624.721,800.146,1348.436,527.446,1901.005,1072.847,0.624,170.000,,
vino.mp4,7163,238.767,1609.652,804.944,1331.284,535.947,1888.020,1073.941,0.650,170.000,,
vino.mp4,7164,238.800,1598.584,808.743,1317.625,543.484,1879.544,1074.002,0.763,170.000,,
vino.mp4,7165,238.833,1591.380,812.450,1308.284,551.332,1874.475,1073.568,0.563,170.000,,
vino.mp4,7166,238.867,1589.033,817.301,1305.090,561.061,1872.976,1073.542,0.672,170.000,,
vino.mp4,7167,238.900,1585.197,818.504,1296.667,563.086,1873.726,1073.923,0.388,170.000,,
vino.mp4,7168,238.933,1580.642,820.349,1290.255,568.523,1871.030,1072.175,0.326,170.000,,
vino.mp4,7169,238.967,1479.856,755.834,1290.014,573.820,1669.698,937.848,0.850,165.000,,
vino.mp4,7170,239.000,1472.319,758.086,1277.348,578.054,1667.290,938.118,0.912,165.000,,
vino.mp4,7171,239.033,1466.067,759.144,1266.635,581.544,1665.498,936.744,0.896,165.000,,
vino.mp4,7172,239.067,1460.349,759.712,1257.168,585.010,1663.529,934.415,0.846,165.000,,
vino.mp4,7173,239.100,1453.938,760.375,1245.854,587.138,1662.022,933.613,0.825,165.000,,
vino.mp4,7174,239.133,1447.294,760.654,1235.034,589.465,1659.555,931.842,0.864,165.000,,
vino.mp4,7175,239.167,1441.911,761.050,1225.970,591.993,1657.852,930.107,0.870,165.000,,
vino.mp4,7176,239.200,1433.306,761.497,1214.758,595.485,1651.854,927.509,0.906,165.000,,
vino.mp4,7177,239.233,1422.147,762.251,1199.188,597.999,1645.106,926.504,0.833,165.000,,
vino.mp4,7178,239.267,1411.189,762.762,1184.243,600.522,1638.135,925.002,0.893,165.000,,
vino.mp4,7179,239.300,1405.249,763.895,1174.707,603.373,1635.791,924.417,0.864,165.000,,
vino.mp4,7180,239.333,1401.579,765.678,1167.709,606.731,1635.449,924.626,0.876,165.000,,
vino.mp4,7181,239.367,1506.104,840.839,1210.829,609.468,1801.379,1072.209,0.438,170.000,,
vino.mp4,7182,239.400,1504.291,841.443,1191.081,612.176,1817.501,1070.711,0.626,170.000,,
vino.mp4,7183,239.433,1495.102,842.180,1165.463,613.528,1824.740,1070.833,0.627,170.000,,
vino.mp4,7184,239.467,1488.083,841.583,1144.098,612.650,1832.068,1070.517,0.627,170.000,,
vino.mp4,7185,239.500,1478.595,842.796,1121.671,613.579,1835.518,1072.013,0.451,170.000,,
vino.mp4,7186,239.533,1356.195,767.461,1103.551,614.597,1608.839,920.325,0.421,165.000,,
vino.mp4,7187,239.567,1460.934,843.593,1085.109,616.818,1836.760,1070.367,0.430,170.000,,
vino.mp4,7188,239.600,1452.568,844.594,1067.568,618.582,1837.568,1070.606,0.385,170.000,,
vino.mp4,7189,239.633,1334.762,771.790,1053.983,621.151,1615.540,922.430,0.430,165.000,,
vino.mp4,7190,239.667,1331.516,772.792,1044.631,624.735,1618.402,920.848,0.340,165.000,,
vino.mp4,7191,239.700,1428.545,848.427,1021.733,626.827,1835.356,1070.026,0.299,170.000,,
vino.mp4,7192,239.733,1637.439,993.443,1362.774,914.347,1912.104,1072.538,0.142,164.000,,
vino.mp4,7193,239.767,1410.332,803.939,1067.578,636.646,1753.086,971.231,0.106,170.000,,
vino.mp4,7194,239.800,1405.116,783.223,1082.723,636.907,1727.509,929.538,0.704,170.000,,
vino.mp4,7195,239.833,1400.923,766.695,1092.377,637.163,1709.470,896.227,0.635,170.000,,
vino.mp4,7196,239.867,1398.916,749.709,1107.979,637.938,1689.853,861.479,0.524,170.000,,
vino.mp4,7197,239.900,,,,,,,,,,
vino.mp4,7198,239.933,1374.535,743.959,1120.685,632.832,1628.386,855.086,0.821,165.000,,
vino.mp4,7199,239.967,,,,,,,,,,
vino.mp4,7200,240.000,,,,,,,,,,
vino.mp4,7201,240.033,1336.394,703.448,991.381,573.576,1681.407,833.320,0.562,170.000,,
vino.mp4,7202,240.067,1316.485,706.800,935.305,562.441,1697.666,851.159,0.296,170.000,,
vino.mp4,7203,240.100,,,,,,,,,,
vino.mp4,7204,240.133,1157.196,650.471,943.869,430.157,1370.523,870.785,0.295,,,
vino.mp4,7205,240.167,,,,,,,,,,
vino.mp4,7206,240.200,,,,,,,,,,
vino.mp4,7207,240.233,,,,,,,,,,
vino.mp4,7208,240.267,1307.748,586.846,695.496,303.633,1920.000,870.059,0.746,170.000,,
vino.mp4,7209,240.300,1329.638,560.235,739.276,250.543,1920.000,869.927,0.645,170.000,,
vino.mp4,7210,240.333,1359.601,528.866,799.201,205.106,1920.000,852.626,0.779,170.000,,
vino.mp4,7211,240.367,,,,,,,,,,
vino.mp4,7212,240.400,1396.930,511.753,873.861,180.608,1920.000,842.899,0.867,170.000,,
vino.mp4,7213,240.433,1537.447,536.509,1158.272,223.963,1916.622,849.056,0.332,,,
vino.mp4,7214,240.467,1450.027,537.810,980.054,243.418,1920.000,832.201,0.781,170.000,,
vino.mp4,7215,240.500,1473.379,556.895,1026.759,295.561,1920.000,818.229,0.713,170.000,,
vino.mp4,7216,240.533,1452.530,574.121,1039.319,349.524,1865.740,798.717,0.641,170.000,,
vino.mp4,7217,240.567,1404.283,604.913,1057.237,421.586,1751.330,788.241,0.806,170.000,,
vino.mp4,7218,240.600,1391.060,633.465,1099.313,484.553,1682.807,782.376,0.775,170.000,,
vino.mp4,7219,240.633,1418.682,663.818,1184.026,548.587,1653.337,779.048,0.129,170.000,,
vino.mp4,7220,240.667,,,,,,,,,,
vino.mp4,7221,240.700,,,,,,,,,,
vino.mp4,7222,240.733,,,,,,,,,,
vino.mp4,7223,240.767,,,,,,,,,,
vino.mp4,7224,240.800,,,,,,,,,,
vino.mp4,7225,240.833,1593.542,622.159,1267.084,366.006,1920.000,878.312,0.133,,,
vino.mp4,7226,240.867,,,,,,,,,,
vino.mp4,7227,240.900,,,,,,,,,,
vino.mp4,7228,240.933,,,,,,,,,,
vino.mp4,7229,240.967,1760.257,616.906,1601.800,426.772,1918.714,807.040,0.261,,,
vino.mp4,7230,241.000,,,,,,,,,,
vino.mp4,7231,241.033,1769.994,658.205,1621.100,515.606,1918.888,800.805,0.107,,,
vino.mp4,7232,241.067,,,,,,,,,,
vino.mp4,7233,241.100,,,,,,,,,,
vino.mp4,7234,241.133,,,,,,,,,,
vino.mp4,7235,241.167,,,,,,,,,,
vino.mp4,7236,241.200,,,,,,,,,,
vino.mp4,7237,241.233,,,,,,,,,,
vino.mp4,7238,241.267,,,,,,,,,,
vino.mp4,7239,241.300,,,,,,,,,,
vino.mp4,7240,241.333,,,,,,,,,,
vino.mp4,7241,241.367,,,,,,,,,,
vino.mp4,7242,241.400,,,,,,,,,,
vino.mp4,7243,241.433,,,,,,,,,,
vino.mp4,7244,241.467,,,,,,,,,,
vino.mp4,7245,241.500,,,,,,,,,,
vino.mp4,7246,241.533,,,,,,,,,,
vino.mp4,7247,241.567,,,,,,,,,,
vino.mp4,7248,241.600,,,,,,,,,,
vino.mp4,7249,241.633,,,,,,,,,,
vino.mp4,7250,241.667,,,,,,,,,,
vino.mp4,7251,241.700,,,,,,,,,,
vino.mp4,7252,241.733,,,,,,,,,,
vino.mp4,7253,241.767,,,,,,,,,,
vino.mp4,7254,241.800,,,,,,,,,,
vino.mp4,7255,241.833,,,,,,,,,,
vino.mp4,7256,241.867,,,,,,,,,,
vino.mp4,7257,241.900,,,,,,,,,,
vino.mp4,7258,241.933,,,,,,,,,,
vino.mp4,7259,241.967,,,,,,,,,,
vino.mp4,7260,242.000,,,,,,,,,,
vino.mp4,7261,242.033,,,,,,,,,,
vino.mp4,7262,242.067,,,,,,,,,,
vino.mp4,7263,242.100,,,,,,,,,,
vino.mp4,7264,242.133,,,,,,,,,,
vino.mp4,7265,242.167,1832.200,762.240,1745.587,690.241,1918.812,834.240,0.228,,,
vino.mp4,7266,242.200,,,,,,,,,,
vino.mp4,7267,242.233,,,,,,,,,,
vino.mp4,7268,242.267,1855.468,762.212,1791.690,694.063,1919.246,830.360,0.267,,,
vino.mp4,7269,242.300,1856.905,760.568,1794.502,692.486,1919.307,828.650,0.270,,,
vino.mp4,7270,242.333,1683.734,986.366,1448.134,897.802,1919.334,1074.930,0.438,,,
vino.mp4,7271,242.367,1683.470,987.149,1450.953,899.762,1915.987,1074.536,0.458,187.000,,
vino.mp4,7272,242.400,1859.724,761.952,1799.704,695.170,1919.743,828.734,0.376,188.000,,
vino.mp4,7273,242.433,1859.832,763.481,1800.255,697.189,1919.409,829.773,0.247,188.000,,
vino.mp4,7274,242.467,1680.099,992.387,1458.992,909.808,1901.207,1074.967,0.203,187.000,,
vino.mp4,7275,242.500,1679.218,993.131,1458.226,910.925,1900.210,1075.338,0.164,187.000,,
vino.mp4,7276,242.533,,,,,,,,,,
vino.mp4,7277,242.567,1678.875,994.240,1457.433,912.325,1900.317,1076.156,0.376,187.000,,
vino.mp4,7278,242.600,1679.311,994.352,1456.826,912.521,1901.796,1076.182,0.231,187.000,,
vino.mp4,7279,242.633,1680.087,994.790,1457.233,913.303,1902.941,1076.276,0.291,187.000,,
vino.mp4,7280,242.667,,,,,,,,,,
vino.mp4,7281,242.700,1683.667,994.833,1460.839,913.780,1906.495,1075.885,0.359,187.000,,
vino.mp4,7282,242.733,1830.240,814.489,1742.086,699.794,1918.393,929.184,0.417,191.000,,
vino.mp4,7283,242.767,,,,,,,,,,
vino.mp4,7284,242.800,1830.318,814.588,1742.363,700.165,1918.274,929.011,0.326,191.000,,
vino.mp4,7285,242.833,1830.240,814.661,1741.906,699.745,1918.573,929.578,0.345,191.000,,
vino.mp4,7286,242.867,1830.267,814.379,1742.152,699.770,1918.382,928.988,0.476,191.000,,
vino.mp4,7287,242.900,1830.081,813.669,1741.535,698.499,1918.628,928.839,0.545,191.000,,
vino.mp4,7288,242.933,1830.104,813.757,1741.571,698.618,1918.636,928.897,0.365,191.000,,
vino.mp4,7289,242.967,1830.633,814.067,1742.150,699.009,1919.116,929.125,0.315,191.000,,
vino.mp4,7290,243.000,1830.533,813.805,1742.353,699.167,1918.714,928.444,0.321,191.000,,
vino.mp4,7291,243.033,1830.195,813.444,1741.466,698.063,1918.924,928.825,0.367,191.000,,
vino.mp4,7292,243.067,1830.010,812.639,1741.117,697.038,1918.904,928.239,0.210,191.000,,
vino.mp4,7293,243.100,,,,,,,,,,
vino.mp4,7294,243.133,,,,,,,,,,
vino.mp4,7295,243.167,1829.769,812.356,1739.684,695.022,1919.855,929.690,0.273,191.000,,
vino.mp4,7296,243.200,,,,,,,,,,
vino.mp4,7297,243.233,,,,,,,,,,
vino.mp4,7298,243.267,,,,,,,,,,
vino.mp4,7299,243.300,,,,,,,,,,
vino.mp4,7300,243.333,,,,,,,,,,
vino.mp4,7301,243.367,,,,,,,,,,
vino.mp4,7302,243.400,1829.756,806.630,1740.426,683.011,1919.087,930.250,0.116,,,
vino.mp4,7303,243.433,,,,,,,,,,
vino.mp4,7304,243.467,,,,,,,,,,
vino.mp4,7305,243.500,,,,,,,,,,
vino.mp4,7306,243.533,,,,,,,,,,
vino.mp4,7307,243.567,,,,,,,,,,
vino.mp4,7308,243.600,,,,,,,,,,
vino.mp4,7309,243.633,,,,,,,,,,
vino.mp4,7310,243.667,,,,,,,,,,
vino.mp4,7311,243.700,,,,,,,,,,
vino.mp4,7312,243.733,,,,,,,,,,
vino.mp4,7313,243.767,,,,,,,,,,
vino.mp4,7314,243.800,,,,,,,,,,
vino.mp4,7315,243.833,,,,,,,,,,
vino.mp4,7316,243.867,,,,,,,,,,
vino.mp4,7317,243.900,,,,,,,,,,
vino.mp4,7318,243.933,,,,,,,,,,
vino.mp4,7319,243.967,,,,,,,,,,
vino.mp4,7320,244.000,,,,,,,,,,
vino.mp4,7321,244.033,,,,,,,,,,
vino.mp4,7322,244.067,,,,,,,,,,
vino.mp4,7323,244.100,,,,,,,,,,
vino.mp4,7324,244.133,,,,,,,,,,
vino.mp4,7325,244.167,,,,,,,,,,
vino.mp4,7326,244.200,,,,,,,,,,
vino.mp4,7327,244.233,,,,,,,,,,
vino.mp4,7328,244.267,,,,,,,,,,
vino.mp4,7329,244.300,,,,,,,,,,
vino.mp4,7330,244.333,,,,,,,,,,
vino.mp4,7331,244.367,,,,,,,,,,
vino.mp4,7332,244.400,,,,,,,,,,
vino.mp4,7333,244.433,,,,,,,,,,
vino.mp4,7334,244.467,,,,,,,,,,
vino.mp4,7335,244.500,,,,,,,,,,
vino.mp4,7336,244.533,,,,,,,,,,
vino.mp4,7337,244.567,,,,,,,,,,
vino.mp4,7338,244.600,,,,,,,,,,
vino.mp4,7339,244.633,,,,,,,,,,
vino.mp4,7340,244.667,,,,,,,,,,
vino.mp4,7341,244.700,,,,,,,,,,
vino.mp4,7342,244.733,,,,,,,,,,
vino.mp4,7343,244.767,,,,,,,,,,
vino.mp4,7344,244.800,,,,,,,,,,
vino.mp4,7345,244.833,,,,,,,,,,
vino.mp4,7346,244.867,,,,,,,,,,
vino.mp4,7347,244.900,,,,,,,,,,
vino.mp4,7348,244.933,,,,,,,,,,
vino.mp4,7349,244.967,,,,,,,,,,
vino.mp4,7350,245.000,,,,,,,,,,
vino.mp4,7351,245.033,,,,,,,,,,
vino.mp4,7352,245.067,,,,,,,,,,
vino.mp4,7353,245.100,,,,,,,,,,
vino.mp4,7354,245.133,1704.070,1017.269,1488.549,956.114,1919.591,1078.423,0.227,,,
vino.mp4,7355,245.167,1702.298,1015.710,1485.092,951.439,1919.504,1079.980,0.153,,,
vino.mp4,7356,245.200,1702.181,1013.804,1485.391,948.409,1918.972,1079.199,0.101,,,
vino.mp4,7357,245.233,,,,,,,,,,
vino.mp4,7358,245.267,1706.363,1011.952,1493.254,945.660,1919.471,1078.244,0.214,,,
vino.mp4,7359,245.300,1830.450,811.327,1741.928,690.824,1918.972,931.831,0.253,,,
vino.mp4,7360,245.333,1709.901,1011.183,1500.255,944.026,1919.548,1078.340,0.232,,,
vino.mp4,7361,245.367,1706.940,1011.329,1494.173,944.010,1919.708,1078.647,0.254,,,
vino.mp4,7362,245.400,1713.494,1010.279,1507.415,942.041,1919.573,1078.516,0.236,,,
vino.mp4,7363,245.433,,,,,,,,,,
vino.mp4,7364,245.467,1830.726,796.133,1742.584,690.232,1918.868,902.034,0.253,,,
vino.mp4,7365,245.500,,,,,,,,,,
vino.mp4,7366,245.533,,,,,,,,,,
vino.mp4,7367,245.567,,,,,,,,,,
vino.mp4,7368,245.600,,,,,,,,,,
vino.mp4,7369,245.633,,,,,,,,,,
vino.mp4,7370,245.667,,,,,,,,,,
vino.mp4,7371,245.700,,,,,,,,,,
vino.mp4,7372,245.733,,,,,,,,,,
vino.mp4,7373,245.767,,,,,,,,,,
vino.mp4,7374,245.800,,,,,,,,,,
vino.mp4,7375,245.833,,,,,,,,,,
vino.mp4,7376,245.867,,,,,,,,,,
vino.mp4,7377,245.900,,,,,,,,,,
vino.mp4,7378,245.933,,,,,,,,,,
vino.mp4,7379,245.967,,,,,,,,,,
vino.mp4,7380,246.000,,,,,,,,,,
vino.mp4,7381,246.033,,,,,,,,,,
vino.mp4,7382,246.067,,,,,,,,,,
vino.mp4,7383,246.100,,,,,,,,,,
vino.mp4,7384,246.133,,,,,,,,,,
vino.mp4,7385,246.167,,,,,,,,,,
vino.mp4,7386,246.200,,,,,,,,,,
vino.mp4,7387,246.233,,,,,,,,,,
vino.mp4,7388,246.267,,,,,,,,,,
vino.mp4,7389,246.300,,,,,,,,,,
vino.mp4,7390,246.333,,,,,,,,,,
vino.mp4,7391,246.367,,,,,,,,,,
vino.mp4,7392,246.400,,,,,,,,,,
vino.mp4,7393,246.433,,,,,,,,,,
vino.mp4,7394,246.467,,,,,,,,,,
vino.mp4,7395,246.500,,,,,,,,,,
vino.mp4,7396,246.533,,,,,,,,,,
vino.mp4,7397,246.567,,,,,,,,,,
vino.mp4,7398,246.600,,,,,,,,,,
vino.mp4,7399,246.633,,,,,,,,,,
vino.mp4,7400,246.667,,,,,,,,,,
vino.mp4,7401,246.700,,,,,,,,,,
vino.mp4,7402,246.733,,,,,,,,,,
vino.mp4,7403,246.767,,,,,,,,,,
vino.mp4,7404,246.800,,,,,,,,,,
vino.mp4,7405,246.833,,,,,,,,,,
vino.mp4,7406,246.867,,,,,,,,,,
vino.mp4,7407,246.900,,,,,,,,,,
vino.mp4,7408,246.933,,,,,,,,,,
vino.mp4,7409,246.967,,,,,,,,,,
vino.mp4,7410,247.000,,,,,,,,,,
vino.mp4,7411,247.033,,,,,,,,,,
vino.mp4,7412,247.067,,,,,,,,,,
vino.mp4,7413,247.100,,,,,,,,,,
vino.mp4,7414,247.133,,,,,,,,,,
vino.mp4,7415,247.167,,,,,,,,,,
vino.mp4,7416,247.200,,,,,,,,,,
vino.mp4,7417,247.233,,,,,,,,,,
vino.mp4,7418,247.267,,,,,,,,,,
vino.mp4,7419,247.300,,,,,,,,,,
vino.mp4,7420,247.333,,,,,,,,,,
vino.mp4,7421,247.367,,,,,,,,,,
vino.mp4,7422,247.400,,,,,,,,,,
vino.mp4,7423,247.433,,,,,,,,,,
vino.mp4,7424,247.467,,,,,,,,,,
vino.mp4,7425,247.500,1831.348,780.073,1743.201,658.601,1919.494,901.546,0.421,,,
vino.mp4,7426,247.533,,,,,,,,,,
vino.mp4,7427,247.567,,,,,,,,,,
vino.mp4,7428,247.600,,,,,,,,,,
vino.mp4,7429,247.633,,,,,,,,,,
vino.mp4,7430,247.667,,,,,,,,,,
vino.mp4,7431,247.700,,,,,,,,,,
vino.mp4,7432,247.733,,,,,,,,,,
vino.mp4,7433,247.767,,,,,,,,,,
vino.mp4,7434,247.800,,,,,,,,,,
vino.mp4,7435,247.833,,,,,,,,,,
vino.mp4,7436,247.867,,,,,,,,,,
vino.mp4,7437,247.900,,,,,,,,,,
vino.mp4,7438,247.933,,,,,,,,,,
vino.mp4,7439,247.967,,,,,,,,,,
vino.mp4,7440,248.000,,,,,,,,,,
vino.mp4,7441,248.033,,,,,,,,,,
vino.mp4,7442,248.067,,,,,,,,,,
vino.mp4,7443,248.100,,,,,,,,,,
vino.mp4,7444,248.133,,,,,,,,,,
vino.mp4,7445,248.167,,,,,,,,,,
vino.mp4,7446,248.200,,,,,,,,,,
vino.mp4,7447,248.233,,,,,,,,,,
vino.mp4,7448,248.267,,,,,,,,,,
vino.mp4,7449,248.300,,,,,,,,,,
vino.mp4,7450,248.333,,,,,,,,,,
vino.mp4,7451,248.367,,,,,,,,,,
vino.mp4,7452,248.400,,,,,,,,,,
vino.mp4,7453,248.433,,,,,,,,,,
vino.mp4,7454,248.467,,,,,,,,,,
vino.mp4,7455,248.500,,,,,,,,,,
vino.mp4,7456,248.533,,,,,,,,,,
vino.mp4,7457,248.567,,,,,,,,,,
vino.mp4,7458,248.600,,,,,,,,,,
vino.mp4,7459,248.633,,,,,,,,,,
vino.mp4,7460,248.667,,,,,,,,,,
vino.mp4,7461,248.700,,,,,,,,,,
vino.mp4,7462,248.733,,,,,,,,,,
vino.mp4,7463,248.767,,,,,,,,,,
vino.mp4,7464,248.800,,,,,,,,,,
vino.mp4,7465,248.833,,,,,,,,,,
vino.mp4,7466,248.867,,,,,,,,,,
vino.mp4,7467,248.900,,,,,,,,,,
vino.mp4,7468,248.933,,,,,,,,,,
vino.mp4,7469,248.967,,,,,,,,,,
vino.mp4,7470,249.000,,,,,,,,,,
vino.mp4,7471,249.033,,,,,,,,,,
vino.mp4,7472,249.067,,,,,,,,,,
vino.mp4,7473,249.100,,,,,,,,,,
vino.mp4,7474,249.133,,,,,,,,,,
vino.mp4,7475,249.167,,,,,,,,,,
vino.mp4,7476,249.200,,,,,,,,,,
vino.mp4,7477,249.233,,,,,,,,,,
vino.mp4,7478,249.267,,,,,,,,,,
vino.mp4,7479,249.300,1790.693,750.978,1662.609,638.640,1918.776,863.316,0.415,,,
vino.mp4,7480,249.333,1791.002,754.957,1667.827,646.975,1914.177,862.939,0.351,197.000,,
vino.mp4,7481,249.367,,,,,,,,,,
vino.mp4,7482,249.400,,,,,,,,,,
vino.mp4,7483,249.433,,,,,,,,,,
vino.mp4,7484,249.467,,,,,,,,,,
vino.mp4,7485,249.500,1790.898,754.898,1669.418,648.736,1912.379,861.060,0.602,197.000,,
vino.mp4,7486,249.533,1790.875,754.673,1669.463,648.948,1912.288,860.399,0.307,197.000,,
vino.mp4,7487,249.567,1790.748,753.393,1667.977,646.774,1913.519,860.012,0.667,197.000,,
vino.mp4,7488,249.600,1790.743,752.234,1665.980,644.038,1915.507,860.430,0.600,197.000,,
vino.mp4,7489,249.633,,,,,,,,,,
vino.mp4,7490,249.667,,,,,,,,,,
vino.mp4,7491,249.700,,,,,,,,,,
vino.mp4,7492,249.733,,,,,,,,,,
vino.mp4,7493,249.767,,,,,,,,,,
vino.mp4,7494,249.800,,,,,,,,,,
vino.mp4,7495,249.833,,,,,,,,,,
vino.mp4,7496,249.867,,,,,,,,,,
vino.mp4,7497,249.900,1799.423,751.765,1678.845,640.670,1920.000,862.859,0.585,197.000,,
vino.mp4,7498,249.933,1800.549,751.138,1681.098,639.885,1920.000,862.392,0.392,197.000,,
vino.mp4,7499,249.967,1802.800,750.178,1685.599,640.592,1920.000,859.765,0.241,197.000,,
vino.mp4,7500,250.000,,,,,,,,,,
vino.mp4,7501,250.033,,,,,,,,,,
vino.mp4,7502,250.067,,,,,,,,,,
vino.mp4,7503,250.100,,,,,,,,,,
vino.mp4,7504,250.133,,,,,,,,,,
vino.mp4,7505,250.167,,,,,,,,,,
vino.mp4,7506,250.200,,,,,,,,,,
vino.mp4,7507,250.233,,,,,,,,,,
vino.mp4,7508,250.267,,,,,,,,,,
vino.mp4,7509,250.300,,,,,,,,,,
vino.mp4,7510,250.333,,,,,,,,,,
vino.mp4,7511,250.367,,,,,,,,,,
vino.mp4,7512,250.400,,,,,,,,,,
vino.mp4,7513,250.433,,,,,,,,,,
vino.mp4,7514,250.467,,,,,,,,,,
vino.mp4,7515,250.500,,,,,,,,,,
vino.mp4,7516,250.533,,,,,,,,,,
vino.mp4,7517,250.567,,,,,,,,,,
vino.mp4,7518,250.600,,,,,,,,,,
vino.mp4,7519,250.633,,,,,,,,,,
vino.mp4,7520,250.667,,,,,,,,,,
vino.mp4,7521,250.700,,,,,,,,,,
vino.mp4,7522,250.733,,,,,,,,,,
vino.mp4,7523,250.767,,,,,,,,,,
vino.mp4,7524,250.800,,,,,,,,,,
vino.mp4,7525,250.833,,,,,,,,,,
vino.mp4,7526,250.867,,,,,,,,,,
vino.mp4,7527,250.900,,,,,,,,,,
vino.mp4,7528,250.933,,,,,,,,,,
vino.mp4,7529,250.967,,,,,,,,,,
vino.mp4,7530,251.000,,,,,,,,,,
vino.mp4,7531,251.033,,,,,,,,,,
vino.mp4,7532,251.067,,,,,,,,,,
vino.mp4,7533,251.100,,,,,,,,,,
vino.mp4,7534,251.133,,,,,,,,,,
vino.mp4,7535,251.167,,,,,,,,,,
vino.mp4,7536,251.200,,,,,,,,,,
vino.mp4,7537,251.233,,,,,,,,,,
vino.mp4,7538,251.267,,,,,,,,,,
vino.mp4,7539,251.300,,,,,,,,,,
vino.mp4,7540,251.333,,,,,,,,,,
vino.mp4,7541,251.367,,,,,,,,,,
vino.mp4,7542,251.400,,,,,,,,,,
vino.mp4,7543,251.433,,,,,,,,,,
vino.mp4,7544,251.467,,,,,,,,,,
vino.mp4,7545,251.500,,,,,,,,,,
vino.mp4,7546,251.533,,,,,,,,,,
vino.mp4,7547,251.567,,,,,,,,,,
vino.mp4,7548,251.600,,,,,,,,,,
vino.mp4,7549,251.633,,,,,,,,,,
vino.mp4,7550,251.667,,,,,,,,,,
vino.mp4,7551,251.700,,,,,,,,,,
vino.mp4,7552,251.733,,,,,,,,,,
vino.mp4,7553,251.767,,,,,,,,,,
vino.mp4,7554,251.800,,,,,,,,,,
vino.mp4,7555,251.833,,,,,,,,,,
vino.mp4,7556,251.867,,,,,,,,,,
vino.mp4,7557,251.900,,,,,,,,,,
vino.mp4,7558,251.933,,,,,,,,,,
vino.mp4,7559,251.967,,,,,,,,,,
vino.mp4,7560,252.000,,,,,,,,,,
vino.mp4,7561,252.033,,,,,,,,,,
vino.mp4,7562,252.067,,,,,,,,,,
vino.mp4,7563,252.100,,,,,,,,,,
vino.mp4,7564,252.133,,,,,,,,,,
vino.mp4,7565,252.167,,,,,,,,,,
vino.mp4,7566,252.200,,,,,,,,,,
vino.mp4,7567,252.233,,,,,,,,,,
vino.mp4,7568,252.267,,,,,,,,,,
vino.mp4,7569,252.300,,,,,,,,,,
vino.mp4,7570,252.333,,,,,,,,,,
vino.mp4,7571,252.367,,,,,,,,,,
vino.mp4,7572,252.400,,,,,,,,,,
vino.mp4,7573,252.433,,,,,,,,,,
vino.mp4,7574,252.467,,,,,,,,,,
vino.mp4,7575,252.500,,,,,,,,,,
vino.mp4,7576,252.533,,,,,,,,,,
vino.mp4,7577,252.567,,,,,,,,,,
